batch_id,ts_start,model,meters,total_defects,oligomer,dust,F_PS002@PV1_mean,F_PS003@PV1_mean,F_PS005@PV1_mean,F_PS006@PV1_mean,MD_TH001@PV_mean,MD_TH002@PV_mean,MD_TH003@PV_mean,MD_TH004@PV_mean,MD_TH005@PV_mean,MD_TH006@PV_mean,MD_TH007@PV_mean,MD_TH008@PV_mean,MD_TH009@PV_mean,MD_TH010@PV_mean,MD_TH011@PV_mean,MD_TH012@PV_mean,MD_TH013@PV_mean,MD_TH014@PV_mean,MD_TH015@PV_mean,MD_TH016@PV_mean,MD_TH017@PV_mean,MD_TH018@PV_mean,W1C00@PV1_mean,W1C01@PV1_mean,W1C40@PV1_mean,W1C4B@PV1_mean,W1C7C@PV1_mean,W1C7D@PV1_mean,W1C7E@PV1_mean,W1C7F@PV1_mean,W1C80@PV1_mean,W1C81@PV1_mean,W1C82@PV1_mean,W1C83@PV1_mean,W1C84@PV1_mean,W1C85@PV1_mean,W1C86@PV1_mean,W1C87@PV1_mean,W1C88@PV1_mean,W1C89@PV1_mean,W1C8A@PV1_mean,W1C8B@PV1_mean,W1C8C@PV1_mean,W1C8D@PV1_mean
H2652556,2026-05-04 14:42:00,PG31DS,3201,57.0,18.0,13.0,14.81445883700722,6.998895610006232,8.828984953227796,3.444443070261102,75.45065859530834,74.91392679417388,76.34249098757478,76.43648318026926,76.44518393658575,82.14583766206783,82.0734856788148,82.55298013890041,82.0482005667179,81.97408245979473,83.37610934643035,31.41357064754401,36.29246066478973,36.07755945083946,35.795658192736006,35.54985013921212,35.307510051321486,35.22329257396943,24.59378937169125,7.124105036886115,15.853684606050212,49.7000007629395,-9.030526507528204,7.554737030832391,-2.151579001389052,-0.8084210685209224,-7.012631730029456,76.36631694592927,22.86210570084422,12.41789501089799,14.447368792483694,14.201052976909448,-49.16105426989105,42.23157967015317,19.1063162151136,3.2368422031402595,39.4894744873047,20.90000038146974,-9.245263390792044,4.550526420693647
H2652557,2026-05-04 15:47:00,PG31DS,3301,66.0,33.0,11.0,14.842286244145148,7.001942994859483,8.679152149624295,3.397301605012681,75.4437431052879,74.91859006528502,76.37916158040362,76.45369296603728,76.45126964427803,82.1484527587891,82.06894090440535,82.5582122802734,82.05254776566115,81.96512010362414,83.37481745967156,31.410397790979424,36.29380414044415,36.07114924678099,35.799458482530355,35.5439244023076,35.30457548918548,35.19627041286893,24.59614793282968,7.123703479766846,15.8525929839523,49.700741520634445,-10.077037274395982,2.1711111643800027,-0.9340740885999468,-0.3251851934525702,-4.335555673142275,77.37777885154442,24.140741433037658,11.532592882933445,13.566666998686625,13.865185518617992,-49.35333478009261,42.45555634675204,19.142222637600383,3.240740818447537,39.522223013418696,20.851852134422025,-9.204444655665643,4.52148154929832
H2652577,2026-05-04 16:43:00,PG32M,2108,8.0,3.0,5.0,14.84835049803828,7.002256668789286,8.60819890465535,3.3575749128637185,75.47042524310903,74.93142248879016,76.42194484656963,76.46342038436671,76.45766072877691,82.16230172170722,82.08151610468472,82.56859900246201,82.0341867796132,81.96723164303205,83.3466816217127,31.418950685313018,36.29305407027124,36.07227056798804,35.796904872840535,35.54543229223978,35.30309220434916,35.17452680560905,24.59450681444624,7.123661746441479,15.852113065585309,49.700000762939496,-9.525352289978883,1.6070422847086274,2.930985969661826,-5.095774769783018,2.0887324359845127,76.02253690907654,25.77324002225635,9.712676310203443,13.436620067542718,13.153521470620603,-49.30845223010427,42.36478972099197,19.256338307555307,3.066197252609361,39.68591625589721,20.93943700656086,-9.12816920078976,4.560563443412243
H2652558,2026-05-04 16:54:00,PG31DS,4200,427.0,197.0,27.0,14.874389536896652,7.006920647202876,8.617257569965563,3.354661976384837,75.45691194590071,74.91894326014825,76.4149463497407,76.46565014577048,76.4556061147946,82.15420291298317,82.07274239523367,82.56252489591897,82.03104057088927,81.97400089732389,83.35292677851449,31.41052362096236,36.29566223858393,36.07546399211329,35.79624617727176,35.543955395793375,35.30161512943738,35.17690210175096,24.59485364099692,7.124268782766242,15.850877577798432,49.7000007629395,-10.0023393965604,0.0327485415932033,1.2789473945808687,-1.8222222626209248,1.6701754807380214,76.42748670968396,25.6625737753528,10.20175459510402,13.25438633299712,13.187134837546552,-49.2543875934088,42.43918201379609,19.125731362236888,3.0099415869740715,39.79766158611455,21.1713454486334,-9.435672679142645,4.526900688807167
H2652578,2026-05-04 17:57:00,PG32M,4174,25.0,7.0,11.0,15.099320342070868,7.068324238714511,8.614261481013612,3.352160640006518,75.47168648155935,74.98940850696424,76.37136027760747,76.4495801716825,76.45555025643672,82.1604147583899,82.07608243844803,82.56180088015364,82.0377935701913,81.97497346975508,83.34793725675038,31.40333891262969,36.29265544362312,36.07030169633186,35.796091010100625,35.54428624062644,35.30135651748548,35.18401910266737,24.594160441934623,7.12328446520506,15.860584363450124,49.70073070665351,-9.97518268466866,4.756204500576875,3.0182482546915983,-5.79708039749713,9.247445473161932,72.10292120049469,26.252555415578144,8.807299466028702,12.875182809620885,12.699270408519004,-49.31387025596453,42.35693506950881,18.930657379818676,2.595620502520652,40.54817597883463,21.5540150134233,-9.779562215735442,4.5007300359489255
H2652560,2026-05-04 18:43:00,PG31DS,2594,22.0,15.0,4.0,15.291879912403138,7.1251789520834095,8.614553888267446,3.357449656334993,75.51306794068523,75.24709669451846,76.36611268230686,76.3859924601617,76.45632578056546,82.16836333943306,82.08412626747773,82.56587019590572,82.05425554792456,81.98454370231272,83.37325693290924,31.4064708959276,36.2932561000931,36.065199094398025,35.8001798825843,35.54648497394314,35.306409746686995,35.192411761417574,24.596635408490616,7.123177345668044,15.85794433700706,49.70093536376957,-10.555140428453964,17.41028083819096,4.313084210608606,-9.230841315795328,28.977570934830432,66.03177735515844,31.679439829888757,6.689719779469143,12.905607785019926,10.966355386181418,-49.42430075529582,41.89345874964636,18.57009386793477,2.1392523997297914,41.16261747841523,22.11401900175577,-9.588785256180808,4.457009446955171
H2652561,2026-05-04 19:38:00,PG32DS,4151,45.0,21.0,16.0,14.852545492488176,7.011285872547173,8.861169586883733,3.410050785614669,75.51715265753809,75.33502225349284,76.4579858136323,76.35510150932826,76.44544177845208,82.15247433902299,82.06701575905265,82.55871497780264,82.06349556577716,81.98353745162123,83.38640243436659,31.41198552605561,36.2911903989827,36.0725780089209,35.80096725744701,35.546207076932774,35.30188465703487,35.203263639672414,24.5931900937133,7.1239875050410175,15.858896120925644,49.70122778488819,-9.83742351473475,26.601841089915656,2.1607362497712206,-11.147239521237235,39.21656516139494,60.780369577232335,32.11165723040061,5.528834501658479,12.39877333670307,10.262576934018748,-49.57423473428366,41.9926389448482,18.59263846040505,1.998773045152243,41.49693331104116,22.186503462996235,-10.018405109826771,4.512270046889415
H2652562,2026-05-04 20:59:00,PG32DS,4490,78.0,15.0,14.0,14.829998652140302,7.005525867795684,9.042747221357835,3.4815002204290506,75.5176544189453,75.32951088160111,76.46784556237724,76.35832714643632,76.4508624467693,82.1542736116003,82.06740857734052,82.56224210145042,82.06248540826182,81.97783431589929,83.38098886625362,31.408349959576675,36.2970019898128,36.07578907117169,35.80384326371987,35.545140084021746,35.30147573335576,35.20745307630529,24.593825011956888,7.124426000105228,15.857923908963247,49.7016401447234,-9.974863596952678,26.32349799109289,0.7683060375637693,-10.80163958554711,35.486339631627835,60.94590319440667,32.98852531766632,5.841530206547082,12.725683412916684,10.34535534916028,-49.58743317400825,41.97103906850347,18.93661244710288,2.1508197188377385,41.15355259212641,22.07322435431143,-9.74590183216366,4.479781516914158
H2652564,2026-05-04 23:14:00,PG32DS,2094,30.0,3.0,21.0,14.803642991009884,6.997452337601605,9.065319173476276,3.4789102890912216,75.5176544189453,75.3309974221622,76.46064219755281,76.3547767190372,76.44524697696458,82.1590567196117,82.06361963608683,82.56881588206569,82.06265563964841,81.9845428466797,83.38267517089841,31.40529982622928,36.29637361414292,36.07773132324222,35.808750825769735,35.548323507869966,35.30598341997933,35.211898444680614,24.593176269531256,7.124587967816521,15.844706243627236,49.70235375797051,-9.5447060472825,29.276471485811133,-4.077647155610954,-7.269411939733168,21.343529734892016,63.50706051097197,34.7164711896111,7.089411929074456,13.556470904630784,10.611764919056611,-49.40000148100014,41.65882406795726,18.882353322646207,2.187058872335098,41.00941256354838,21.805882756850316,-10.220000188490925,4.442353038226855
H2652543,2026-05-04 23:33:00,PG31DS,3203,21.0,3.0,4.0,14.80739637185599,6.989701445776087,9.129751103524944,3.505431528309829,75.5176544189453,75.32724499884449,76.46604080782588,76.35301324975397,76.44543794821233,82.17034504431807,82.0646356480722,82.5801043328438,82.06338442736907,81.98204087119068,83.38598784235595,31.40114040229153,36.30113988978262,36.079088866255695,35.813284954041904,35.54809861510766,35.31130830022215,35.21511223479993,24.59328224822765,7.124427223933562,15.85267214738688,49.700764139190014,-8.545038343385885,29.709161161466422,-6.033587936226646,-6.598473416029952,16.371756036772993,65.21297874159485,34.65572587224364,7.650381847192312,14.118320967404909,11.154962059195714,-49.24656645214286,41.538931868458526,18.7290080703852,2.5190840304352853,40.56641303491958,21.403053822408207,-9.735114727311462,4.470992457775668
H2652565,2026-05-04 23:56:00,PG32DS,4143,34.0,7.0,14.0,14.784921770265122,6.978160316422141,9.202711901015784,3.5345467928598606,75.51813818576068,75.33134406276001,76.47444893199308,76.34956540440665,76.44202427610135,82.17414982361203,82.0669979118031,82.59166694957122,82.06457293809517,81.98114889472195,83.38415879469649,31.40956314357776,36.29757157726401,36.07907077405583,35.802283924712206,35.549875564123774,35.30992541792832,35.21050384340908,24.59360935278897,7.124200942248282,15.918935324313392,49.89349191428646,-8.246745738757433,28.971598405104427,-6.508284182194068,-6.913609607685247,13.178106826438013,67.72307837221044,34.55562202182748,7.872189542950965,14.15739678490092,11.104142276493052,-49.57633295002776,41.92662804507646,18.76213061315775,2.501775207956867,40.57692384437698,21.30177551472682,-9.265680678497406,4.528994177925515
H2652581,2026-05-05 19:17:00,PG32DS,3201,47.0,1.0,36.0,14.816315062960289,6.999751012128098,9.460482224485927,3.599374905564731,75.51703856045143,75.21082954119915,76.28325555557593,76.37674214069105,76.4382506635852,82.31294847072515,82.13243447210557,82.54773488439113,81.99132233813293,81.97530152743921,83.31005847902225,31.400681918725,36.29984702203507,36.01674554581034,35.79320933406512,35.5478060155883,35.34068917869625,35.21010492081032,24.60398476105884,7.123834359018426,15.85488761815812,49.7007526598479,-7.928571604248274,31.524060973547467,-5.766165529874928,-11.3646618907613,-31.106767726123795,70.96767078485703,18.196992859804556,16.339849995491214,13.88797030413062,12.486466486651205,-50.19323472331344,44.14736909794628,21.78646652680592,6.583458825161581,28.96691804183158,21.537594314804664,-2.988721873135047,4.487970018745363
H2652582,2026-05-05 20:38:00,PG32DS,3201,33.0,3.0,10.0,14.720243203519566,6.975617413568979,9.48586585304954,3.591840736793749,75.5135234485973,75.22027726606886,76.35040175312696,76.39172378694167,76.46773660062537,82.30653905386876,82.12362100620463,82.55738275701347,82.01517817950008,81.98205982555044,83.31658272791391,31.41996086968312,36.30528351754853,36.03513328475184,35.803375090011414,35.5218384097321,35.31621651697641,35.18239909470684,24.60292920199307,7.124343202571676,15.851515538764746,49.700000762939496,-10.481818435168025,29.924243291219096,-12.902020526654802,-10.436363904163091,-17.622222659563793,77.83535504581953,7.337373911732373,16.716161987998287,16.612121610930487,12.640404364075332,-49.84040558940234,43.71616224809127,21.516162024603968,6.702020380232067,29.430303747003737,21.245454865272613,-4.104040511930831,4.494949586463696
H2652583,2026-05-05 21:27:00,PG32DS,3350,24.0,2.0,8.0,14.743903202480745,6.980156668910274,9.478628575360334,3.607680649227567,75.51886517560041,75.23476212112988,76.3815837718822,76.38461654097942,76.46398982295281,82.31962042914496,82.1053562870732,82.564281435366,82.0288670292607,81.98332937735098,83.32563533076534,31.41398394549331,36.313552856445305,36.05199980559175,35.809032411928506,35.51819378888165,35.30756734212241,35.17173721878617,24.60125914679633,7.123036829630534,15.852592976888047,49.70963044343176,-11.731111424057575,28.673334036933056,-16.911111481984467,-8.190370587949399,-8.691852070667128,78.08148306387442,2.3229630179427283,17.11407446684662,18.431111533553526,12.897037350689928,-49.85851994267218,43.70444505479601,21.38666706791632,6.689629812593813,30.105186010290083,20.82444482026278,-4.4259260292406415,4.560000124684085
H2652584,2026-05-05 22:34:00,PG32D,3676,10.0,4.0,4.0,14.694843323250115,6.956241720091037,9.227268412830384,3.523267276887972,76.43130704057893,76.22581730043986,77.19089328176607,77.29335220460969,77.34856148076251,83.11928763040682,82.88873402665301,83.42185031301607,82.92338239468211,82.82742942251811,84.21972172434737,31.56581239777848,36.34089412534138,36.07681460496859,35.800947111796525,35.47648322872999,35.28011526712557,35.14942510341241,24.601544574024235,7.123902208436795,19.56585462306576,61.41626119225977,-5.726829386338954,15.917073552201444,8.487805070915845,-12.002439293434955,22.164228251309908,50.200813913733015,25.05040721928444,7.950406731628792,12.389431205222282,15.552032935910123,-38.87073234620133,36.54390319576109,15.777236201898848,6.582114014199108,20.25284598125676,13.635772697324684,-7.021951380178211,5.001626103874143
H2652586,2026-05-06 00:09:00,PG32D,4793,24.0,4.0,9.0,14.710375725084049,6.942053649076232,8.796572715613491,3.3693328313766773,76.50173512841482,76.29072531924885,77.20574047307299,77.3840056984288,77.38347329303717,83.18831882355319,82.97899039687627,83.51412312695935,83.00613004842384,82.92313078862087,84.3006007686542,31.528173653183437,36.33938413972306,36.0640459971823,35.794919250877015,35.493893082734125,35.29631645056855,35.168200353148634,24.60273866592699,7.1236303384137,19.770701669583687,62.04267613599257,-6.011465101485039,17.78535070237082,7.32611479804774,-8.431210387284588,31.09681619048879,45.56114733750654,28.442038882310225,7.849044746654046,11.984076752024857,15.678981288982817,-37.54840848400335,35.11656137940232,14.710191465487158,6.658598908952847,17.983439937518675,12.877070366197342,-5.307006494254821,5.0382166637736505
H2652587,2026-05-06 01:27:00,PG32D,3617,38.0,6.0,8.0,14.78764655447414,6.968466758728027,8.679883092896551,3.3091663886339235,76.50961603670035,76.29987628643327,77.23195563422308,77.39352456117288,77.382323827499,83.21110430334369,82.92879766480536,83.51727412297176,82.99884515746028,82.91688694098058,84.3084441617004,31.54133840707628,36.34596382858405,36.06972601474862,35.79835379836903,35.488321288019165,35.29016856658157,35.165201170831665,24.60341864365798,7.123162184006128,19.776924133300813,62.053847386286826,-6.647863377872694,16.491453407157195,9.985470290876862,-11.054701095972304,30.31709478655433,43.999145964272,28.355556276109493,7.461538655126197,12.186325065091127,16.058974746964946,-37.42393242599619,34.99230855958076,14.62564140711077,6.667521541954104,17.818803868742084,12.643590046809274,-5.031624052259656,4.998290685506967
H2652588,2026-05-06 02:25:00,PG32M,6473,43.0,24.0,10.0,14.628131714225374,6.904919407177419,8.503755363500174,3.228833385476484,76.5029700194166,76.29520863994185,77.25542947831848,77.39835189317873,77.39411453461983,83.18697081373331,82.93455046891047,83.48330595347802,82.99341916366365,82.90607312699439,84.30165272027673,31.53941517144857,36.342365461895696,36.07037604246904,35.79425013009369,35.4885449476645,35.29436947818097,35.175285303536725,24.60126747883541,7.123567856533427,19.76901511071437,62.04131549960572,-6.836150383165744,16.145070814750582,11.223474460028717,-11.994835963271598,29.60610408514319,43.0539911834287,28.436150958280617,7.67558701329388,11.87323974107913,16.213145927644124,-37.40563465172137,34.91784116359944,14.6582163510748,6.679812397755367,18.02159660410994,12.58215993782725,-5.084976650739499,4.99014095745176
H2652589,2026-05-06 04:11:00,PG32M,6173,21.0,7.0,2.0,14.049501959957292,6.689823283484919,8.335822940465823,3.152758486828401,76.49261937687051,76.26146982676947,77.20817353357724,77.412957869952,77.39463107740109,83.1845397190075,83.06994788326435,83.48225342100532,83.00186620304241,82.91909478790132,84.29113184990574,31.540257619981105,36.32865799481594,36.06897253539434,35.79163501037291,35.49581294273263,35.296475158995094,35.169075809307955,24.60517395550932,7.123780864981277,19.766170169583635,62.053235049271485,-6.67711460412438,19.534826254963296,6.992039934319642,-11.39204005341032,23.63582144210589,43.72686646115128,27.970149965428604,8.146268850535302,12.113433135682678,16.188060115225888,-37.4611948307474,35.03731426789394,14.58656753236383,6.510447967111768,18.50447806078405,12.50796050930498,-5.357214046354909,5.010447869846475
H2652590,2026-05-06 05:51:00,PG32M,3567,51.0,10.0,11.0,13.973514540299115,6.654520059668499,8.251543758226477,3.12142944957899,76.50126409115995,76.26796277916948,77.22904782502548,77.42330468219258,77.37349415654721,83.183965931768,83.0613728398862,83.48334602687669,83.00294335406761,82.91884778893512,84.30965695588485,31.559041296917417,36.32856962784475,36.06368527619738,35.79742922575575,35.489029726774795,35.300777136761226,35.16309986943784,24.601391153750217,7.123825852767281,19.767827108631995,62.0391313304072,-6.566956661058507,19.532174317733112,7.772174086259758,-12.02434810140859,21.81565253216289,42.82521830019745,27.477392113727085,7.79130452197531,12.489565550762684,16.394783020019545,-37.48347914322565,35.05043563842774,14.610435129248584,6.415652362160061,18.57652209738028,12.398261186350954,-5.436521869120389,4.9895653185637086
H2652591,2026-05-06 06:48:00,PG32M,6173,40.0,10.0,12.0,13.95162691388811,6.643022046300578,8.224549876058044,3.117348695623465,76.49711563786848,76.27831572734662,77.21610301351312,77.42933820151343,77.38338925215999,83.18038466881062,83.04795431503521,83.46830418779345,83.00193561121748,82.91715206653613,84.34232025898149,31.55170346715763,36.334705446741246,36.07240370576608,35.79461256506406,35.48220607212612,35.3055246287379,35.15908595493862,24.60172399511478,7.124334729951004,19.768966543263435,62.04236550166691,-6.937438572568844,19.28128119877408,8.022167657983713,-12.578325459522576,21.457635860725,43.52610914108201,27.69310427886513,7.786699715506267,12.218719543494624,16.562069362020267,-37.59901550368136,35.180788989137554,14.593596449039266,6.335468153648189,18.89605943087875,12.440886995475283,-5.489162684661412,5.008374481952834
H2652592,2026-05-06 08:29:00,PG32M,6163,38.0,4.0,17.0,13.955615211371796,6.657689449176117,8.70380877969253,3.268426782521769,76.48762113484904,76.31744867832815,77.28932097928607,77.37114581390841,77.35099731138604,83.21060556382989,83.00632564985573,83.47259314455579,82.98079148489029,82.90624440255476,84.34646322739184,31.5561536472646,36.33061325609982,36.072377957291366,35.78819167554078,35.49264426686656,35.30956992911336,35.168306360292675,24.600954611696785,7.123617850356365,19.764322616347147,62.01457331288401,-6.880904682317571,14.136181220524586,8.294472543438474,-0.950251266285405,20.4462315640857,31.065327066871987,25.409045837632384,6.357789112694896,11.89246257705306,16.911055675104052,-38.20502581189027,35.846231987727954,14.714070732270068,6.329648410854627,19.768342051673788,12.485427463473991,-5.148241309065314,4.917588037462089
H2652594,2026-05-06 11:06:00,FP21,1525,616.0,574.0,15.0,13.907178460881951,6.650223378385051,10.12975890984696,3.735617391179116,76.50188711787874,76.3281738624144,77.4220911947529,77.30532819769358,77.485517694709,83.30417230156029,83.1374403707097,83.58233316828698,82.98184289825099,82.8980357995194,84.28800107120128,31.30493832706066,36.26639394010052,35.98132512810526,35.81158052937366,35.61551126201503,35.41309570998288,35.267873185404234,24.60044942277201,8.526628880018599,11.300000190734902,34.4000015258789,-47.69663019930381,20.046067837918752,32.43595579768836,11.342696913172697,37.37640537304825,12.074157613047063,78.22472081559428,13.975281265344522,35.968539977341564,6.950561954734029,-70.52359686004982,53.78651831123268,11.886517117532456,-1.450561837199029,36.23932669135963,61.968540748853385,36.67640514588089,3.713483247864112
H2652596,2026-05-06 12:38:00,FP21,1273,16.0,9.0,6.0,13.900160716130172,6.645197714292086,10.07616976224458,3.7150343638200023,76.4173431396484,76.33804297814001,77.43561471792368,77.23419635479264,77.44567988469049,83.25048429048977,83.12939100999097,83.56197861891528,82.97055405836844,82.8646242581881,84.27340111365685,26.142396662785472,26.484507164588337,26.251529400165264,26.018545532226568,29.27354712853064,29.05026268592248,28.929966618464537,24.60215377807617,8.524922693692725,11.300000190734902,34.393847480187034,-48.51077041625978,29.36000072772688,1.0507692464269125,18.54923117710995,37.00307775644156,26.77384672898513,78.59846343994141,17.46923113602859,31.441539148183985,7.63538478704599,-71.0892323420598,53.76461680485654,13.652308038564849,-3.718461638230543,27.364616129948548,69.0923092181866,45.70307763906626,3.793846253248361
H2652598,2026-05-06 13:42:00,FG22,1529,32.0,5.0,17.0,13.90661457935011,6.648450190762439,10.091174263551991,3.726540148976335,76.4055137174675,76.3759429196277,77.37841190200254,77.20193021843232,77.4602218076407,83.23662539562547,83.12993778090879,83.5417938232422,82.97000691976895,82.84162093932372,84.27180517725198,26.4639978983316,26.40284508394907,26.15438897925685,25.928274683205483,30.48184921080809,30.296238726880176,30.16408364169569,24.602289015988266,8.525541811104281,12.100000346999543,36.79518012540882,-27.50361527592305,27.749398265976517,-45.2518080745835,42.77590459800629,16.07108479235547,20.48313312070916,78.57108582646013,18.61084375036769,23.43494026919447,5.450602533228425,-66.01566369849515,51.29759188732472,19.087952165718548,-3.7277109249528633,32.81084430648621,56.27711004234224,26.64819354321584,3.8493976736643223
H2652599,2026-05-06 14:23:00,FG22,2819,13.0,1.0,1.0,13.713585601314422,6.579117627297678,10.08677905913321,3.719479890023509,76.36772470781878,76.42947929136211,77.38169447375883,77.25340270996092,77.47564057380923,83.19221791913432,83.1319122314453,83.5417938232422,82.96327327605219,82.825774851153,84.27230234453755,26.412551879882805,26.402675997826357,26.142306321667075,25.92716664960308,30.482526323872204,30.290508344096533,30.18331131473663,24.535999667259947,8.526515782263973,12.1032261694631,36.809031701857,-25.419355540121767,21.202580999558982,-39.529678270893726,21.46838751762145,20.72258118660221,4.944516241310103,78.57225937381867,19.3329036774174,30.74193634525423,6.311613045200225,-66.05225953132876,51.76774343675184,19.418710044122527,-3.760645236699812,32.66903297670427,56.4722596691501,25.91742011039489,3.892258149193179
H2652600,2026-05-06 15:40:00,FG22,1429,12.0,2.0,5.0,13.497959583620489,6.500483651704426,10.08871690532828,3.700969653793529,76.3520961713187,76.41734313964841,77.38254189793068,77.2903486807135,77.46745879740655,83.17654361000544,83.12880059737194,83.5417938232422,82.96492004394534,82.83003234863284,84.28178483021411,26.412551879882805,26.40643291231952,26.14743679384641,25.928225553488435,30.48994329911242,30.29799777646609,30.201004028320305,24.52151858655712,8.524683167662802,12.102532012553128,36.81645530990404,-24.55569682543792,22.597468895248227,-42.67595035214969,11.639240808124786,33.670886751971665,-2.5493671530032462,78.54430495636373,20.596202850341808,32.8329120104826,6.735443202755118,-65.99493813816505,51.81519134135188,19.73164589797395,-4.943038092383854,31.262026074566432,58.55443210843245,26.002532379536696,3.834177299390865
H2652603,2026-05-06 20:29:00,FP21,2818,88.0,15.0,28.0,12.645898309084448,6.705062658479898,12.143104798722982,4.407226765509879,76.46592954125732,75.98569375217551,77.16253254201152,77.23707308627591,77.27677434033687,83.27315876271463,83.04104840873494,83.4338528472598,82.94043890320431,82.89012055349822,84.29269907734182,26.578470815526373,26.49311828613281,26.250651897770307,25.902931288917465,30.45815118468632,30.266488707891785,30.20340041358872,24.595841492756755,8.52653430712105,20.38712852780184,63.90297177758547,-4.348514965855249,18.07524783068365,7.877227889429225,11.55148536852091,11.12079232872123,10.804950742438283,9.86930711670677,11.260396315319708,6.70495062535352,18.475247940214565,-38.74653549949723,37.82772351255512,14.575247906222218,6.560396232227286,21.993069658185004,14.263366727545726,-5.056435756164021,5.231683244799623
H2652604,2026-05-06 21:19:00,FP41,4992,4145.0,25.0,3775.0,12.75775266750693,6.738275173262422,12.083201577510742,4.399614021695894,76.44796159114742,76.07523221922625,77.16369816822372,77.19997800629714,77.27092611378637,83.28780729547506,83.0277721235905,83.40127345493862,82.92765342073487,82.8913119461736,84.28778775219847,26.569319025049065,26.49311828613281,26.239146340656717,25.92686462402344,30.45251382160653,30.279675338068625,30.185905494126175,24.594630434008067,8.525566133959542,20.384236312264907,63.9004941291997,-3.242364604631668,16.742364939797707,9.072413963637327,14.124138301229252,15.936453626660896,11.220197278290549,11.501970713948973,10.539409071353855,6.0684730613172935,17.904433903435784,-38.829557540968736,37.3453209599838,15.338424062494,6.426108555253504,22.207389540273,13.953694954294296,-6.365517403691859,5.163054294774096
H2652585,2026-05-06 23:35:00,PG32D,2119,3.0,0.0,0.0,12.627175441686658,6.674778233403745,12.047911409018695,4.397749071535858,76.45645605999488,76.08065464185631,77.17970850847769,77.2022419805112,77.26984549259794,83.2923192563264,83.03097202466884,83.40042490198992,82.92882969068444,82.88962654445483,84.28683936077616,26.58769624129585,26.493118286132805,26.235102777895687,25.92574343474016,30.457005376401128,30.28166198730469,30.21152463166609,24.59608686143073,8.526666323343912,20.37826081980832,63.90000152587889,-2.331884128999883,15.949275804602598,8.295652303142827,14.231884389683833,15.992753982543958,9.73188421691673,12.107246689174492,10.286956724913225,6.302898709324821,17.471014852109178,-38.757971611575805,36.97971073095349,15.963768572047153,6.394203075464219,22.32173958377563,13.313043870787704,-7.230434936025867,5.089855166449062
H2652606,2026-05-07 00:39:00,FP41,6326,127.0,22.0,21.0,12.577177560509154,6.658209254394224,12.063806739883804,4.417303811365636,76.4337784656927,76.08314943553215,77.16760184896651,77.19227140033665,77.26917217005438,83.28888069804587,83.04132563145318,83.43634470263916,82.9371395398624,82.88441497956089,84.28300537416084,26.587449807018487,26.49311828613281,26.213393091556377,25.92843558920089,30.443383221650212,30.28166198730469,30.18884453701612,24.595527505155783,8.526281059686863,20.38190944230739,63.90050403077398,-2.691457343311166,15.99899536880418,8.126633366747717,14.5236184920498,15.85979939465548,10.258794147165572,12.278392283760729,10.768844472703025,6.642211226362679,17.62462350471536,-38.74773949474547,36.770855122475176,16.305025551187345,6.434171056028585,22.40201037612993,12.848241528074954,-7.973869527404631,5.1306533645744885
H2652607,2026-05-07 02:18:00,FP21,3210,55.0,6.0,16.0,12.56474613448949,6.649551632334885,12.15339643052481,4.435065255581754,76.40780565576644,76.06870232739494,77.16950781368514,77.18857418912128,77.26723220973338,83.30622893398247,83.0499725341797,83.46539439969848,82.93858722575662,82.86855442084155,84.27891273868894,26.587764258523585,26.49311828613281,26.205299895943917,25.92768119145366,30.446110253195133,30.28166198730469,30.186908462672548,24.595825176794552,8.525921969737823,20.376698892093422,63.876700540190754,-2.700970930092543,15.616505298799694,8.18543709944753,14.469903251499815,17.103883928465628,9.76213612602752,12.257281831167283,12.37475759543262,6.839805994218993,17.561165392977532,-38.78932119573206,36.824272452048895,16.110680033859715,6.403883688658184,22.10097125895973,12.738835260706043,-7.708738005277024,5.091262243326426
H2652608,2026-05-07 03:09:00,FP21,4575,93.0,16.0,30.0,12.613088737539696,6.661231066904911,12.115380449359924,4.44463605945613,76.4151107891887,76.08902133240993,77.1775576014097,77.18423347732647,77.27831522623698,83.31093893245773,83.03269273407608,83.43863402905104,82.93290274483819,82.87992879646976,84.2802666904164,26.573684692382805,26.493118286132805,26.201575142996617,25.927601405552466,30.45834132603234,30.28111329370616,30.198809253926168,24.59394548377212,8.525918006896974,20.0,62.7000007629395,-0.9789115904139823,17.419728298576523,6.353061356512055,16.354422160557352,8.971428764109707,4.444898062011823,22.189116043298437,13.748979951248698,6.953741672087688,19.208843912397125,-39.66802776103117,37.504082426732914,15.831292924426863,6.565306309940051,23.3544222773338,13.198639811301728,-8.453061408737078,5.010884447162653
H2652609,2026-05-07 04:22:00,FP21,4105,49.0,14.0,23.0,12.594999191456273,6.647614281876643,12.064059149950072,4.430213243441474,76.4333263196443,76.06124223981585,77.19792060565231,77.18253859899994,77.29390366633136,83.29526686130608,82.98959591514189,83.4025060897483,82.93167011002852,82.88606262207031,84.28649087776816,26.57489621728882,26.493118286132805,26.220555470402044,25.92803392912213,30.462990782314648,30.28166198730469,30.195545970945417,24.596466021430217,8.52563873090242,20.0,62.70000076293951,-1.5045113127146448,17.172180842636237,7.321804690181761,13.817293565076106,8.957143045009527,2.964661718479224,21.526316205361745,14.064662051380145,7.23233101780253,19.48345902808628,-39.619549715429336,37.46842162053388,15.746616951505056,6.48270695550101,23.72706821986608,12.956391320192736,-9.018797196839982,5.046616625965088
H2652611,2026-05-07 06:23:00,FG22,1851,39.0,8.0,13.0,12.74954238690828,6.702004528045654,12.230491387216675,4.487880460839524,76.4397263376336,76.35188903808593,77.38705588892887,77.20271847373559,77.42667348761307,83.27086069207441,83.10258644505551,83.5098689029091,82.92575828150702,82.83343457673725,84.27539303428249,26.41255187988281,26.41424801475123,26.17258477461963,25.92924499511719,30.51344749049135,30.29694454795437,30.19421177914267,24.59484194705361,8.52663123482152,12.84526352129487,39.1157894335295,-28.876842880249036,14.886316158897008,-21.90315836856241,30.209474162051563,16.893684758481232,-3.4863158864410293,78.29263249447472,5.671579087407966,68.54315944470858,9.86000024895919,-63.53052777742085,49.75158040899979,19.24210566470499,-2.387368459999561,47.16842233758226,38.19368510999178,17.324210980063995,3.909473769288313
H2652611,2026-05-07 07:10:00,FG22,2879,9516.0,1105.0,83.0,13.07590340607918,6.82743335570265,12.269719552673754,4.513061712252213,76.38824002054712,76.4189882214437,77.36725601093883,77.17832946777344,77.42162891362338,83.2353682550008,83.13026243888292,83.54234416372826,82.98508540415926,82.84315163017122,84.2819102242489,26.41363330815462,26.415255450562334,26.16493880508728,25.928704485797248,30.50901999249553,30.29790184481833,30.20262801407167,24.596375663808526,8.52664395146722,12.9006717093039,39.26510044072297,-37.56107458332242,9.840268647910763,-28.1664436903576,51.48255149790105,59.83490059359762,-9.94966464714716,78.45839076714228,3.618792024934852,67.79060571145692,8.534899553196542,-62.7765117363642,48.8953037133953,18.527517177914625,-1.5953020488955834,39.82214854707655,41.715436922623816,24.900000732217077,4.007382668904809
H2652612,2026-05-07 08:24:00,FG22,1330,38.0,5.0,9.0,13.272601113803145,6.912340371505074,12.299065852510754,4.532320996989373,76.3473826975062,76.43275230518282,77.37065080283345,77.16428961270097,77.40860051694123,83.24717623945595,83.1319122314453,83.5417938232422,82.9680328369141,82.85042339822522,84.27733202948086,26.41371950895889,26.417222396187157,26.168551016544924,25.928077808324847,30.50843943720277,30.303872149923585,30.201004028320305,24.592318852742505,8.527101143546727,12.9000005722046,39.25942014611285,-43.201450182044,11.421739398569304,-29.52173993207407,60.77246524976649,74.97391432610111,-11.353623450666245,78.37826206373131,1.566666701997536,67.27101605180381,8.498550895331562,-62.72463928443799,48.87681303162508,18.384058440940983,-1.5710145237221238,40.29855158709098,41.26666768391929,24.72463839987051,4.140579804130221
H2652618,2026-05-07 11:56:00,PG32M,3114,50.0,4.0,15.0,13.158502427216996,6.872701716200214,11.407240671532184,4.210459018422064,75.4022352272105,75.17143449159424,76.1199544746185,76.21169830037054,76.3401151282765,82.1660659647434,82.14002905159354,82.56204123808955,81.9960339982933,81.92481167516979,84.27281160443742,26.59024974787346,26.45170564740617,26.15959424170376,25.85774116872627,30.34573606687173,30.216834095036877,30.125622758241416,23.595700540275224,7.124485751178777,19.200000762939503,60.193458806688575,-6.340187050471795,19.63738357686552,10.200000239309867,17.17850508645318,35.93644946089416,28.735514685372333,4.135514123417505,0.1813084192782921,9.178504885914167,16.87289754921032,-37.44859887952003,35.23271132852431,14.972897591991972,5.898130982835715,23.654206177898665,11.769159147672568,-8.500934770174114,5.003738403320311
H2652619,2026-05-07 12:49:00,PG32M,6173,70.0,4.0,23.0,13.15780113054357,6.867266549004449,11.468930718979406,4.233494367000561,75.38489853126414,75.14906576405401,76.10239185572823,76.20079409097126,76.33236775421288,82.15834885749267,82.13341054133173,82.56810837897699,81.99127470007265,81.9117077076493,84.26901311459748,26.57524153115092,26.43979655832484,26.15960052047948,25.862712546823104,30.34322699947635,30.21464184747226,30.121904677238977,23.59681130376992,7.124444215194039,19.200000762939503,60.1913052434507,-5.682608811175766,19.753623501690125,10.713526840947106,17.530435207385384,36.101933069275205,26.73381725255995,3.3396136144509074,0.2454106276090018,9.285024387249049,17.144927909408807,-37.41497675577801,35.56908278534378,9.203381883925294,5.2864735621760985,27.83864788847846,12.620773223287246,1.1739130549960677,4.9714976762227945
H2652620,2026-05-07 14:32:00,PG32M,3414,25.0,1.0,11.0,13.066328309540047,6.826656871371799,11.467959485502332,4.220469886421139,75.39322616707564,75.15769410744691,76.0978274875217,76.20270883935127,76.32643909943408,82.14915309808197,82.12183934399205,82.59953229855269,81.98944704756778,81.90610484587843,83.9832989293286,28.764914618598084,30.160650921683025,29.843556852422186,29.571331187191173,32.258189013880546,32.13955388517461,32.027800861586854,23.5976064307058,7.123504055870904,19.2000007629395,60.19487263606148,-5.485042870044708,19.324786748641596,11.544872047554732,18.01410293579103,38.12991553086503,27.03931700877656,2.990598365791844,0.3888888953842673,9.361111318963204,17.07350463541146,-37.54829139383432,36.67820593026968,-9.59529941917485,3.492735128117423,43.14786434988692,16.63376102692043,32.87478725319235,4.963247971656993
H2652621,2026-05-07 15:30:00,PG32M,3464,24.0,2.0,12.0,13.036787181224629,6.81549092172419,11.4193073661582,4.217975144247407,75.40172317653025,75.16116762624202,76.08458480094244,76.20530137737977,76.33076447422064,82.14527685665392,82.13891379347125,82.58208206324903,81.99409277462264,81.91135399086963,83.31657468925403,31.43371804246622,36.24922980151133,36.011538162972165,35.71505337317014,35.32054108554876,35.1911403322683,35.06330901210748,23.59689282908024,7.124757039894178,19.2000007629395,60.19417560910719,-5.497087481675796,19.52135965662096,11.22621385796556,17.136893652017847,37.80485501335664,28.10000073331075,3.0019418267370432,0.3592233104468548,9.358252627178302,17.605825572337928,-37.944661075629085,35.15145703658317,14.920388730984303,5.699029265098199,23.860194808071107,11.196116790030771,-10.290291448241302,4.902912704689988
H2652623,2026-05-07 17:01:00,PG32DS,3202,28.0,2.0,9.0,13.363289738429408,6.975382870390216,11.44343815141052,4.221799584745451,75.29354287649836,75.34597021204821,76.32304102773884,76.1469688124329,76.34551873825887,82.1484527587891,82.13656837521621,82.5582122802734,81.9845428466797,81.8719653646455,83.3121518433549,31.372817993164052,36.232066030720745,36.00878801418626,35.73435484908009,35.50185050673157,35.345840221142936,35.200929481564586,24.592747986771677,7.122824221166946,15.953435380950236,50.00229012875157,-11.872519380263707,17.97175614160437,-11.225954507143449,43.78778710984093,0.3251908412416475,58.55267345632307,-1.3274809401908905,12.551145349750088,1.7946565292832504,17.410687461154165,-51.89618467374613,45.7900769182744,18.6755728685219,1.9282443317520717,39.428245020276734,20.70458053996546,-3.0938931960640983,4.556488654085697
H2652624,2026-05-07 18:06:00,PG32DS,3352,30.0,2.0,6.0,13.364266338204985,6.973463230563286,11.44059356890227,4.22494065492673,75.26801902369445,75.35469582923372,76.32630186152636,76.13811693693462,76.3349124076671,82.15030102263718,82.13674708775115,82.5582122802734,81.9845428466797,81.88043224363403,83.30389530497384,31.370965140206454,36.214191293357935,35.9991316257563,35.71425141069227,35.50953766098597,35.35344392016416,35.20403123439704,24.596992277561277,7.122781746369555,15.952631849991654,50.00827086599249,-12.857143190570351,17.70902288766733,-12.897744652023896,46.92782079366815,0.0015037580764381,61.31804659850616,-0.6646616645997632,12.20000030761376,1.8654135831988845,17.421052961421207,-51.851881213654266,45.690978172130166,18.517293643234385,2.0939850094623145,39.08721886541612,20.605263530759892,-2.895488806461033,4.590225648162955
H2652625,2026-05-07 19:12:00,PG32D,3716,36.0,11.0,3.0,13.377286732681393,6.982059792774479,11.464627909466511,4.233947734522625,75.33812719825805,75.32351002266735,76.16861867516991,76.12937952057133,76.2763467183927,82.07450469722593,82.07183899918223,82.51222898901963,81.9845428466797,81.87796380267883,83.30654597088574,31.46741553826058,36.24762173784461,36.028212260424624,35.74578026252064,35.456123786243964,35.316236418437185,35.17043831677941,24.597154307171586,7.124633924747871,19.70975605259099,61.76748250945797,-4.200813099136198,10.343089634810037,10.77642296745283,17.54471582707352,28.42926898659245,24.412195663142025,-4.27560987299293,-0.2796748006731511,0.9463414837553256,15.888618275402052,-42.66260249440264,40.57804972951006,16.72764269510906,5.857723707106054,24.620325801818364,11.752032737421803,-6.334146476858028,5.105691169335588
H2652626,2026-05-07 20:13:00,PG32D,3416,21.0,0.0,15.0,13.380631747546488,6.97726093326603,11.475844692539528,4.22911177454768,75.42481499749259,75.39902626931129,76.2014224765537,76.23826516641151,76.31194752186266,82.24294177905934,82.05986682788742,82.47476567448798,81.95796780972869,81.84061782424517,83.28849847467096,31.46260950586814,36.23220921421913,36.005827070356496,35.731438301705026,35.461413271792296,35.34642908594628,35.19287425548107,24.59441432437381,7.123333123353151,19.867567680977512,62.30270571322054,-6.420720865060617,9.354955149126482,7.384684829024581,9.535135350785811,21.90270307042578,19.012613012984005,17.745946368655655,3.3297298004229865,2.86486493963916,17.1099103205913,-42.160360972086586,41.06036115766647,16.714414785574164,5.958558705475952,24.65225297051508,12.212612916757402,-6.459459622701007,5.033333421827434
H2652627,2026-05-07 21:08:00,PG32M,3517,18.0,2.0,5.0,13.413330069685408,6.974113890555053,11.469848219272318,4.226820785387427,75.44672400550503,75.29836995622752,76.24432926684352,76.26531887898402,76.31743128953781,82.24634531746923,82.06578766139205,82.4755169353654,81.97076537545804,81.86418610969478,83.3132927818636,31.49168585043034,36.280525545103366,36.01239216222173,35.7693069593041,35.45687933727702,35.29531927868332,35.14376736531216,24.59663705066242,7.123097145451909,19.958407039135967,62.61770042486952,-7.504424968651966,9.667256827903003,6.84247806008938,9.997345371583924,21.34601810759149,21.4610623553791,18.98053137180026,1.798230142851846,7.805309864074255,15.986726043498638,-41.75752281931649,40.46371767162223,17.423894215474103,6.406194872560753,23.39557570060798,11.777876364446325,-7.376106355042583,5.010619564393978
H2652628,2026-05-07 22:04:00,PG32M,6165,35.0,3.0,12.0,13.527647435365614,7.018222008518238,11.502146663378236,4.23594591485795,75.44449780334779,75.28341590459621,76.26154722280837,76.27223297579204,76.32360862846949,82.22421609696433,82.01955709026086,82.43177197326969,81.95901389577283,81.8647374292115,83.31524297819665,31.49938865163215,36.28351389822648,36.00782821885306,35.76708332617675,35.473159636684386,35.30835213972697,35.154504747246975,24.59512549548892,7.12381888154763,19.96532655840544,62.64271451480428,-8.12562833000068,9.684422339626291,7.230653436339679,9.866834379320766,22.23266371530505,22.11105570002418,18.70703559185393,0.9040201206378004,8.570351950487298,15.914070733228534,-41.59849325975583,40.185930664215874,17.64924664713032,6.375377058383805,22.79246276587099,11.964824391369843,-7.470854474072479,5.040703624936202
H2652605,2026-05-07 23:00:00,FP41,6326,6236.0,493.0,36.0,13.727908604109109,7.094926898802944,11.55688149246139,4.258817064103169,75.48230586219672,75.30560019028245,76.3429339231558,76.25990326081089,76.3749971629387,82.26415946615403,82.04714712785118,82.45524735187166,81.97301364304434,81.89767095671229,83.32801220764466,31.456006917522156,36.29285258384206,36.00620388625256,35.77885529024514,35.482901951775474,35.30632249074967,35.17195972845183,24.59326619478925,7.123869121973239,17.781407140607207,55.783418396609534,-13.173367143276351,17.45376927169724,-1.7201005250365295,19.53718646447264,3.297487492237858,40.048744738401496,22.491960362573373,13.285427469554264,7.277889632100435,15.8984928322797,-46.77236298220842,42.54120703078996,18.312563263591223,5.61909561900038,30.032161482614494,16.037688806428392,-4.972361934469573,4.691959899873588
H2652630,2026-05-08 00:16:00,PG32B,2144,17.0,2.0,9.0,13.937861721167405,7.174745484684291,11.617396633276778,4.282725800289196,75.47813655553239,75.38624367017424,76.42928374215457,76.24454884046918,76.42561374621442,82.30036549085982,82.12083263611525,82.51952936408225,81.9845428466797,81.89892869585017,83.31798750630924,31.42732170190702,36.29544324553415,36.013107299804695,35.785258946793775,35.48570697227221,35.29510240876276,35.19526192311491,24.592584138505917,7.124269442611865,16.064045188132283,50.38202427210432,-14.32584300737703,18.487640841623385,-10.349438418163343,29.244944690318597,-10.895505878362767,65.05056338363819,27.084270413002283,23.420225207725277,5.450561942679157,15.179775645223904,-51.520226339275936,45.234832163607145,19.249438575144577,5.571910225943231,35.13258494687884,19.448314988211308,-1.873033745067843,4.530337170268711
H2652631,2026-05-08 01:00:00,PG32B,4231,34.0,5.0,10.0,13.778534206412951,7.136910994377362,11.636489783518403,4.284496922464764,75.44748204699634,75.4198970456095,76.44976526745675,76.25906182464057,76.42992577185994,82.30409024029794,82.10869503585543,82.52862286990916,81.98503618409649,81.91764578734632,83.32110478327823,31.421030349279985,36.29948316946537,36.00115307689419,35.781730426133706,35.4872590917102,35.30466754619894,35.192818274864784,24.59461531554453,7.123431761589276,16.06035525982195,50.38343373134996,-13.707100913369452,17.469822821532496,-9.789349354935824,29.700592515031268,-11.081065287956829,66.30118488560062,27.802959284133472,22.23846203053493,6.016568194655976,14.874556597873315,-51.6816582990116,45.40000082614155,19.23668671782907,5.546745689662955,34.263906241874025,19.39704182867469,-0.8100591907663458,4.604733824024538
H2652632,2026-05-08 02:24:00,PG32B,4231,36.0,8.0,7.0,13.920616341765813,7.190406048791648,11.59843936897593,4.277458142952099,75.36376420421712,75.4348994147848,76.44299000395823,76.26148174218172,76.42073077139767,82.33416088939418,82.13972545375488,82.55336016592892,81.97775566507373,81.90018575995633,83.32207466441497,31.43630846012272,36.30521884895639,36.00832561064049,35.79368013460957,35.48486915001502,35.302277604503765,35.18803839147444,24.59408270254643,7.123490920433631,16.065680723923883,50.38047519661264,-16.065089124194273,18.83136133047252,-8.140236869895247,26.057397131383784,-10.566864174498612,66.93491273236698,30.78402445866513,21.28816609692998,6.602367027271429,14.218343531591664,-51.3792915795682,44.77869896070493,19.231361344015824,5.401183551585178,34.48757453783025,19.39645012172723,-1.2644970704024363,4.548520810505341
H2652633,2026-05-08 03:48:00,PG32B,4231,27.0,6.0,9.0,14.20348126149317,7.29362884599563,11.608205968176405,4.277838723701343,75.32204762955156,75.48800061320699,76.46517150165042,76.2623475727282,76.41112219381051,82.33678101656731,82.14318178411118,82.55773095917282,81.9845428466797,81.93614874945749,83.31505714104189,31.433653982062072,36.30227562976859,36.011216994614635,35.78349143580383,35.49388104712057,35.30444951643026,35.19201883237962,24.593450167025733,7.124093334577237,16.061403743007713,50.38128836113109,-17.28187174546093,18.601170010036903,-7.1994153818888975,26.245029951396752,-10.65087742554514,66.26198983889574,31.08421133833323,20.76257349315444,6.309941689173379,14.143860030592544,-51.31286696941534,44.74795398377536,19.210526672720224,5.242690175597428,34.63450366014626,19.53450331771585,-1.4415204943272106,4.469005934676231
H2652634,2026-05-08 05:13:00,PG32B,4231,26.0,4.0,6.0,13.895238156904249,7.198274539925202,11.56392642350225,4.233337324265151,75.31344167252031,75.48608746444968,76.46517060932358,76.26186928553886,76.41829971402706,82.33917816340575,82.13791080943328,82.55868896127443,81.9845428466797,81.93135677583038,83.33039695338196,31.42846171061196,36.31219616270901,36.01168957091215,35.783491435803846,35.46978875768115,35.297835946780225,35.193908423708194,24.594853607534667,7.124385738930507,16.054386172378255,50.3830427203262,-17.31228107876249,19.350877555490253,-8.143275027735191,26.3520474684866,-10.719298429656442,64.91696048758881,30.602924726162748,20.77017577768071,6.569590818115145,14.01754419984874,-50.94035234507066,44.516959764804064,19.19064367863172,5.139181381080581,34.61695973357263,19.2736845853036,-1.4672514967489665,4.659064432333783
H2652635,2026-05-08 06:38:00,PG32B,4231,43.0,8.0,15.0,14.190355966782429,7.294968136668911,11.5668769870284,4.225452561350264,75.28441777878257,75.49781257584249,76.44637691339796,76.25760998246231,76.41734313964841,82.35501667451578,82.14796790850941,82.55966683111245,81.9845428466797,81.90212479992027,83.32692515356301,31.42437139206382,36.29996079664964,36.00450025930913,35.76643479928461,35.47578737157336,35.310403406267355,35.19998809995031,24.595680349677277,7.123905108525203,16.061538696289045,50.38047519661264,-17.80946783483383,19.85088803782267,-7.924260514022331,26.701775974070543,-10.771597898923437,64.08994257097413,30.79763387646196,20.50000029908131,6.530769393288877,14.033728193249232,-50.88461696466753,44.39053326668824,19.55562164938663,5.091716082138421,34.61952742175944,19.40710093707024,-1.4568047691908113,4.5331361787559
H2652636,2026-05-08 08:02:00,PG32B,4261,43.0,10.0,16.0,14.055681011133029,7.253583793751678,11.647646374172629,4.251444409465232,75.21684068824811,75.48656575163902,76.44364607961552,76.26760908874154,76.41829935709632,82.37129318505005,82.14701522024056,82.55917063930576,81.9845428466797,81.90644211796992,83.32991759540045,31.424686989589024,36.30416486416643,36.005073502746946,35.79104980111817,35.47592992949904,35.30822869908742,35.19438082154034,24.5969004045453,7.123625515497219,16.06198854056016,50.384212293122935,-20.373099868060567,20.697076468439843,-7.233918252134184,29.018129348754886,-13.804678671541277,65.25789642333984,32.98070260655811,20.995322009973368,6.712280865998296,14.271345400670826,-51.04795471548339,44.21052702965096,19.34327527096399,5.090643385000394,34.05438661854169,19.33450333556238,-0.7163742868698134,4.456725252999198
H2652637,2026-05-08 09:27:00,PG32B,2144,50.0,7.0,20.0,13.90134483644332,7.2084204301066785,11.728589682743458,4.288122911562864,75.20651788821162,75.4932122943045,76.46622668737649,76.27348011937633,76.42298362995012,82.37168989510374,82.13715073158004,82.56103778707568,81.9845428466797,81.90449278382052,83.29399740284887,31.42584281132137,36.28800543423357,35.99545901945268,35.78652129776173,35.49865389418328,35.32688026866693,35.19596091084097,24.59839060114718,7.122873372045056,16.060919772619474,50.38276040965112,-20.71839125403044,18.906897018695712,-7.759770302936949,28.4310352062357,-9.63908062858143,63.86207054401266,33.20689725327766,21.15862105358607,6.956321998574268,14.227586603712767,-51.05287516802209,44.34712714710455,18.929885469633973,4.747126543658902,34.84942605029578,19.918391194836868,-1.0206896739787077,4.501149517366255
H2652638,2026-05-08 10:10:00,PG32B,2463,37.0,13.0,12.0,13.81319155322906,7.166833124204313,11.566040326471194,4.233907788855844,75.21854564370626,75.51055873365705,76.46327683261536,76.27465200206458,76.42294499645492,82.33367021116491,82.07623869316761,82.53126233244593,81.9845428466797,81.91532925819156,83.31646902702715,31.4327423931801,36.29313144074183,35.99502640118883,35.77995815886752,35.49775082662225,35.31590354605898,35.19528678998556,24.596164224354645,7.123196146803904,16.068493411965548,50.38356342054392,-20.04566247495887,18.184475319570616,-6.82602755773013,26.170777055226512,-7.907762732135651,64.46895141253188,32.2835625252223,19.337899930945287,6.757991018904943,13.483105350302788,-51.54018405583353,44.92785458151065,19.080822260956804,4.593150790967895,35.27899628033922,20.83835651449963,-1.892694112304684,4.563013801835986
H2652639,2026-05-08 11:59:00,PG32B,4671,99.0,21.0,13.0,13.87238454107028,7.180228240454373,11.537007858504117,4.232497129867326,75.24180466381468,75.5005645751953,76.46983291853715,76.26106353304279,76.4271087646484,82.33435445757054,82.07996584764165,82.5239551601125,81.9845428466797,81.94051782408759,83.321574880116,31.43027166110365,36.31217501056727,36.013107299804695,35.79846715215424,35.47531651738864,35.29084868929282,35.19318925088911,24.59373129659624,7.124328136444092,16.06268680629444,50.38358386594857,-19.72686605311153,19.41343321729064,-6.453731489937698,22.4597019651043,-12.707462944201575,64.34925557606256,28.911941129769865,19.99253765504753,6.959701662632956,13.831343650817882,-51.48059862051439,44.88806044165769,19.116418155271624,4.4746269361296696,35.12388143966449,21.28059740208869,-2.13432841080783,4.4328358920652455
H2652642,2026-05-08 17:06:00,FP21,2455,249.0,185.0,30.0,14.191235808686844,7.284930431643012,8.80216611297437,5.893055729359888,75.39383267024375,75.26043760843115,76.35883685064049,76.20804523489329,76.34147303064441,82.18416514476587,82.10039234694153,82.56462404048641,81.98776134299166,81.92778969876595,83.29542524454979,31.301027010273,36.26317992823087,36.04469657343861,35.84880901315358,35.607799764452054,35.37628301695071,35.22690765551349,24.60245794157742,11.69094932279107,12.102235005554515,36.8139660371748,-65.00726435570743,30.8821236274762,14.695531078182457,12.744134404805797,76.7229065708608,45.08994497800008,76.13407961882693,6.597765534949702,27.177654324963115,10.36033544860073,-76.4715099228161,67.92178915865594,18.80949753489576,0.426256996543048,58.7217891629182,37.944134824102825,33.682682314398576,3.8022347135916768
H2652643,2026-05-08 18:35:00,FP21,3296,54.0,19.0,7.0,13.901726148405128,7.170353942154521,8.828822931532043,5.821157334259202,75.3464066310482,75.33195074091957,76.40694440135637,76.18414669142244,76.3603904260456,82.23808895553672,82.1443784092013,82.57314667253863,82.01896094222096,81.93384387611687,83.28954294109872,31.30313354829398,36.27246759741348,36.0501488954323,35.843037052049155,35.58772766787706,35.36859122429101,35.21908122531618,24.6014915698141,11.691546577116398,12.101657830549184,36.81602170322478,-71.84641038251846,19.998895397502423,18.117679901544577,18.608840204734182,76.79502898158289,38.0812162536284,78.48895154078362,7.611602371568837,28.698343298053224,11.552486456560173,-75.76961483612904,66.30884126273308,19.275691006065085,-0.1585635404560448,59.30607885286955,39.14254223312463,30.838674840347554,3.6718233026852265
H2652644,2026-05-08 20:05:00,FP21,1718,23.0,5.0,3.0,13.611651350322528,7.059616445240222,8.944620082252904,5.825305266129343,75.35150162546257,75.34289855957029,76.42595134534331,76.16247349789268,76.34758895070928,82.23384254857113,82.1139518336246,82.56769393117804,82.01819377698396,81.93451875385487,83.28725473504318,31.31248955977589,36.26996251156457,36.05307119269123,35.84471419484991,35.596395874023465,35.37105761076271,35.22735419022411,24.604210361681485,11.691262767189423,12.101053007025444,36.816841727808864,-71.976843502647,22.33473735608554,17.68947414598968,15.232631889142503,76.85894879792866,35.226316512258435,78.53579117624383,6.558947530545686,27.83368504172878,11.35473706596776,-75.80842261063425,66.20737023604543,19.736842506810248,-0.9673684430749794,59.89684371948242,39.70315864964536,29.26000075089305,3.643157969023052
H2652645,2026-05-08 20:52:00,FP21,1668,15.0,2.0,2.0,13.645403044564388,7.066391630487126,9.098097256251744,5.877134815677182,75.354980301071,75.30197227394186,76.40475547706686,76.07845918424837,76.34811787028887,82.23129289228838,82.08992440359933,82.5663138588706,82.01967293875558,81.96023106837012,83.29318086393587,31.307273277869587,36.27858843122211,36.0477259709285,35.84707826048462,35.61980681366976,35.38811065338467,35.23187675056879,24.601758076594425,11.692417218134944,12.114286087371466,36.867032732282325,-69.2428590963175,27.4868139749045,47.6010999784365,-18.03186851674384,76.7923089331323,31.148352360987406,78.46813344431447,4.289011071262123,22.36813232924913,10.16813212174636,-75.76153950114826,65.55274887923356,19.30879159026095,-2.031868175408998,60.79670472197481,40.62087991735439,27.761539291549525,3.676923172814505
H2652646,2026-05-08 21:37:00,FP21,1531,38.0,4.0,20.0,13.83537649225305,7.132890206796152,9.07594460616877,5.842401781199891,75.31370732813703,75.25111765920377,76.37289899661215,76.05177721565153,76.33957078721787,82.21826567473236,82.07866207169894,82.55923179343893,81.96736182695554,81.916771594389,83.29588317871092,31.329327430254136,36.28143781497156,36.06596336835699,35.84952215500819,35.58422192232109,35.34386849109038,35.18829213837048,24.600370265819404,11.690740338078248,12.800000190734902,39.0,-67.16419879301095,42.68024774245275,21.40987705890044,-7.351852009877747,76.49506349916811,31.11234653143236,58.15432240050518,7.196296420362266,33.28642056312091,6.533333440713675,-71.86419894371504,62.74321134590808,16.835802878862555,-0.3703703791087054,50.24197689103493,38.84197602448641,33.12716123792861,3.697530949557269
H2652647,2026-05-08 22:17:00,FP21,2509,33.0,0.0,11.0,13.579774117284966,7.03496236949004,9.151098961053892,5.836074060247849,75.20892274841778,75.31922463113945,76.3780199390973,76.04767046787943,76.35836141423658,82.23801688260811,82.15861747800845,82.56583410455272,82.02902682991915,81.95724002335425,83.33083171992338,31.327822544778037,36.290575722391296,36.05506281889689,35.850264320077805,35.612911372221745,35.359291608943494,35.209003182344674,24.604418525400085,11.691394961157505,12.86434151405514,39.17674391399056,-73.5806217637173,30.817830241003715,20.750388071518543,7.416279247564865,76.19380010560502,50.84651311238608,35.839535676231684,20.196899621061583,29.391473592713837,8.393023490905763,-70.50232708361722,61.65736572502197,17.480620606001047,-0.3379845049723176,48.22325731617537,39.39147372578467,32.10077580001004,3.744961345842642
H2652649,2026-05-09 01:01:00,FP21,2470,24.0,0.0,9.0,13.906959807225908,7.1296085904735005,9.303104777668798,5.8080356287401775,75.1905364990234,75.30464621846987,76.37040899705515,76.04893848507903,76.36850673468535,82.22975726460302,82.08683918797689,82.55821204370304,81.98708455876786,81.95341846554781,83.34862370454061,31.324695321016527,36.2899495206138,36.03878109954126,35.84650710941284,35.607273900231675,35.36805843382841,35.22653683211454,24.602247888727707,11.691705045773997,12.917830008869034,39.327906527260446,-72.97907085566558,31.42635750585749,20.260465607162608,9.286046657162585,76.10232715458832,60.20000159093577,28.008527859236857,22.92945789366731,27.903101632761416,9.295349036076267,-70.32093201866445,61.545738042787086,17.772093469782412,-1.71627911226463,48.19302474620732,41.78682244470878,29.80620230445567,3.779069842294205
H2652651,2026-05-09 02:21:00,FP21,3218,41.0,2.0,6.0,13.227063401231488,6.870290552528159,9.173119322767535,5.662118064547048,74.92380486645744,74.89443836397338,76.0829928499981,76.04092096125038,76.45625157032195,82.23438255532274,82.16039550188677,82.62663950503453,82.02355231127693,82.01002739471137,83.37387425691178,31.508918688135203,36.326092914470166,36.05624226690499,35.7919120418215,35.45386023660308,35.25387351026816,35.11270748990253,23.50223256083368,11.691067565992036,20.3999996185303,63.990291410279504,-17.56019455252343,32.726214307025806,16.628155699054023,9.095145835242803,25.27475793153338,44.8330105901922,17.422330541518143,18.003883861801015,12.012621680509705,18.916505202506364,-39.24077743233987,37.58932124758231,15.390291695455913,6.64466037102116,20.283495523397217,11.7378643276622,-5.593204013352253,5.027184578978898
H2652652,2026-05-09 03:12:00,FP21,6375,53.0,16.0,16.0,13.35871825526603,6.919261038006835,9.342844725841314,5.678701512256073,74.94401595841593,74.86551336032241,76.0937977501409,76.07060970477204,76.4543708307826,82.2308001162401,82.21734733012187,82.6393366571683,82.0330721727058,82.01798343183982,83.38356276175276,31.51536863716083,36.32543740343689,36.05048313425551,35.79324257314499,35.49742050550471,35.28924112652076,35.14817749327095,23.50208916355721,11.691641409005689,20.40049713286597,63.99452744668989,-19.245274021850904,35.081095349136284,11.899005256482033,14.52238840131618,19.117413350005656,44.27761261973215,18.01293575229931,19.03233869751889,12.32885601271445,19.36716455488064,-38.69353304810785,36.7338315669577,15.423880970893231,6.47711462049342,20.538308793632563,12.195025206798354,-6.932835991702863,4.913432930239395
H2652654,2026-05-09 05:22:00,PG22C,1177,32.0,4.0,5.0,14.225165564166616,7.253366529448958,9.818251010800196,5.927596269560254,75.26083285749448,75.17297022795874,76.29294214169839,76.13611382098237,76.48223158150662,82.23242401879682,82.14845275878909,82.59816634753518,81.98860748543227,81.96829034474271,83.36023995896016,31.27498242086615,36.25684362994743,36.05449720650668,35.820806960429024,35.58978763296587,35.3661384267255,35.229279699404394,24.60190073123648,11.691569864257303,12.043801812100993,36.63471054833781,-73.14132406691874,45.66776975521372,73.1776875267344,-54.42148870673061,76.18264612875694,59.857026312962056,25.85289321845968,8.492562120611016,44.01239764000759,-5.066115813807023,-83.09421652801765,70.65620018825058,17.404132614451022,0.8388429948490513,52.60330729839232,42.398347744271774,46.18264571891345,4.047933971586306
H2652655,2026-05-09 06:22:00,PG22C,2126,42.0,5.0,12.0,14.363395299666967,7.315300326062064,9.818165094424517,5.925608903933794,75.27232360839841,75.21010869996158,76.32154559274004,76.12160198505109,76.45928420368419,82.22969211676184,82.13024393717451,82.58622585198817,82.0027584499783,81.95162689991488,83.3568353897486,31.270333184136284,36.25412678514794,36.067650036934126,35.83149432320879,35.588433811807256,35.3716390234792,35.23424393091448,24.603931508512577,11.691110716925722,12.0,36.5,-73.64017245300815,37.920513446514434,72.73418941660825,-72.03931779127855,76.33675384521484,54.22478758983125,78.50854857355101,9.023931835451696,40.447009290385466,-4.405983008125906,-83.54871968326405,70.75983044224927,19.55128247513731,1.3239316534028094,52.4247878311027,42.024787120330046,43.75897520016403,3.906837697721953
H2652656,2026-05-09 07:20:00,PG22C,2236,33.0,3.0,8.0,14.3256252093578,7.30194081659392,9.768699683542328,5.900342456937775,75.26845965047518,75.25686321108357,76.34712243267869,76.10688517412801,76.44632210318495,82.22329531692147,82.08199700783557,82.57821258785216,82.02326941302442,81.95615477073851,83.36429926354116,31.276961799681647,36.25169036144351,36.06780873696638,35.826710257943205,35.59642821785036,35.37125847283308,35.27203261007475,24.601023486280067,11.690708258020592,12.0007874045785,36.5,-72.76771797720842,36.1527566083773,73.17086749940407,-57.3165371211495,76.74488331952433,47.94803285974218,78.57559168057179,11.567716789996531,48.74803275761644,-4.464567019010152,-83.80630066638857,71.02677292711152,19.696850829237107,0.9055118298554048,52.99134033683718,42.76378039863168,43.44409519105446,3.933858364585817
H2652657,2026-05-09 08:23:00,PG22C,2106,45.0,6.0,9.0,14.140918993316925,7.25154049206624,9.927768285295604,5.951400524747055,75.2643620313796,75.1934370192806,76.35435269786191,76.12199509882294,76.45570184488209,82.22097548763311,82.09624906556793,82.58722234405248,82.01718774306036,81.93886127303134,83.36407079105884,31.26678129213046,36.24907218460493,36.0631474857837,35.83150043318755,35.602715821392806,35.374669572948314,35.27744759078576,24.602123783752983,11.69115004919271,12.0,36.5,-72.42124027488506,35.41061998890565,72.85663854548362,-50.77433763352117,76.57876269585263,47.19469144703014,78.68672673048171,10.562832085432207,50.74778912974672,-5.0530974643420326,-83.90354149742464,71.00796610064211,19.831858795301063,0.6115044385722256,53.01062106242224,42.90796526343421,43.64601850931624,3.9858408048089617
H2652660,2026-05-09 12:36:00,PG22C,1065,23.0,5.0,2.0,14.034618786403104,7.233192481691877,7.3225668574136416,4.499858909183079,75.3398052397228,74.98158409481958,76.36020067003037,76.28229898119729,76.44330730135475,82.29022144135975,82.1484527587891,82.56601606096537,82.01576959519159,81.94422331310457,83.3609389047774,31.250925457666792,36.22600615970675,36.01182459271144,35.775865585084915,35.570679437546524,35.33603268577938,35.234737093486494,24.60269822014703,7.115714073181152,11.233333269755033,34.1000022888184,-66.5920651148236,39.49682605361182,51.72698505341061,-7.607936673694186,76.8015886337038,4.623809592000077,78.40158856104291,-2.2984127486272463,20.322222739931146,-6.088889036031944,-81.27301727779327,63.353970179482126,33.29523894143484,13.033333505902975,52.45396962241522,44.17301656329443,41.66349302019392,4.011111215939597
H2652661,2026-05-09 13:07:00,PG22C,2103,61.0,10.0,7.0,14.010878921508787,7.216857070922852,7.311552898406982,4.482206893920899,75.28998303222654,74.96290173339845,76.40883288574216,76.28318176269529,76.44220593261716,82.29922180175781,82.14845275878909,82.58771057128907,81.99765808105468,81.97077697753907,83.35949206542969,31.26320007324219,36.24322521972661,36.00211657714844,35.78043029785152,35.59428259277347,35.35129626464842,35.215585815429705,24.60183985900879,7.11615979385376,11.28400012969973,34.310401702880874,-71.19440161132812,42.68480076599121,44.48880105590821,-6.944800162792209,77.19280181884766,27.09120060729981,78.38160180664063,-0.0224000058770179,21.836000587463385,-4.480000097453594,-80.89360174560547,58.705601684570325,44.591200927734384,16.371200439453137,49.34080148315431,43.99760064697266,36.55360070800781,3.8176000947952256
H2652662,2026-05-09 14:09:00,PG32D,3142,57.0,8.0,9.0,13.919085898685973,7.177247485176462,7.427010679505564,4.512244959346583,75.2758976670562,74.95149314338393,76.40661245877624,76.27608460806756,76.40124253236529,82.23487003514025,82.14800500088053,82.62806251400809,81.99350117334251,81.97961851026191,83.33082130307055,31.25978538638256,36.24623508140693,35.964974241829964,35.77779942913781,35.5844265463574,35.351356297894235,35.21716433665792,24.6030598937488,7.1159560719474415,11.300000190734902,34.397815683500355,-69.48142246600709,73.90054804900956,-0.7748634017230384,45.05409957802363,76.9568322186913,31.94207738657468,78.57103954377722,3.25901648219003,44.0420774553643,-0.6420765164119949,-80.05246067568252,57.83278839444856,48.72185916587956,15.732787257335238,46.82568411488352,42.20546532719515,25.66393504116705,3.7459017360796696
H2652663,2026-05-09 15:40:00,PG31DS,2422,30.0,3.0,7.0,13.741437198398833,7.104953655829797,7.450621568239653,4.497494023996634,75.2940480692403,74.9921323336088,76.42249058009857,76.28862746445448,76.37672125542912,82.2303924560547,82.14959876854107,82.63327613243692,82.01148346587495,81.97881322473914,83.30849376758493,31.27052072378305,36.24816136927041,35.980895675979305,35.77695054274336,35.58485561984405,35.35663791469758,35.20976513415785,24.602657198072308,7.115803985328941,11.3000001907349,34.39790357576382,-66.54895283625676,74.54965183284733,-5.73146865860774,68.69300871628981,76.86643517767632,19.88601435814705,78.58881255463287,0.907692328043334,44.14056039023234,-2.037062982162396,-80.42937197385135,58.93286890416714,45.47832259598312,15.202797536249774,48.41748407003764,42.80839234465487,22.74125919475423,3.844056040257007
H2652664,2026-05-09 16:51:00,PG31DS,2174,30.0,2.0,6.0,13.707238805575637,7.093703367578701,7.437553101637232,4.485413588876799,75.27811233640652,75.01027373066098,76.44052352304531,76.29946286659539,76.3941480982022,82.26847166526974,82.23233524833138,82.6220951831247,82.0439281313438,81.97358967938762,83.29975578728623,31.278867826687065,36.26695299524024,35.987654438168995,35.79363497035707,35.57988720991483,35.362989650936534,35.20779022457094,24.602125858697367,7.115905303654708,11.3000001907349,34.3984266866849,-68.24409608014925,74.76456847904235,-6.44960645691851,71.87322992039478,76.95511999655896,11.053543526356618,78.60551344503568,1.0559055383397835,45.75590659314255,-1.868503988903807,-80.33149755282665,58.73937150249333,45.51653641227662,14.662205080347748,49.266143198088415,43.54724481537586,21.1433074981209,3.857480404883858
H2652665,2026-05-09 17:54:00,PG31DS,2174,16.0,0.0,4.0,13.691606950390256,7.087136697399522,7.508166934168617,4.490124558293542,75.22984455907064,75.00926421409433,76.45791921689526,76.32664986543875,76.39324087690011,82.26088235544604,82.25262486657431,82.63507044592572,82.02584448526072,81.97946178820706,83.3066854550857,31.27278610347777,36.25675751442135,35.988674311674856,35.79453236188073,35.58848145950675,35.359291608943465,35.21025558589966,24.603798252667566,7.115736214689506,11.300000190734902,34.40000143716502,-69.6038774593856,74.70077644762142,-10.279069994366912,66.79690072702807,76.90465279512627,8.927131948544998,78.51240474493929,2.681395407679469,44.99069867392844,-1.138759709490362,-80.45891630187515,58.7131797435672,45.226357393486566,13.861240682675868,50.27674578881081,44.40077593899513,19.74496170162232,3.844961338264997
H2652666,2026-05-09 18:58:00,PG31DS,2184,31.0,3.0,10.0,13.81963722465574,7.1348474376885465,7.561303556427475,4.503756216330123,75.2006815829018,74.97440036507541,76.46108949646467,76.33235712568887,76.35518947867457,82.2475428618202,82.23420360476472,82.63252968011903,81.99280341096626,81.97628559437833,83.30287288695342,31.267157148021138,36.2498702411504,35.95923265560654,35.782008326330825,35.58785525772925,35.35866540716598,35.21150798945465,24.60162777863731,7.116743971211042,11.300000190734902,34.39767589125521,-67.77597063641215,74.6488388416379,-18.739535302154792,63.71395504382231,76.92015602052673,7.70387616268424,78.56356758295104,4.715503984643505,42.68604736919552,-0.6279069946486822,-80.66899386856907,58.94728830618453,45.105427113614354,12.648837540500857,51.69612556280093,45.697675305743566,17.955814250679918,3.836434197980304
H2652667,2026-05-09 20:02:00,PG31DS,2183,10.0,0.0,3.0,13.899729518439823,7.165079698787899,7.473580623236228,4.459892873688946,75.19633291650003,74.96069203774762,76.44889879602144,76.34132577490617,76.34905753548688,82.23684440072127,82.17684131532205,82.60401988592673,81.98841545525498,81.98389765221305,83.29330119936485,31.261715265709576,36.231328889140975,35.94374997597042,35.77836945300962,35.58179539958326,35.36171752449092,35.212878730353424,24.604409345491668,7.115354102427565,11.3000001907349,34.396064427893926,-67.36693065372978,74.31968616876077,-19.440945302407588,59.48582812932533,77.05354483296551,7.109448999870478,78.58819051427166,4.398425303106232,44.06771739449089,-0.8645669504061458,-80.71574936513825,59.09842666866273,45.18661499023439,11.785827066016015,52.666143222118,46.53070987491157,16.18740198180433,3.822047323692502
H2652668,2026-05-09 21:05:00,PG31DS,2444,138.0,10.0,13.0,13.804489715949636,7.13830019877507,7.588782760646794,4.47994055114426,75.21455788779089,74.9852718540005,76.45566297411081,76.33838733593066,76.34811689470195,82.23211147068264,82.151890788045,82.60347902524721,81.99371433924962,81.97652077841593,83.30792076270895,31.265442428055344,36.24138070486646,35.95207513128962,35.78542397238989,35.594458840110114,35.3634166584148,35.21484919194576,24.604195641470955,7.116013770336871,11.3000001907349,34.39790357576382,-66.31188959508509,74.36503638420905,-14.584615720735576,51.63286865341082,77.01538630132075,5.072028085068389,78.58112025761105,0.1377622450773534,48.29860271107068,-1.1195804391290762,-81.2272742744926,59.72587553437776,43.60699377526771,10.27412607953265,55.05105059963841,47.29021099063901,18.471329042127927,3.786713375911846
H2652669,2026-05-09 22:16:00,PG31DS,2403,75.0,11.0,27.0,13.80894635247845,7.135207835664141,7.600003228965381,4.4791964774436135,75.22360002233624,74.99106018932154,76.46026687080975,76.32682562212571,76.33842987709855,82.23678491470662,82.14903389139383,82.62736706023523,82.00372736504737,81.98570554476258,83.3057661124155,31.2656664476327,36.24519218282501,35.96439085615444,35.782194854519865,35.58565688978698,35.361649858190624,35.208110511725685,24.60312039801415,7.116028156686337,11.300000190734902,34.3992922627334,-65.5879449776724,74.37163278566184,-13.049645751926086,56.5943278048901,76.85461155235345,3.2163121184558734,78.54964674280045,0.1290780173231524,48.96950495834893,-0.2914893724922591,-81.14539153186988,59.41276739675102,44.296454463444704,9.68297892428459,55.219859806358414,47.64397287030593,16.485816022183045,3.8609929997870256
H2652648,2026-05-09 23:21:00,FP21,3939,38.0,2.0,15.0,13.768258365232551,7.116363205126862,7.57969883543935,4.458178188077252,75.20966084798174,74.97371927897136,76.45559183756508,76.30215962727864,76.34489076528975,82.24384524217292,82.1480450986037,82.62914515253327,81.99555377106168,81.98372813362387,83.29873786280997,31.26449653283873,36.24384918972039,35.95481067866236,35.778372617503265,35.59025725559219,35.36399279542226,35.212480004154045,24.60263672634144,7.11641768555143,11.300000190734904,34.398508954403994,-66.00895643471485,74.5925387482145,-12.943283894761889,69.24428021255419,76.93681745386836,6.47562204427387,78.57811118358403,-0.2766169262169605,48.77811088372228,-0.4825870710151705,-81.17910607181378,59.344280015176814,44.61990113519317,9.547263871377972,55.39104621090108,47.85024995946174,14.966667080400011,3.920398104843215
H2652671,2026-05-10 00:38:00,PG31DS,2314,62.0,6.0,9.0,13.78239644368489,7.120528613196479,7.596914538630733,4.457421150913944,75.21355805573636,74.97613355848526,76.46096293131507,76.2949348732277,76.36037608959055,82.26317828143084,82.18487831398295,82.61952390317565,81.99790095576533,81.98757900661893,83.30802691424333,31.266379462348084,36.24652947319882,35.95923314977576,35.78090899432144,35.589399888780406,35.36381417733649,35.21063130696616,24.602814681441696,7.116370144596806,11.3000001907349,34.39777925279404,-65.43555704752605,74.67555694580078,-12.111852144311982,76.01926049126519,77.08148278130426,7.154074252093279,78.54074232313368,-0.7266666959281316,49.9622235050908,-0.5274074135003265,-80.90666809082032,59.04148279825848,44.447408040364586,8.90740758754589,55.95926067211012,48.12592725400573,14.00148186860262,3.817777865904348
H2652672,2026-05-10 01:45:00,PG31DS,2484,131.0,8.0,8.0,13.770645950580462,7.116933526663945,7.6172976066326274,4.4548634857966976,75.19279269514409,74.9576452847185,76.45682657176047,76.28476109997979,76.36148355418236,82.27277505808863,82.21909042884565,82.6215034221781,81.9924677355536,81.97664237186828,83.3043622247104,31.260773862641432,36.24269019817488,35.94622960583918,35.77797904179011,35.5902045940531,35.362906304721136,35.21527383738552,24.602758447055155,7.115792872987945,11.300000190734902,34.39862218396416,-64.28069118631298,74.76551855679216,-9.791724341491172,76.49931193384631,76.99034613247575,4.714482869773074,78.56896714835331,0.2537931091826541,49.79310486892175,-0.0441379343641217,-81.02965692980536,59.02138095724174,44.62206983895139,7.343448456402482,56.94758769068227,48.89586342120994,12.53517273212302,3.815172497157393
H2652673,2026-05-10 02:57:00,PG31DS,2483,102.0,12.0,21.0,13.786792560499531,7.12190258259676,7.664012581312739,4.466262334058075,75.20166399689755,74.9752798275072,76.4551766324205,76.2915718960924,76.349442151128,82.27888737892619,82.21478489467077,82.6206423182066,81.99067667228024,81.98231319505344,83.3142846555126,31.258426692210087,36.241765132566734,35.94823834685243,35.7855738425741,35.58881372983766,35.363508886220465,35.21348883181204,24.600816116852013,7.1164623539464005,11.300000190734902,34.39728037516275,-63.768028648532166,74.79319872174945,-6.378911709805736,76.57006924168593,77.00408338689479,4.872108946041183,78.55238248863999,-1.7442177257367544,53.50204244600673,-0.1931972828547969,-81.17619219929183,59.20544366122917,44.43265385530434,6.252381094458961,57.78435518952457,49.87551168844004,11.690476437004248,3.805442265507316
H2652674,2026-05-10 04:10:00,PG31DS,2463,85.0,13.0,14.0,13.765934824109909,7.117033715014691,7.694248096092598,4.457854010842063,75.19339618816238,74.96696963010136,76.4602384767332,76.28691079733254,76.36070144760022,82.27967087538926,82.21664033903112,82.6281186617338,81.99084824782152,81.98225082717576,83.30734711760408,31.26713540670755,36.241945813585865,35.95263959978011,35.778645228672666,35.582596038604976,35.35211875221944,35.210894924777385,24.601398494693782,7.116713070369267,11.3000001907349,34.400001499202695,-63.76853302642182,74.93916251442649,-6.292307837859734,76.57692451743813,76.87202971131651,6.434265870314378,78.55734396981192,-1.4867133181932923,52.99790362378101,0.1944055986571143,-81.02727412510585,58.91258893313109,44.34125961623827,4.8097903111597855,58.89510628226755,50.24615550541379,11.046154048893,3.7293707149012105
H2652675,2026-05-10 05:21:00,PG31DS,2234,41.0,3.0,5.0,13.744175255753612,7.109012683839288,7.691119277750262,4.438418104448392,75.19678048869123,74.96271742027226,76.46416782058829,76.28058455372583,76.34052340674944,82.29857128813066,82.22476301120439,82.6313950633275,81.9882972076649,81.98141584323562,83.31152634948265,31.263195125201275,36.24933967881534,35.946484631254485,35.781836240346166,35.57584748013332,35.35940633293324,35.205862613124715,24.60251901349948,7.116411988061803,11.3000001907349,34.39847477337785,-63.19084135448661,74.86946711649422,-6.234351281446355,76.5404594363147,77.06717711004592,6.99847345133774,78.58549767414122,0.3549618398528971,50.00916162155968,0.6190839850038065,-80.79389493520023,58.45114659899066,44.10534429186175,4.194656585919037,59.82137563574406,50.167177011038525,9.694656688748422,3.7725191571330297
H2652676,2026-05-10 06:26:00,PG31DS,2404,100.0,16.0,10.0,13.733603896824183,7.098918393994054,7.660722289525025,4.42752535461534,75.18589934220549,74.95799731531889,76.45794645268863,76.27113991595328,76.33436822553051,82.31349615002355,82.22806792563583,82.62330237855302,81.9950071294257,81.97873238637938,83.30460298145915,31.26337784571005,36.24519218282501,35.943759241848134,35.777611590446284,35.556438581317884,35.362795674209025,35.209256327744086,24.60163112396889,7.116453674668116,11.300000190734902,34.4000014988243,-61.48014331033046,74.5801435971091,-0.6503546401752643,76.74822851952086,76.99716484123934,4.2248227672374,78.60709391925351,-1.1687943558637977,55.65106542059717,0.2304964571768506,-80.83333495660877,58.478725000476175,44.25177372601016,3.389361781642792,60.817731897881714,50.22056885306718,9.658156246158248,3.785106464480677
H2652677,2026-05-10 07:36:00,PG31DS,2643,98.0,15.0,7.0,13.734006777117331,7.0996767474759,7.681988134691792,4.426787038003245,75.18526404596142,74.96634255686115,76.46219413511211,76.25637630339591,76.33763831353956,82.30916088473413,82.21770501905874,82.61636519893523,81.99670616888231,81.98560170819682,83.30381578014743,31.26734274587324,36.249252122448375,35.94898022067163,35.77699063208792,35.558072293189284,35.361594415480056,35.20941526351438,24.60167735930412,7.115354584109399,11.3000001907349,34.40000150126795,-60.12709828038372,74.43032413605721,1.6767742289170142,76.83677565051663,77.08516284573463,11.545806718641714,78.62903358705582,0.7483871126847885,55.11032404745781,0.690322596219278,-80.660646500126,58.029678960000325,43.83354917956938,1.558709713816643,62.31290470246347,51.52387254776495,8.12580665465324,3.754193645138894
H2652678,2026-05-10 08:53:00,PG31DS,2234,74.0,17.0,29.0,13.669557004942943,7.0881286850549206,7.996741603191634,4.538916028531872,75.19177119893236,74.97044877360639,76.45546946131194,76.20761647618802,76.33060736405221,82.34253170615749,82.22238331271296,82.64693904102296,81.99625287737165,81.98023023103416,83.30574425718838,31.26602367888716,36.24882484378675,35.948701901543416,35.77923985531453,35.553875571803054,35.36619866163208,35.20646070896236,24.598646579828475,7.115939592060292,11.300752073302345,34.39924960028856,-63.30451285570189,74.8571442338757,-4.160902360160099,76.50376140623165,77.02932498329564,7.380451302779348,78.5661670426677,2.320300793961475,41.95188040482371,0.3541353432867761,-81.29924946261528,58.41955044395046,44.07669248079,1.2714285986652054,62.78270841899673,50.80676831697164,9.087970124151472,3.806766981469061
H2652679,2026-05-10 09:59:00,PG31DS,2084,375.0,160.0,74.0,13.669068769975157,7.0861528097105415,7.893269830498814,4.502860010162858,75.19459785902792,74.98105854633427,76.46060218495768,76.21385646851594,76.34026153816663,82.34755952693214,82.21955745476338,82.66318795700704,81.99876908231373,81.98115867425588,83.303335016424,31.26831546499709,36.25417271133301,35.94765743539354,35.784088765294065,35.54639138466072,35.35946239124641,35.20658117877551,24.60429732267522,7.11652868050189,11.3000001907349,34.399175060682055,-65.53057996891746,74.86281163239282,-0.5479337848291893,70.27190254148373,76.93884466502293,6.547107592101924,78.57934009142159,2.065289289313408,40.79752167000258,1.0504132434725757,-81.28016668902941,58.54215013488267,44.135537990853805,0.1785123991079565,64.07934053279152,51.10743949827086,7.757851443014855,3.835537283873755
H2652680,2026-05-10 10:59:00,PG31DS,2583,86.0,7.0,27.0,13.78801080292346,7.133438646403791,7.891164848227906,4.4851042616601084,75.17076769062116,74.95966922535617,76.46278042263451,76.18958766164343,76.3291112363728,82.3648359510634,82.2250369202857,82.65729906668074,81.99525790744357,81.977045694987,83.32427808973524,31.27126506730622,36.25233938179768,35.95764908136107,35.783936045528215,35.539981517916424,35.353078705033425,35.20788584191816,24.60202588598713,7.116208911721223,11.300000190734902,34.39934791614806,-66.57974011290307,74.54902105393752,-11.74052313885658,74.41372705596724,76.77712578866996,0.2483660159936918,78.52941336039625,0.5686274602814441,34.30653673059801,0.9555555767580576,-81.95621081582861,59.66209299424116,44.59607918433895,0.0372549030515883,64.6058842029447,51.34836752897776,8.039869476767148,3.77058833408979
H2652682,2026-05-10 13:25:00,PG31DS,2384,41.0,8.0,10.0,13.979487933165634,7.205390686684466,7.8368393275754675,4.450194139007134,75.16502748313525,74.96437786995098,76.45562625100423,76.15860061104416,76.32740588898353,82.3419816037442,82.2786264622465,82.62272319387884,81.99965792175726,81.96710951784826,83.32436928174174,31.266238489895,36.24920405394646,35.95292923298288,35.74552874193124,35.55529276529949,35.36336858221822,35.209256327744086,24.6028366765232,7.116028143159041,11.300000190734902,34.39787381760616,-67.56737729336353,74.38510791967947,-12.273049956517868,71.3794343014981,76.87376030455245,0.5219858298276335,78.47730623069384,0.0418439750024613,35.18581627108527,0.972340444195355,-82.15815772739708,60.09716461398079,45.00851142829193,-0.2496453957460452,65.6255337600167,51.019150429583625,7.702127832047482,3.786524909607908
H2652683,2026-05-10 14:35:00,PG31DS,2413,51.0,9.0,13.0,13.973741227007926,7.21309368322927,7.981141861448896,4.49433347688499,75.13023463039535,74.95741726489779,76.4506940909311,76.13568320849264,76.32740610542025,82.33210137549867,82.28124155896775,82.61400187607353,81.99558847846714,81.93979563611622,83.3264040033868,31.27167559684591,36.24691155616277,35.95436204409769,35.74123193186226,35.54268878909714,35.356493686107854,35.209256327744086,24.603049474405054,7.115177063231773,11.300000190734902,34.39716455446066,-67.50283856763907,74.32907964828166,-12.95531949252948,73.56808677294576,76.81985976848196,0.928368812334453,78.48723559007577,0.4631205747524899,35.75815678319187,0.7702127884782795,-81.66595913501496,59.50425687749336,44.56595806365318,-0.1687943284393203,65.9794341824579,50.49149092545748,7.741134958064302,3.728368873291827
H2652681,2026-05-10 15:15:00,PG31DS,2433,58.0,7.0,13.0,13.977520562436784,7.201902662977514,8.09644032886538,4.462249682927123,75.11762854838813,74.95580898142993,76.40042859134435,76.14212574577117,76.34475138598658,82.31240150311172,82.25361064465052,82.61758105748582,81.99969906181556,81.92191125754351,83.31122371497257,31.258438282378496,36.20889279359452,35.94547668824023,35.73197076877048,35.54913029030992,35.36176676501099,35.2229744711571,24.66256988680216,7.116343233917764,11.300000190734904,34.39906199217648,-65.32345141095803,74.67955800099107,9.46001526062951,63.682865001616825,77.06704402265581,12.18628364575734,78.55697257103932,2.1208944525940665,41.21743802010051,1.204697507237949,-81.24115149646,58.45389104883999,43.818753123149,-1.579105635509259,69.21232772850085,48.699287329970886,8.549455278397321,3.775197383180143
H2652684,2026-05-10 15:45:00,PG31DS,2234,43.0,9.0,3.0,13.966821313814346,7.209452097652522,7.937006517221001,4.466528601318825,75.12063773351774,74.95397681316348,76.44293737047498,76.14259548041657,76.32803496149658,82.31546847510884,82.27542801485717,82.61012850462937,81.99518020280445,81.93575502351953,83.31340352997525,31.26011564531399,36.20985971698328,35.93784885552094,35.710922474169564,35.554881671002825,35.36002297437825,35.2225119321401,24.6035113298256,7.117251691017442,11.3000001907349,34.40229156727099,-66.7603070790531,74.47862703745602,-13.2381682759933,74.34580300600474,77.01068854877967,3.5534351959483303,78.51297841545279,2.157251962609873,35.145038954174254,1.85419851063772,-81.32595609708596,58.68168092683983,44.40763461862813,-0.5641221485975134,66.80000124632858,50.35878008194554,7.8610688821050045,3.7916031566284976
H2652685,2026-05-10 16:50:00,PG31DS,2633,57.0,12.0,8.0,13.963020693871274,7.202693954590829,7.938652896881104,4.457285235005039,75.11880168299524,74.95315108760713,76.41997473932079,76.13658437421245,76.33130680207282,82.25682560090095,82.22457738076488,82.56138138309599,81.99511964859501,81.92057741226691,83.30751766081778,31.260055541992188,36.20180851105725,35.935946261498245,35.717057061964475,35.55911461614796,35.36107325400072,35.22348662345642,24.602322400000784,7.115419101715088,11.3000001907349,34.399356349822,-63.85161428143901,74.76129160235006,-6.010967881689148,76.45096917921497,76.8529047812185,1.212258094164633,78.58967870896862,0.7690322736097924,40.692258896366255,1.8948387586782056,-81.11161430112777,58.06516302785568,43.395484653595965,-1.2193548670218837,67.79032390963647,50.447098270539335,8.878709876152778,3.756774286685451
H2652686,2026-05-10 18:07:00,PG31DS,2383,74.0,19.0,7.0,13.90761935282096,7.174593280545242,7.919088469992439,4.448118319614328,75.1105444379848,74.94935498134697,76.41556960730242,76.13722229003906,76.33258682360751,82.24218234055334,82.20681268705741,82.54995453100408,81.9998754048519,81.92028841526391,83.29647289248679,31.249645754587736,36.185162551111496,35.932296752929695,35.73179933836134,35.56439746884136,35.365643727693595,35.22965432585574,24.60079121761185,7.117769543215525,11.300000190734902,34.39712376217189,-60.52877840549829,75.08345509261537,5.896403032830722,76.73597278183313,77.1697859180917,2.3338130008188083,78.57554110520178,0.990647507335642,51.50719567168533,1.6870503948746824,-80.61223196125717,57.605756965472565,43.40791436065017,-1.5496403216350854,68.06690808851941,50.00144036382223,8.116546994490589,3.7575540353925967
H2652687,2026-05-10 19:16:00,PG31DS,2383,75.0,17.0,8.0,13.825403727538186,7.141639276599208,8.078712804943113,4.490958798861671,75.11283874511722,74.9545170127923,76.40863350942622,76.13307276516096,76.33610989185088,82.29896978283605,82.2559622906624,82.61981233637385,82.00489006313026,81.91771281357356,83.31157960282995,31.2599451592628,36.213670338299295,35.95350235742881,35.72146660554494,35.54440751312474,35.359358226153844,35.21326668380847,24.601702101687163,7.116879192649895,11.300000190734902,34.398583053697074,-57.48865400814844,75.06241299243683,10.940425791638964,76.86666816008007,77.10212923956256,11.944681167602546,78.65035621156083,3.43900716727507,57.27730657699262,1.87375889686828,-80.21915019150322,57.236171668302944,43.087943868434174,-1.78014189528024,68.23688085028466,49.82198720620881,8.113475353159803,3.763120654204213
H2652688,2026-05-10 20:26:00,PG31DS,2633,86.0,28.0,15.0,13.783706565308409,7.124717213749107,8.142823774051044,4.519989908131119,75.10450505275355,74.9452362060547,76.41305751426545,76.13184441460504,76.33499354942171,82.32304960761974,82.26306122424556,82.6401519775391,81.99740091959636,81.91545643525967,83.31088426378037,31.262301675634447,36.21008550107872,35.951310999253224,35.73113864075904,35.53681367363027,35.35941439360571,35.217389374776616,24.60385608049779,7.116601049510482,11.300000190734902,34.39934791614806,-54.716341504863685,75.0372562283784,19.87581742355248,76.95228915744357,77.17777915406072,26.31176529678645,78.68300768285016,4.341176570240966,60.92026292888168,2.525490242768736,-80.11960920944712,57.00588385887398,43.26143860661128,-1.567320296820862,68.72549134298087,48.78366146212311,8.084313922458225,3.7620915949734206
H2652689,2026-05-10 21:42:00,PG31DS,2383,76.0,11.0,13.0,13.844761580872012,7.140386125166639,8.108530037694697,4.499044648177332,75.11524985334,74.9452362060547,76.42557717741819,76.13839952208156,76.33493975083604,82.36363769092151,82.26635160377558,82.6460497739504,81.99692683597263,81.95801736296512,83.29883174759019,31.25196706648353,36.200278192973,35.93287812377052,35.70506659857664,35.54812523272399,35.36506257640368,35.231397779725455,24.60172653198242,7.116186786898607,11.300000190734902,34.40000149843503,-57.27841889086388,75.00503732146119,16.864748646029483,76.89784334031798,77.27266330856213,39.54748285417078,78.6446058973134,6.006474978632205,59.89280722638687,1.6215827690718845,-79.8769801846511,56.76187188676795,43.11654753650694,-2.0395683855247158,68.72446211121922,49.05827471506683,7.625180035186329,3.772661953092479
H2652670,2026-05-10 23:26:00,PG31DS,2444,121.0,8.0,21.0,13.854515483461569,7.145563730700263,8.09326436272983,4.485871729357491,75.11780132425245,74.96046552986935,76.37840965534076,76.13583847572063,76.35076051909347,82.31629670241783,82.23830387510102,82.62206915493671,82.00150220147495,81.92746803020611,83.33771625387257,31.26967615587958,36.23823168524384,35.957933202283144,35.73062523151266,35.54563630202722,35.35065002441404,35.20970280088228,24.63724095574741,7.11613767886984,11.300000190734902,34.399311854921535,-63.75517388705551,74.70551884092134,20.592414375831357,76.4303463113719,77.26000139959928,51.3282774300411,78.59241532950566,1.8586207277302085,48.96965642468684,2.669655248214458,-79.62069097058526,56.31793241829709,42.99862144733299,-1.6944827940443463,68.88413954109981,48.49379443464609,7.464138103353563,3.80896560734716
H2652691,2026-05-11 00:01:00,PG31DS,2383,65.0,18.0,3.0,13.886906616979356,7.159561006285304,8.088139602606246,4.481159649306923,75.11995526869522,74.96171130722377,76.36790202847484,76.1401644919416,76.3525953773114,82.32354198428366,82.24041385787854,82.630131234368,82.00341368750702,81.92795205973896,83.34129113945171,31.271701620637085,36.23806729762679,35.960202553289406,35.730637255332454,35.5487063840139,35.356926458345015,35.20757057683932,24.68395603646479,7.115539320938879,11.300000190734902,34.39928208495215,-67.03669220080478,74.43669194283245,16.695683911549974,67.38992957245533,77.22662007722923,46.3726630725449,78.55539725324233,0.6194244733066869,39.42805832238508,2.11294969267768,-80.29640400838508,56.83309500165983,43.00863389488605,-1.735971265773979,68.90431828121487,48.49928195871039,7.731654860132888,3.7726619578093934
H2652692,2026-05-11 01:10:00,PG31DS,2383,49.0,20.0,3.0,13.993328811429066,7.202333910245422,8.093580719427013,4.476506534197652,75.11979675292972,74.95277686152899,76.39123048173617,76.15918325870595,76.35119271785653,82.34779595990555,82.23271698647358,82.63782787999365,82.00722498251191,81.92121259540532,83.3237879327003,31.270817858107545,36.23315656946065,35.95292923298288,35.72375823758173,35.54268878909714,35.35763950212625,35.22014157991884,24.70347428829114,7.115460744140841,11.300000190734902,34.4000015258789,-69.56241320887356,74.54751895336395,18.771631545208884,34.941844804912606,77.1404269062881,24.956028931529826,78.46312194174908,2.090780201850208,30.67588729046761,1.0390071099003162,-80.97659723809424,57.88156179333411,43.36170291224271,-1.3758865516659218,68.93404410071406,48.955320615294994,8.186525010048076,3.817021378388641
H2652693,2026-05-11 02:20:00,PG31DS,2483,55.0,10.0,9.0,14.346438151392444,7.326524293833765,8.12087216870538,4.482185926108526,75.11723769615439,74.95595313762797,76.39307934991243,76.14994285846579,76.3592244115369,82.34681891079609,82.22587164517108,82.6271550671808,81.99697970686287,81.92916291335536,83.32245283455683,31.26800694958917,36.22374151821798,35.94232840702452,35.73229654246363,35.54563630202722,35.36012078646953,35.22808722134295,24.70455084175901,7.116827343250143,11.300000190734902,34.39793251300679,-70.52827735111632,74.49793248669855,18.02000035253065,37.92551793065566,77.05241509799299,8.837241570702913,78.41448416874327,2.4544828218118897,29.300000723477076,0.7848276060203027,-81.70689849853515,59.20827736690128,44.22758707506904,-1.1696552035623584,69.22207078604863,48.9434496386298,8.362758820632408,3.779310441839284
H2652694,2026-05-11 03:32:00,PG31DS,2384,65.0,12.0,6.0,14.253249168395996,7.299366991570655,8.119624239333133,4.462714550342966,75.11341857910159,74.9521968111079,76.40515299046291,76.14757748867603,76.35641511957695,82.30769088420463,82.2164452735414,82.61167647990777,82.00547141217172,81.9171314645321,83.31390499899574,31.26166236823332,36.21137784051561,35.94318611740221,35.761570166188754,35.55013659321671,35.36222276619983,35.22587066001082,24.70326154451845,7.116099053240837,11.300000190734902,34.40071073491522,-69.25744866986646,74.40141972751482,10.087943509960857,49.30567529015509,76.96312226640417,3.392198660272233,78.51702253192875,0.8858156316246552,32.808511395826415,0.3517730592730199,-82.077306815073,59.86383137804399,44.44893700349416,-1.2326241422523847,69.47801571027607,48.36808630760681,8.71843990704692,3.789361790562352
H2652695,2026-05-11 04:42:00,PG31DS,2384,62.0,4.0,14.0,14.302352607672946,7.319199139344777,8.100599011630877,4.440974932190373,75.11863708496097,74.96321776910878,76.39354786974316,76.13887586661265,76.35583485271913,82.31873110507397,82.22806792563581,82.63317838628244,82.00082061984016,81.90550881243769,83.3057661124155,31.263950537282525,36.20392722271863,35.94662486407774,35.75584108609678,35.54784496117992,35.36451439823661,35.22644356802002,24.701630369145843,7.115815355422649,11.300000190734902,34.40000149882431,-68.33900854773555,74.309220983627,6.010638447940771,59.20496603783142,76.95957622122258,2.097163161223239,78.59078178676307,1.8141844396261455,35.03049720601833,0.314893624989699,-81.94326381818622,59.74964677526597,44.40922064815008,-1.2787234297563848,69.83546242139018,48.10000123368934,8.538298045489805,3.735461087514323
H2652696,2026-05-11 05:52:00,PG31DS,2883,191.0,100.0,14.0,14.21332903867643,7.292274999900682,8.04073590216552,4.411971047079775,75.14844986955089,74.99023970203288,76.40329891407981,76.15597290400217,76.36070016714241,82.31718860152205,82.22942275549534,82.62172766691131,82.00345905010516,81.91714901895921,83.31528441299348,31.26635426177076,36.22777462569924,35.9538143541686,35.77264864769205,35.553699470836044,35.36250413522209,35.21432775012136,24.703786127666067,7.116508633427366,11.300000190734904,34.400001503306726,-69.27514905760275,74.78698373828414,11.637870141564038,53.417753072885375,76.92485371426012,4.9994084030918815,78.53077088305231,1.5662722286917048,37.65148024022933,-0.3573964679470431,-81.97692478337937,59.7260371326695,44.63076998919426,-1.3218935215790593,69.81893622945752,47.962131522816335,8.557988330457334,3.779881728471384
H2652697,2026-05-11 07:16:00,PG31DS,2384,48.0,10.0,7.0,14.102784366472392,7.251241751596437,8.028484540628202,4.394317014843016,75.11921691894534,74.95915741616108,76.39412856947443,76.1400355345814,76.34655079943067,82.3187410611633,82.28909442441683,82.62446724100317,82.0002392707987,81.90957695710746,83.32436928174174,31.27024430078817,36.2268522005555,35.96553797079317,35.7529765460508,35.542115881087945,35.359358226153844,35.20868341973489,24.70546017640028,7.117162873558964,11.300000190734902,34.39574608227884,-69.09645545905363,74.53617182521955,1.1680851288086975,53.752483746684206,76.96312204996745,2.770922053948784,78.53900909423828,1.7390071394595694,31.8510645332066,0.0375886496077191,-82.70709374610414,60.43475347207796,44.80496532359023,-1.495744713443391,70.18510832008741,47.673760136814,9.336879601715305,3.865957531523197
H2652698,2026-05-11 08:26:00,PG31DS,2434,32.0,5.0,6.0,13.969217246305854,7.216933003554107,8.304446741198817,4.483696024468604,75.11051940917972,74.95045665984459,76.41791648053106,76.13655414987117,76.34075051165641,82.31640657465509,82.29954723601645,82.62620457858907,82.00082061984016,81.92061869303387,83.29820857487672,31.257656340903424,36.202780973826776,35.93458925071338,35.712300077397785,35.54612623715233,35.3668060302734,35.23274555612119,24.704538115372912,7.115673514968115,11.300000190734902,34.39787381760616,-67.40993064176952,74.44610108720495,-3.76382987475987,70.29361865537386,76.95035634142288,-0.370921993245047,78.53546245385569,2.0737589060309087,35.021986508200364,0.935461015143293,-82.62340599763478,60.34397320037195,44.53546169632717,-1.9744681304862317,70.51985990916583,47.85957582622557,9.940425717238838,3.7687944190721976
H2652699,2026-05-11 09:36:00,PG31DS,2424,248.0,12.0,96.0,13.844877082984764,7.166294141249222,8.281854836257187,4.475552165424906,75.12421710674582,74.96067852740522,76.41733545690147,76.13361716103721,76.33037999293187,82.30316919713587,82.27967087538926,82.60691769473202,81.99142146610714,81.91864728594162,83.30104214328152,31.25472392902508,36.19673711603342,35.94190360115959,35.739102556988904,35.55604595904585,35.36624113496364,35.22388751690205,24.704404697551613,7.115454296965699,11.3000001907349,34.39790357576382,-67.23566588821944,74.85594545377718,-6.081119045927807,76.33776375297066,77.11398752919443,1.9629371074008772,78.61258900248922,1.2132867369931062,38.71748306701233,1.0986014209114587,-82.11468665916603,59.37832310816627,44.03566515195621,-2.356643410256276,71.05804374001242,47.80629479468287,9.909790412529365,3.781118958980053
H2652700,2026-05-11 10:47:00,PG31DS,2424,66.0,10.0,4.0,13.760503166956257,7.125328632111245,8.194477412717562,4.429017033137328,75.10820007324222,74.94929655900239,76.41675573037868,76.13945634990719,76.33726891050947,82.29315694173177,82.28850571652676,82.61865007116441,81.9961698275086,81.9084144754613,83.29530182966948,31.24564020684425,36.1746978759766,35.932869877375616,35.71974788151735,35.54899077719833,35.36508730624581,35.238474636213176,24.700991948445655,7.116666421822623,11.300000190734902,34.398582999587894,-64.76595931357525,74.77659742206546,-3.948936257432116,76.64042733916155,77.00142020367562,2.6092199196523804,78.58581759405475,1.0794326517176125,44.1978731087759,0.9716312311959604,-81.46383120489459,58.56524988269131,43.57517805167125,-2.1602837336084524,70.76808648075618,47.6354623618701,9.33617035547892,3.7914894590986536
H2652702,2026-05-11 12:04:00,PG31DS,2284,36.0,3.0,13.0,13.80768906124054,7.143963950020926,8.179458507154354,4.4177818878617865,75.11007763090589,74.95042903839597,76.27883725443844,76.15376911466083,76.36755992748117,82.30929799559254,82.28978789798798,82.63581654382133,81.99885510641431,81.91084047347782,83.29588317871094,31.220618434683985,36.1691394785725,35.955385480608264,35.72628614637587,35.54204313086455,35.36637862271098,35.23345487079925,24.70206264717871,7.115978581564767,11.300000190734902,34.400001505695315,-70.39576906880373,74.60846722315229,50.06666796548028,32.11428650346384,77.18624498478319,-3.158201139164033,78.47090100485181,0.7703703930059437,30.466138405774647,0.5809523931177207,-81.49047750644583,58.16825547798603,43.68624419762344,-2.072486825405605,70.62857273646763,47.38095369288532,9.165079555814224,3.721693206085729
H2652703,2026-05-11 13:38:00,PG31DS,2594,194.0,30.0,20.0,13.89050749595591,7.180722448210053,8.224484689977785,4.426775266003135,75.11365281667143,74.95444402631546,76.28082022761666,76.15136041704393,76.36261865476897,82.30744833030448,82.27868803921125,82.63526815452326,81.9975712251979,81.90694432542816,83.27145294795763,31.213847078234945,36.17737351979645,35.97189927259029,35.7257988531858,35.53050595719294,35.35717662280756,35.21327047790124,24.702118374654017,7.116556060235232,11.3000001907349,34.40000150061601,-72.04106094663506,74.69801461933464,52.91125975855142,35.48410682172966,77.21920665210446,-7.207947206812978,78.53311389645204,-1.6172185789374325,33.909934492300685,0.0026490093264358,-81.83178963566458,58.80331274373644,44.00596118447008,-2.0139073295309053,70.79536604723394,47.4000010711468,9.25364258431441,3.801324589362996
H2652704,2026-05-11 14:53:00,PG31DS,2284,47.0,7.0,4.0,13.930992557384345,7.203408322510896,8.39181891547309,4.486971745667634,75.11301913791236,74.95917030617044,76.29735887315537,76.14770903410735,76.36704067654077,82.30869038899739,82.28380499945746,82.6352962917752,82.00215126320168,81.9153493245443,83.29952629937063,31.222752210829,36.187867002134006,35.984973257559325,35.74261327672887,35.53973558213977,35.36082232439958,35.21481990107785,24.70162870619034,7.116296051166676,11.3000001907349,34.39926073992692,-71.43852024784795,74.86814970793547,43.32963053385418,48.04370478877316,77.0911124335395,-6.973333482389095,78.53777929235387,0.0718518539711283,33.80518591139052,0.1266666755632118,-82.03185356987848,58.857038625081394,44.09851910626447,-2.138518572515911,70.98296457926432,46.98148252699112,9.358518685234914,3.778518599934048
H2652705,2026-05-11 16:00:00,PG31DS,2384,43.0,4.0,9.0,13.896393410702965,7.187025709355131,8.29962927229861,4.4426378561249855,75.11109924316409,74.95625716405559,76.28970152942846,76.14467788588071,76.36105725443953,82.31291350236175,82.29373590996924,82.6401519775391,82.00605276121316,81.90957674067074,83.30227801816683,31.2124535310353,36.16094288927447,35.94605173963182,35.71745624948056,35.53695970900517,35.364514398236615,35.22644356802002,24.70155937790027,7.116666425204446,11.300000190734902,34.39929228978799,-71.20354759270418,74.76099422806544,34.708511433702846,69.22269645312154,77.10567512241661,-7.288652634789756,78.62340588941642,-0.1546099323330199,36.14751861788704,-0.0695035412167825,-81.97021462731328,58.91985973060555,44.01134834560098,-2.4099291393942868,71.24468225790254,46.84964641273446,9.146808712194996,3.729078111073648
H2652706,2026-05-11 17:10:00,PG31DS,2284,48.0,4.0,8.0,13.838171837025111,7.1616773103412825,8.241005209155547,4.412221550045155,75.1087799072266,74.95753501949456,76.29985895371973,76.1534961901213,76.36874469957851,82.3123321533203,82.26735773301662,82.63953588958972,82.00982241522998,81.9019989931494,83.29465054390124,31.204755625330417,36.183811847428665,35.96936023683477,35.737938787704124,35.53686924984582,35.36559129299075,35.23136282325689,24.70420967905147,7.116240354408896,11.3000001907349,34.39924960028856,-71.1932345512218,75.05639246890419,32.853384190035946,71.32706904590577,76.9669187732209,-6.21428588816994,78.53684360819652,0.2766917342306081,35.42932411423304,0.28421054427561,-82.00000103254963,58.82932473663102,44.10977539980323,-2.15939854595222,71.08270831574174,46.66015146011698,9.507518958328356,3.681203086125223
H2652707,2026-05-11 18:16:00,PG31DS,2444,85.0,9.0,14.0,13.77594126854743,7.137215194168625,8.198307164065488,4.386627514045555,75.11335370257187,74.95553172718395,76.29263017561051,76.13819415752704,76.36584952827931,82.3123321533203,82.24872861208615,82.6401519775391,82.00861801467575,81.90489516891803,83.29301708728283,31.21804926945613,36.22273211712608,36.013671128066285,35.76791221778707,35.53288525134535,35.363981553724564,35.23800989964628,24.70223692247086,7.11650324534703,11.30069949410182,34.4000015258789,-71.52237904155172,74.72028126749959,30.959441365061952,74.87622534478461,76.92797328708889,-4.586713394762335,78.53007128522113,-1.6020979331610918,37.38042041805242,0.2370629421585092,-81.78951210075326,58.65944215467761,43.9349657072054,-2.1097902597768328,71.31049101502745,46.68321790895264,9.500699496769402,3.7734266611245952
H2652708,2026-05-11 19:27:00,PG31DS,2283,57.0,9.0,8.0,13.746571840160955,7.121831361394728,8.217263444496767,4.385931415279418,75.1087799072266,74.94464211568345,76.2913485339088,76.15343781631358,76.37255246795874,82.3123321533203,82.22859815611456,82.6401519775391,82.00668078791486,81.9085841492145,83.31921754266222,31.224910429794424,36.25196927481328,36.0243103695612,35.78017085834138,35.528366088867195,35.36326821877135,35.23944481619956,24.70401369916264,7.117007064123223,11.300000190734902,34.400731441748405,-71.39635175161987,74.83649762007443,35.08832196423607,73.46788481552235,77.06715510013329,-5.794890642166136,78.54890659081674,-0.1036496360371581,36.06204467272238,0.4116788408073195,-81.5890525205292,58.442337398111405,43.927008134605245,-2.297080346920195,71.33211851468052,46.23211775730997,9.151095077069137,3.7416059222534623
H2652709,2026-05-11 20:38:00,PG31DS,2883,512.0,215.0,51.0,13.818555825985731,7.146397445512855,8.366625394880401,4.434020759156031,75.11995161542244,74.95895281489591,76.27863013226052,76.16331064923209,76.38380299443781,82.3123321533203,82.23141034049277,82.64015197753909,82.00949030337127,81.90871045604258,83.3116662635566,31.2185755190642,36.242458272424585,36.01511425705431,35.78127321989636,35.52987130680441,35.36429733371139,35.231336415924666,24.70353945145698,7.116459387429753,11.300000190734902,34.39751699696415,-71.50993972683546,74.8267092023577,51.23229952036226,54.5981381576254,77.10372815813336,-3.80186345358813,78.47950446087381,-1.67826091461115,37.60496985394023,-0.6515528045085646,-81.32857323877559,58.05155451993767,43.50124302265807,-2.280124273128021,71.4503121701827,46.457143984966415,9.385093369098922,3.7763976043795946
H2652710,2026-05-11 21:58:00,PG31DS,2283,33.0,6.0,16.0,13.871640678635208,7.171554626378798,8.285414265510731,4.392751991300655,75.11492701939177,74.9563055970615,76.26296251340018,76.15042011002849,76.37428123072571,82.3123321533203,82.22854419220658,82.6401519775391,82.01412608211201,81.91061229275584,83.31622142361519,31.22416709957266,36.20386258462322,36.00034751031633,35.76587774520528,35.53322503799784,35.36376918706676,35.225289136843585,24.702555534534905,7.117368178260058,11.300752073302345,34.398497703380144,-71.74210667430907,75.01353517690099,57.621806237930656,48.84511419884247,77.04887338509236,-9.09097761498358,78.55188114481761,-0.4819548965844893,33.28195557558448,0.3706766994375933,-81.4338362270728,58.08947521582584,43.733835263359815,-2.3060150856810404,71.59624246009311,46.21729419105932,9.129323475342945,3.815037680747813
H2652690,2026-05-11 22:51:00,PG31DS,2383,69.0,19.0,6.0,13.875974425187342,7.167633780350921,8.224653751292127,4.371428083866201,75.10935974121097,74.94929720831256,76.26301921005789,76.15222222077931,76.38078632760552,82.3123321533203,82.22690566042637,82.6401519775391,82.00779680833749,81.90783334285658,83.30053397104247,31.21416857563858,36.21882845831259,36.005656032697544,35.765007614243935,35.53466807696837,35.366233122264205,35.238474636213176,24.70389989758216,7.11581536556812,11.300000190734902,34.40000149882431,-71.39149058456962,74.80354736544562,60.59432788605388,46.95602974316754,77.02836987650986,-9.58297891481548,78.54610042707294,-1.3666666962259206,33.38297937271444,-0.0652482298777459,-81.66170393490623,58.31844132335475,43.96595826385715,-2.265957508526796,71.4049664220066,45.93688036871296,9.615603081723476,3.787943366571521
H2652712,2026-05-12 00:15:00,PG31DS,2353,61.0,8.0,3.0,13.881920546936472,7.160503644737409,8.3742492319011,4.409644596868282,75.11466167642061,74.95465054957988,76.25197321390932,76.14958366558706,76.37025385794877,82.31410129464787,82.2415928463284,82.6401519775391,82.00990053904142,81.91557202236261,83.30826716800388,31.20959593409257,36.1659773133642,35.95264473235865,35.712621565345394,35.53243414789654,35.36099451737436,35.22442396424658,24.706186143614424,7.117337909533824,11.300000190734902,34.39784314821091,-71.68849061375899,74.79928204653075,67.06978560523163,38.269784858758506,77.01654826651374,-10.24388515691963,78.54532502538008,-1.412230240408894,32.16402943014241,-0.1791367003385972,-81.67338298550612,58.33093670632344,43.63884971124664,-2.6884892664367346,71.63741192714774,46.90287898770341,9.505755613176085,3.798561239414077
H2652713,2026-05-12 01:24:00,PG31DS,2363,79.0,5.0,15.0,13.869021566651702,7.153557976372808,8.354826412612585,4.403815320927463,75.10995626106539,74.94935498134697,76.26609472919709,76.15958947929548,76.37260832203376,82.29523769900095,82.23569790407907,82.62423563346591,82.00400340128289,81.91498296723951,83.31003630933142,31.219464089373037,36.17004690924998,35.94043594470128,35.704485447286714,35.54173256853503,35.36041336608445,35.215706694898,24.70244514684885,7.1171220772557975,11.300000190734902,34.39784320309864,-71.8949656314987,74.8359722988211,65.75683610216319,40.07194310469593,77.1712247999452,-10.76115129319884,78.51367039303128,-1.520863344825858,32.551079852975526,-0.493525191819925,-81.64100855546032,58.23021736419461,43.72805827298611,-3.06834539149305,71.96115276967879,46.95899398035284,9.353956997823367,3.776259075823448
H2652714,2026-05-12 02:33:00,PG31DS,2615,104.0,8.0,15.0,13.85228340921838,7.147726317636328,8.23204344082502,4.345156030717238,75.11038297765397,74.95646188773362,76.26336081511053,76.15376820283778,76.37135414672052,82.3037638944738,82.2175391702091,82.63158312030869,82.00972323947482,81.91652794133606,83.30499098036024,31.22169853659237,36.17416970246761,35.940219355564494,35.70579588646984,35.55318226533779,35.35730249741497,35.21527747858585,24.702352025150493,7.11601281633564,11.300000190734902,34.39738708695554,-71.62549172195733,74.95490324730967,65.27581866893892,45.234641405492056,77.07777923384523,-12.654902296128627,78.5169948503083,-1.3627451227283942,33.598693610795976,-0.2666666777500141,-81.59934828016493,58.26143955405243,43.83006613238965,-2.718300706031275,71.5411778368981,46.860785241220526,9.404575363483303,3.822875904101951
H2652715,2026-05-12 03:49:00,PG31DS,2283,45.0,9.0,13.0,13.844000611481835,7.149134084913466,8.383084007545754,4.38299541120176,75.11604715983076,74.97068108452693,76.26040253815826,76.15134537308305,76.38037369339551,82.3123321533203,82.21400451660159,82.6401519775391,82.00943750452112,81.9195980495877,83.30256223325377,31.212593248155382,36.17350068268956,35.96282518174914,35.71748171205875,35.53315327962241,35.35902721263743,35.23277101869938,24.70118435047293,7.116666412353516,11.3000001907349,34.398520010489,-71.6607420179579,74.8948164763274,64.84370493005824,46.42518627025464,77.05703842728227,-16.468148542333545,78.53777906629774,-0.475555572575993,31.932593310320836,0.441481493027122,-81.54000114158347,58.10000152587892,43.60592665495697,-2.978518587295656,71.77777958622686,47.02740851508248,9.514815019678188,3.8237038056055694
H2652716,2026-05-12 04:46:00,PG31DS,2443,36.0,9.0,7.0,13.833100699208256,7.148571137270313,8.416462061595333,4.401974856487812,75.11530037160303,74.96329961671421,76.26126482442844,76.14936360552267,76.38120283817219,82.30429535848232,82.21581928276578,82.63060540509372,82.01622458615917,81.92070026046662,83.30795241279834,31.20707833693803,36.18560463372919,35.988318788493345,35.74744429325033,35.533817876336045,35.3687883622807,35.22655604075803,24.70318928818032,7.116196070712037,11.300000190734902,34.398774457124105,-71.33926527339257,74.97055376673038,62.26994021831115,48.75214851707038,77.08098274652212,-15.457055600874272,78.45705643168256,-2.005521523074869,33.02454050918299,-0.1306748521839915,-81.27730209256974,57.92454154359785,43.55521535580876,-3.350920321751226,72.11533879941227,47.04110530549033,9.239263964576956,3.784049169417539
H2652717,2026-05-12 06:07:00,PG31DS,2383,99.0,15.0,26.0,13.763095274039191,7.115498093003077,8.351031506315191,4.379766849761315,75.11921691894534,74.96959832374087,76.2560586050047,76.14525858561198,76.36976125730688,82.3123321533203,82.27223400359458,82.6401519775391,82.01012220450328,81.91480693411323,83.30634724502022,31.227328577785634,36.20507325517374,36.00107125356689,35.76386179822554,35.531803753359114,35.36107695018144,35.22128739593724,24.70085019591854,7.115460737377194,11.300000190734902,34.398582999587894,-71.95815769493157,74.88510802789783,63.134753504543454,46.17730593850428,77.1978739745228,-12.527659936999612,78.46595899433109,-1.170922019063158,32.61418521150631,-0.2858156065674539,-80.98085287107644,57.7297887058123,43.3780148824056,-2.9695036230569194,71.92127790518687,46.659575442050375,8.710638485901745,3.818439810411304
H2652718,2026-05-12 07:17:00,PG31DS,2583,139.0,18.0,17.0,13.657710479584756,7.068399824054036,8.301002799280432,4.358408987916858,75.12448150432665,74.96798493846364,76.2575298587218,76.1481097897157,76.37833076123368,82.3123321533203,82.26512186416727,82.6401519775391,82.01222815103088,81.9156266774563,83.29805437302745,31.228805541992188,36.213229855164826,36.01150179225088,35.77127166141734,35.53639140350141,35.35717662280756,35.22824955618147,24.69980041554434,7.116754724489932,11.3000001907349,34.39867699225216,-72.33046495046047,75.03179001966059,63.42649141526381,44.77880884637897,77.10596167962282,-13.531126192863423,78.50331272352611,-4.203973600899936,33.8913914383642,-0.6350993515047806,-81.49933932474907,58.20927305411031,43.645033905837714,-2.757615955953566,72.04702122164089,46.709934891454445,9.058278345903812,3.7483444734914415
H2652721,2026-05-12 12:17:00,PG32D,1116,78.0,44.0,8.0,13.958511734008786,7.20165185194749,8.624137408916766,4.478050143902118,75.46983994704027,75.36162977952222,76.40097632774938,76.13167184682993,76.4173431396484,82.2505626971905,82.17114375187803,82.52164001464843,81.9845428466797,81.89882319523743,83.29336101825417,31.22730454664964,36.13367098294775,35.929811213566715,35.709840979942925,35.542036555363595,35.36183495154745,35.220159207857584,24.70476825420675,7.115999764662522,11.300000190734902,34.393847538874695,-31.752308478722213,29.407693188007084,-20.263077398446907,-76.00923238900991,72.44769357534555,5.852307818486138,78.44307826115535,-3.6969231651379504,38.98000071598935,-1.6676923344914734,-83.94615466778095,63.29230904212366,45.7861545269306,14.021538837139431,56.09846320519083,41.26000084510218,26.37384687570426,3.493846243619918
H2652722,2026-05-12 12:49:00,PG32D,2704,175.0,19.0,33.0,13.936200882978495,7.195866095791956,8.611259023095393,4.469244850668938,75.49369131683542,75.35928976459867,76.40222935767687,76.14589472485196,76.419426498899,82.27006569637615,82.18238305741816,82.5968393702416,81.99081819376369,81.89113437142345,83.29692738526943,31.21624318505548,36.147417882445545,35.945679974404115,35.71310959348254,35.53711335977932,35.35394296828347,35.21502189879206,24.70133662375677,7.115859642150296,11.3000001907349,34.388536295313735,-31.243312969329263,31.4738860889605,-15.570064052654692,-73.85223053367275,76.13248545652742,-3.836305837532517,78.46751748832168,-0.9694267724919472,34.24777141498153,-1.633121057016075,-83.35541544142802,62.005097115875074,45.77133832311935,13.412102268000329,56.17133897429061,41.727389511788736,23.75923622034159,3.766242136241524
H2652723,2026-05-12 14:07:00,PG32D,2104,74.0,6.0,9.0,13.700834686279295,7.109334430694578,8.637791427612305,4.476662452697756,75.4934454345703,75.25333850097655,76.41013952636717,76.19615612792968,76.44940368652341,82.28021228027343,82.1890948486328,82.59491906738282,81.98978894042969,81.90063830566409,83.31424450683593,31.196073852539065,37.92643151855472,37.713659301757815,37.52678723144531,35.6246649169922,35.44435998535155,35.2957196044922,24.669919265747083,7.116799777984619,11.252000007629398,34.18640206909183,-37.77440083312989,20.497600475311284,21.704800510406493,-71.71760186767578,70.77440170288087,-9.066400188446044,78.57520147705078,-0.2144000045657157,36.6888007965088,0.3192000079154972,-83.37280157470703,62.50560153198243,39.200000837981705,14.076800378382211,58.108001480102544,42.92560093688965,26.62720071029664,3.764800086259842
H2652724,2026-05-12 15:09:00,PG32D,2503,60.0,6.0,11.0,13.465337505002,7.018903774622629,8.580541667148207,4.453122548097689,75.44941783656735,75.18328089967986,76.43670103535847,76.2188941910422,76.46960945806556,82.2948775432519,82.17802862584946,82.61348521215677,81.98842363526835,81.9030887220033,83.30800895013753,31.20333762987126,41.120123056265065,40.9324249628733,40.7232033091889,35.59767963477143,35.417472794211115,35.2449190038196,24.614496784097344,7.116804512294792,11.242011803847086,34.100002288818416,-39.86094758073255,11.512426314269302,34.8781072063559,-59.994676059519776,46.28461627847346,-7.248520890636556,78.5136107946994,1.0710059396878502,39.60887660641642,1.5207100976589163,-83.36035648323374,58.452664324517805,48.331953985451264,14.755029971782989,58.47869974621656,42.484616048237285,22.97396501845863,3.840236773505013
H2652725,2026-05-12 16:23:00,PG32D,1466,55.0,6.0,14.0,13.436935106913252,7.013588702541658,8.650912931595725,4.473046719342814,75.44996853532462,75.18865808947331,76.43426461055358,76.21331488949127,76.46998771579783,82.30950664651805,82.15598744359512,82.6335591283338,81.99115604093706,81.89885474895611,83.32038002452629,31.21904167087599,41.144403391871,40.953723951317805,40.74539658118937,35.61471996088141,35.43365846831222,35.25074276978944,24.61540198052067,7.116896349808266,11.2448275664757,34.10000228881841,-38.70000080678656,10.07241399808862,34.7448283228381,-54.87126584984792,37.92758709260789,-4.591954131921132,78.48965647028781,1.8735632540165688,38.105747705218434,1.4586207138738414,-83.14367930094402,58.240231437244645,47.23218501299278,10.445977249364743,62.6666683328563,45.66436868426445,18.74252901406125,3.7425288092130895
H2652727,2026-05-12 18:31:00,PG32D,1255,39.0,14.0,6.0,13.372952982584629,6.982659702301027,8.618206888834635,4.458401800791423,75.45004374186196,75.18181620279945,76.4402435302734,76.2242950439453,76.4762298583984,82.3123321533203,82.23148498535156,82.6401519775391,81.99110127766927,81.90478820800784,83.30790547688801,31.208766479492187,41.1384869384766,40.96045878092449,40.74253316243488,35.60914693196618,35.431430053710926,35.252636922200544,24.61386642456055,7.116266434987386,11.233333269755034,34.10000228881841,-38.83333435058595,9.444000199635823,34.75866739908855,-51.1573346455892,40.49200052897135,-9.573333492279046,78.62933451334635,3.0453333937128377,39.85066752115887,2.705333382288615,-83.22266784667968,58.12533482869468,47.1586678059896,8.405333512624106,64.52000162760417,45.86266774495444,17.701333694458018,3.720000097751617
H2652729,2026-05-12 19:34:00,PG32D,2953,110.0,14.0,20.0,13.384091562543594,6.987953221457345,8.605951559884208,4.4379304695129385,75.44942060198102,75.17745649065289,76.4467864990234,76.22569710867745,76.47155630929126,82.3123321533203,82.18122863769533,82.64015197753909,81.98407688685826,81.90775364467078,83.31227722167966,31.217373657226563,41.1460406494141,40.94257908412389,40.75070042201449,35.61191693987169,35.43512285505021,35.266177193777935,24.61679963248117,7.115885486602783,11.238285669599254,34.099430847168016,-37.93542925153461,6.338285872467926,31.5394292994908,-52.53314433506559,49.17885807582312,-7.892571607317243,78.56800131661551,3.520000075697899,37.04971506391254,2.732571495515959,-83.07828748430525,57.9662873186384,46.09714390345983,1.0845714515447615,70.53885868617466,50.74743011474612,12.304571680341454,3.7422858163288657
H2652730,2026-05-12 21:01:00,PG32D,1676,85.0,11.0,7.0,13.40150520054981,6.996618901840364,8.605998944754552,4.428172260823876,75.45073769309303,75.17567289718473,76.44047484735043,76.22069310660314,76.46691108472417,82.29082373416784,82.1674963440558,82.60870654173573,81.99448972759825,81.89268524478183,83.30913089020083,31.21215804899583,41.12436051802206,40.920832007822376,40.72958820998063,35.61649253151638,35.431266861732546,35.26807488335507,24.613636074644152,7.115757335316051,11.25353536702166,34.19697158505221,-35.47979865411316,25.23232384161517,11.440404338066031,-52.885860250453774,41.81717258029515,-7.221212276304611,78.5737384834675,1.0828283059627115,39.78686951145982,2.160606101907865,-82.90101191973446,58.333334990222056,46.44444544628413,-0.0101010077679998,70.84848623564748,50.82828448517156,11.30303055349023,3.660606128398818
H2652731,2026-05-12 21:50:00,PG31DS,2398,87.0,8.0,5.0,13.4077002596693,6.981848071221592,8.565324413533114,4.4137917959771205,75.46980617808646,75.17329572820337,76.43904176050299,76.21256666118595,76.46018400646388,82.30062648228237,82.1930457913146,82.62175735162229,81.98844702065396,81.90093215630982,83.31093893245773,31.218361056580843,41.117653671576086,40.92443567392779,40.719681408940495,35.613544178657826,35.434397483358566,35.26514408864135,24.618163024487146,7.1161222263258335,11.300000190734902,34.39660008748371,-31.576191246915027,73.85170242413372,-33.086395393423494,-63.17279047544311,43.37210967913778,-8.372789311571186,78.568709081533,3.802040911653415,34.24489873769333,0.1115646313140992,-82.17006958423018,57.80136217389789,48.78911696972492,0.8544217895995194,68.58979755842766,48.6721103175157,7.757143069286736,3.894557918162167
H2652711,2026-05-12 23:04:00,PG31DS,2433,83.0,13.0,13.0,13.411441849661877,6.97595492609731,8.566037384780136,4.4105948268116775,75.4770468331717,75.13164888395296,76.4379329014491,76.22113794713586,76.47339304677253,82.30774811431245,82.15762083680482,82.63384892390327,81.97365788813238,81.9037493725757,83.30677432613771,31.22764160583069,41.129831487482285,40.91422906622188,40.72864591158351,35.61027740265109,35.430074304967484,35.27585788540076,24.6127270518483,7.11664314203329,11.3000001907349,34.39160972541861,-31.432168600442537,74.22587569443496,-32.08951113774228,-69.83566598958902,47.67063074178631,-4.728671456550384,78.59860282844596,2.875524540933279,37.13846226672192,-0.6748251981147518,-82.27972182694015,57.71678471065069,48.850351053518025,0.6587412727254252,68.46293864216838,48.57622522740933,7.543356845428893,3.7888112734039354
H2652733,2026-05-13 00:10:00,PG31DS,2433,117.0,5.0,13.0,13.450913029117189,6.994545269679357,8.577635278234949,4.406929809730368,75.47361520620491,75.13622267929826,76.39788957075636,76.22800120106943,76.48997924377865,82.3123321533203,82.151890788045,82.6401519775391,81.9736568210842,81.90317615429008,83.31823869185011,31.24287435891745,41.14284862171524,40.92045358511119,40.74731562687799,35.61084165773195,35.42724982841864,35.26964403699331,24.613845945238232,7.11678297869809,11.3000001907349,34.388812458598515,-30.85734342028211,74.01328821782465,-23.797902687446232,-69.39160988547586,35.30349750118657,-2.463636420198254,78.5279735751919,3.694405675142795,33.78881179702866,0.4629370785884923,-81.77832308682528,56.82167994892682,48.60769386558268,0.4216783291601636,68.56153997674689,48.61188957907938,6.790909250299412,3.908391702112617
H2652734,2026-05-13 01:21:00,PG31DS,2234,54.0,11.0,7.0,13.450995312180634,6.999226130256357,8.583060826442038,4.39010578347731,75.47517584275829,75.15567903740461,76.38943635216052,76.22520801632902,76.48328003402824,82.30725937481074,82.19546260390172,82.62936011026075,81.98263987459877,81.90387353231745,83.32257115563678,31.2321338505708,41.143581301667005,40.93029726013658,40.74025034350015,35.611025669778066,35.428800006245446,35.2584731227668,24.613798156265144,7.115658671356913,11.300000190734902,34.394575015519,-32.1682178733885,73.9643423982369,-22.331783494284,-63.11550504107809,29.99767520815828,-2.8007752573651863,78.51240439008373,3.696899317609248,32.71007827640504,1.385271351813346,-81.8000014549078,56.78062163951787,48.50775341654934,0.151162791448508,69.10620300529538,48.82713317871095,6.271317981010258,3.785271407097809
H2652735,2026-05-13 02:25:00,PG31DS,2453,105.0,11.0,19.0,13.484533362553044,7.0082859072191965,8.608157559098869,4.389541655573353,75.50975773252289,75.13415264261181,76.38800164584454,76.22158760860047,76.48784926841995,82.31289746514682,82.2303924560547,82.6401519775391,81.95572351916086,81.90712417076377,83.33658563021956,31.241856121194772,41.17807880270074,40.94702769312367,40.77348054030845,35.61026074639686,35.429201639109635,35.24368612355202,24.615585853313583,7.116758372865874,11.300000190734902,34.39517382917732,-30.364828399132055,73.83724302094558,-24.48206955482221,-57.65241512430128,23.1027592691882,-1.49034486459247,78.52207047034955,4.726896672002199,29.897931710604976,1.7006896920759105,-81.81448427397629,56.71172551122206,48.508277393209546,-0.1758620736927822,69.69103577712487,48.83103579817149,6.169655331249893,3.524138003484956
H2652736,2026-05-13 03:37:00,PG31DS,2234,68.0,16.0,9.0,13.526530091089148,7.019548871134984,8.607576319279561,4.3923044022713,75.5176544189453,75.1399847132559,76.3861150377579,76.22252194936037,76.48976531283542,82.3123321533203,82.2316434437992,82.6401519775391,81.97079432829646,81.90136380960016,83.34093551053346,31.249645553472387,41.18441877292316,40.95523455670773,40.78105326645245,35.61099697433358,35.42415368465976,35.24594430705066,24.61679358154763,7.116106633921617,11.3000001907349,34.39007763462211,-30.5778634602787,73.83206246645396,-25.82137473302944,-50.12442898932306,18.0442752328538,-2.744274873030549,78.48320764439707,6.985496342637156,28.77557331551124,2.091603108319162,-82.00305501923306,56.76183359859555,48.4793907922643,-0.4618320688605306,70.28778757575814,48.98397075856917,5.980152808982906,3.568702375160828
H2652737,2026-05-13 04:42:00,PG31DS,2364,101.0,10.0,6.0,13.498274803161628,7.009610381915415,8.604248005709202,4.383226494137334,75.51706602247498,75.13583648462092,76.38967818664987,76.22549537274476,76.48500829463379,82.3123321533203,82.22096054845578,82.6401519775391,81.9639138420709,81.90142613692252,83.33834257057245,31.249063944645066,41.188125610351605,40.96281784386945,40.78352355957031,35.61030885984576,35.42259655410436,35.244183108103385,24.61575512234256,7.116978171918033,11.300000190734902,34.39496543939164,-30.69064827788649,73.70144016622639,-25.9553963640611,-50.4410086432807,19.984892502105502,-2.519424521129766,78.52446208926413,5.710072078293174,29.83453314252895,2.428057617635178,-81.82877832865543,56.50791522238754,48.28705188010238,-0.6208633246610491,70.48561332208646,48.80287900416973,5.676259142031771,3.7122302942996392
H2652738,2026-05-13 05:51:00,PG31DS,2294,52.0,7.0,12.0,13.52047620702673,7.024010096655951,8.631927306563766,4.388690877843787,75.51826002332899,75.15117334436488,76.40037333170571,76.2373809814453,76.49973585340707,82.3123321533203,82.16484069824222,82.6401519775391,81.96997782389325,81.9026031494141,83.34020781340422,31.25382746943721,41.18752610948354,40.9663292778863,40.78352355957031,35.61094190809465,35.42125775372539,35.253115618670456,24.617703360098385,7.116962740156386,11.3000001907349,34.39259394892939,-30.79629715813532,73.61481645372179,-26.194815586231385,-49.8577792980053,23.16148197032788,-3.3451852692498103,78.51185291431568,6.668889035118949,30.143704435560444,2.2400000478382465,-81.73407513653791,56.29926071166995,48.26963113855434,-0.5962963078308992,70.69852006700305,48.67037167019316,5.677777924361051,3.79703712551682
H2652739,2026-05-13 06:58:00,PG32D,3203,264.0,21.0,54.0,13.534524524913117,7.029918716553061,8.558194099263075,4.365831556167193,75.5176544189453,75.13763533811519,76.3945912243848,76.23274492069999,76.4960686994746,82.3132158575211,82.17562384783905,82.63577507141441,81.96570321965348,81.90391915877237,83.31692366166547,31.26258801138975,41.18466325239706,40.95919873242712,40.78136040182674,35.6108748492073,35.423827227424155,35.25189967843941,24.61737934663334,7.115828633945894,11.300000190734902,34.3946538098993,-31.900535450899675,73.99893204796123,-26.58074937912233,-46.34919895845302,24.95935901091061,-4.158288860703535,78.50214035115778,4.862566964511564,30.553476741607184,2.1935829421814117,-82.01818317270533,56.54812993340316,48.32085706333427,-0.8540107134510494,71.01069661512732,48.39572312870128,5.9502675227302895,3.842246077277444
H2652741,2026-05-13 12:30:00,FP21,2106,103.0,9.0,29.0,12.791195812388365,7.301891326904297,11.776157664437568,5.877749512338231,75.42398371248161,75.37435274042633,76.42013823680385,76.29847665118355,76.43691612308858,82.29132197453426,82.19537549141126,82.63384892390326,81.98594430776743,81.88300095256581,83.29378111749632,31.242059039254475,36.246529473198834,36.04693825224529,35.815614488389734,35.543556017753424,35.370258168277545,35.23976735172111,24.60307675549108,11.691538077134348,12.000854704115126,36.5,-38.5290606572078,15.15641067374467,-50.35726641793538,-0.1692307720709049,75.94188168517545,24.24615449171801,77.9905998034355,9.25213697629097,37.30171027550332,-4.983760808268164,-86.08632620787009,64.91111220661392,49.3820526905549,13.099145652901424,49.841881972092864,39.38205207107415,38.09914600339712,3.8051282758386726
H2652742,2026-05-13 13:28:00,FP21,2107,137.0,17.0,68.0,12.75132285224067,7.273541059249487,11.798761229229788,5.877867507119464,75.42747888809593,75.41839221400072,76.42153604621558,76.26981621114615,76.43132384210567,82.28711993877704,82.15195445525343,82.63174790602467,81.98104167188335,81.88720142331901,83.27276311369023,31.248954707740715,36.24445714706034,36.05039039024943,35.80801978478062,35.53181822687134,35.35092619545436,35.21353110288963,24.604016980554302,11.6917090212178,12.000854704115126,36.50085472041725,-39.35555632501587,13.03675251333124,-43.25128284682577,0.4316239415580392,75.72051480285123,20.1632481925508,78.44530050163596,11.229914832318952,37.05726577889208,-6.32735056652982,-85.21880477514023,63.80342017279731,50.30512964623608,12.787179783878171,49.67863402407395,40.627351190289886,32.614530807886375,3.898290689174945
H2652743,2026-05-13 14:26:00,FP21,2107,63.0,5.0,13.0,12.684742208840188,7.240250380142875,11.719851784084144,5.84296062718267,75.42994070744167,75.45601775680761,76.41259920424305,76.25018244204313,76.41971378049985,82.29214411196502,82.15439041801123,82.63896444569465,81.9845428466797,81.89666770161065,83.28637894340183,31.24964506729789,36.25316608815957,36.04003397623699,35.801175545955026,35.54124406455221,35.365635305211136,35.213441047115616,24.60202886056209,11.691159027210176,12.0,36.5,-37.357971799546405,11.879710384037187,-38.750725400620624,-3.510145006620365,75.80579829561538,21.79710189155912,78.47246529399484,10.068116118942486,36.64782698258111,-6.905797281127043,-84.76087122378142,63.072465316109046,50.15507385696193,12.413043796152314,50.039131772690936,41.22318925719332,30.20724719503653,3.885507322739863
