timestamp,mean_thk,td_std,zone_L,zone_C,zone_R,dev_pos07,die_bolt_T3_pct,melt_temp_C,pull_speed_mpm,lip_gap_mm
2026-09-30 00:00:00,49.52641,0.472295,49.414271,49.921657,49.2433,-0.12285,50.0003,284.8227,120.2308,0.84938
2026-09-30 00:02:00,49.621367,0.43175,49.459557,50.014686,49.389857,-0.0257,50.0003,284.8227,120.2308,0.84938
2026-09-30 00:04:00,49.589057,0.374456,49.403757,49.929043,49.434371,0.24155,50.0003,284.8227,120.2308,0.84938
2026-09-30 00:06:00,49.551819,0.414517,49.424414,49.876186,49.354857,0.429,50.0747,285.111,120.1493,0.85018
2026-09-30 00:08:00,49.554671,0.419004,49.4131,49.882557,49.368357,-0.131,49.7774,285.0579,120.0413,0.84943
2026-09-30 00:10:00,49.564586,0.395039,49.413886,49.937743,49.342129,-0.00765,49.7521,285.0458,119.8901,0.85002
2026-09-30 00:12:00,49.577595,0.369564,49.4058,49.865886,49.4611,-0.00895,50.3351,284.996,120.022,0.85061
2026-09-30 00:14:00,49.534571,0.38206,49.360143,49.909457,49.334114,-0.1208,49.8449,285.0068,119.927,0.84981
2026-09-30 00:16:00,49.478957,0.478836,49.147643,49.975786,49.313443,-0.00955,50.0892,284.837,119.927,0.84957
2026-09-30 00:18:00,49.593257,0.422264,49.392943,50.009571,49.377257,-0.6013,49.7674,285.0517,120.0707,0.85065
2026-09-30 00:20:00,49.611481,0.415156,49.465557,49.9521,49.416786,0.29295,50.1738,284.8846,119.8294,0.8499
2026-09-30 00:22:00,49.531305,0.433552,49.352114,49.963057,49.278743,-0.07685,49.8856,285.3723,119.8612,0.84954
2026-09-30 00:24:00,49.545038,0.430723,49.334486,49.8956,49.405029,-0.2881,49.6776,285.0505,119.9368,0.84998
2026-09-30 00:26:00,49.575029,0.376671,49.412071,49.954743,49.358271,-0.17675,49.9412,284.615,120.2776,0.85041
2026-09-30 00:28:00,49.588295,0.436758,49.379329,49.976343,49.409214,-0.1451,50.0678,284.894,119.8241,0.85035
2026-09-30 00:30:00,49.519048,0.417655,49.303829,49.914857,49.338457,0.03215,49.9533,284.9619,119.9233,0.8502
2026-09-30 00:32:00,49.559419,0.438611,49.3593,49.976743,49.342214,-0.01155,49.8653,284.9672,119.9749,0.85029
2026-09-30 00:34:00,49.574405,0.468903,49.389129,49.931729,49.402357,0.08325,50.0283,284.916,120.4277,0.84994
2026-09-30 00:36:00,49.598486,0.465906,49.301343,50.076043,49.418071,0.0294,49.8806,284.7969,119.9636,0.84926
2026-09-30 00:38:00,49.5416,0.467287,49.303286,49.977929,49.343586,0.0882,49.7978,285.1164,119.8457,0.84998
2026-09-30 00:40:00,49.550024,0.457064,49.270386,50.0212,49.358486,-0.12735,49.7981,285.106,120.1083,0.84891
2026-09-30 00:42:00,49.552424,0.441616,49.335657,49.9468,49.374814,-0.21665,50.2211,285.1776,119.8555,0.85025
2026-09-30 00:44:00,49.562152,0.421004,49.2681,50.006343,49.412014,-0.11685,49.9721,285.2496,119.6549,0.84936
2026-09-30 00:46:00,49.613748,0.478029,49.329286,50.127457,49.3845,-0.0011,50.0159,284.9823,119.9455,0.84923
2026-09-30 00:48:00,49.490867,0.443797,49.207714,49.920257,49.344629,0.008,50.019,285.0269,120.0267,0.8509
2026-09-30 00:50:00,49.592729,0.511723,49.433657,50.100686,49.243843,0.1089,49.6132,285.03,119.8356,0.8501
2026-09-30 00:52:00,49.595614,0.440005,49.361957,50.032014,49.392871,0.0727,50.0298,284.6845,120.1449,0.85008
2026-09-30 00:54:00,49.605552,0.404604,49.414657,49.977043,49.424957,0.0289,50.5001,284.6961,120.0072,0.84976
2026-09-30 00:56:00,49.488243,0.455546,49.2439,49.926629,49.2942,0.1505,49.7002,285.0007,120.1534,0.85003
2026-09-30 00:58:00,49.594638,0.420103,49.517343,49.9452,49.321371,0.38965,50.1442,285.1032,120.4712,0.84955
2026-09-30 01:00:00,49.597419,0.391861,49.516086,49.925686,49.350486,0.1161,50.1707,285.0144,120.0495,0.84967
2026-09-30 01:02:00,49.615281,0.404557,49.412686,50.016571,49.416586,0.03545,50.1668,285.2807,119.2947,0.84998
2026-09-30 01:04:00,49.593548,0.390805,49.407629,49.9703,49.402714,0.04905,49.8311,285.1555,120.0018,0.84999
2026-09-30 01:06:00,49.570414,0.377141,49.383843,49.940129,49.387271,0.0716,49.8842,285.0627,119.8831,0.84834
2026-09-30 01:08:00,49.551429,0.441746,49.386829,49.948614,49.318843,0.3323,49.7032,284.8921,120.2553,0.85078
2026-09-30 01:10:00,49.594419,0.420551,49.382357,50.015157,49.385743,-0.34845,49.951,284.876,120.2836,0.84955
2026-09-30 01:12:00,49.633433,0.416687,49.373757,50.007257,49.519286,-0.1233,50.2863,284.9852,120.0918,0.8505
2026-09-30 01:14:00,49.605152,0.423219,49.335957,49.994086,49.485414,-0.0513,49.8013,284.8431,120.2928,0.8507
2026-09-30 01:16:00,49.579814,0.379637,49.3768,49.973857,49.388786,0.08785,49.5019,284.9894,119.9238,0.85019
2026-09-30 01:18:00,49.5532,0.500198,49.298386,50.014357,49.346857,0.22495,49.9757,284.7166,119.892,0.84969
2026-09-30 01:20:00,49.577033,0.393221,49.439443,49.892829,49.398829,-0.0184,50.1724,284.9167,120.1551,0.85031
2026-09-30 01:22:00,49.574719,0.450182,49.397457,49.894043,49.432657,0.25145,49.9079,284.9121,120.1161,0.84971
2026-09-30 01:24:00,49.507576,0.433546,49.333643,49.9781,49.210986,0.2719,50.3809,284.9913,119.9681,0.84932
2026-09-30 01:26:00,49.53,0.458303,49.234857,49.970014,49.385129,-0.2128,49.9241,285.002,119.9186,0.8484
2026-09-30 01:28:00,49.526424,0.459011,49.323614,49.938614,49.317043,0.0403,49.9698,284.9293,119.9515,0.85037
2026-09-30 01:30:00,49.563919,0.484005,49.271729,50.045471,49.374557,0.03505,49.7215,285.069,120.2298,0.85004
2026-09-30 01:32:00,49.528795,0.429242,49.376029,49.938371,49.271986,-0.0057,49.8891,285.0063,119.9944,0.85085
2026-09-30 01:34:00,49.545552,0.419937,49.301943,49.938643,49.396071,-0.0297,50.1633,285.1523,120.0853,0.84993
2026-09-30 01:36:00,49.544457,0.414326,49.345357,49.935357,49.352657,0.0897,50.1671,285.0564,120.1525,0.85013
2026-09-30 01:38:00,49.50969,0.403844,49.288014,49.907957,49.3331,0.079,50.263,285.0178,120.0864,0.85007
2026-09-30 01:40:00,49.594343,0.418602,49.377929,49.984929,49.420171,0.05855,50.1458,284.996,120.153,0.84979
2026-09-30 01:42:00,49.554195,0.431138,49.347543,49.958829,49.356214,-0.10895,50.0867,285.2007,119.8219,0.85027
2026-09-30 01:44:00,49.569324,0.381301,49.3663,49.941629,49.400043,-0.1499,49.4912,284.8243,119.9539,0.8503
2026-09-30 01:46:00,49.562919,0.457001,49.364471,50.005086,49.3192,-0.2999,49.775,284.8674,120.1843,0.8503
2026-09-30 01:48:00,49.506843,0.432535,49.325929,49.917429,49.277171,0.09635,50.5612,285.0747,119.9746,0.84941
2026-09-30 01:50:00,49.580586,0.430152,49.363657,50.019586,49.358514,0.0602,49.844,285.0819,120.3518,0.84981
2026-09-30 01:52:00,49.50211,0.47036,49.311914,49.926086,49.268329,-0.2103,50.1233,285.2875,120.0609,0.85109
2026-09-30 01:54:00,49.558595,0.417205,49.434757,49.8702,49.370829,0.1642,49.9485,284.6629,120.0692,0.85008
2026-09-30 01:56:00,49.519881,0.408767,49.308914,49.8881,49.362629,0.20335,50.13,284.9478,120.075,0.84957
2026-09-30 01:58:00,49.595605,0.449195,49.3632,50.076629,49.346986,-0.0008,49.9802,284.6788,119.9774,0.84909
2026-09-30 02:00:00,49.581929,0.465096,49.344114,49.979714,49.421957,0.0227,49.7364,285.251,120.0939,0.85074
2026-09-30 02:02:00,49.539038,0.418871,49.342929,49.936671,49.337514,-0.1379,49.7855,285.1757,120.1784,0.8506
2026-09-30 02:04:00,49.573986,0.437238,49.376129,49.985186,49.360643,0.1295,50.0482,285.3524,120.021,0.85003
2026-09-30 02:06:00,49.525905,0.439896,49.395586,49.887043,49.295086,0.1127,49.8522,284.9718,120.0506,0.85036
2026-09-30 02:08:00,49.59689,0.493388,49.3487,49.991514,49.450457,0.0995,49.5006,285.0789,119.9082,0.85065
2026-09-30 02:10:00,49.559152,0.382185,49.474729,49.889086,49.313643,0.5006,50.0907,285.1065,119.8092,0.85006
2026-09-30 02:12:00,49.555119,0.408679,49.369757,49.943971,49.351629,0.0654,50.2117,284.7317,120.2602,0.84999
2026-09-30 02:14:00,49.539924,0.415583,49.345186,49.8583,49.416286,0.108,50.1892,284.9476,119.9952,0.84974
2026-09-30 02:16:00,49.48139,0.447542,49.330086,49.850386,49.2637,0.14605,50.1947,285.0508,120.0047,0.84997
2026-09-30 02:18:00,49.59991,0.444197,49.454857,49.971843,49.373029,-0.20305,49.6158,284.797,120.013,0.84944
2026-09-30 02:20:00,49.591814,0.447038,49.368629,50.057143,49.349671,0.10495,50.3604,284.922,120.1864,0.85014
2026-09-30 02:22:00,49.575419,0.408587,49.457043,49.930943,49.338271,-0.11505,49.9315,285.1684,120.207,0.84945
2026-09-30 02:24:00,49.553448,0.443104,49.318686,49.961729,49.379929,0.21715,49.7562,285.0739,119.7877,0.84958
2026-09-30 02:26:00,49.58279,0.434756,49.337214,49.998329,49.412829,-0.0392,49.8643,284.8374,119.9704,0.84929
2026-09-30 02:28:00,49.516681,0.385423,49.414886,49.840071,49.295086,-0.14465,49.8017,284.8586,120.075,0.84973
2026-09-30 02:30:00,49.5739,0.385015,49.458014,49.894929,49.368757,-0.00265,49.6806,285.0683,120.0154,0.84983
2026-09-30 02:32:00,49.56541,0.405069,49.434371,49.885514,49.376343,-0.12175,49.9615,284.799,119.9095,0.84969
2026-09-30 02:34:00,49.635795,0.417987,49.483286,50.002714,49.421386,-0.15735,50.0033,284.8849,120.1079,0.85001
2026-09-30 02:36:00,49.560571,0.44576,49.333271,49.963729,49.384714,0.05975,49.9183,284.9821,119.8291,0.85003
2026-09-30 02:38:00,49.54751,0.387259,49.326671,49.845071,49.470786,-0.10945,50.002,285.1388,119.8816,0.8506
2026-09-30 02:40:00,49.585938,0.424094,49.364114,49.972086,49.421614,-0.31185,49.925,284.911,119.5241,0.84992
2026-09-30 02:42:00,49.583514,0.370026,49.415914,49.9356,49.399029,0.0344,49.7983,284.9552,119.9825,0.85022
2026-09-30 02:44:00,49.5576,0.391615,49.367486,49.906314,49.399,0.3805,49.8322,285.0186,119.8504,0.85073
2026-09-30 02:46:00,49.58821,0.42008,49.464871,49.917886,49.381871,0.1904,50.0843,284.9338,120.2704,0.84922
2026-09-30 02:48:00,49.52019,0.457157,49.331386,49.936286,49.2929,0.309,49.6365,285.2295,120.358,0.84941
2026-09-30 02:50:00,49.554729,0.390001,49.352229,49.925,49.386957,-0.1212,49.842,284.9612,119.5299,0.84931
2026-09-30 02:52:00,49.543943,0.426817,49.3828,49.947357,49.301671,0.15035,50.1837,284.9935,119.9264,0.84981
2026-09-30 02:54:00,49.511362,0.432693,49.282957,49.983229,49.2679,-0.19055,50.0179,285.1325,120.3135,0.84964
2026-09-30 02:56:00,49.536262,0.456995,49.301643,49.975814,49.331329,0.05825,50.1137,285.3623,120.2324,0.84991
2026-09-30 02:58:00,49.587871,0.390235,49.430471,49.968286,49.364857,-0.0395,49.9643,284.8204,119.8496,0.85003
2026-09-30 03:00:00,49.617514,0.403599,49.416229,49.997286,49.439029,-0.0948,49.696,284.9382,119.8799,0.84863
2026-09-30 03:02:00,49.585471,0.452423,49.3521,50.046557,49.357757,0.29355,49.8732,284.5512,120.192,0.85075
2026-09-30 03:04:00,49.567538,0.403258,49.351243,49.96,49.391371,-0.0436,49.9916,285.1228,120.122,0.85029
2026-09-30 03:06:00,49.472667,0.438011,49.209829,49.882257,49.325914,-0.2821,49.873,285.1468,119.9449,0.84967
2026-09-30 03:08:00,49.594467,0.397697,49.445543,49.899486,49.438371,0.12105,49.9245,284.9931,119.9545,0.85041
2026-09-30 03:10:00,49.577719,0.471349,49.406771,49.973414,49.352971,0.26445,50.0056,284.8884,119.8099,0.85027
2026-09-30 03:12:00,49.590824,0.44187,49.3505,50.019071,49.4029,0.01955,50.1701,285.1585,120.0832,0.85017
2026-09-30 03:14:00,49.515324,0.460536,49.3099,49.957386,49.278686,0.2275,49.8591,284.8,119.9171,0.8501
2026-09-30 03:16:00,49.575305,0.379418,49.369357,49.906914,49.449643,0.0738,50.2374,284.9726,120.1461,0.85013
2026-09-30 03:18:00,49.586786,0.46134,49.384929,50.074386,49.301043,-0.36445,49.9648,285.0651,120.0883,0.84958
2026-09-30 03:20:00,49.567295,0.422718,49.354957,49.992086,49.354843,-0.00865,50.1954,284.7644,120.0722,0.84974
2026-09-30 03:22:00,49.5252,0.470679,49.3349,50.007057,49.233643,-0.0877,50.2303,285.2654,120.0262,0.85001
2026-09-30 03:24:00,49.584929,0.429491,49.4067,49.924743,49.423343,0.18005,50.3787,285.0334,119.944,0.85105
2026-09-30 03:26:00,49.5814,0.34815,49.360757,49.943557,49.439886,0.0136,50.2154,285.0959,120.125,0.85033
2026-09-30 03:28:00,49.532857,0.46316,49.317371,49.923986,49.357214,-0.0551,50.2184,284.9518,119.9492,0.84929
2026-09-30 03:30:00,49.539857,0.37281,49.361686,49.865171,49.392714,-0.0234,50.3711,285.12,119.9504,0.84995
2026-09-30 03:32:00,49.506048,0.421669,49.359671,49.904857,49.253614,0.0964,49.5778,284.8255,120.1064,0.85003
2026-09-30 03:34:00,49.599281,0.474823,49.330143,50.035557,49.432143,0.0862,49.7462,285.1658,119.9417,0.85029
2026-09-30 03:36:00,49.613371,0.427664,49.3533,50.070086,49.416729,-0.24745,50.2099,284.9087,120.0796,0.84869
2026-09-30 03:38:00,49.50611,0.415702,49.290486,49.898486,49.329357,0.28275,49.4725,285.0164,119.8486,0.84956
2026-09-30 03:40:00,49.527138,0.435241,49.292543,49.965171,49.3237,0.03645,50.0111,284.8126,119.9616,0.85089
2026-09-30 03:42:00,49.636724,0.430517,49.460971,50.038614,49.410586,0.17515,50.0096,284.9761,119.9509,0.85011
2026-09-30 03:44:00,49.579919,0.397309,49.381443,49.940843,49.417471,-0.00965,49.6216,285.0323,120.1372,0.85089
2026-09-30 03:46:00,49.601286,0.430084,49.378843,49.9712,49.453814,0.0126,49.7571,284.9384,119.6742,0.8501
2026-09-30 03:48:00,49.584881,0.419715,49.375157,49.928686,49.4508,0.12845,50.1264,284.7872,119.7776,0.84993
2026-09-30 03:50:00,49.506738,0.496188,49.217886,49.980143,49.322186,0.1277,50.1016,285.0647,119.9119,0.84952
2026-09-30 03:52:00,49.549557,0.477728,49.310771,49.9671,49.3708,0.12825,49.8355,285.1615,120.0199,0.84959
2026-09-30 03:54:00,49.49159,0.426735,49.341286,49.929214,49.204271,-0.01,49.7783,284.7738,119.9915,0.84976
2026-09-30 03:56:00,49.533738,0.439234,49.367514,49.874714,49.358986,-0.11905,49.8043,285.0683,120.0485,0.85064
2026-09-30 03:58:00,49.573819,0.471035,49.388071,50.032257,49.301129,0.4418,50.0849,285.0925,120.2288,0.85057
2026-09-30 04:00:00,49.555214,0.395858,49.421186,49.8787,49.365757,0.2445,49.6518,285.1209,120.3412,0.85074
2026-09-30 04:02:00,49.544095,0.4069,49.339257,49.903271,49.389757,0.0892,49.9776,284.7771,120.1949,0.84993
2026-09-30 04:04:00,49.514086,0.437986,49.241729,49.955286,49.345243,0.30645,49.6375,285.0489,120.167,0.84963
2026-09-30 04:06:00,49.560376,0.480277,49.268914,50.063371,49.348843,0.05445,50.1858,285.0845,119.8961,0.85017
2026-09-30 04:08:00,49.534148,0.477619,49.282357,49.977243,49.342843,-0.19925,50.0203,285.0426,120.117,0.85018
2026-09-30 04:10:00,49.570952,0.445597,49.363043,49.983357,49.366457,0.00895,50.2886,284.8459,120.0425,0.85027
2026-09-30 04:12:00,49.516862,0.387608,49.302529,49.942629,49.305429,-0.15075,49.4499,285.214,120.2298,0.85031
2026-09-30 04:14:00,49.526229,0.405953,49.310029,49.929057,49.3396,-0.13785,49.5078,285.0766,120.2472,0.85036
2026-09-30 04:16:00,49.612067,0.396639,49.445314,49.967243,49.423643,0.05195,49.8675,285.0249,119.7569,0.85169
2026-09-30 04:18:00,49.581143,0.469193,49.3756,50.003443,49.364386,0.0549,50.0118,285.2308,119.816,0.85005
2026-09-30 04:20:00,49.561219,0.346438,49.402886,49.866886,49.413886,-0.06305,49.7648,285.0759,120.2926,0.85078
2026-09-30 04:22:00,49.551367,0.419005,49.351257,49.932529,49.370314,-0.078,50.0394,285.1572,119.7948,0.85053
2026-09-30 04:24:00,49.540362,0.44126,49.282,49.952429,49.386657,-0.13275,49.9866,285.1118,120.2097,0.85014
2026-09-30 04:26:00,49.557124,0.419227,49.289171,49.964414,49.417786,-0.1061,50.2014,285.0765,119.9847,0.85049
2026-09-30 04:28:00,49.538795,0.411742,49.334643,49.8641,49.417643,0.08705,50.0539,284.9222,119.6397,0.84947
2026-09-30 04:30:00,49.533071,0.436836,49.295857,49.986371,49.316986,-0.037,50.1278,285.1338,120.0725,0.84929
2026-09-30 04:32:00,49.584438,0.440679,49.3993,49.966943,49.387071,0.14265,50.2735,285.0937,119.8083,0.8504
2026-09-30 04:34:00,49.579219,0.402961,49.394243,49.991786,49.351629,0.2752,49.9656,285.0753,119.8846,0.8504
2026-09-30 04:36:00,49.55179,0.377045,49.3617,49.923386,49.370286,0.0655,49.6688,284.8763,120.0181,0.84945
2026-09-30 04:38:00,49.586948,0.471288,49.2716,50.059371,49.429871,-0.37075,50.3651,284.9556,120.3623,0.85033
2026-09-30 04:40:00,49.597024,0.342319,49.492786,49.912971,49.385314,0.0042,50.1929,285.4722,119.8602,0.84987
2026-09-30 04:42:00,49.557052,0.411139,49.344314,49.9061,49.420743,0.1039,49.3466,285.1084,120.3471,0.8504
2026-09-30 04:44:00,49.573643,0.413474,49.386543,49.904314,49.430071,-0.18715,49.9847,284.9036,120.2798,0.84953
2026-09-30 04:46:00,49.480143,0.397019,49.344657,49.786529,49.309243,0.15465,49.7308,284.9201,119.8955,0.84963
2026-09-30 04:48:00,49.569714,0.390298,49.377343,49.924771,49.407029,0.0706,49.9554,284.901,120.0206,0.8503
2026-09-30 04:50:00,49.572729,0.365448,49.407743,49.9134,49.397043,0.33755,50.0836,284.8499,119.8084,0.85077
2026-09-30 04:52:00,49.543457,0.444051,49.386043,49.939086,49.305243,-0.05565,50.3822,284.7958,120.1745,0.84976
2026-09-30 04:54:00,49.60399,0.414736,49.368586,50.003271,49.440114,0.07335,49.9026,285.009,119.9627,0.85106
2026-09-30 04:56:00,49.590362,0.384301,49.398386,49.939471,49.433229,0.4098,50.3923,285.1567,119.731,0.85014
2026-09-30 04:58:00,49.549219,0.444816,49.330429,49.924614,49.392614,0.11585,50.2292,285.1005,119.5356,0.85001
2026-09-30 05:00:00,49.62981,0.380329,49.461343,49.956914,49.471171,-0.0969,50.0275,285.3425,120.1157,0.85064
2026-09-30 05:02:00,49.566986,0.449733,49.363743,49.932243,49.404971,0.3566,49.937,284.9677,120.1249,0.84947
2026-09-30 05:04:00,49.567324,0.463902,49.370343,49.944086,49.387543,0.1004,50.0136,285.057,119.832,0.84977
2026-09-30 05:06:00,49.585724,0.474002,49.365514,50.024314,49.367343,0.225,50.1389,284.8831,119.7819,0.8501
2026-09-30 05:08:00,49.596519,0.323522,49.439914,49.878914,49.470729,-0.1814,49.8552,285.0113,120.0216,0.85034
2026-09-30 05:10:00,49.516767,0.371683,49.356214,49.885814,49.308271,0.0326,50.4007,285.1426,120.2771,0.85057
2026-09-30 05:12:00,49.526719,0.440568,49.296186,49.916843,49.367129,-0.11965,50.0169,285.0427,120.2731,0.84889
2026-09-30 05:14:00,49.540414,0.466222,49.327914,49.9059,49.387429,0.239,49.7227,284.8729,119.764,0.8506
2026-09-30 05:16:00,49.600862,0.455502,49.349629,50.0155,49.437457,-0.0466,50.2184,284.8511,120.1018,0.84972
2026-09-30 05:18:00,49.564752,0.426117,49.410614,49.986986,49.296657,0.257,49.9432,284.9123,120.2706,0.84953
2026-09-30 05:20:00,49.601786,0.46359,49.376029,50.044929,49.3844,-0.2724,50.0274,284.8359,120.0775,0.84938
2026-09-30 05:22:00,49.559524,0.388863,49.3499,49.902443,49.426229,-0.1176,49.9412,284.8201,120.0184,0.85
2026-09-30 05:24:00,49.523767,0.395416,49.387157,49.899629,49.284514,-0.42105,50.2211,285.024,119.9386,0.84999
2026-09-30 05:26:00,49.554376,0.495579,49.349629,50.030471,49.283029,-0.17295,50.1443,284.8089,119.5799,0.84925
2026-09-30 05:28:00,49.582419,0.467095,49.4515,49.999614,49.296143,-0.07125,49.9216,284.8804,119.781,0.84968
2026-09-30 05:30:00,49.56651,0.412403,49.378314,49.958414,49.3628,-0.09315,50.0479,285.057,119.8117,0.85011
2026-09-30 05:32:00,49.562371,0.438843,49.3902,49.934886,49.362029,-0.0144,49.7516,284.7303,120.1125,0.8497
2026-09-30 05:34:00,49.596457,0.465333,49.285514,50.074071,49.429786,-0.11305,50.5039,285.0843,120.0606,0.8496
2026-09-30 05:36:00,49.569552,0.401583,49.389043,49.947071,49.372543,-0.0047,49.9493,284.8464,120.4451,0.85092
2026-09-30 05:38:00,49.60661,0.390428,49.391814,49.991471,49.436543,0.06205,50.0798,284.7958,120.3949,0.84922
2026-09-30 05:40:00,49.532252,0.415551,49.422843,49.918014,49.2559,-0.1236,49.7233,284.9488,120.1364,0.85012
2026-09-30 05:42:00,49.5611,0.428945,49.461257,49.9216,49.300443,0.1763,49.7736,284.921,120.1193,0.85026
2026-09-30 05:44:00,49.632524,0.436625,49.394571,50.025971,49.477029,0.0182,50.3811,284.9504,119.6846,0.84968
2026-09-30 05:46:00,49.596362,0.464291,49.502343,49.9865,49.300243,0.064,50.1383,285.2026,119.7701,0.85009
2026-09-30 05:48:00,49.54101,0.445795,49.331814,49.9283,49.362914,0.08875,49.9508,285.0066,119.8571,0.8501
2026-09-30 05:50:00,49.540119,0.399079,49.356286,49.874586,49.389486,-0.09045,49.6617,284.7671,119.7141,0.84961
2026-09-30 05:52:00,49.583233,0.425483,49.421457,49.993086,49.335157,0.1987,50.3698,284.9279,120.1122,0.85017
2026-09-30 05:54:00,49.578514,0.423587,49.395,49.989157,49.351386,-0.0559,49.7645,285.0534,119.8915,0.85018
2026-09-30 05:56:00,49.586976,0.421877,49.368243,49.919257,49.473429,0.12795,49.874,285.0334,119.9564,0.85042
2026-09-30 05:58:00,49.540838,0.452106,49.313257,49.914057,49.3952,0.41545,49.9487,284.8489,120.1647,0.85033
2026-09-30 06:00:00,49.548514,0.439305,49.300643,49.941629,49.403271,-0.17895,50.0742,284.9219,120.1385,0.84949
2026-09-30 06:02:00,49.573138,0.392037,49.349643,49.921457,49.448314,0.0192,49.99,284.9021,120.3998,0.84966
2026-09-30 06:04:00,49.574129,0.467174,49.390271,49.9602,49.371914,-0.2979,49.979,284.8135,119.922,0.85112
2026-09-30 06:06:00,49.570719,0.443027,49.416043,49.979514,49.3166,-0.0376,50.4677,284.985,120.24,0.84901
2026-09-30 06:08:00,49.553729,0.428071,49.384929,49.906686,49.369571,0.03715,50.014,284.9016,120.0819,0.84969
2026-09-30 06:10:00,49.4562,0.428504,49.3228,49.844929,49.200871,-0.4682,50.097,284.9671,119.8615,0.85005
2026-09-30 06:12:00,49.510195,0.400674,49.324943,49.882257,49.323386,0.15375,49.6477,285.0061,119.6878,0.85008
2026-09-30 06:14:00,49.557443,0.441417,49.358071,49.911329,49.402929,0.1081,50.1766,284.8988,119.6029,0.85002
2026-09-30 06:16:00,49.549676,0.425601,49.453,49.852657,49.343371,0.5004,49.5725,285.2067,120.3031,0.84992
2026-09-30 06:18:00,49.563829,0.405126,49.3931,49.958086,49.3403,-0.272,49.8303,284.8766,120.0622,0.84937
2026-09-30 06:20:00,49.539862,0.460559,49.2683,50.005657,49.345629,0.0245,50.5644,285.0175,120.2562,0.84993
2026-09-30 06:22:00,49.538048,0.431585,49.333457,49.964114,49.316571,-0.274,49.8052,284.9654,120.1853,0.85041
2026-09-30 06:24:00,49.498314,0.428791,49.300057,49.9249,49.269986,-0.0957,49.986,285.0077,120.0872,0.84979
2026-09-30 06:26:00,49.53,0.463707,49.255086,49.998329,49.336586,-0.35725,49.7121,285.1925,119.7652,0.8503
2026-09-30 06:28:00,49.519571,0.458203,49.281157,49.950614,49.326943,0.0469,49.7123,284.8435,120.0868,0.85003
2026-09-30 06:30:00,49.560562,0.430464,49.329343,49.985429,49.366914,-0.0433,50.2657,285.1055,119.7275,0.8491
2026-09-30 06:32:00,49.569757,0.402224,49.322857,49.974229,49.412186,0.06445,49.8815,284.8392,120.2948,0.84958
2026-09-30 06:34:00,49.62149,0.439711,49.4338,50.034986,49.395686,-0.17635,49.967,285.0723,119.9082,0.84994
2026-09-30 06:36:00,49.524133,0.403361,49.352386,49.860386,49.359629,0.1156,49.9152,284.8128,120.197,0.85041
2026-09-30 06:38:00,49.549738,0.452267,49.459214,49.935757,49.254243,0.27645,49.639,284.9584,119.7794,0.8501
2026-09-30 06:40:00,49.558329,0.416197,49.393871,49.980743,49.300371,-0.3091,49.9522,284.8928,119.5874,0.84972
2026-09-30 06:42:00,49.532767,0.447039,49.301186,49.950714,49.3464,0.12905,50.2504,284.9297,120.2322,0.8509
2026-09-30 06:44:00,49.585414,0.398289,49.330471,49.952671,49.4731,-0.2159,49.804,285.1302,120.1563,0.84968
2026-09-30 06:46:00,49.547043,0.396934,49.444514,49.874243,49.322371,0.16365,50.098,285.148,120.1457,0.85014
2026-09-30 06:48:00,49.5912,0.49455,49.357871,50.031343,49.384386,0.0644,50.2573,284.9913,119.8342,0.84958
2026-09-30 06:50:00,49.551357,0.426956,49.367843,49.970886,49.315343,-0.19495,49.6967,284.9016,119.9853,0.8497
2026-09-30 06:52:00,49.600495,0.39355,49.408814,49.965214,49.427457,0.3155,50.2014,285.1242,120.3252,0.85012
2026-09-30 06:54:00,49.553776,0.455221,49.381286,49.9471,49.332943,-0.05075,49.5252,284.8272,119.8494,0.85
2026-09-30 06:56:00,49.642895,0.446042,49.464129,50.099071,49.365486,0.3008,50.1495,284.7825,119.9625,0.85111
2026-09-30 06:58:00,49.586243,0.396368,49.444386,49.943286,49.371057,0.05305,49.9041,284.9793,120.0669,0.84933
2026-09-30 07:00:00,49.564271,0.397207,49.407471,49.933529,49.351814,-0.2503,49.7184,284.978,119.847,0.84956
2026-09-30 07:02:00,49.58199,0.396246,49.409171,49.928614,49.408186,0.0875,49.9561,285.023,120.0579,0.85001
2026-09-30 07:04:00,49.5834,0.42932,49.426657,49.982414,49.341129,0.09085,49.8382,284.993,120.0207,0.85037
2026-09-30 07:06:00,49.568348,0.473056,49.388386,50.014686,49.301971,0.4008,49.5822,285.4021,119.9679,0.85075
2026-09-30 07:08:00,49.51699,0.44046,49.356871,49.928043,49.266057,0.23105,50.2459,284.8747,120.2485,0.84942
2026-09-30 07:10:00,49.548705,0.409293,49.3913,49.908443,49.346371,-0.3072,50.2681,284.9343,120.1768,0.85091
2026-09-30 07:12:00,49.52369,0.414581,49.321729,49.937086,49.312257,-0.15445,49.739,284.8904,119.8343,0.8493
2026-09-30 07:14:00,49.593024,0.389413,49.4496,49.956886,49.372586,0.34765,49.8852,285.1326,119.8186,0.85009
2026-09-30 07:16:00,49.509752,0.413618,49.345686,49.940914,49.242657,0.17545,49.866,284.8814,120.0029,0.84995
2026-09-30 07:18:00,49.582405,0.365081,49.422914,49.911143,49.413157,0.18775,49.9239,284.8235,120.1653,0.8508
2026-09-30 07:20:00,49.553471,0.452994,49.313671,49.980114,49.366629,-0.23205,49.6776,284.9677,120.0623,0.84897
2026-09-30 07:22:00,49.585019,0.466002,49.392171,49.986786,49.3761,0.0973,50.2207,284.9056,120.0333,0.85049
2026-09-30 07:24:00,49.55319,0.470274,49.347757,49.990829,49.320986,-0.1095,50.0009,285.0386,120.0208,0.8498
2026-09-30 07:26:00,49.584167,0.417993,49.426157,49.9766,49.349743,0.1344,49.7557,284.6988,119.6584,0.85003
2026-09-30 07:28:00,49.548324,0.394276,49.317471,49.914943,49.412557,-0.0772,49.8705,285.1112,119.9843,0.85013
2026-09-30 07:30:00,49.544776,0.504766,49.399757,49.969043,49.265529,0.11565,49.805,285.031,120.1296,0.84955
2026-09-30 07:32:00,49.592552,0.413493,49.353,49.961914,49.462743,-0.15715,49.9432,284.9388,119.8983,0.84994
2026-09-30 07:34:00,49.528533,0.410966,49.318314,49.954571,49.312714,-0.0581,50.1469,284.9006,120.6425,0.84955
2026-09-30 07:36:00,49.598357,0.422792,49.440143,50.002986,49.351943,0.09225,50.1508,285.0514,119.6399,0.85003
2026-09-30 07:38:00,49.553686,0.427802,49.343157,49.939929,49.377971,-0.23655,49.7285,284.9507,119.9267,0.85076
2026-09-30 07:40:00,49.546105,0.46843,49.342214,49.964886,49.331214,-0.023,50.013,285.0485,119.9842,0.8495
2026-09-30 07:42:00,49.615724,0.364201,49.467486,49.906114,49.473571,-0.08885,49.7734,285.2574,120.1083,0.85057
2026-09-30 07:44:00,49.608276,0.480952,49.441843,50.053929,49.329057,0.1216,49.5695,285.0016,119.7279,0.85077
2026-09-30 07:46:00,49.593,0.452535,49.376557,50.069129,49.333314,-0.2446,49.7296,285.1536,119.9231,0.84984
2026-09-30 07:48:00,49.581481,0.453993,49.414271,49.979429,49.350743,0.08665,49.9852,285.0804,120.0969,0.85098
2026-09-30 07:50:00,49.587281,0.427559,49.382129,50.012057,49.367657,-0.0014,49.6189,284.9039,120.0039,0.8501
2026-09-30 07:52:00,49.594962,0.452151,49.465129,50.006443,49.313314,0.22785,49.8142,285.1831,120.4077,0.85084
2026-09-30 07:54:00,49.561838,0.412602,49.389757,49.929843,49.365914,0.1995,50.0949,285.1022,120.0934,0.84988
2026-09-30 07:56:00,49.536176,0.410198,49.331514,49.890329,49.386686,0.2632,49.8196,284.8532,119.8094,0.84977
2026-09-30 07:58:00,49.545386,0.411924,49.477357,49.893086,49.265714,-0.0073,49.8111,285.04,120.0327,0.85051
2026-09-30 08:00:00,49.584252,0.429344,49.4224,49.958686,49.371671,0.2096,49.7572,285.2657,120.1135,0.85006
2026-09-30 08:02:00,49.482724,0.415817,49.2684,49.893843,49.285929,-0.0768,49.5411,285.1322,120.226,0.84968
2026-09-30 08:04:00,49.5387,0.430281,49.305071,49.946129,49.3649,-0.25625,49.9199,285.1071,120.038,0.85015
2026-09-30 08:06:00,49.589271,0.403705,49.400886,50.021543,49.345386,0.0132,49.9922,284.9305,119.7793,0.84994
2026-09-30 08:08:00,49.554071,0.429434,49.283314,49.986743,49.392157,-0.23555,50.0124,284.9907,120.178,0.85
2026-09-30 08:10:00,49.574014,0.474935,49.346671,49.981571,49.3938,0.22475,49.7403,285.0602,120.1312,0.84958
2026-09-30 08:12:00,49.526543,0.496541,49.219243,50.013943,49.346443,-0.12425,49.747,284.8889,120.1507,0.8492
2026-09-30 08:14:00,49.554133,0.416239,49.371357,49.9411,49.349943,0.0972,50.1867,284.7455,119.9557,0.8496
2026-09-30 08:16:00,49.505952,0.428801,49.278971,49.861557,49.377329,0.4612,49.7597,285.2329,119.989,0.85042
2026-09-30 08:18:00,49.597414,0.415572,49.411229,49.982014,49.399,0.04105,49.9113,284.896,119.9961,0.85104
2026-09-30 08:20:00,49.573381,0.47285,49.318014,49.989786,49.412343,-0.0026,49.2951,284.7525,120.1489,0.85041
2026-09-30 08:22:00,49.50491,0.417254,49.297357,49.8328,49.384571,0.20765,49.7311,284.6117,120.3409,0.84918
2026-09-30 08:24:00,49.586462,0.412116,49.3998,49.993686,49.3659,-0.0093,49.7305,285.2336,119.8072,0.8498
2026-09-30 08:26:00,49.525643,0.44875,49.278357,49.953486,49.345086,0.217,49.6234,284.9668,119.8569,0.84984
2026-09-30 08:28:00,49.604052,0.493264,49.4214,50.016214,49.374543,-0.05945,50.3465,284.8654,120.3692,0.85084
2026-09-30 08:30:00,49.636424,0.405857,49.421171,49.990443,49.497657,0.0254,49.8996,284.832,120.1683,0.84962
2026-09-30 08:32:00,49.585881,0.431963,49.4941,49.9607,49.302843,-0.0068,49.5265,285.1494,119.9696,0.84908
2026-09-30 08:34:00,49.538286,0.387163,49.340686,49.936914,49.337257,0.0849,49.9923,284.9454,120.0845,0.85053
2026-09-30 08:36:00,49.541095,0.408298,49.314329,49.922957,49.386,-0.0173,49.9766,284.7987,120.2091,0.84939
2026-09-30 08:38:00,49.543752,0.416759,49.340386,49.874471,49.4164,-0.09685,49.9834,285.0511,119.7241,0.84895
2026-09-30 08:40:00,49.542238,0.419457,49.265929,49.9612,49.399586,0.05685,50.3226,284.993,119.9362,0.85003
2026-09-30 08:42:00,49.569343,0.466309,49.363757,49.944314,49.399957,0.2858,49.9658,284.9014,119.7764,0.84949
2026-09-30 08:44:00,49.565929,0.460238,49.340029,49.969614,49.388143,-0.20445,49.9838,284.8935,119.9584,0.85085
2026-09-30 08:46:00,49.52571,0.402841,49.394,49.854314,49.328814,0.34755,49.8144,284.8943,119.8924,0.84967
2026-09-30 08:48:00,49.575648,0.447277,49.349343,49.9648,49.4128,-0.02335,49.7392,284.9934,119.7588,0.85038
2026-09-30 08:50:00,49.530762,0.406622,49.448014,49.868529,49.275743,-0.06855,49.974,284.9188,120.3175,0.85128
2026-09-30 08:52:00,49.559005,0.444974,49.406643,49.924529,49.345843,-0.3921,49.9543,284.8271,119.6758,0.84975
2026-09-30 08:54:00,49.506705,0.426693,49.2572,49.950943,49.311971,-0.20285,49.763,285.1407,120.0755,0.85048
2026-09-30 08:56:00,49.574714,0.440235,49.363043,49.995214,49.365886,0.03965,49.8628,285.1936,119.9494,0.85043
2026-09-30 08:58:00,49.542724,0.419218,49.360886,49.904629,49.362657,-0.00085,49.9989,284.9684,120.112,0.84971
2026-09-30 09:00:00,49.550752,0.40624,49.364071,49.929529,49.358657,0.18305,50.0168,284.9958,119.5595,0.8506
2026-09-30 09:02:00,49.563738,0.41743,49.403786,49.920971,49.366457,0.0665,49.8459,285.1416,120.2028,0.84975
2026-09-30 09:04:00,49.622862,0.419589,49.367129,49.979471,49.521986,0.1862,49.4812,284.8969,119.6584,0.85099
2026-09-30 09:06:00,49.532538,0.452359,49.381714,49.885014,49.330886,0.3584,50.0377,285.0462,120.1415,0.84986
2026-09-30 09:08:00,49.5596,0.402582,49.475,49.912014,49.291786,0.2863,49.8939,285.178,119.9339,0.84992
2026-09-30 09:10:00,49.532481,0.40134,49.326043,49.9129,49.3585,-0.16975,49.7559,284.958,120.2419,0.84976
2026-09-30 09:12:00,49.548576,0.409348,49.287514,49.940729,49.417486,0.03515,49.8618,284.7057,120.1066,0.8491
2026-09-30 09:14:00,49.595019,0.431524,49.394143,50.012329,49.378586,0.0709,49.699,284.8186,119.9237,0.84944
2026-09-30 09:16:00,49.581952,0.481591,49.338057,50.008129,49.399671,0.10075,50.0358,284.8884,120.0513,0.84971
2026-09-30 09:18:00,49.47949,0.394936,49.344557,49.804943,49.288971,0.0197,49.8902,284.9897,119.9513,0.85037
2026-09-30 09:20:00,49.522357,0.421758,49.327171,49.845829,49.394071,0.22245,49.5838,284.7481,120.0976,0.84957
2026-09-30 09:22:00,49.602729,0.424413,49.399343,49.989314,49.419529,0.17195,50.0608,284.7786,119.6849,0.85038
2026-09-30 09:24:00,49.534371,0.423908,49.390957,49.946071,49.266086,0.2857,50.0958,285.055,119.882,0.84952
2026-09-30 09:26:00,49.543876,0.387067,49.424786,49.883514,49.323329,0.3477,49.9351,285.3065,119.8296,0.84998
2026-09-30 09:28:00,49.585424,0.406103,49.491857,49.884371,49.380043,0.45045,50.1077,285.0894,120.1656,0.8495
2026-09-30 09:30:00,49.507133,0.396742,49.377643,49.851471,49.292286,0.16405,49.6214,284.9711,119.7725,0.85025
2026-09-30 09:32:00,49.573381,0.440575,49.387514,49.955357,49.377271,0.0757,50.2924,285.1652,119.9081,0.8506
2026-09-30 09:34:00,49.606562,0.457717,49.436257,50.001214,49.382214,0.3264,50.0585,285.1582,119.7077,0.84925
2026-09-30 09:36:00,49.558067,0.399168,49.473771,49.837114,49.363314,0.2827,50.2356,285.1441,119.9488,0.84934
2026-09-30 09:38:00,49.574748,0.451491,49.367157,50.010629,49.346457,-0.32875,49.3669,284.8134,120.0265,0.84982
2026-09-30 09:40:00,49.553048,0.42636,49.338343,49.931343,49.389457,0.04995,49.627,285.2737,120.4147,0.85033
2026-09-30 09:42:00,49.546733,0.444622,49.332529,49.992314,49.315357,-0.1522,49.8413,284.7874,119.8911,0.85078
2026-09-30 09:44:00,49.529033,0.43649,49.331914,49.927486,49.3277,-0.21185,49.9073,284.9457,120.0487,0.8508
2026-09-30 09:46:00,49.550581,0.440437,49.336814,50.002257,49.312671,-0.01905,50.437,284.6565,119.9479,0.85011
2026-09-30 09:48:00,49.551762,0.424822,49.375329,49.948357,49.3316,0.1626,49.9742,285.0408,120.0061,0.84974
2026-09-30 09:50:00,49.507686,0.391316,49.304343,49.869157,49.349557,-0.39695,49.6848,284.9626,120.0666,0.85005
2026-09-30 09:52:00,49.546395,0.443327,49.3109,49.924786,49.4035,0.17595,50.1063,285.0902,119.8726,0.84929
2026-09-30 09:54:00,49.599252,0.458652,49.398529,50.0728,49.326429,-0.0745,50.0276,284.9548,119.6526,0.84985
2026-09-30 09:56:00,49.563852,0.390416,49.405414,49.922829,49.363314,0.06355,49.8069,284.815,120.1739,0.8485
2026-09-30 09:58:00,49.534948,0.405494,49.360229,49.958786,49.285829,-0.00735,50.1828,284.9816,119.989,0.85002
2026-09-30 10:00:00,49.544781,0.394089,49.384114,49.880071,49.370157,-0.08585,50.2677,284.7818,119.7782,0.85017
2026-09-30 10:02:00,49.572029,0.433203,49.314643,50.015343,49.3861,0.0714,49.9226,285.3024,120.0778,0.84997
2026-09-30 10:04:00,49.579838,0.428562,49.335157,50.028843,49.375514,-0.0338,49.7494,284.7469,120.1377,0.85062
2026-09-30 10:06:00,49.555133,0.404685,49.419057,49.878586,49.367757,0.0959,50.1452,285.0895,119.626,0.84984
2026-09-30 10:08:00,49.560667,0.448398,49.3444,49.987843,49.349757,-0.0488,50.0771,284.832,120.0272,0.85077
2026-09-30 10:10:00,49.539576,0.43376,49.334757,49.904529,49.379443,-0.1001,49.9087,284.8822,119.9166,0.84975
2026-09-30 10:12:00,49.550024,0.395011,49.426157,49.870343,49.353571,0.1593,49.7839,284.9087,120.3072,0.84949
2026-09-30 10:14:00,49.593224,0.427709,49.405957,50.005486,49.368229,0.055,49.9163,285.1071,119.7703,0.85073
2026-09-30 10:16:00,49.578719,0.4101,49.409543,49.978786,49.347829,0.1202,50.0952,284.9966,120.1811,0.84957
2026-09-30 10:18:00,49.509895,0.373835,49.368643,49.812457,49.348586,0.0984,49.9963,285.0122,119.856,0.85152
2026-09-30 10:20:00,49.543238,0.436066,49.313386,49.965643,49.350686,-0.12905,49.3099,284.7894,120.3706,0.84921
2026-09-30 10:22:00,49.549681,0.424374,49.362314,49.918786,49.367943,0.0991,50.1358,285.1164,120.0917,0.84928
2026-09-30 10:24:00,49.587448,0.354765,49.431143,49.913143,49.418057,-0.0197,50.4252,284.9548,119.9166,0.8501
2026-09-30 10:26:00,49.559971,0.388108,49.402143,49.852243,49.425529,0.0457,50.0781,284.9268,120.1231,0.85092
2026-09-30 10:28:00,49.587338,0.448759,49.3759,50.005357,49.380757,-0.161,50.1967,285.2089,120.2455,0.84978
2026-09-30 10:30:00,49.499695,0.381561,49.2938,49.860357,49.344929,0.1719,49.99,285.1326,119.8253,0.85061
2026-09-30 10:32:00,49.526514,0.445655,49.329571,49.961686,49.288286,0.53055,50.4894,285.0035,119.9712,0.8489
2026-09-30 10:34:00,49.605905,0.406724,49.460857,50.024571,49.332286,-0.25125,49.9879,285.109,119.917,0.85016
2026-09-30 10:36:00,49.605414,0.411977,49.435271,49.986371,49.3946,0.21585,50.3358,284.8218,120.1094,0.85014
2026-09-30 10:38:00,49.609,0.439326,49.371029,50.049514,49.406457,-0.04545,50.3673,284.9721,120.2164,0.84964
2026-09-30 10:40:00,49.548471,0.403251,49.396514,49.950957,49.297943,-0.0941,49.9535,285.0239,119.627,0.85092
2026-09-30 10:42:00,49.583333,0.373658,49.353257,49.947143,49.4496,-0.1914,50.1966,284.9368,120.0851,0.84973
2026-09-30 10:44:00,49.5505,0.403776,49.389329,49.9371,49.325071,0.06725,49.6226,284.8994,119.7573,0.84961
2026-09-30 10:46:00,49.525924,0.41631,49.280429,49.955986,49.341357,-0.24455,50.0842,284.9788,119.7071,0.85031
2026-09-30 10:48:00,49.531505,0.396644,49.409214,49.867629,49.317671,0.0383,49.6194,284.8241,119.8424,0.8505
2026-09-30 10:50:00,49.59891,0.407966,49.407329,49.977914,49.411486,-0.12185,50.1235,284.9797,120.1706,0.85052
2026-09-30 10:52:00,49.573519,0.384942,49.377657,49.954143,49.388757,-0.1488,49.8811,285.1652,120.1129,0.84973
2026-09-30 10:54:00,49.614776,0.424481,49.383286,50.0208,49.440243,-0.11385,49.94,285.0762,119.6578,0.8506
2026-09-30 10:56:00,49.591329,0.338421,49.448714,49.893829,49.431443,-0.02735,49.7721,285.0376,119.9233,0.8503
2026-09-30 10:58:00,49.493171,0.419898,49.3289,49.914629,49.235986,-0.245,50.0512,284.9137,120.0615,0.84911
2026-09-30 11:00:00,49.564324,0.402437,49.354171,49.9534,49.3854,-0.1469,50.1689,285.305,120.1441,0.85048
2026-09-30 11:02:00,49.5483,0.445386,49.335757,49.962271,49.346871,0.20075,49.7693,285.0099,119.9664,0.84985
2026-09-30 11:04:00,49.53381,0.428276,49.334129,49.888514,49.378786,-0.0766,49.9122,284.8422,120.0011,0.84968
2026-09-30 11:06:00,49.489281,0.400404,49.296371,49.822329,49.349143,0.03465,49.8419,285.3238,120.1133,0.84948
2026-09-30 11:08:00,49.486438,0.387099,49.347014,49.860371,49.251929,-0.24435,50.3028,285.3118,120.1456,0.84975
2026-09-30 11:10:00,49.589505,0.417676,49.372586,49.972486,49.423443,-0.17815,50.4998,285.0114,120.2885,0.85043
2026-09-30 11:12:00,49.610243,0.412472,49.362414,50.015114,49.4532,0.2381,50.0547,285.0953,119.7968,0.8511
2026-09-30 11:14:00,49.507833,0.428469,49.296443,49.889543,49.337514,0.0711,49.9689,285.0654,119.6978,0.85027
2026-09-30 11:16:00,49.515648,0.440737,49.305071,49.963329,49.278543,-0.32965,50.0292,285.0264,119.7567,0.85077
2026-09-30 11:18:00,49.604695,0.433376,49.388043,50.037271,49.388771,-0.19275,49.7927,285.1225,119.817,0.8506
2026-09-30 11:20:00,49.559886,0.411588,49.308671,49.949371,49.421614,-0.20605,49.6408,284.9047,120.0349,0.85086
2026-09-30 11:22:00,49.593433,0.466997,49.447343,49.991429,49.341529,-0.0646,49.8104,284.9066,119.9237,0.8496
2026-09-30 11:24:00,49.540305,0.418919,49.3726,50.001314,49.247,-0.15245,50.0531,284.8566,120.0017,0.84973
2026-09-30 11:26:00,49.508405,0.436697,49.386957,49.851214,49.287043,0.2098,49.9163,285.0635,120.1855,0.84959
2026-09-30 11:28:00,49.54879,0.443289,49.319157,49.980957,49.346257,-0.02815,49.7775,285.0014,120.2446,0.85034
2026-09-30 11:30:00,49.582124,0.427881,49.334871,49.965029,49.446471,-0.01195,49.7439,284.9885,119.8121,0.84941
2026-09-30 11:32:00,49.53719,0.384803,49.293986,49.923171,49.394414,-0.1361,49.9932,285.1502,120.2279,0.85006
2026-09-30 11:34:00,49.565371,0.419414,49.343729,49.973757,49.378629,-0.11985,49.9119,284.9251,120.049,0.84989
2026-09-30 11:36:00,49.503276,0.444627,49.293443,49.928857,49.287529,-0.09855,50.1751,284.9767,119.8852,0.84906
2026-09-30 11:38:00,49.564329,0.343463,49.440157,49.852286,49.400543,-0.10805,49.7407,285.2884,119.6426,0.8498
2026-09-30 11:40:00,49.563676,0.456469,49.365329,49.940957,49.384743,-0.0503,50.6331,285.2859,120.0576,0.84978
2026-09-30 11:42:00,49.580948,0.405472,49.3933,49.930114,49.419429,0.3796,49.9721,285.1086,120.3263,0.85025
2026-09-30 11:44:00,49.607295,0.41235,49.454514,49.936929,49.430443,-0.0602,50.5144,285.0209,120.0086,0.84994
2026-09-30 11:46:00,49.560352,0.401337,49.354843,49.897414,49.4288,-0.10065,49.9084,285.1024,119.7373,0.84949
2026-09-30 11:48:00,49.5277,0.430329,49.383271,49.933129,49.2667,0.1236,50.1235,284.8287,120.377,0.84998
2026-09-30 11:50:00,49.574448,0.382252,49.373057,49.905557,49.444729,0.379,49.8729,285.1042,120.1079,0.85073
2026-09-30 11:52:00,49.611414,0.393881,49.397771,49.987457,49.449014,0.0274,50.4274,285.1513,119.9739,0.84945
2026-09-30 11:54:00,49.626438,0.440577,49.475271,50.017414,49.386629,0.2826,50.1711,284.9967,119.9383,0.85051
2026-09-30 11:56:00,49.568795,0.428594,49.355543,49.956771,49.394071,0.1837,50.1594,284.7923,120.6167,0.85061
2026-09-30 11:58:00,49.546,0.398244,49.431057,49.8397,49.367243,0.22425,50.1085,285.1066,119.8061,0.84996
2026-09-30 12:00:00,49.545567,0.446585,49.2974,49.941186,49.398114,-0.12785,49.9147,284.9348,119.9369,0.85045
2026-09-30 12:02:00,49.599719,0.445887,49.393029,50.019486,49.386643,-0.00075,50.092,285.0037,119.9826,0.85024
2026-09-30 12:04:00,49.538067,0.522983,49.323029,50.084157,49.207014,-0.4472,49.9175,284.8951,120.0475,0.84993
2026-09-30 12:06:00,49.613886,0.45371,49.466571,49.972143,49.402943,-0.00755,49.9146,285.0343,119.9735,0.84993
2026-09-30 12:08:00,49.502071,0.423342,49.271771,49.891114,49.343329,0.0914,50.3042,284.8047,119.9065,0.84989
2026-09-30 12:10:00,49.520548,0.385401,49.330829,49.916443,49.314371,-0.1149,50.2778,285.108,120.1554,0.84876
2026-09-30 12:12:00,49.501952,0.443449,49.281786,49.9399,49.284171,-0.29425,50.0056,284.9672,120.064,0.84963
2026-09-30 12:14:00,49.594295,0.461195,49.3712,49.996871,49.414814,0.1962,49.7765,284.9542,120.312,0.8495
2026-09-30 12:16:00,49.556605,0.440144,49.433286,49.963557,49.272971,0.2111,49.8745,285.1953,120.1795,0.84946
2026-09-30 12:18:00,49.558914,0.367426,49.3469,49.913014,49.416829,-0.14945,49.4995,285.3715,119.7104,0.85071
2026-09-30 12:20:00,49.594829,0.409201,49.402586,49.929643,49.452257,0.3338,49.6224,284.9794,120.0493,0.85071
2026-09-30 12:22:00,49.601452,0.383406,49.474057,49.890357,49.439943,0.08335,49.9726,284.9632,119.9951,0.84928
2026-09-30 12:24:00,49.483986,0.407489,49.345471,49.866186,49.2403,-0.15865,49.9817,284.8577,119.8974,0.85071
2026-09-30 12:26:00,49.53821,0.352232,49.352243,49.904457,49.357929,-0.18975,49.8469,285.0515,120.1666,0.85048
2026-09-30 12:28:00,49.555224,0.416746,49.355243,49.975729,49.3347,-0.1313,49.9926,285.1505,120.1628,0.84969
2026-09-30 12:30:00,49.545162,0.444966,49.292414,49.946929,49.396143,-0.16055,50.4951,285.0484,119.8428,0.85077
2026-09-30 12:32:00,49.525543,0.403899,49.394643,49.803471,49.378514,-0.123,50.1765,284.9621,120.3523,0.85055
2026-09-30 12:34:00,49.570148,0.477824,49.361371,50.0052,49.343871,0.14325,50.3607,285.1379,119.9793,0.85054
2026-09-30 12:36:00,49.56279,0.455083,49.445,49.923086,49.320286,0.0362,49.9828,285.0675,120.0727,0.85067
2026-09-30 12:38:00,49.596576,0.449634,49.347529,50.014686,49.427514,0.17795,50.023,284.7883,119.7036,0.85054
2026-09-30 12:40:00,49.565452,0.412306,49.344457,49.971257,49.380643,0.0787,49.9791,285.1149,120.0981,0.8505
2026-09-30 12:42:00,49.531214,0.43274,49.387614,49.890443,49.315586,0.0755,49.9066,285.2385,119.7745,0.84933
2026-09-30 12:44:00,49.529948,0.427509,49.410457,49.943129,49.236257,0.03855,49.9826,285.1297,119.7004,0.84919
2026-09-30 12:46:00,49.612571,0.415587,49.4888,49.986514,49.3624,0.30065,50.1331,285.1492,120.027,0.85102
2026-09-30 12:48:00,49.507414,0.398244,49.309371,49.8706,49.342271,0.00235,49.7216,284.9723,120.269,0.85056
2026-09-30 12:50:00,49.520705,0.39918,49.359814,49.862114,49.340186,0.0698,50.2296,284.8521,119.8699,0.8504
2026-09-30 12:52:00,49.572433,0.408048,49.363029,49.961471,49.3928,0.17255,50.0305,285.1536,119.7992,0.85037
2026-09-30 12:54:00,49.611919,0.432301,49.4118,50.036657,49.3873,-0.16955,49.8306,285.2959,120.2365,0.85045
2026-09-30 12:56:00,49.561862,0.421231,49.393471,49.958771,49.333343,0.09825,49.87,284.9696,120.2003,0.85067
2026-09-30 12:58:00,49.558876,0.466559,49.406371,49.988243,49.282014,0.0258,49.512,284.8938,119.9969,0.85042
2026-09-30 13:00:00,49.530405,0.392451,49.325814,49.879114,49.386286,-0.03325,49.8677,285.003,120.0663,0.85012
2026-09-30 13:02:00,49.484476,0.434779,49.2114,49.916886,49.325143,0.0568,50.1516,285.0911,119.8063,0.85015
2026-09-30 13:04:00,49.589271,0.399159,49.374343,49.902686,49.490786,0.35325,49.6065,284.9668,119.7545,0.8497
2026-09-30 13:06:00,49.576914,0.405707,49.387286,49.956843,49.386614,0.04955,49.9267,284.9866,119.7343,0.85074
2026-09-30 13:08:00,49.594429,0.451711,49.366829,50.044214,49.372243,-0.1903,50.1349,285.1428,119.9367,0.85049
2026-09-30 13:10:00,49.547243,0.444998,49.309429,49.994129,49.338171,-0.143,49.4808,285.2499,120.1585,0.84936
2026-09-30 13:12:00,49.564081,0.389945,49.403771,49.907514,49.380957,0.31745,49.6256,285.1253,119.9394,0.8508
2026-09-30 13:14:00,49.542933,0.434483,49.341571,49.9403,49.346929,-0.19825,50.0929,285.0313,120.007,0.84896
2026-09-30 13:16:00,49.570219,0.449068,49.2913,49.971786,49.447571,-0.01125,50.3967,285.1384,120.1395,0.84964
2026-09-30 13:18:00,49.523243,0.438372,49.410429,49.908029,49.251271,0.3849,49.6167,285.0738,119.5882,0.85
2026-09-30 13:20:00,49.516624,0.476057,49.258786,49.988271,49.302814,-0.1916,49.7702,284.9865,120.1903,0.84965
2026-09-30 13:22:00,49.52849,0.50849,49.275271,50.050286,49.259914,-0.0234,50.1088,284.8961,120.0681,0.84969
2026-09-30 13:24:00,49.614652,0.459817,49.372857,50.003,49.4681,-0.10255,49.5057,285.1783,119.7998,0.84998
2026-09-30 13:26:00,49.590371,0.384418,49.391271,49.936643,49.4432,0.33545,49.9759,285.0449,119.9555,0.8508
2026-09-30 13:28:00,49.571143,0.400009,49.424157,49.857729,49.431543,0.0632,50.0377,285.3764,119.7086,0.84998
2026-09-30 13:30:00,49.567281,0.425047,49.461529,49.882114,49.3582,0.06395,50.0283,285.1582,120.1153,0.84921
2026-09-30 13:32:00,49.568967,0.429995,49.409971,49.978,49.318929,0.32615,50.1325,285.0599,120.0044,0.84878
2026-09-30 13:34:00,49.523195,0.500035,49.225386,50.005271,49.338929,-0.0047,50.1362,284.9968,119.9585,0.84919
2026-09-30 13:36:00,49.518633,0.417818,49.401357,49.857943,49.2966,0.0979,50.0001,285.0925,119.7548,0.85135
2026-09-30 13:38:00,49.570652,0.432359,49.391371,49.9877,49.332886,-0.05495,50.1007,285.1874,120.0824,0.84921
2026-09-30 13:40:00,49.564471,0.489166,49.231243,50.075343,49.386829,-0.08835,50.4648,285.0694,120.0977,0.85012
2026-09-30 13:42:00,49.630738,0.49752,49.4421,50.059143,49.390971,0.20685,49.761,285.2638,120.1246,0.85
2026-09-30 13:44:00,49.597805,0.415577,49.454586,49.943186,49.395643,0.36895,50.001,284.9869,119.6987,0.85009
2026-09-30 13:46:00,49.613129,0.388321,49.444829,49.922371,49.472186,-0.09395,49.8992,284.9488,119.9343,0.8498
2026-09-30 13:48:00,49.493829,0.431941,49.276357,49.915471,49.289657,0.0772,49.926,285.0166,119.9099,0.85073
2026-09-30 13:50:00,49.611848,0.417144,49.4079,50.018214,49.409429,0.11995,49.9127,284.6928,120.172,0.84968
2026-09-30 13:52:00,49.579076,0.43796,49.461771,49.979014,49.296443,0.21675,50.346,285.0978,120.1519,0.84969
2026-09-30 13:54:00,49.589419,0.424355,49.422257,49.938243,49.407757,0.136,49.8569,284.8572,120.0908,0.84979
2026-09-30 13:56:00,49.5681,0.441277,49.325957,50.037414,49.340929,-0.0478,49.9064,284.8959,120.1757,0.849
2026-09-30 13:58:00,49.513743,0.427868,49.3604,49.881543,49.299286,0.20785,49.8368,284.8383,120.0126,0.84959
2026-09-30 14:00:00,49.603214,0.41976,49.427386,49.919343,49.462914,0.29885,50.1239,285.1478,120.481,0.85074
2026-09-30 14:02:00,49.559148,0.436832,49.383443,49.9733,49.3207,0.2826,49.8995,285.0318,119.9526,0.84992
2026-09-30 14:04:00,49.599843,0.398818,49.4446,49.944371,49.410557,0.4346,49.6212,284.9018,119.9933,0.85046
2026-09-30 14:06:00,49.57731,0.413771,49.387929,49.952014,49.391986,0.21795,50.0506,284.9735,119.7738,0.84999
2026-09-30 14:08:00,49.611524,0.443375,49.439814,50.0107,49.384057,0.35875,50.1149,285.0169,120.0591,0.84982
2026-09-30 14:10:00,49.549443,0.469927,49.355229,49.949057,49.344043,0.19945,50.0529,284.9778,120.0517,0.84907
2026-09-30 14:12:00,49.566062,0.381036,49.4758,49.849486,49.3729,0.4071,50.3153,284.8594,120.2306,0.84987
2026-09-30 14:14:00,49.571552,0.47045,49.428871,49.964086,49.3217,0.3487,49.962,284.9046,120.0735,0.84982
2026-09-30 14:16:00,49.562524,0.463838,49.338971,49.989771,49.358829,0.2104,50.0466,285.1546,119.765,0.85057
2026-09-30 14:18:00,49.571419,0.338596,49.419314,49.810429,49.484514,-0.0679,49.9983,285.1807,120.008,0.84925
2026-09-30 14:20:00,49.572976,0.424757,49.448229,49.930071,49.340629,0.37835,50.2614,285.2269,120.015,0.85003
2026-09-30 14:22:00,49.630971,0.474775,49.4261,50.081114,49.3857,0.32655,50.094,284.9323,120.1289,0.84984
2026-09-30 14:24:00,49.612152,0.484966,49.419229,50.039914,49.377314,0.2155,50.071,284.8839,120.0204,0.84982
2026-09-30 14:26:00,49.617667,0.520575,49.432443,50.073557,49.347,0.07445,50.8505,284.7824,119.9072,0.85032
2026-09-30 14:28:00,49.595367,0.421947,49.401514,49.958943,49.425643,0.29465,50.1111,284.992,120.0247,0.84946
2026-09-30 14:30:00,49.531595,0.456817,49.3249,49.872357,49.397529,0.58235,50.3255,284.9385,120.0325,0.85137
2026-09-30 14:32:00,49.600814,0.43891,49.488086,49.983386,49.330971,0.42765,50.1291,284.9365,119.8037,0.84979
2026-09-30 14:34:00,49.62291,0.455392,49.4533,49.994457,49.420971,0.6494,50.189,285.1869,119.8466,0.84955
2026-09-30 14:36:00,49.61951,0.445153,49.413829,49.985343,49.459357,0.378,50.2938,285.0508,120.0215,0.8497
2026-09-30 14:38:00,49.601443,0.516778,49.355871,50.032714,49.415743,0.3451,50.3531,284.91,120.2054,0.85045
2026-09-30 14:40:00,49.57241,0.428442,49.401686,49.904514,49.411029,0.74045,50.0061,285.0027,120.0357,0.84959
2026-09-30 14:42:00,49.567314,0.436799,49.450143,49.8974,49.3544,0.31435,50.813,284.795,119.9957,0.85007
2026-09-30 14:44:00,49.5856,0.456513,49.453986,49.958386,49.344429,0.66005,50.3598,284.9059,120.0932,0.85
2026-09-30 14:46:00,49.603662,0.404568,49.487743,49.903129,49.420114,0.42895,50.7507,284.9887,120.0131,0.84959
2026-09-30 14:48:00,49.593567,0.451547,49.4379,49.959829,49.382971,0.5013,50.2837,284.9029,119.702,0.84942
2026-09-30 14:50:00,49.583786,0.465398,49.3354,49.996486,49.419471,0.582,50.5049,284.8334,119.901,0.84991
2026-09-30 14:52:00,49.561262,0.488478,49.474086,49.930171,49.279529,0.5316,50.4033,284.8463,120.2369,0.84966
2026-09-30 14:54:00,49.524843,0.45431,49.401029,49.889086,49.284414,0.46465,50.3641,285.2008,120.0257,0.84993
2026-09-30 14:56:00,49.5343,0.466732,49.297229,49.896614,49.409057,0.6474,50.0561,284.8449,119.7908,0.8499
2026-09-30 14:58:00,49.59161,0.430795,49.513386,49.891857,49.369586,0.30635,50.5683,284.8971,119.5494,0.85086
2026-09-30 15:00:00,49.554676,0.450925,49.472186,49.894529,49.297314,0.60535,50.2962,285.0474,120.0308,0.85008
2026-09-30 15:02:00,49.562267,0.487031,49.400257,49.950886,49.335657,0.7159,50.0965,284.94,119.9772,0.85021
2026-09-30 15:04:00,49.595029,0.47487,49.5062,49.959786,49.3191,0.4946,50.1064,284.8843,120.4309,0.85007
2026-09-30 15:06:00,49.577095,0.435943,49.4434,49.9512,49.336686,0.48535,50.9572,285.0555,119.8276,0.8506
2026-09-30 15:08:00,49.572881,0.49359,49.4242,50.000543,49.2939,0.6556,50.3317,284.8798,120.1229,0.84979
2026-09-30 15:10:00,49.593257,0.470704,49.475171,49.891229,49.413371,0.7907,50.4242,285.235,120.2385,0.85133
2026-09-30 15:12:00,49.62501,0.428754,49.456414,49.951429,49.467186,0.72275,50.7884,284.8623,120.1286,0.85064
2026-09-30 15:14:00,49.566305,0.459522,49.461614,49.911186,49.326114,0.62645,50.6728,284.8951,119.7943,0.85039
2026-09-30 15:16:00,49.568938,0.479189,49.510086,49.890171,49.306557,0.9021,50.7686,285.0797,120.0321,0.85015
2026-09-30 15:18:00,49.615829,0.456358,49.539057,49.921829,49.3866,0.93465,50.2558,284.7331,119.8474,0.84965
2026-09-30 15:20:00,49.591167,0.493993,49.411171,50.012757,49.349571,0.7195,50.6155,285.0062,119.9261,0.85019
2026-09-30 15:22:00,49.623143,0.448999,49.429343,49.949529,49.490557,0.5469,50.561,284.9719,120.1309,0.85083
2026-09-30 15:24:00,49.608438,0.51003,49.461486,49.986514,49.377314,0.8424,49.9131,285.1506,119.6947,0.85001
2026-09-30 15:26:00,49.575062,0.410481,49.537857,49.805414,49.381914,0.6459,50.6288,284.9809,120.1877,0.85003
2026-09-30 15:28:00,49.588157,0.509253,49.435886,49.9418,49.386786,0.99765,50.4786,285.0161,120.3234,0.85033
2026-09-30 15:30:00,49.578571,0.51078,49.458771,49.914886,49.362057,0.9265,50.3548,285.1499,120.1554,0.84967
2026-09-30 15:32:00,49.556576,0.457577,49.468314,49.924871,49.276543,0.4665,50.4294,285.0261,119.9419,0.84995
2026-09-30 15:34:00,49.62011,0.499076,49.512929,49.980786,49.366614,0.6592,50.1373,284.8495,120.3469,0.85056
2026-09-30 15:36:00,49.583224,0.429297,49.512914,49.884271,49.352486,0.8462,50.3317,284.8425,120.3679,0.8501
2026-09-30 15:38:00,49.622314,0.519729,49.476571,50.071686,49.318686,0.73885,50.8141,284.893,119.8239,0.85032
2026-09-30 15:40:00,49.614681,0.435714,49.559929,49.852443,49.431671,0.7029,50.1815,285.0357,120.0653,0.85012
2026-09-30 15:42:00,49.595062,0.480688,49.528043,49.955957,49.301186,0.78145,50.7468,284.7359,120.0309,0.84967
2026-09-30 15:44:00,49.6236,0.49908,49.502157,50.0192,49.349443,0.89315,50.4148,285.0048,120.1105,0.84961
2026-09-30 15:46:00,49.58661,0.460878,49.4463,49.901771,49.411757,0.76825,50.7076,285.16,120.0972,0.84986
2026-09-30 15:48:00,49.589305,0.456946,49.452757,49.8893,49.425857,0.87255,50.6253,284.9094,119.8549,0.85057
2026-09-30 15:50:00,49.562005,0.47727,49.389371,49.976986,49.319657,0.5298,50.4101,284.8388,119.9234,0.85063
2026-09-30 15:52:00,49.577595,0.475384,49.4177,49.924986,49.3901,0.7571,50.5684,285.1271,120.0698,0.84939
2026-09-30 15:54:00,49.635433,0.460462,49.548329,49.947986,49.409986,0.85885,50.4177,284.9847,120.3785,0.84999
2026-09-30 15:56:00,49.563776,0.501174,49.442843,49.894871,49.353614,0.9293,50.8449,285.3602,120.2044,0.85011
2026-09-30 15:58:00,49.640633,0.48145,49.549543,49.947343,49.425014,1.01975,50.7954,284.9929,120.2671,0.84933
2026-09-30 16:00:00,49.668548,0.501808,49.587714,49.963829,49.4541,0.98135,50.7288,285.0122,120.1387,0.85
2026-09-30 16:02:00,49.60309,0.466344,49.563629,49.918957,49.326686,1.16885,50.3828,285.0612,119.9741,0.85012
2026-09-30 16:04:00,49.61281,0.501328,49.474,49.925229,49.4392,0.7867,50.5171,285.0668,119.8989,0.84951
2026-09-30 16:06:00,49.639076,0.489373,49.496071,49.998886,49.422271,0.84935,51.0292,285.152,119.753,0.85058
2026-09-30 16:08:00,49.600443,0.544966,49.514657,49.885,49.401671,1.08965,50.3694,285.0466,119.9956,0.84978
2026-09-30 16:10:00,49.595848,0.454227,49.523829,49.880843,49.382871,0.8724,50.8166,284.9799,120.0677,0.84977
2026-09-30 16:12:00,49.623667,0.515685,49.547014,50.009143,49.314843,1.2325,50.6089,284.9398,119.8816,0.84989
2026-09-30 16:14:00,49.640771,0.478891,49.545257,49.998686,49.378371,0.89195,50.7974,284.8762,119.6783,0.85003
2026-09-30 16:16:00,49.571657,0.507057,49.596986,49.853929,49.264057,1.3918,50.8985,285.3228,119.6119,0.8508
2026-09-30 16:18:00,49.643924,0.497467,49.552714,50.002071,49.376986,0.87795,50.8076,285.0601,119.6347,0.84924
2026-09-30 16:20:00,49.660857,0.554628,49.569286,49.992971,49.420314,0.9516,50.8963,285.1894,120.2954,0.85033
2026-09-30 16:22:00,49.582362,0.566386,49.492114,49.921786,49.333186,1.1063,50.442,285.0116,120.326,0.85047
2026-09-30 16:24:00,49.541457,0.485407,49.413743,49.908643,49.301986,1.04445,50.4438,285.0189,120.1891,0.85124
2026-09-30 16:26:00,49.577171,0.534861,49.410114,49.949886,49.371514,1.41855,50.2874,285.1013,120.1245,0.8504
2026-09-30 16:28:00,49.626852,0.522284,49.523443,49.954129,49.402986,0.95325,50.8109,285.0802,120.1048,0.84977
2026-09-30 16:30:00,49.572295,0.561504,49.558,49.845657,49.313229,1.4308,50.6588,285.1642,119.74,0.85025
2026-09-30 16:32:00,49.674129,0.520772,49.647643,50.017857,49.356886,1.20155,50.7062,285.1535,120.4632,0.84996
2026-09-30 16:34:00,49.635567,0.62376,49.499743,50.085614,49.321343,1.34405,50.8526,285.0914,119.9963,0.84976
2026-09-30 16:36:00,49.602862,0.53703,49.543029,49.933543,49.332014,1.423,50.6313,285.0291,120.029,0.85034
2026-09-30 16:38:00,49.70319,0.508753,49.602671,50.010314,49.496586,1.40785,50.684,285.1404,119.9198,0.85059
2026-09-30 16:40:00,49.604748,0.544554,49.505657,49.992071,49.316514,1.1417,50.5066,285.0485,119.7195,0.84898
2026-09-30 16:42:00,49.611448,0.515637,49.552286,49.870886,49.411171,1.0493,50.6391,285.181,120.0609,0.84992
2026-09-30 16:44:00,49.578805,0.496118,49.573071,49.863271,49.300071,1.06795,50.5403,284.8494,120.2132,0.85062
2026-09-30 16:46:00,49.643533,0.521275,49.595114,49.964857,49.370629,1.1508,50.8521,285.2459,120.0999,0.84995
2026-09-30 16:48:00,49.596752,0.553566,49.489357,49.943129,49.357771,1.30725,51.2669,285.0171,119.7381,0.85074
2026-09-30 16:50:00,49.619329,0.579624,49.5344,50.014114,49.309471,1.53285,51.2135,284.73,119.5744,0.84983
2026-09-30 16:52:00,49.5768,0.46614,49.519371,49.870229,49.3408,1.06715,50.6112,285.0994,120.3291,0.85029
2026-09-30 16:54:00,49.565552,0.571778,49.5186,49.882271,49.295786,1.3555,50.8933,285.1412,120.2294,0.85023
2026-09-30 16:56:00,49.572367,0.521133,49.473214,49.859157,49.384729,1.43675,50.8041,285.001,119.7286,0.8497
2026-09-30 16:58:00,49.642876,0.586651,49.5525,49.996171,49.379957,1.4271,50.3471,285.0515,119.9247,0.85001
2026-09-30 17:00:00,49.646014,0.55728,49.506643,50.065686,49.365714,1.322,50.2522,285.0543,120.3993,0.85025
2026-09-30 17:02:00,49.5827,0.547284,49.537943,49.960771,49.249386,1.444,50.6327,284.9072,119.9326,0.85006
2026-09-30 17:04:00,49.667629,0.495371,49.575343,50.012471,49.415071,0.98635,50.7669,285.2196,119.9348,0.85064
2026-09-30 17:06:00,49.5956,0.556235,49.5428,49.907529,49.336471,1.35895,50.4713,284.863,120.0233,0.85058
2026-09-30 17:08:00,49.619276,0.513498,49.558857,49.890086,49.408886,1.3539,50.5703,284.9361,120.0821,0.85043
2026-09-30 17:10:00,49.662771,0.564417,49.5487,49.964229,49.475386,1.7663,50.6026,284.6451,119.9823,0.8503
2026-09-30 17:12:00,49.571938,0.549976,49.4904,49.875471,49.349943,1.32195,50.5876,285.1069,120.1878,0.85017
2026-09-30 17:14:00,49.62459,0.533166,49.504657,49.970714,49.3984,1.4885,50.5164,284.9033,119.9504,0.85064
2026-09-30 17:16:00,49.62991,0.553503,49.592857,49.960914,49.335957,1.4327,50.7869,285.2444,119.8888,0.84986
2026-09-30 17:18:00,49.650976,0.548834,49.541429,49.966371,49.445129,1.2969,51.0165,284.7631,119.6521,0.84953
2026-09-30 17:20:00,49.596138,0.540704,49.545243,49.856043,49.387129,1.7231,50.9305,285.2286,120.0569,0.84962
2026-09-30 17:22:00,49.548448,0.576666,49.488914,49.8432,49.313229,1.61325,50.646,284.6679,120.4256,0.85051
2026-09-30 17:24:00,49.618605,0.582952,49.460214,49.958029,49.437571,1.52035,50.8353,284.9702,120.1165,0.8503
2026-09-30 17:26:00,49.607843,0.597258,49.574486,49.964286,49.284757,1.5411,50.8934,284.9935,120.2435,0.85016
2026-09-30 17:28:00,49.600686,0.583623,49.563129,49.8467,49.392229,1.72275,50.4161,284.9322,120.069,0.85083
2026-09-30 17:30:00,49.58479,0.621056,49.481471,49.954086,49.318814,1.60685,51.1397,285.2152,120.0622,0.85023
2026-09-30 17:32:00,49.647338,0.625178,49.644314,49.952457,49.345243,1.6915,50.7288,284.8596,119.5909,0.85043
2026-09-30 17:34:00,49.661305,0.603223,49.703943,49.978186,49.301786,1.9522,50.5894,284.9449,119.9228,0.8503
2026-09-30 17:36:00,49.643171,0.570226,49.563029,49.917771,49.448714,1.5243,51.552,285.0007,119.6112,0.85024
2026-09-30 17:38:00,49.616919,0.606485,49.537514,49.938943,49.3743,1.4985,50.6721,284.9854,119.8374,0.85022
2026-09-30 17:40:00,49.615662,0.550907,49.548571,49.934671,49.363743,1.5427,50.8557,284.9535,119.9057,0.84995
2026-09-30 17:42:00,49.662257,0.60288,49.598343,50.054871,49.333557,1.5449,50.759,285.0501,119.9173,0.84932
2026-09-30 17:44:00,49.651443,0.617159,49.636314,49.966357,49.351657,1.9771,51.193,284.9566,119.818,0.84973
2026-09-30 17:46:00,49.619671,0.621776,49.501914,50.017014,49.340086,1.59125,50.8859,285.1959,120.0056,0.84976
2026-09-30 17:48:00,49.694581,0.586846,49.611057,50.073786,49.3989,1.63085,50.5994,284.9835,119.9791,0.84987
2026-09-30 17:50:00,49.661114,0.642121,49.575286,50.022814,49.385243,1.94135,50.4367,285.0609,120.0937,0.85047
2026-09-30 17:52:00,49.613038,0.617618,49.581757,49.964414,49.292943,1.7895,50.8444,285.076,119.8842,0.85087
2026-09-30 17:54:00,49.581614,0.542679,49.616057,49.834471,49.294314,1.6651,51.4765,285.2017,119.9711,0.85029
2026-09-30 17:56:00,49.646424,0.604725,49.607257,49.9077,49.424314,1.9788,50.7291,284.9378,119.8356,0.85133
2026-09-30 17:58:00,49.660724,0.576149,49.630514,49.921443,49.430214,1.7998,51.3139,285.0775,120.0154,0.8492
2026-09-30 18:00:00,49.643962,0.530766,49.605514,49.978343,49.348029,1.3633,50.7936,284.7785,119.9562,0.84982
2026-09-30 18:02:00,49.725538,0.669155,49.630929,50.050757,49.494929,1.85355,50.639,285.0522,120.2853,0.85023
2026-09-30 18:04:00,49.625567,0.615133,49.668314,49.952514,49.255871,1.77965,50.4456,285.1205,120.2314,0.84872
2026-09-30 18:06:00,49.6251,0.601897,49.604971,49.912257,49.358071,1.9093,50.987,285.1556,120.072,0.85009
2026-09-30 18:08:00,49.598057,0.645609,49.583943,49.953014,49.257214,1.94945,51.1034,285.0583,120.4016,0.85055
2026-09-30 18:10:00,49.667143,0.672159,49.597071,49.9612,49.443157,2.0283,51.016,284.8796,119.6636,0.84988
2026-09-30 18:12:00,49.584629,0.563026,49.566271,49.8506,49.337014,1.53955,50.5421,284.689,119.8872,0.84907
2026-09-30 18:14:00,49.689357,0.608628,49.597343,49.957857,49.512871,1.8457,50.9058,284.7296,119.8833,0.85059
2026-09-30 18:16:00,49.687505,0.601908,49.688086,49.966686,49.407743,1.93865,51.1471,285.0092,120.2474,0.85119
2026-09-30 18:18:00,49.607119,0.634258,49.744357,49.782586,49.294414,1.9732,50.9392,285.0535,119.7975,0.84899
2026-09-30 18:20:00,49.6418,0.622772,49.682386,49.899071,49.343943,2.052,51.1942,285.0519,119.7733,0.85061
2026-09-30 18:22:00,49.627805,0.611362,49.529029,49.958014,49.396371,1.73605,51.6244,285.0914,119.7183,0.84909
2026-09-30 18:24:00,49.62279,0.639614,49.520129,49.988343,49.3599,1.69565,50.7563,284.8517,120.0966,0.85042
2026-09-30 18:26:00,49.616562,0.626886,49.634257,49.878857,49.336571,2.15265,51.7567,285.0083,120.0256,0.84982
2026-09-30 18:28:00,49.715233,0.65,49.707629,50.076214,49.361857,1.86385,51.1922,285.1342,120.0425,0.84934
2026-09-30 18:30:00,49.688767,0.61967,49.680057,49.976271,49.409971,1.80705,51.0092,284.9448,120.2066,0.85009
2026-09-30 18:32:00,49.677686,0.621438,49.599343,49.986514,49.4472,1.75795,51.0143,284.6628,119.9294,0.84963
2026-09-30 18:34:00,49.642295,0.593949,49.6515,49.964257,49.311129,1.6618,51.0599,284.9346,120.0679,0.85101
2026-09-30 18:36:00,49.697429,0.532478,49.735557,49.909457,49.447271,1.7035,50.8664,285.0433,120.0945,0.84993
2026-09-30 18:38:00,49.656419,0.631581,49.5331,49.963114,49.473043,2.05135,50.951,284.8899,119.9064,0.85023
2026-09-30 18:40:00,49.672914,0.623573,49.638386,50.026914,49.353443,1.8513,51.4424,284.855,119.8891,0.85006
2026-09-30 18:42:00,49.690867,0.615293,49.693429,49.9303,49.448871,2.1006,51.3157,284.7724,119.9581,0.85054
2026-09-30 18:44:00,49.659971,0.567137,49.719929,49.8898,49.370186,1.78985,51.2118,285.2927,120.1578,0.84964
2026-09-30 18:46:00,49.630157,0.572497,49.660057,49.798686,49.431729,1.71485,51.1276,285.0702,120.0639,0.85121
2026-09-30 18:48:00,49.677667,0.663624,49.6455,50.0217,49.3658,2.08815,50.9409,284.8238,120.0462,0.85018
2026-09-30 18:50:00,49.670105,0.600385,49.560657,50.006629,49.443029,1.87525,51.228,285.061,120.103,0.85019
2026-09-30 18:52:00,49.685262,0.641922,49.595057,49.923571,49.537157,2.23605,51.1047,285.0512,120.2597,0.85009
2026-09-30 18:54:00,49.64451,0.625388,49.5975,50.021029,49.315,1.74615,51.2746,285.1605,120.1767,0.85017
2026-09-30 18:56:00,49.676014,0.649286,49.621186,49.9894,49.417457,2.17715,51.5276,284.8537,120.2311,0.84988
2026-09-30 18:58:00,49.592605,0.692738,49.5862,49.867843,49.323771,2.14335,50.6814,285.1607,119.8207,0.8498
2026-09-30 19:00:00,49.718838,0.670903,49.664343,49.967657,49.524514,2.1933,50.7549,285.1055,120.0467,0.84986
2026-09-30 19:02:00,49.586405,0.641466,49.609329,49.860971,49.288914,1.86255,51.5293,284.825,120.0261,0.85022
2026-09-30 19:04:00,49.661467,0.716365,49.669214,49.979271,49.335914,2.3991,50.9376,285.0151,120.1735,0.85064
2026-09-30 19:06:00,49.650162,0.675309,49.7104,49.948329,49.291757,2.17135,51.7242,285.0213,119.6999,0.85025
2026-09-30 19:08:00,49.655495,0.676194,49.632429,49.9237,49.410357,1.97745,51.2881,285.0342,120.0314,0.84995
2026-09-30 19:10:00,49.602495,0.660512,49.559786,50.009771,49.237929,2.0031,51.9077,284.6831,120.0873,0.85032
2026-09-30 19:12:00,49.700843,0.6629,49.784029,50.015586,49.302914,2.04035,51.3369,285.0247,120.2497,0.85059
2026-09-30 19:14:00,49.70531,0.699627,49.745886,50.035071,49.334971,2.2183,51.4638,284.9357,120.005,0.85037
2026-09-30 19:16:00,49.686233,0.633059,49.717614,49.953086,49.388,2.04205,51.0524,285.1073,119.7111,0.85105
2026-09-30 19:18:00,49.690343,0.66435,49.738229,49.911729,49.421071,2.0391,51.0878,285.0185,120.0959,0.85009
2026-09-30 19:20:00,49.64579,0.710316,49.632386,49.9019,49.403086,2.53825,51.3561,284.9069,119.7824,0.8501
2026-09-30 19:22:00,49.658967,0.76209,49.677757,49.991457,49.307686,2.42665,51.1268,284.8492,120.2909,0.84972
2026-09-30 19:24:00,49.634176,0.744087,49.5735,50.033271,49.295757,2.4164,51.306,284.9506,119.7987,0.84961
2026-09-30 19:26:00,49.689376,0.735466,49.806457,49.957471,49.3042,2.28285,51.6163,285.0286,119.6918,0.85021
2026-09-30 19:28:00,49.652833,0.665719,49.688643,49.9425,49.327357,2.11225,51.1568,284.9803,119.9222,0.84986
2026-09-30 19:30:00,49.658319,0.73607,49.651243,49.949171,49.374543,2.54235,51.1381,284.7912,119.9558,0.85046
2026-09-30 19:32:00,49.66539,0.642989,49.696586,49.934229,49.365357,2.17725,51.3885,285.2153,120.0778,0.84993
2026-09-30 19:34:00,49.697743,0.747405,49.755343,49.962529,49.375357,2.5296,51.2914,285.11,119.8916,0.85012
2026-09-30 19:36:00,49.714262,0.691797,49.7343,49.975786,49.4327,2.1421,51.518,284.9986,120.1377,0.85115
2026-09-30 19:38:00,49.632981,0.736544,49.671329,49.955814,49.2718,2.3524,51.337,285.0179,120.1924,0.85056
2026-09-30 19:40:00,49.70061,0.735931,49.668143,50.053529,49.380157,2.3788,51.1193,285.0687,119.352,0.84965
2026-09-30 19:42:00,49.6403,0.724238,49.617314,50.029843,49.273743,2.3452,50.8676,285.0231,119.9487,0.84953
2026-09-30 19:44:00,49.693824,0.72925,49.647114,50.060129,49.374229,2.17505,51.4769,284.9608,119.6882,0.84981
2026-09-30 19:46:00,49.630976,0.706161,49.693114,49.9528,49.247014,2.16835,51.2276,285.1507,120.0725,0.85076
2026-09-30 19:48:00,49.664233,0.739398,49.662786,49.952871,49.377043,2.723,51.4359,284.9673,120.0446,0.84949
2026-09-30 19:50:00,49.7499,0.704992,49.729271,50.025986,49.494443,2.5383,50.9752,284.9488,119.86,0.85011
2026-09-30 19:52:00,49.687852,0.772051,49.670057,49.980186,49.413314,2.6201,51.2384,284.9973,119.9212,0.85098
2026-09-30 19:54:00,49.698476,0.669677,49.697171,49.998514,49.399743,2.1723,51.5164,284.9759,119.885,0.84985
2026-09-30 19:56:00,49.679786,0.741513,49.769514,49.927014,49.342829,2.4899,51.6914,285.015,119.7961,0.85008
2026-09-30 19:58:00,49.68579,0.769781,49.782657,49.926057,49.348657,2.72555,51.7057,285.4725,119.7943,0.85042
2026-09-30 20:00:00,49.636048,0.746938,49.700329,49.899429,49.308386,2.76345,51.7663,284.9194,120.1912,0.84916
2026-09-30 20:02:00,49.716771,0.753738,49.752386,50.022371,49.375557,2.6159,51.4533,285.0571,120.0384,0.85081
2026-09-30 20:04:00,49.701724,0.744288,49.6988,49.9808,49.425571,2.5401,51.7034,285.1158,119.9743,0.84991
2026-09-30 20:06:00,49.646148,0.731913,49.691914,49.947386,49.299143,2.38945,51.557,284.7853,120.035,0.8499
2026-09-30 20:08:00,49.717419,0.73168,49.747357,49.988957,49.415943,2.55485,51.42,284.9537,119.7148,0.84904
2026-09-30 20:10:00,49.629505,0.733377,49.707014,49.914857,49.266643,2.38185,51.2971,284.7776,120.0149,0.84962
2026-09-30 20:12:00,49.717424,0.731745,49.771186,50.022157,49.358929,2.3328,51.7493,284.891,119.9351,0.84855
2026-09-30 20:14:00,49.645538,0.706784,49.674586,49.937071,49.324957,2.25955,51.5146,284.782,120.2208,0.85077
2026-09-30 20:16:00,49.676314,0.730191,49.688343,49.947957,49.392643,2.36685,51.3345,285.0187,119.8139,0.85087
2026-09-30 20:18:00,49.663043,0.758184,49.734271,49.9777,49.277157,2.55255,51.4878,284.9063,119.7541,0.84958
2026-09-30 20:20:00,49.685376,0.764705,49.786,49.922886,49.347243,2.71,51.9951,285.1361,120.0505,0.85067
2026-09-30 20:22:00,49.650133,0.686948,49.738343,49.859886,49.352171,2.50985,51.1904,284.9485,120.085,0.85034
2026-09-30 20:24:00,49.637471,0.713841,49.630071,49.8946,49.387743,2.50795,51.2077,284.9352,120.0091,0.84954
2026-09-30 20:26:00,49.689271,0.74461,49.758114,49.959243,49.350457,2.45535,51.9061,284.9054,120.083,0.84945
2026-09-30 20:28:00,49.66851,0.759275,49.741157,49.934243,49.330129,2.61715,51.2072,284.8733,119.875,0.84904
2026-09-30 20:30:00,49.678862,0.691434,49.718986,50.012357,49.305243,2.2648,51.9098,285.137,120.1072,0.84917
2026-09-30 20:32:00,49.626362,0.784096,49.656657,49.965729,49.2567,2.50495,51.4333,284.8008,119.9011,0.849
2026-09-30 20:34:00,49.647943,0.745379,49.749557,49.852986,49.341286,2.52915,51.6809,285.162,119.7197,0.85038
2026-09-30 20:36:00,49.661757,0.72282,49.698971,49.933929,49.352371,2.38735,51.9128,284.9613,120.1569,0.85126
2026-09-30 20:38:00,49.724852,0.696677,49.881929,49.924057,49.368571,2.42225,51.9211,284.8117,120.302,0.85035
2026-09-30 20:40:00,49.606157,0.739166,49.609914,49.9411,49.267457,2.57455,51.7976,285.0027,120.0647,0.84895
2026-09-30 20:42:00,49.690114,0.758481,49.599829,50.055257,49.415257,2.5974,51.607,284.8994,120.0989,0.84981
2026-09-30 20:44:00,49.6988,0.764791,49.733243,50.007829,49.355329,2.6394,51.5515,284.8943,119.9414,0.84921
2026-09-30 20:46:00,49.636171,0.742586,49.675514,49.9001,49.3329,2.61635,51.5647,285.1694,120.2248,0.84951
2026-09-30 20:48:00,49.741986,0.763546,49.818086,49.987814,49.420057,2.7566,52.0234,285.0775,120.2698,0.85024
2026-09-30 20:50:00,49.670167,0.749711,49.707143,49.976457,49.3269,2.6995,51.7246,284.5941,119.975,0.84984
2026-09-30 20:52:00,49.640171,0.716276,49.613286,49.877743,49.429486,2.42225,51.9429,284.9589,120.1437,0.8496
2026-09-30 20:54:00,49.688943,0.760532,49.711129,49.942857,49.412843,2.76765,51.0704,284.9574,119.9345,0.84901
2026-09-30 20:56:00,49.657881,0.748104,49.611086,49.965829,49.396729,2.3631,51.5782,284.9192,120.273,0.85055
2026-09-30 20:58:00,49.649067,0.758256,49.671857,49.929186,49.346157,2.75715,51.7495,285.2126,120.2266,0.85027
2026-09-30 21:00:00,49.725376,0.693957,49.789671,49.936186,49.450271,2.3738,51.5861,284.8644,119.6683,0.85117
2026-09-30 21:02:00,49.686281,0.698659,49.765314,49.869971,49.423557,2.5924,52.2218,284.8676,119.9333,0.84924
2026-09-30 21:04:00,49.711905,0.755166,49.8086,49.976143,49.350971,2.5791,51.4141,285.0076,119.8426,0.85041
2026-09-30 21:06:00,49.722724,0.825067,49.777886,50.051871,49.338414,2.82655,51.8363,285.1477,119.8229,0.85044
2026-09-30 21:08:00,49.679724,0.74808,49.7224,49.929157,49.387614,2.7353,51.9349,284.7848,120.0293,0.85011
2026-09-30 21:10:00,49.641229,0.697312,49.6777,49.8093,49.436686,2.4281,51.5141,284.9578,120.1748,0.84959
2026-09-30 21:12:00,49.669838,0.714281,49.712186,49.934714,49.362614,2.40055,51.945,284.9429,120.0636,0.84978
2026-09-30 21:14:00,49.671886,0.686758,49.698114,49.964457,49.353086,2.12885,51.8425,285.0753,120.0379,0.85005
2026-09-30 21:16:00,49.697881,0.739559,49.810571,49.924943,49.358129,2.4861,52.4735,285.3144,119.5182,0.84888
2026-09-30 21:18:00,49.707243,0.707331,49.751786,49.9891,49.380843,2.5353,52.1209,285.1043,120.078,0.85044
2026-09-30 21:20:00,49.664929,0.753489,49.652757,49.956771,49.385257,2.4034,51.7507,284.9219,119.7966,0.85008
2026-09-30 21:22:00,49.678143,0.68797,49.706414,49.943871,49.384143,2.3083,52.0134,284.8754,120.1878,0.84983
2026-09-30 21:24:00,49.706652,0.719781,49.7928,49.9161,49.411057,2.65085,51.8795,284.6183,119.6337,0.85011
2026-09-30 21:26:00,49.611286,0.673557,49.693929,49.863729,49.2762,2.28885,51.6705,284.9957,119.7753,0.8501
2026-09-30 21:28:00,49.684257,0.73459,49.756143,49.963586,49.333043,2.39985,51.9576,285.1138,119.8452,0.85029
2026-09-30 21:30:00,49.7101,0.723137,49.8107,49.962,49.3576,2.5889,51.9245,285.0847,120.0437,0.85014
2026-09-30 21:32:00,49.681424,0.784603,49.718386,49.9104,49.415486,2.69995,52.2066,284.9096,119.9145,0.84954
2026-09-30 21:34:00,49.694552,0.688041,49.756414,49.942743,49.3845,2.148,51.4635,285.2154,120.0933,0.84966
2026-09-30 21:36:00,49.705267,0.758549,49.787614,49.972814,49.355371,2.6484,51.483,284.8237,119.9723,0.85009
2026-09-30 21:38:00,49.657929,0.776963,49.627571,50.0114,49.334814,2.79895,51.6381,285.1425,119.827,0.84999
2026-09-30 21:40:00,49.701624,0.737449,49.7153,50.001014,49.388557,2.5315,52.0038,285.0573,120.4762,0.8509
2026-09-30 21:42:00,49.747476,0.696495,49.739743,49.995771,49.506914,2.4786,52.1157,284.9044,120.2619,0.84966
2026-09-30 21:44:00,49.6436,0.748746,49.7284,49.879729,49.322671,2.5277,51.8224,285.138,119.6394,0.8498
2026-09-30 21:46:00,49.708814,0.713639,49.776843,49.884271,49.465329,2.39405,51.9237,284.8318,119.8202,0.84985
2026-09-30 21:48:00,49.664581,0.753345,49.688243,50.059429,49.246071,2.45535,51.8793,284.8605,119.9296,0.84921
2026-09-30 21:50:00,49.65699,0.79059,49.745543,49.916529,49.3089,2.8525,51.4694,285.0365,120.1569,0.85011
2026-09-30 21:52:00,49.663052,0.751071,49.738843,49.971143,49.279171,2.5563,51.6757,285.2617,120.0605,0.84947
2026-09-30 21:54:00,49.698967,0.7394,49.711843,49.969586,49.415471,2.5006,52.1199,285.1164,120.2401,0.84977
2026-09-30 21:56:00,49.649662,0.765506,49.670271,49.965686,49.313029,2.436,52.1107,284.8957,120.3503,0.84952
2026-09-30 21:58:00,49.634014,0.721076,49.699429,49.828871,49.373743,2.55285,52.2017,285.2301,119.8557,0.84993
2026-09-30 22:00:00,49.701562,0.804728,49.712171,50.062514,49.33,2.46885,52.0881,285.3475,120.1053,0.85011
2026-09-30 22:02:00,49.724133,0.721872,49.720271,50.061143,49.390986,2.2706,51.2936,285.0304,120.0593,0.84855
2026-09-30 22:04:00,49.647319,0.730523,49.626929,49.910286,49.404743,2.4433,52.0026,285.0028,119.8491,0.84997
2026-09-30 22:06:00,49.666852,0.716763,49.720857,49.942314,49.337386,2.3348,52.0268,284.8429,119.8424,0.8502
2026-09-30 22:08:00,49.660957,0.729348,49.701743,49.892743,49.388386,2.71975,51.6093,284.8392,119.9388,0.84936
2026-09-30 22:10:00,49.658086,0.726365,49.719714,49.863786,49.390757,2.62225,52.4218,284.7871,119.9954,0.84974
2026-09-30 22:12:00,49.667767,0.734537,49.745486,49.874414,49.3834,2.6051,51.9225,284.8457,119.7935,0.85106
2026-09-30 22:14:00,49.688276,0.707185,49.622614,50.061671,49.380543,2.2436,52.2058,284.7616,120.0397,0.84975
2026-09-30 22:16:00,49.656519,0.695537,49.706314,49.888071,49.375171,2.5645,52.1718,285.1768,120.2079,0.85031
2026-09-30 22:18:00,49.653914,0.764881,49.740243,49.833486,49.388014,2.82665,52.1355,285.0101,120.0396,0.8494
2026-09-30 22:20:00,49.709943,0.748693,49.752629,50.021157,49.356043,2.84955,52.3417,284.6536,119.9877,0.8506
2026-09-30 22:22:00,49.659662,0.770411,49.710886,49.972414,49.295686,2.58875,51.9623,285.0648,120.1701,0.84896
2026-09-30 22:24:00,49.68509,0.697302,49.714214,49.938271,49.402786,2.315,52.2432,285.0861,119.9043,0.85011
2026-09-30 22:26:00,49.634,0.704712,49.669957,49.951443,49.2806,2.21375,52.1267,284.8495,119.8515,0.84979
2026-09-30 22:28:00,49.708338,0.748588,49.825971,49.960643,49.3384,2.7774,51.7152,284.8978,119.5152,0.85011
2026-09-30 22:30:00,49.670129,0.776318,49.794714,49.945943,49.269729,2.63035,51.8675,284.7668,120.1026,0.84998
2026-09-30 22:32:00,49.715695,0.732487,49.791843,49.987271,49.367971,2.3221,51.736,285.1483,119.789,0.85032
2026-09-30 22:34:00,49.68799,0.759305,49.759086,49.984343,49.320543,2.8424,51.5969,284.7401,120.2894,0.84933
2026-09-30 22:36:00,49.673662,0.744254,49.7081,49.940471,49.372414,2.53135,51.6588,284.9278,120.2768,0.84923
2026-09-30 22:38:00,49.690171,0.744168,49.658814,49.981343,49.430357,2.64245,52.177,285.1709,119.7861,0.85026
2026-09-30 22:40:00,49.73799,0.634295,49.736257,49.950929,49.526786,2.19985,51.7082,284.8404,119.8245,0.85011
2026-09-30 22:42:00,49.726167,0.751454,49.792557,49.996486,49.389457,2.47335,52.3182,285.0307,119.7926,0.84873
2026-09-30 22:44:00,49.71709,0.724567,49.827871,49.985629,49.337771,2.3782,52.0158,285.047,119.7486,0.85094
2026-09-30 22:46:00,49.681457,0.729814,49.802414,49.954814,49.287143,2.34255,52.0205,284.7923,120.2278,0.84988
2026-09-30 22:48:00,49.641895,0.763721,49.6843,49.899771,49.341614,2.7018,51.7833,285.1625,119.9583,0.84994
2026-09-30 22:50:00,49.655033,0.754767,49.770671,49.865786,49.328643,2.6714,52.1964,284.8223,119.8317,0.84903
2026-09-30 22:52:00,49.637643,0.768921,49.7933,49.812943,49.306686,2.8469,51.8812,284.918,119.9504,0.85006
2026-09-30 22:54:00,49.72259,0.758112,49.743286,49.956157,49.468329,2.83835,52.2794,284.8314,120.0169,0.85023
2026-09-30 22:56:00,49.663676,0.734311,49.657657,49.962043,49.371329,2.64585,52.2981,285.0344,119.9997,0.85039
2026-09-30 22:58:00,49.682667,0.738882,49.776414,49.915471,49.356114,2.685,51.7043,284.9241,119.8965,0.84941
2026-09-30 23:00:00,49.762905,0.778604,49.800157,49.985471,49.503086,2.89215,52.2614,285.0282,119.9883,0.85185
2026-09-30 23:02:00,49.660743,0.784706,49.670071,49.989857,49.3223,2.3605,51.6304,284.904,119.8686,0.85047
2026-09-30 23:04:00,49.658895,0.679516,49.6361,49.893171,49.447414,2.1765,52.3606,285.1448,119.9983,0.85056
2026-09-30 23:06:00,49.662671,0.760209,49.711486,49.871929,49.4046,2.7231,51.6324,284.9625,120.0272,0.85113
2026-09-30 23:08:00,49.640695,0.689764,49.643629,49.910429,49.368029,2.4194,51.9058,285.0998,120.0123,0.84993
2026-09-30 23:10:00,49.734671,0.722122,49.780443,49.983143,49.440429,2.7116,52.5037,284.9095,119.4317,0.84876
2026-09-30 23:12:00,49.635767,0.758087,49.662557,49.9278,49.316943,2.55955,52.24,285.0835,119.6774,0.84897
2026-09-30 23:14:00,49.669286,0.748452,49.761543,49.896014,49.3503,2.79905,52.3668,284.7486,119.7666,0.84993
2026-09-30 23:16:00,49.658462,0.800406,49.6517,49.988914,49.334771,2.7616,51.587,284.8948,119.7654,0.85008
2026-09-30 23:18:00,49.657686,0.723059,49.672329,49.916457,49.384271,2.46735,52.4022,285.0561,119.9091,0.84992
2026-09-30 23:20:00,49.677571,0.777843,49.677671,49.932514,49.422529,2.725,52.0047,285.1567,119.6914,0.84975
2026-09-30 23:22:00,49.65349,0.742897,49.749786,49.943543,49.267143,2.51235,52.6376,284.975,120.0831,0.85037
2026-09-30 23:24:00,49.731681,0.720796,49.838029,49.983257,49.373757,2.3368,52.2424,285.2516,120.3717,0.85039
2026-09-30 23:26:00,49.731171,0.741725,49.773443,49.955014,49.465057,2.40095,52.2108,285.2117,120.0612,0.8498
2026-09-30 23:28:00,49.72481,0.74004,49.8106,49.967529,49.3963,2.5054,51.8372,284.7001,120.0257,0.85005
2026-09-30 23:30:00,49.668314,0.736822,49.730329,49.985471,49.289143,2.4612,52.0223,285.0265,119.8254,0.85028
2026-09-30 23:32:00,49.659233,0.732038,49.661786,50.0089,49.307014,2.2835,52.2504,285.0258,119.6315,0.85014
2026-09-30 23:34:00,49.634286,0.792795,49.696857,49.892129,49.313871,3.09,52.6096,285.1025,120.092,0.84915
2026-09-30 23:36:00,49.679905,0.745914,49.616986,50.002229,49.4205,2.59945,52.5949,285.1906,119.8108,0.8498
2026-09-30 23:38:00,49.680233,0.703273,49.6014,50.020243,49.419057,2.38555,52.216,284.9625,119.9104,0.84972
2026-09-30 23:40:00,49.728743,0.821195,49.758943,50.098286,49.329,2.9363,51.9973,285.1756,119.9929,0.8508
2026-09-30 23:42:00,49.675967,0.715191,49.794157,49.840786,49.392957,2.62685,51.985,284.7641,119.8913,0.8495
2026-09-30 23:44:00,49.679286,0.755591,49.734386,49.890186,49.413286,2.7025,52.7308,285.1283,119.7895,0.8499
2026-09-30 23:46:00,49.612757,0.761274,49.744429,49.8308,49.263043,2.5411,52.3867,284.8656,119.8788,0.84983
2026-09-30 23:48:00,49.609781,0.685381,49.655186,49.855586,49.318571,2.23125,52.0503,284.8693,120.0144,0.84976
2026-09-30 23:50:00,49.696105,0.778405,49.763986,49.996043,49.328286,2.8069,52.7089,285.1855,119.8044,0.84907
2026-09-30 23:52:00,49.701119,0.746718,49.745329,49.979257,49.378771,2.5838,52.4735,284.9577,119.8287,0.85104
2026-09-30 23:54:00,49.654505,0.730755,49.7587,49.818457,49.386357,2.61785,52.5364,285.1557,120.1488,0.84995
2026-09-30 23:56:00,49.7067,0.745874,49.727843,49.973286,49.418971,2.52175,52.5681,285.0553,119.8992,0.85029
2026-09-30 23:58:00,49.701881,0.657684,49.742457,49.9039,49.459286,2.17985,52.4452,285.1134,119.6759,0.85017
2026-10-01 00:00:00,49.6511,0.687646,49.679643,49.905443,49.368214,2.23215,52.2379,285.0224,119.8258,0.84975
2026-10-01 00:02:00,49.683271,0.72322,49.798643,49.9941,49.257071,2.4379,51.9599,284.8354,119.6884,0.85153
2026-10-01 00:04:00,49.622052,0.709378,49.769357,49.851386,49.245414,2.5985,52.0422,285.2764,120.1047,0.84876
2026-10-01 00:06:00,49.688971,0.723664,49.7997,49.913357,49.353857,2.62235,52.1658,285.2821,119.6624,0.84994
2026-10-01 00:08:00,49.676871,0.731274,49.731157,49.935771,49.363686,2.52635,52.5261,285.1156,120.0318,0.85072
2026-10-01 00:10:00,49.672738,0.735358,49.752357,49.872714,49.393143,2.65885,52.2169,285.0886,120.1323,0.84919
2026-10-01 00:12:00,49.644224,0.776032,49.668329,49.911414,49.352929,2.5331,52.6144,284.9998,120.3134,0.84995
2026-10-01 00:14:00,49.617638,0.702828,49.660586,49.910814,49.281514,2.2186,52.6482,284.975,119.7356,0.85016
2026-10-01 00:16:00,49.649824,0.669517,49.718943,49.880843,49.349686,2.2333,52.809,284.9758,119.8433,0.84977
2026-10-01 00:18:00,49.68599,0.751353,49.708986,50.045986,49.303,2.4229,52.8251,284.9268,119.6759,0.84977
2026-10-01 00:20:00,49.63491,0.814711,49.711114,49.948343,49.245271,2.76935,51.7627,285.1076,120.0427,0.85034
2026-10-01 00:22:00,49.6734,0.795279,49.755871,49.972057,49.292271,2.82295,52.8598,285.3164,120.1947,0.84987
2026-10-01 00:24:00,49.588952,0.758413,49.592729,49.894386,49.279743,2.74035,52.515,285.072,120.4339,0.85115
2026-10-01 00:26:00,49.582152,0.728233,49.598357,49.859314,49.288786,2.3271,52.5059,285.2103,120.0291,0.85035
2026-10-01 00:28:00,49.600124,0.755052,49.754629,49.7978,49.247943,2.8369,52.3174,285.224,119.9308,0.85085
2026-10-01 00:30:00,49.640571,0.729496,49.709871,49.895329,49.316514,2.68195,52.551,285.0447,119.9009,0.85039
2026-10-01 00:32:00,49.608152,0.794823,49.631486,49.885871,49.3071,2.58745,52.5228,285.2591,119.7681,0.84947
2026-10-01 00:34:00,49.667486,0.77328,49.663714,49.980171,49.358571,2.8589,52.3314,285.1536,119.684,0.84992
2026-10-01 00:36:00,49.634095,0.709268,49.736271,49.869,49.297014,2.18295,52.0387,285.3894,119.6751,0.85
2026-10-01 00:38:00,49.533024,0.792051,49.575543,49.889886,49.133643,2.48875,52.8575,285.3729,120.331,0.85
2026-10-01 00:40:00,49.58791,0.729965,49.672629,49.8406,49.2505,2.42965,52.6655,285.1417,119.9498,0.84901
2026-10-01 00:42:00,49.635138,0.764757,49.6414,49.855786,49.408229,2.72795,52.2792,285.1475,120.2356,0.85034
2026-10-01 00:44:00,49.630014,0.738008,49.6721,49.927386,49.290557,2.5503,52.4193,285.4455,120.1029,0.85028
2026-10-01 00:46:00,49.702867,0.729448,49.741343,49.9888,49.378457,2.13865,52.7437,285.0578,120.2036,0.85003
2026-10-01 00:48:00,49.598257,0.733247,49.582214,49.888386,49.324171,2.62265,52.4185,285.4831,120.0122,0.84926
2026-10-01 00:50:00,49.590876,0.769523,49.663057,49.831171,49.2784,2.64495,52.6409,285.3974,119.8602,0.85095
2026-10-01 00:52:00,49.600248,0.68884,49.578514,49.846429,49.3758,2.40225,52.8349,285.144,119.9008,0.84978
2026-10-01 00:54:00,49.615433,0.761276,49.666171,49.871229,49.3089,2.74665,52.7961,285.2012,120.1476,0.84969
2026-10-01 00:56:00,49.637924,0.728572,49.655586,49.950986,49.3072,2.3924,52.5499,285.0544,120.2376,0.84874
2026-10-01 00:58:00,49.584829,0.731077,49.634,49.811229,49.309257,2.79985,52.3737,285.0815,120.1033,0.85038
2026-10-01 01:00:00,49.526948,0.769896,49.4727,49.911029,49.197114,2.2913,52.509,285.3631,119.6823,0.84962
2026-10-01 01:02:00,49.604962,0.79742,49.689071,49.985571,49.140243,2.5664,52.8013,285.285,120.1648,0.85057
2026-10-01 01:04:00,49.628686,0.748592,49.678071,49.928857,49.279129,2.4592,52.5735,285.3021,119.863,0.84988
2026-10-01 01:06:00,49.653095,0.782292,49.657771,50.012971,49.288543,2.47275,53.0415,285.6381,119.9235,0.84958
2026-10-01 01:08:00,49.575462,0.694751,49.588371,49.796729,49.341286,2.534,53.0851,285.2861,119.8167,0.85056
2026-10-01 01:10:00,49.62989,0.765372,49.636571,49.951329,49.301771,2.48925,53.0178,285.1909,120.2051,0.84927
2026-10-01 01:12:00,49.538833,0.702711,49.559743,49.822757,49.234,2.21235,52.8322,285.415,119.5524,0.84919
2026-10-01 01:14:00,49.610133,0.736306,49.653571,49.863243,49.313586,2.60635,52.3545,285.3572,120.001,0.84895
2026-10-01 01:16:00,49.604938,0.732556,49.663886,49.910786,49.240143,2.4191,53.0924,285.2026,120.2668,0.849
2026-10-01 01:18:00,49.593833,0.756295,49.5933,49.908129,49.280071,2.68035,52.8667,285.137,120.3626,0.84911
2026-10-01 01:20:00,49.603795,0.730678,49.6668,49.832129,49.312457,2.41875,52.5154,285.3487,120.3028,0.8506
2026-10-01 01:22:00,49.525367,0.762646,49.563243,49.903057,49.1098,2.35425,52.4684,285.2269,119.7243,0.85077
2026-10-01 01:24:00,49.610752,0.798294,49.755686,49.8294,49.247171,3.0443,52.54,285.175,120.0553,0.85005
2026-10-01 01:26:00,49.561433,0.753946,49.619371,49.816257,49.248671,2.6272,52.7429,285.2006,120.2005,0.85035
2026-10-01 01:28:00,49.608286,0.761443,49.658786,49.951271,49.2148,2.40595,52.3502,285.5066,120.0872,0.85064
2026-10-01 01:30:00,49.529095,0.717477,49.526643,49.807471,49.253171,2.5204,53.0163,285.2808,119.9351,0.85067
2026-10-01 01:32:00,49.568243,0.772586,49.649543,49.8188,49.236386,2.7031,52.6363,285.3478,119.7987,0.85039
2026-10-01 01:34:00,49.657033,0.739247,49.673871,49.8866,49.410629,2.56915,52.8758,285.1058,120.1482,0.84973
2026-10-01 01:36:00,49.560119,0.681721,49.632743,49.7817,49.265914,2.39585,52.3127,285.1292,119.7225,0.84981
2026-10-01 01:38:00,49.567595,0.673492,49.596057,49.814243,49.292486,2.26685,53.4975,285.0647,119.6797,0.85049
2026-10-01 01:40:00,49.596714,0.759606,49.742043,49.753529,49.294571,2.5923,53.0129,285.3466,119.8286,0.85192
2026-10-01 01:42:00,49.568133,0.673283,49.599671,49.856029,49.2487,2.33975,52.7369,285.2414,120.0137,0.85074
2026-10-01 01:44:00,49.531967,0.766698,49.606271,49.845086,49.144543,2.3992,52.4696,285.0324,120.2755,0.84847
2026-10-01 01:46:00,49.580086,0.719363,49.645757,49.868329,49.226171,2.44265,53.156,285.6839,119.9514,0.85087
2026-10-01 01:48:00,49.553081,0.729447,49.522057,49.798071,49.339114,2.48425,52.6807,285.3604,120.1969,0.85045
2026-10-01 01:50:00,49.562095,0.770248,49.602386,49.933171,49.150729,2.8826,52.6813,285.2411,119.8163,0.8497
2026-10-01 01:52:00,49.539405,0.728449,49.5453,49.845043,49.227871,2.30385,52.57,285.512,119.9161,0.84886
2026-10-01 01:54:00,49.578938,0.743976,49.655614,49.9108,49.1704,2.45805,52.4888,285.4285,119.9309,0.8496
2026-10-01 01:56:00,49.481519,0.71265,49.542,49.747343,49.155214,2.408,52.7911,285.4252,119.8686,0.8504
2026-10-01 01:58:00,49.572529,0.695545,49.558243,49.8693,49.290043,2.2803,52.824,285.6011,120.2388,0.85019
2026-10-01 02:00:00,49.526614,0.743602,49.675271,49.729829,49.174743,2.6306,52.7188,285.3513,119.7141,0.84995
2026-10-01 02:02:00,49.541938,0.770072,49.5885,49.768971,49.268343,2.716,52.5534,285.5003,119.6927,0.85014
2026-10-01 02:04:00,49.548405,0.767249,49.5515,49.895029,49.198686,2.5152,53.2183,285.2604,120.2337,0.8501
2026-10-01 02:06:00,49.507433,0.759183,49.668029,49.6991,49.155171,2.67665,53.2517,285.2316,120.0636,0.84985
2026-10-01 02:08:00,49.518524,0.749735,49.593929,49.798914,49.162729,2.72475,52.6363,285.2482,120.144,0.84899
2026-10-01 02:10:00,49.510419,0.739472,49.592029,49.746814,49.192414,2.2173,53.1866,285.446,119.8505,0.85031
2026-10-01 02:12:00,49.526776,0.770407,49.498714,49.849729,49.231886,2.54595,52.8783,285.4152,120.1371,0.84931
2026-10-01 02:14:00,49.551619,0.736496,49.623,49.841086,49.190771,2.41105,52.8566,285.3406,119.6577,0.84984
2026-10-01 02:16:00,49.564548,0.734081,49.581443,49.857071,49.255129,2.57235,53.3895,285.5878,119.9793,0.84925
2026-10-01 02:18:00,49.5664,0.708559,49.519086,49.906171,49.273943,2.30555,52.6098,285.2234,120.0709,0.85032
2026-10-01 02:20:00,49.52681,0.737792,49.499514,49.8977,49.183214,2.45235,53.0948,285.5249,119.6063,0.84964
2026-10-01 02:22:00,49.530405,0.807851,49.542829,49.789829,49.258557,2.692,52.8803,285.5768,119.8598,0.84954
2026-10-01 02:24:00,49.520629,0.809182,49.535257,49.7791,49.247529,2.96145,52.9292,285.4918,119.7234,0.85027
2026-10-01 02:26:00,49.528357,0.749026,49.5902,49.894114,49.100757,2.56165,52.596,285.5277,119.8286,0.85058
2026-10-01 02:28:00,49.541252,0.744053,49.530729,49.836843,49.256186,2.30985,52.8149,285.4091,119.9356,0.85068
2026-10-01 02:30:00,49.485252,0.738602,49.461414,49.735257,49.259086,2.49405,53.2587,285.2818,119.9119,0.84993
2026-10-01 02:32:00,49.527667,0.762835,49.616157,49.795129,49.171714,2.71445,52.9584,285.6278,119.5969,0.84977
2026-10-01 02:34:00,49.513243,0.780909,49.525,49.829486,49.185243,2.50145,53.1322,285.3512,120.1321,0.84974
2026-10-01 02:36:00,49.558481,0.711554,49.573457,49.7648,49.337186,2.33705,53.1563,285.5584,119.7398,0.85018
2026-10-01 02:38:00,49.530248,0.778048,49.556186,49.8246,49.209957,2.7136,52.7556,285.693,120.0561,0.84913
2026-10-01 02:40:00,49.52149,0.727807,49.634529,49.773743,49.1562,2.6793,52.9407,285.6447,119.8541,0.84969
2026-10-01 02:42:00,49.518614,0.718913,49.611157,49.796414,49.148271,2.49315,52.9463,285.5182,119.669,0.85027
2026-10-01 02:44:00,49.494948,0.710647,49.499557,49.811457,49.173829,2.11845,52.8855,285.5241,120.1682,0.84799
2026-10-01 02:46:00,49.551657,0.740974,49.593914,49.847543,49.213514,2.4237,52.9145,285.6635,119.9556,0.84953
2026-10-01 02:48:00,49.557038,0.722299,49.738857,49.721014,49.211243,2.71005,53.0393,285.6981,120.079,0.84924
2026-10-01 02:50:00,49.456214,0.746106,49.504343,49.766171,49.098129,2.71155,53.1832,285.3592,120.086,0.84958
2026-10-01 02:52:00,49.482581,0.751433,49.551071,49.771671,49.125,2.4671,52.9706,285.2986,120.06,0.8504
2026-10-01 02:54:00,49.492981,0.76782,49.566914,49.729,49.183029,2.455,52.8577,285.5665,119.8472,0.84995
2026-10-01 02:56:00,49.483333,0.749119,49.549929,49.765814,49.134257,2.4147,53.319,285.6085,120.0904,0.85009
2026-10-01 02:58:00,49.542952,0.668688,49.543529,49.839157,49.246171,2.20165,52.9743,285.5336,120.1815,0.84997
2026-10-01 03:00:00,49.473667,0.719641,49.504757,49.707343,49.2089,2.52305,53.3278,285.5444,119.861,0.85048
2026-10-01 03:02:00,49.476881,0.755396,49.475643,49.8127,49.1423,2.54285,52.8529,285.4756,119.7846,0.85078
2026-10-01 03:04:00,49.487738,0.705759,49.538529,49.731614,49.193071,2.26885,52.7946,285.5767,119.8777,0.84939
2026-10-01 03:06:00,49.567143,0.75236,49.591086,49.827257,49.283086,2.60035,52.8653,285.3185,120.2112,0.84956
2026-10-01 03:08:00,49.517981,0.719153,49.587014,49.7744,49.192529,2.56165,52.8601,285.6292,119.9801,0.85022
2026-10-01 03:10:00,49.515452,0.785715,49.554457,49.8374,49.1545,2.623,53.1985,285.697,120.2857,0.84963
2026-10-01 03:12:00,49.501976,0.719641,49.527071,49.807514,49.171343,2.56905,53.1367,285.6425,119.9156,0.85044
2026-10-01 03:14:00,49.557152,0.760433,49.631329,49.872443,49.167686,2.41615,53.1932,285.4184,120.0032,0.84969
2026-10-01 03:16:00,49.502162,0.789926,49.551871,49.774729,49.179886,2.8517,53.1016,285.508,120.2954,0.8508
2026-10-01 03:18:00,49.473305,0.779939,49.543943,49.739357,49.136614,2.61735,53.195,285.6162,120.3342,0.84994
2026-10-01 03:20:00,49.502386,0.714928,49.577343,49.737757,49.192057,2.6114,52.9237,285.5652,120.1445,0.85077
2026-10-01 03:22:00,49.483462,0.77337,49.482657,49.8449,49.122829,2.6088,53.425,285.6243,119.7748,0.85005
2026-10-01 03:24:00,49.503576,0.726344,49.564386,49.773271,49.173071,2.3533,53.1962,285.6444,120.005,0.84923
2026-10-01 03:26:00,49.473838,0.710562,49.5181,49.719286,49.184129,2.3012,52.9465,285.4485,119.9891,0.84991
2026-10-01 03:28:00,49.529848,0.776958,49.523829,49.9101,49.155614,2.53485,53.7073,285.6706,119.7908,0.84925
2026-10-01 03:30:00,49.499957,0.786447,49.618629,49.779986,49.101257,2.77825,53.0382,285.5508,120.2479,0.85
2026-10-01 03:32:00,49.4746,0.788787,49.5974,49.754029,49.072371,2.81195,53.1368,285.5042,120.0815,0.84939
2026-10-01 03:34:00,49.391752,0.757914,49.437543,49.597429,49.140286,2.8306,53.2331,285.6629,119.8253,0.85071
2026-10-01 03:36:00,49.497533,0.75441,49.518986,49.889286,49.084329,2.2143,53.2467,285.6457,119.7688,0.84909
2026-10-01 03:38:00,49.514005,0.764488,49.648629,49.7459,49.147486,2.958,53.2699,285.7732,120.0435,0.8503
2026-10-01 03:40:00,49.516305,0.728856,49.629,49.789271,49.130643,2.50525,52.8474,285.727,119.6624,0.84911
2026-10-01 03:42:00,49.440719,0.716543,49.405786,49.801957,49.114414,2.30985,53.1985,285.7869,120.1899,0.8494
2026-10-01 03:44:00,49.524852,0.687027,49.637143,49.750257,49.187157,2.419,52.685,285.5847,119.9074,0.84927
2026-10-01 03:46:00,49.49691,0.756514,49.472786,49.845486,49.172457,2.54015,53.134,285.789,119.7469,0.84951
2026-10-01 03:48:00,49.475581,0.734721,49.528043,49.683529,49.215171,2.7138,53.1745,285.7593,120.1108,0.84946
2026-10-01 03:50:00,49.438862,0.72366,49.548957,49.644443,49.123186,2.53395,53.3476,285.8421,119.8273,0.85012
2026-10-01 03:52:00,49.433495,0.733023,49.542986,49.615071,49.142429,2.2625,53.0205,285.8684,119.9723,0.85063
2026-10-01 03:54:00,49.455933,0.780657,49.541143,49.739429,49.087229,2.5847,53.2972,285.5459,120.0333,0.85024
2026-10-01 03:56:00,49.559519,0.745807,49.5604,49.802757,49.3154,2.51835,53.1248,285.5301,119.8084,0.84892
2026-10-01 03:58:00,49.45271,0.783963,49.5559,49.753629,49.0486,2.6741,53.2612,285.6044,120.0815,0.84986
2026-10-01 04:00:00,49.453552,0.763566,49.480529,49.727343,49.152786,2.3305,53.0188,285.8925,120.2613,0.85041
2026-10-01 04:02:00,49.461062,0.789604,49.550114,49.752857,49.080214,2.737,53.5018,285.7371,120.2098,0.84982
2026-10-01 04:04:00,49.455805,0.735263,49.537757,49.691914,49.137743,2.57995,53.4941,285.4867,119.9867,0.85025
2026-10-01 04:06:00,49.443848,0.750626,49.4574,49.7612,49.112943,2.5062,52.8729,285.6704,120.1575,0.84948
2026-10-01 04:08:00,49.450981,0.745835,49.4491,49.809086,49.094757,2.2043,53.2109,285.48,119.7836,0.84983
2026-10-01 04:10:00,49.429029,0.729367,49.472871,49.6953,49.118914,2.4494,53.192,286.0159,119.9654,0.85047
2026-10-01 04:12:00,49.45491,0.735157,49.487829,49.647043,49.229857,2.69025,52.7945,285.8001,120.2207,0.84934
2026-10-01 04:14:00,49.44029,0.720486,49.443614,49.683814,49.193443,2.41655,52.981,285.547,119.7919,0.84996
2026-10-01 04:16:00,49.427805,0.737937,49.477429,49.702557,49.103429,2.54055,53.2401,285.7858,120.0385,0.8499
2026-10-01 04:18:00,49.50249,0.698264,49.538857,49.725986,49.242629,2.423,53.0081,286.1186,120.1647,0.84976
2026-10-01 04:20:00,49.415162,0.71091,49.527843,49.634857,49.082786,2.3901,53.3554,285.8021,120.0257,0.85023
2026-10-01 04:22:00,49.450319,0.787256,49.434457,49.789929,49.126571,2.38065,53.5069,285.5415,120.3517,0.85074
2026-10-01 04:24:00,49.488586,0.771039,49.5126,49.730286,49.222871,2.67875,53.1755,285.692,119.9229,0.84986
2026-10-01 04:26:00,49.453986,0.745986,49.464586,49.713514,49.183857,2.61095,53.4933,285.8573,119.8944,0.84962
2026-10-01 04:28:00,49.43941,0.666926,49.504571,49.644186,49.169471,1.9498,53.698,286.0192,119.7191,0.84985
2026-10-01 04:30:00,49.436848,0.735792,49.493386,49.672957,49.1442,2.60515,53.2,285.8788,120.0477,0.8508
2026-10-01 04:32:00,49.485367,0.72033,49.522643,49.762014,49.171443,2.36925,53.6615,285.8608,120.0268,0.84948
2026-10-01 04:34:00,49.474581,0.770447,49.586086,49.737943,49.099714,2.6394,53.6741,285.6133,119.8385,0.84938
2026-10-01 04:36:00,49.498919,0.710041,49.496214,49.801643,49.1989,2.217,53.7258,285.8842,120.0795,0.84967
2026-10-01 04:38:00,49.432124,0.704815,49.517343,49.600214,49.178814,2.53735,53.401,286.0189,120.317,0.85041
2026-10-01 04:40:00,49.429724,0.673203,49.466371,49.765514,49.057286,2.0083,53.4746,285.6645,119.8978,0.85
2026-10-01 04:42:00,49.386962,0.780874,49.357786,49.725514,49.077586,2.3527,53.2105,285.668,120.267,0.8504
2026-10-01 04:44:00,49.369238,0.751852,49.425857,49.6002,49.081657,2.62255,53.6428,285.6682,120.147,0.84933
2026-10-01 04:46:00,49.380895,0.732202,49.518214,49.6716,48.952871,2.42785,53.6183,285.8615,119.9666,0.84987
2026-10-01 04:48:00,49.395929,0.775458,49.382586,49.747157,49.058043,2.4991,53.5328,285.7865,119.5736,0.84939
2026-10-01 04:50:00,49.3656,0.701363,49.417986,49.639143,49.039671,2.49755,53.4451,286.0782,119.6664,0.84942
2026-10-01 04:52:00,49.368767,0.718667,49.454229,49.630557,49.021514,2.5424,53.2877,286.0248,119.9963,0.8502
2026-10-01 04:54:00,49.364367,0.729092,49.330714,49.7157,49.046686,2.3673,52.8914,285.9244,120.1814,0.84987
2026-10-01 04:56:00,49.341486,0.733269,49.446386,49.585,48.993071,2.6841,53.3278,285.8794,119.8911,0.85121
2026-10-01 04:58:00,49.421981,0.721115,49.4807,49.693057,49.092186,2.615,53.0402,285.6107,119.704,0.8507
2026-10-01 05:00:00,49.404543,0.755656,49.471343,49.597357,49.144929,2.7252,53.4492,285.8021,120.4138,0.85002
2026-10-01 05:02:00,49.484243,0.769876,49.493971,49.725771,49.232986,2.90085,53.2845,285.8447,120.078,0.84985
2026-10-01 05:04:00,49.418214,0.686964,49.380757,49.6311,49.242786,2.402,54.0841,286.0969,120.1537,0.84915
2026-10-01 05:06:00,49.382767,0.769312,49.403957,49.700414,49.043929,2.4611,53.3545,285.86,119.9488,0.84899
2026-10-01 05:08:00,49.400938,0.684523,49.381171,49.693743,49.1279,2.13855,53.2828,286.0332,119.8933,0.85065
2026-10-01 05:10:00,49.354562,0.762344,49.471571,49.516029,49.076086,2.81405,53.9772,285.9319,119.9467,0.84905
2026-10-01 05:12:00,49.32511,0.709078,49.4145,49.551386,49.009443,2.3794,53.122,285.9686,119.9,0.85011
2026-10-01 05:14:00,49.437452,0.750792,49.587471,49.686757,49.038129,2.3757,53.8381,285.8138,120.0793,0.85024
2026-10-01 05:16:00,49.478681,0.722173,49.5251,49.752614,49.158329,2.3482,53.8576,285.6653,119.8807,0.8505
2026-10-01 05:18:00,49.36801,0.68392,49.450943,49.588014,49.065071,2.3613,53.5339,286.0118,120.0524,0.85
2026-10-01 05:20:00,49.361195,0.658901,49.443586,49.546,49.094,2.424,53.2289,286.0564,120.0635,0.84901
2026-10-01 05:22:00,49.406695,0.717827,49.4948,49.670186,49.0551,2.2581,53.423,285.6157,119.5291,0.84925
2026-10-01 05:24:00,49.385167,0.773248,49.481386,49.634129,49.039986,2.7883,53.617,285.8257,119.8772,0.85138
2026-10-01 05:26:00,49.361752,0.741244,49.375886,49.6851,49.024271,2.5841,53.8055,285.8916,120.0748,0.8492
2026-10-01 05:28:00,49.385452,0.747449,49.427114,49.576871,49.152371,2.7346,53.735,286.0169,120.102,0.85
2026-10-01 05:30:00,49.420533,0.783837,49.476257,49.689029,49.096314,2.6459,53.7138,285.7239,120.0236,0.85064
2026-10-01 05:32:00,49.412624,0.782008,49.510957,49.645043,49.081871,2.75575,53.5052,286.2353,119.8508,0.8484
2026-10-01 05:34:00,49.338705,0.761281,49.401186,49.605271,49.009657,2.89055,53.8901,285.897,119.9443,0.84969
2026-10-01 05:36:00,49.379205,0.699352,49.416643,49.626929,49.094043,2.4625,53.3679,286.0009,119.9777,0.85084
2026-10-01 05:38:00,49.294429,0.774699,49.390314,49.618129,48.874843,2.88205,53.4621,285.9338,120.0468,0.84916
2026-10-01 05:40:00,49.429971,0.745255,49.400471,49.769857,49.119586,2.48225,53.686,286.1197,119.8326,0.85002
2026-10-01 05:42:00,49.332914,0.757648,49.358729,49.6519,48.988114,2.50935,53.8435,286.0575,119.9459,0.85089
2026-10-01 05:44:00,49.379105,0.763383,49.420543,49.664943,49.051829,2.81045,53.7753,286.1141,119.5815,0.8497
2026-10-01 05:46:00,49.378686,0.740579,49.399243,49.701871,49.034943,2.2807,53.795,285.902,119.7306,0.84971
2026-10-01 05:48:00,49.369167,0.756564,49.431557,49.669771,49.006171,2.4208,53.5512,286.0178,120.3036,0.85013
2026-10-01 05:50:00,49.3396,0.735099,49.394986,49.619757,49.004057,2.55435,53.9286,286.0663,120.1561,0.84984
2026-10-01 05:52:00,49.312014,0.758911,49.324571,49.587471,49.024,2.72835,53.1637,286.3286,120.1857,0.84971
2026-10-01 05:54:00,49.356938,0.718136,49.443957,49.659771,48.967086,2.2043,53.53,286.1089,120.117,0.84991
2026-10-01 05:56:00,49.341376,0.753153,49.414171,49.571171,49.038786,2.4929,53.3691,285.9859,119.8801,0.85017
2026-10-01 05:58:00,49.315481,0.726812,49.333029,49.559929,49.053486,2.45915,53.4369,286.2107,120.3467,0.84983
2026-10-01 06:00:00,49.384014,0.745751,49.411257,49.618929,49.121857,2.58545,53.8261,285.9082,120.4419,0.84985
2026-10-01 06:02:00,49.387148,0.724013,49.4198,49.687771,49.053871,2.1425,53.9291,286.0666,119.743,0.84998
2026-10-01 06:04:00,49.363629,0.749602,49.370529,49.606414,49.113943,2.45835,53.482,286.0618,119.8083,0.84981
2026-10-01 06:06:00,49.357929,0.710292,49.382829,49.6292,49.061757,2.5296,53.7374,285.9496,119.8909,0.84987
2026-10-01 06:08:00,49.398805,0.800678,49.395686,49.748429,49.0523,2.7127,54.2248,285.9824,120.1873,0.84983
2026-10-01 06:10:00,49.30821,0.81632,49.374986,49.627214,48.922429,2.69685,53.8329,286.0928,120.0481,0.85022
2026-10-01 06:12:00,49.350052,0.738527,49.3665,49.641771,49.041886,2.4258,54.1314,285.7846,120.0202,0.849
2026-10-01 06:14:00,49.339086,0.719637,49.331757,49.6508,49.0347,2.4235,54.0381,286.0491,120.1103,0.84841
2026-10-01 06:16:00,49.358543,0.773956,49.449271,49.606571,49.019786,2.64205,54.0742,285.7266,120.0963,0.85065
2026-10-01 06:18:00,49.335276,0.76262,49.404986,49.605143,48.9957,2.65855,53.7106,285.7121,120.1537,0.85007
2026-10-01 06:20:00,49.375519,0.662033,49.367029,49.667243,49.092286,2.29385,53.8879,286.1948,120.0333,0.84996
2026-10-01 06:22:00,49.339948,0.711603,49.3926,49.586657,49.040586,2.5311,54.3766,286.0384,120.2642,0.84906
2026-10-01 06:24:00,49.332271,0.76449,49.316157,49.6424,49.038257,2.7202,53.6196,286.1627,119.406,0.84963
2026-10-01 06:26:00,49.368638,0.719162,49.417229,49.679943,49.008743,2.51235,53.5357,286.113,120.1169,0.85098
2026-10-01 06:28:00,49.279871,0.705918,49.295129,49.468257,49.076229,2.585,54.1401,285.7305,120.2426,0.85021
2026-10-01 06:30:00,49.294357,0.773649,49.226271,49.6539,49.0029,2.69825,53.6892,286.2674,120.0219,0.84952
2026-10-01 06:32:00,49.350795,0.725599,49.4029,49.562243,49.087243,2.6847,53.8572,286.0471,119.7769,0.84953
2026-10-01 06:34:00,49.32111,0.735262,49.2943,49.627629,49.0414,2.6935,54.0032,286.0009,120.1313,0.8498
2026-10-01 06:36:00,49.312829,0.748657,49.320229,49.624414,48.993843,2.3439,53.7605,286.0384,119.8763,0.84988
2026-10-01 06:38:00,49.352114,0.719145,49.393271,49.607757,49.055314,2.7493,53.8079,285.6169,119.6195,0.85027
2026-10-01 06:40:00,49.306486,0.811377,49.344371,49.612343,48.962743,2.7829,53.5767,285.7936,119.9519,0.85052
2026-10-01 06:42:00,49.31621,0.777936,49.384471,49.573386,48.990771,2.6471,53.8461,286.2129,119.9026,0.85002
2026-10-01 06:44:00,49.33689,0.794634,49.430557,49.649729,48.930386,2.79805,53.557,285.811,120.002,0.84951
2026-10-01 06:46:00,49.229786,0.722678,49.271729,49.511429,48.9062,2.61475,53.9963,286.1725,120.1269,0.85037
2026-10-01 06:48:00,49.344081,0.724691,49.387171,49.6377,49.007371,2.22485,53.9297,286.2188,120.0498,0.85045
2026-10-01 06:50:00,49.319757,0.769044,49.406114,49.586986,48.966171,2.68255,54.1794,285.9329,119.8933,0.84998
2026-10-01 06:52:00,49.261019,0.750372,49.218457,49.624786,48.939814,2.51785,53.8546,285.9519,120.2436,0.85058
2026-10-01 06:54:00,49.293919,0.748152,49.324429,49.609657,48.947671,2.4411,54.1913,285.9236,120.2608,0.84942
2026-10-01 06:56:00,49.327119,0.672175,49.296371,49.570214,49.114771,2.08495,54.2247,285.9859,120.1789,0.85032
2026-10-01 06:58:00,49.294895,0.676038,49.330214,49.587957,48.966514,2.283,54.2501,286.0827,119.8023,0.8501
2026-10-01 07:00:00,49.350567,0.753364,49.380657,49.684414,48.986629,2.5345,54.1378,286.0319,119.8927,0.84991
2026-10-01 07:02:00,49.315252,0.737065,49.386057,49.520814,49.038886,2.4512,54.0657,286.068,120.0148,0.84913
2026-10-01 07:04:00,49.328038,0.757054,49.296443,49.646514,49.041157,2.66945,54.0302,286.0085,119.9348,0.8496
2026-10-01 07:06:00,49.263457,0.716797,49.259829,49.570429,48.960114,2.49445,53.8532,286.4254,119.707,0.84909
2026-10-01 07:08:00,49.247686,0.760468,49.262771,49.569,48.911286,2.5674,53.9622,286.1641,120.2261,0.84949
2026-10-01 07:10:00,49.334186,0.714649,49.429371,49.592943,48.980243,2.536,53.9737,286.065,120.0917,0.84937
2026-10-01 07:12:00,49.35229,0.709353,49.3471,49.570657,49.139114,2.53455,54.5118,286.0028,119.8047,0.85055
2026-10-01 07:14:00,49.26021,0.75642,49.180143,49.618457,48.982029,2.5667,53.692,286.2488,119.7328,0.84873
2026-10-01 07:16:00,49.263,0.753651,49.244586,49.548457,48.995957,2.5765,53.9395,286.1827,120.1844,0.85051
2026-10-01 07:18:00,49.264543,0.709335,49.3544,49.442757,48.996471,2.27295,54.078,286.3111,120.3534,0.85039
2026-10-01 07:20:00,49.294052,0.682612,49.349786,49.529514,49.002857,2.2485,53.7834,286.1843,120.0829,0.84939
2026-10-01 07:22:00,49.245671,0.691628,49.3498,49.516614,48.8706,2.0882,54.2091,286.2984,120.0323,0.84971
2026-10-01 07:24:00,49.312357,0.742569,49.338643,49.560071,49.038357,2.56945,53.8747,286.0983,120.0058,0.85132
2026-10-01 07:26:00,49.235395,0.751333,49.2575,49.584586,48.8641,2.5299,54.1319,285.9331,119.9083,0.84954
2026-10-01 07:28:00,49.295529,0.706102,49.344686,49.517386,49.024514,2.51165,54.0589,286.1151,120.2966,0.84994
2026-10-01 07:30:00,49.318905,0.719869,49.373771,49.555657,49.027286,2.60145,53.49,286.0554,120.1729,0.84982
2026-10-01 07:32:00,49.269948,0.733328,49.341586,49.594857,48.8734,2.4397,54.2139,286.0673,119.9918,0.85004
2026-10-01 07:34:00,49.267048,0.692613,49.286257,49.543171,48.971714,2.3252,53.7517,286.3238,119.5677,0.84986
2026-10-01 07:36:00,49.323871,0.75039,49.381243,49.618171,48.9722,2.55,54.1603,286.2903,119.639,0.85098
2026-10-01 07:38:00,49.282352,0.749822,49.300686,49.604229,48.942143,2.53215,54.4539,286.243,119.9523,0.84966
2026-10-01 07:40:00,49.266729,0.688791,49.335329,49.561957,48.9029,2.17235,54.3119,286.1614,120.0663,0.85032
2026-10-01 07:42:00,49.310619,0.822341,49.3403,49.6151,48.976457,2.82995,54.1007,286.3253,120.2549,0.85054
2026-10-01 07:44:00,49.235957,0.701124,49.213129,49.484286,49.010457,2.3062,54.1235,286.2165,120.0926,0.85014
2026-10-01 07:46:00,49.073848,0.629289,48.961514,49.338843,48.921186,2.43225,54.1623,286.2763,120.032,0.82981
2026-10-01 07:48:00,49.048224,0.655596,48.851243,49.288086,49.005343,2.4072,54.0697,286.3674,120.0973,0.82881
2026-10-01 07:50:00,49.068271,0.656936,48.980414,49.402386,48.822014,2.53365,53.9226,286.2133,119.8367,0.83007
2026-10-01 07:52:00,49.041629,0.652969,48.898643,49.3113,48.914943,2.62455,54.1408,286.1997,120.1057,0.82993
2026-10-01 07:54:00,49.066514,0.652911,48.967014,49.356986,48.875543,2.7126,54.1317,286.4332,119.9335,0.82975
2026-10-01 07:56:00,49.12721,0.658683,48.950871,49.443929,48.986829,2.575,54.6698,286.2149,119.9676,0.82985
2026-10-01 07:58:00,49.062238,0.632749,48.838229,49.440357,48.908129,2.167,54.2888,286.2686,120.0186,0.82944
2026-10-01 08:00:00,49.017681,0.630486,48.847186,49.291357,48.9145,2.46185,54.7316,286.4476,119.717,0.83076
2026-10-01 08:02:00,49.08459,0.606104,48.966743,49.298271,48.988757,2.36655,54.1697,286.2556,120.0611,0.82956
2026-10-01 08:04:00,49.04941,0.605025,48.779629,49.3357,49.0329,2.2631,54.2754,286.2203,120.0507,0.82991
2026-10-01 08:06:00,49.027652,0.654219,48.881257,49.335614,48.866086,2.5527,54.2016,286.5535,119.8362,0.83024
2026-10-01 08:08:00,49.045543,0.619369,48.838686,49.2535,49.044443,2.522,53.9934,286.3961,119.8629,0.82905
2026-10-01 08:10:00,49.06759,0.616431,48.945943,49.287743,48.969086,2.6624,53.9709,286.1617,119.863,0.8289
2026-10-01 08:12:00,49.072676,0.642814,48.949771,49.343829,48.924429,2.53865,54.1463,286.3204,120.5419,0.82908
2026-10-01 08:14:00,49.010333,0.611643,48.8321,49.284843,48.914057,2.3238,54.4675,286.2391,119.9928,0.82987
2026-10-01 08:16:00,49.031843,0.567084,48.8353,49.2822,48.978029,2.2297,53.9659,286.2942,120.1854,0.82869
2026-10-01 08:18:00,48.9611,0.670973,48.774029,49.271786,48.837486,2.6797,53.9027,286.5405,119.5059,0.82996
2026-10-01 08:20:00,49.016105,0.635285,48.914714,49.272971,48.860629,2.56675,54.2336,286.0835,119.7797,0.82994
2026-10-01 08:22:00,49.01709,0.666272,48.868629,49.317357,48.865286,2.7414,54.0953,286.0996,119.7243,0.82956
2026-10-01 08:24:00,48.989076,0.676782,48.817914,49.326371,48.822943,2.56155,54.0873,286.4254,119.8972,0.8293
2026-10-01 08:26:00,48.998586,0.609901,48.803029,49.2839,48.908829,2.3143,54.6604,286.257,120.163,0.83036
2026-10-01 08:28:00,49.06811,0.663958,48.904471,49.386371,48.913486,2.7114,54.2599,286.2384,120.0952,0.83052
2026-10-01 08:30:00,49.018124,0.639274,48.874486,49.193157,48.986729,2.8283,54.4195,286.1462,120.0176,0.83082
2026-10-01 08:32:00,49.028,0.615714,48.770186,49.328114,48.9857,2.39465,54.2673,286.5743,120.1184,0.83062
2026-10-01 08:34:00,49.050095,0.590873,48.908957,49.283529,48.9578,2.27225,54.4856,286.5527,119.9688,0.82962
2026-10-01 08:36:00,49.031281,0.652235,48.8164,49.272457,49.004986,2.5204,54.2786,286.3443,120.0129,0.83012
2026-10-01 08:38:00,49.0133,0.60006,48.887343,49.243543,48.909014,2.53595,54.2648,286.2847,120.3369,0.82913
2026-10-01 08:40:00,49.075443,0.617064,48.962643,49.307343,48.956343,2.6168,54.4829,286.48,120.1452,0.82967
2026-10-01 08:42:00,48.993852,0.591707,48.919914,49.2518,48.809843,2.11865,54.3029,286.5356,120.2373,0.82886
2026-10-01 08:44:00,49.014171,0.654878,48.749029,49.4708,48.822686,2.0321,54.6536,286.4427,120.402,0.83011
2026-10-01 08:46:00,48.995148,0.677209,48.869071,49.3347,48.781671,2.7008,54.1612,286.3871,119.7497,0.82919
2026-10-01 08:48:00,48.976467,0.622981,48.778871,49.308157,48.842371,2.50115,54.7187,286.2344,120.4429,0.83081
2026-10-01 08:50:00,49.049629,0.643387,48.921086,49.278629,48.949171,2.8369,54.0763,286.4369,119.7496,0.82979
2026-10-01 08:52:00,49.037576,0.648826,48.856829,49.345471,48.910429,2.5453,54.2545,286.7333,120.2596,0.83
2026-10-01 08:54:00,49.02301,0.666246,48.821843,49.270829,48.976357,2.6637,54.3943,286.2861,119.9583,0.83043
2026-10-01 08:56:00,49.04389,0.605769,48.852714,49.291029,48.987929,2.29135,54.0914,286.1311,120.4247,0.83051
2026-10-01 08:58:00,48.949095,0.613976,48.817043,49.261729,48.768514,2.51975,54.2307,286.1978,120.2551,0.83003
2026-10-01 09:00:00,49.002824,0.644536,48.844314,49.251229,48.912929,2.52225,54.5663,286.4112,119.8343,0.83005
2026-10-01 09:02:00,49.023114,0.616745,48.780643,49.316714,48.971986,2.37895,54.3323,286.6012,120.1177,0.82962
2026-10-01 09:04:00,48.981252,0.615941,48.7493,49.313486,48.880971,2.2685,54.2177,286.6183,120.1211,0.83055
2026-10-01 09:06:00,48.992695,0.661324,48.856914,49.2518,48.869371,2.73065,54.594,286.3758,119.8719,0.82926
2026-10-01 09:08:00,48.955138,0.581625,48.766171,49.214243,48.885,2.27725,54.44,286.3778,120.0473,0.83057
2026-10-01 09:10:00,48.93019,0.594054,48.749243,49.162929,48.8784,2.39365,54.5664,286.6849,119.8776,0.83007
2026-10-01 09:12:00,49.001348,0.62965,48.822586,49.291657,48.8898,2.613,54.7971,286.4937,119.9398,0.82988
2026-10-01 09:14:00,49.030738,0.61283,48.892914,49.300371,48.898929,2.46555,54.4392,286.5974,119.9852,0.83047
2026-10-01 09:16:00,49.024129,0.646574,48.8034,49.343743,48.925243,2.5532,54.5314,286.4567,120.0085,0.82983
2026-10-01 09:18:00,48.925333,0.617538,48.763371,49.140957,48.871671,2.65375,55.1524,286.4941,119.7878,0.83018
2026-10-01 09:20:00,48.935462,0.699001,48.718386,49.2577,48.8303,2.7107,53.9607,286.6843,120.3781,0.83062
2026-10-01 09:22:00,49.023533,0.607793,48.840343,49.199043,49.031214,2.55515,54.5196,286.3641,119.7221,0.83022
2026-10-01 09:24:00,49.030814,0.672547,48.8019,49.316986,48.973557,2.64795,54.2823,286.3092,120.0368,0.82934
2026-10-01 09:26:00,49.007024,0.609794,48.878657,49.215857,48.926557,2.45765,54.592,286.5777,119.8751,0.83051
2026-10-01 09:28:00,49.012105,0.617349,48.839486,49.237386,48.959443,2.47935,54.2918,286.2115,120.269,0.8304
2026-10-01 09:30:00,48.944114,0.752199,48.646371,49.276914,48.909057,2.9555,54.3867,286.5819,119.9111,0.83087
2026-10-01 09:32:00,48.9778,0.701444,48.724086,49.239371,48.969943,2.76245,54.1842,286.6843,119.9106,0.83038
2026-10-01 09:34:00,48.941562,0.652467,48.720114,49.245643,48.858929,2.5958,54.6995,286.5941,120.3637,0.82954
2026-10-01 09:36:00,48.950957,0.618197,48.749371,49.256143,48.847357,2.2149,54.5263,286.5498,119.9928,0.83026
2026-10-01 09:38:00,48.975276,0.647802,48.698286,49.282157,48.945386,2.33775,54.4573,286.6285,119.8438,0.83036
2026-10-01 09:40:00,48.951748,0.679085,48.785286,49.259586,48.810371,2.66545,54.2799,286.5582,120.1026,0.82955
2026-10-01 09:42:00,49.0463,0.694432,48.824614,49.314957,48.999329,2.9329,54.8419,286.324,119.7877,0.83066
2026-10-01 09:44:00,48.967919,0.664173,48.810929,49.259229,48.8336,2.6188,54.1353,286.5323,120.0561,0.82984
2026-10-01 09:46:00,48.917338,0.627436,48.730886,49.181157,48.839971,2.42325,54.8258,286.418,119.8937,0.83048
2026-10-01 09:48:00,48.949033,0.618977,48.796514,49.1174,48.933186,2.5653,54.6633,286.7836,120.0841,0.8292
2026-10-01 09:50:00,48.940043,0.688626,48.808457,49.1375,48.874171,2.965,54.4447,286.6751,119.7731,0.83053
2026-10-01 09:52:00,48.947681,0.595137,48.722886,49.220029,48.900129,2.26505,54.6044,286.5458,120.1726,0.82979
2026-10-01 09:54:00,48.979614,0.65733,48.7283,49.237471,48.973071,2.59285,54.2294,286.6244,120.2027,0.82955
2026-10-01 09:56:00,48.953157,0.633997,48.839971,49.2723,48.7472,2.4826,54.9498,286.5354,119.8221,0.83039
2026-10-01 09:58:00,48.941067,0.587262,48.862586,49.154157,48.806457,2.46685,54.2878,286.7967,119.9849,0.83051
2026-10-01 10:00:00,48.903552,0.609062,48.747743,49.170943,48.791971,2.40305,54.4706,286.4334,120.1252,0.82933
2026-10-01 10:02:00,48.965705,0.633563,48.732,49.262843,48.902271,2.5604,54.8438,286.5025,119.7261,0.8307
2026-10-01 10:04:00,48.952629,0.649568,48.813529,49.217786,48.826571,2.75825,54.53,286.8766,120.0156,0.83105
2026-10-01 10:06:00,49.009695,0.652902,48.807729,49.275843,48.945514,2.5065,54.6914,286.6389,120.0593,0.83009
2026-10-01 10:08:00,48.963819,0.661372,48.718686,49.291429,48.881343,2.51435,54.6895,286.6775,119.7542,0.82855
2026-10-01 10:10:00,48.936348,0.660351,48.777629,49.241414,48.79,2.6303,54.4812,286.8971,119.8311,0.83043
2026-10-01 10:12:00,48.916557,0.644953,48.723043,49.240186,48.786443,2.4129,54.5406,286.609,120.2587,0.82946
2026-10-01 10:14:00,48.902829,0.617202,48.753,49.169129,48.786357,2.2802,55.1039,286.5746,120.0729,0.8303
2026-10-01 10:16:00,48.894829,0.637028,48.686586,49.1684,48.8295,2.52635,54.8949,286.9561,119.9357,0.82963
2026-10-01 10:18:00,48.926524,0.620485,48.796814,49.2131,48.769657,2.44315,54.8227,286.552,119.7851,0.83106
2026-10-01 10:20:00,48.89139,0.619621,48.808314,49.126243,48.739614,2.6297,54.7043,286.4718,120.1233,0.83016
2026-10-01 10:22:00,48.978852,0.720764,48.739757,49.3471,48.8497,2.81785,54.4788,286.7937,119.8809,0.82899
2026-10-01 10:24:00,48.939676,0.653906,48.755871,49.258057,48.8051,2.43435,54.3796,286.5592,120.4513,0.82908
2026-10-01 10:26:00,48.932129,0.660591,48.789114,49.2221,48.785171,2.6854,54.8613,286.4981,120.0643,0.83096
2026-10-01 10:28:00,48.928729,0.663359,48.778829,49.176929,48.830429,2.6938,54.5734,286.6745,119.878,0.83047
2026-10-01 10:30:00,48.941276,0.670172,48.761757,49.216357,48.845714,2.79435,54.6569,286.7658,119.8034,0.83022
2026-10-01 10:32:00,48.916271,0.612391,48.7712,49.221229,48.756386,2.41515,54.4569,286.4345,120.0202,0.82934
2026-10-01 10:34:00,48.937105,0.596108,48.704457,49.223771,48.883086,2.14115,54.3287,286.4879,119.7899,0.83052
2026-10-01 10:36:00,48.985586,0.700079,48.780957,49.270171,48.905629,2.9062,54.7745,286.6361,119.8375,0.82976
2026-10-01 10:38:00,48.957852,0.608007,48.816043,49.199871,48.857643,2.32875,54.524,286.6621,119.9408,0.83092
2026-10-01 10:40:00,48.909843,0.601409,48.729757,49.208929,48.790843,2.35525,55.2521,286.4521,120.0554,0.82954
2026-10-01 10:42:00,48.888843,0.625735,48.757186,49.072843,48.8365,2.54735,55.1812,286.4779,120.2859,0.83018
2026-10-01 10:44:00,48.924038,0.66166,48.673629,49.254943,48.843543,2.5952,54.7082,286.6457,119.7934,0.83037
2026-10-01 10:46:00,48.905548,0.652045,48.692543,49.181886,48.842214,2.6163,55.0674,286.7346,120.2818,0.83007
2026-10-01 10:48:00,48.852581,0.624188,48.731986,49.1347,48.691057,2.5706,54.5808,286.7377,120.0028,0.83082
2026-10-01 10:50:00,48.89839,0.601749,48.719043,49.130914,48.845214,2.3851,55.0847,286.7089,120.073,0.83062
2026-10-01 10:52:00,48.9658,0.588915,48.841557,49.232857,48.822986,2.38555,55.3293,286.4335,119.8335,0.83067
2026-10-01 10:54:00,48.904233,0.630848,48.720486,49.154486,48.837729,2.65875,54.9723,286.5755,120.1787,0.83021
2026-10-01 10:56:00,48.953733,0.674394,48.729786,49.294486,48.836929,2.4954,55.3683,286.7211,120.1749,0.82969
2026-10-01 10:58:00,48.888876,0.618498,48.690543,49.187329,48.788757,2.46,54.2998,286.8129,119.9278,0.83017
2026-10-01 11:00:00,48.934171,0.650913,48.787729,49.219443,48.795343,2.61555,54.8244,286.3815,120.1762,0.82974
2026-10-01 11:02:00,48.833057,0.661777,48.581486,49.128843,48.788843,2.64835,54.7821,287.0291,119.982,0.82909
2026-10-01 11:04:00,48.877762,0.594029,48.682643,49.194786,48.755857,2.2681,55.0227,286.9574,119.9187,0.83003
2026-10-01 11:06:00,48.875871,0.610072,48.665586,49.087129,48.8749,2.37785,54.866,286.5301,119.7564,0.82863
2026-10-01 11:08:00,48.943567,0.651225,48.849271,49.240129,48.7413,2.4636,55.0188,286.8572,119.8488,0.82901
2026-10-01 11:10:00,48.871271,0.652225,48.694757,49.205786,48.713271,2.5907,54.9162,286.6457,119.9427,0.8304
2026-10-01 11:12:00,48.872824,0.630301,48.768686,49.107043,48.742743,2.54465,54.6753,286.7997,120.273,0.82979
2026-10-01 11:14:00,48.86049,0.592754,48.733657,49.104829,48.742986,2.47975,54.5654,286.7129,120.0321,0.82977
2026-10-01 11:16:00,48.942186,0.60741,48.802357,49.184,48.8402,2.4626,55.1579,287.0983,119.9005,0.83042
2026-10-01 11:18:00,48.902048,0.656129,48.6742,49.272343,48.7596,2.4918,54.7355,287.0502,119.9332,0.83015
2026-10-01 11:20:00,48.83399,0.682374,48.644557,49.123914,48.7335,2.86075,55.0525,286.6589,120.0216,0.82963
2026-10-01 11:22:00,48.877,0.644531,48.797786,49.102043,48.731171,2.5176,55.0136,286.929,119.9675,0.83118
2026-10-01 11:24:00,48.893976,0.671243,48.741571,49.161329,48.779029,2.7627,54.81,287.1415,119.9168,0.83075
2026-10-01 11:26:00,48.822314,0.624638,48.676657,49.1498,48.640486,2.2307,54.5648,286.8238,120.3105,0.83089
2026-10-01 11:28:00,48.925971,0.63142,48.810757,49.117586,48.849571,2.67655,55.0026,287.0256,120.1319,0.83033
2026-10-01 11:30:00,48.881457,0.618551,48.715,49.157329,48.772043,2.4132,55.2622,286.7814,119.9636,0.82989
2026-10-01 11:32:00,48.853333,0.633795,48.686929,49.147486,48.725586,2.503,54.2753,286.9496,120.0171,0.82958
2026-10-01 11:34:00,48.839681,0.656003,48.6415,49.126771,48.750771,2.72735,54.6231,286.7248,119.8406,0.82979
2026-10-01 11:36:00,48.947486,0.656519,48.6514,49.356257,48.8348,2.2538,55.6166,286.8796,120.055,0.82997
2026-10-01 11:38:00,48.814557,0.6486,48.652529,49.095729,48.695414,2.39305,55.0205,286.8414,120.0118,0.82981
2026-10-01 11:40:00,48.846248,0.660462,48.600686,49.177857,48.7602,2.66975,55.0971,286.7944,119.8671,0.8295
2026-10-01 11:42:00,48.909167,0.63956,48.6858,49.1968,48.8449,2.57295,55.3387,286.7658,119.7083,0.83026
2026-10-01 11:44:00,48.920514,0.624513,48.761029,49.192429,48.808086,2.60295,55.4173,286.7199,119.7751,0.82958
2026-10-01 11:46:00,48.811743,0.652608,48.605014,49.122886,48.707329,2.50065,55.1012,286.8857,119.9316,0.83062
2026-10-01 11:48:00,48.881219,0.627646,48.661743,49.196143,48.785771,2.23265,55.2177,286.9035,119.874,0.83024
2026-10-01 11:50:00,48.774195,0.656829,48.582329,49.050414,48.689843,2.6749,54.8714,286.8134,120.0844,0.82973
2026-10-01 11:52:00,48.846348,0.658887,48.717757,49.114557,48.706729,2.71035,55.0416,286.9658,120.3191,0.82939
2026-10-01 11:54:00,48.899181,0.684082,48.732543,49.128986,48.836014,2.78925,54.739,287.0031,119.6812,0.82931
2026-10-01 11:56:00,48.844062,0.63865,48.759957,49.020571,48.751657,2.6962,55.2219,286.8072,120.0681,0.83085
2026-10-01 11:58:00,48.849943,0.647001,48.5987,49.1492,48.801929,2.5026,55.1935,286.6426,120.2067,0.82878
2026-10-01 12:00:00,48.799643,0.67604,48.566929,49.116629,48.715371,2.7107,55.2064,286.9732,119.8321,0.82957
2026-10-01 12:02:00,48.816457,0.680996,48.695371,49.148857,48.605143,2.72505,55.2328,286.9164,120.1586,0.82999
2026-10-01 12:04:00,48.855943,0.633863,48.677657,49.129114,48.761057,2.5726,54.6245,286.8474,119.9113,0.83023
2026-10-01 12:06:00,48.861262,0.658746,48.696671,49.113529,48.773586,2.69615,55.0417,287.1543,120.167,0.82995
2026-10-01 12:08:00,48.844319,0.585094,48.711486,49.133843,48.687629,2.3384,54.8721,286.6539,120.526,0.82943
2026-10-01 12:10:00,48.824319,0.640211,48.527657,49.095943,48.849357,2.45855,55.0265,286.997,120.3124,0.83093
2026-10-01 12:12:00,48.786681,0.682474,48.513986,49.1629,48.683157,2.3792,55.253,286.939,119.8874,0.83012
2026-10-01 12:14:00,48.90419,0.629638,48.6994,49.285171,48.728,2.1374,55.4949,286.928,119.9031,0.82981
2026-10-01 12:16:00,48.830681,0.699049,48.595743,49.212743,48.683557,2.6466,55.0825,286.6436,119.8875,0.83049
2026-10-01 12:18:00,48.906681,0.647566,48.699971,49.182843,48.837229,2.7692,54.9552,286.8237,119.9058,0.83024
2026-10-01 12:20:00,48.84469,0.56662,48.667143,49.080757,48.786171,2.3543,55.0234,286.984,119.9777,0.83114
2026-10-01 12:22:00,48.794867,0.672468,48.626557,49.0603,48.697743,2.80525,55.1226,287.1965,120.2829,0.83011
2026-10-01 12:24:00,48.834129,0.58944,48.627271,49.144271,48.730843,2.2836,55.108,286.8742,120.0244,0.83015
2026-10-01 12:26:00,48.842243,0.61248,48.655529,49.023386,48.847814,2.4997,55.222,286.759,120.0064,0.83039
2026-10-01 12:28:00,48.856024,0.626075,48.688829,49.166414,48.712829,2.4558,55.3457,287.0468,119.8369,0.83054
2026-10-01 12:30:00,48.820762,0.605908,48.628471,49.094543,48.739271,2.24045,54.7908,287.2433,120.3021,0.83016
2026-10-01 12:32:00,48.820895,0.626257,48.6947,49.012229,48.755757,2.6206,54.7828,287.004,119.8978,0.83115
2026-10-01 12:34:00,48.852148,0.652221,48.617029,49.155643,48.783771,2.5816,55.0207,286.7155,119.9085,0.82976
2026-10-01 12:36:00,48.832657,0.618154,48.681286,49.063529,48.753157,2.5238,55.064,286.9235,120.1564,0.83032
2026-10-01 12:38:00,48.842529,0.590064,48.705529,49.1083,48.713757,2.27045,55.5774,287.0922,119.9347,0.83099
2026-10-01 12:40:00,48.747848,0.686507,48.616043,49.031071,48.596429,2.7458,55.1493,286.8116,119.8629,0.82899
2026-10-01 12:42:00,48.866914,0.670413,48.709543,49.128157,48.763043,2.80465,55.4607,287.1882,120.1715,0.83094
2026-10-01 12:44:00,48.810033,0.636817,48.663729,49.091457,48.674914,2.45615,54.9663,286.9146,120.0487,0.83035
2026-10-01 12:46:00,48.794505,0.679395,48.636557,49.163957,48.583,2.68375,54.9049,287.1319,119.8083,0.83058
2026-10-01 12:48:00,48.78009,0.67022,48.676257,49.049829,48.614186,2.7039,55.9068,287.0352,119.6872,0.83051
2026-10-01 12:50:00,48.847681,0.591638,48.719843,49.116857,48.706343,2.41085,55.5099,287.1827,119.9181,0.82957
2026-10-01 12:52:00,48.788695,0.583502,48.654271,49.057943,48.653871,2.30485,55.004,287.0948,119.7859,0.83059
2026-10-01 12:54:00,48.756424,0.662363,48.460129,49.1418,48.667343,2.41955,55.2288,286.988,119.941,0.82907
2026-10-01 12:56:00,48.80659,0.619987,48.6278,49.081986,48.709986,2.34105,55.7772,287.1298,119.6685,0.83008
2026-10-01 12:58:00,48.812733,0.674245,48.611957,49.1621,48.664143,2.51285,55.3973,286.9903,120.0231,0.8299
2026-10-01 13:00:00,48.803552,0.616831,48.615971,49.047529,48.747157,2.3763,55.1647,286.9564,119.9743,0.82996
2026-10-01 13:02:00,48.805171,0.633274,48.624614,49.1211,48.6698,2.3801,55.5365,287.1774,120.353,0.83038
2026-10-01 13:04:00,48.814571,0.616852,48.714157,49.0244,48.705157,2.6676,55.4289,287.3244,120.115,0.83
2026-10-01 13:06:00,48.810376,0.683636,48.600914,49.085,48.745214,2.75855,54.8241,287.0122,120.0071,0.82976
2026-10-01 13:08:00,48.799324,0.593982,48.614171,49.048571,48.735229,2.3922,55.9092,286.9889,119.4875,0.82973
2026-10-01 13:10:00,48.750471,0.58102,48.6315,48.956671,48.663243,2.42335,55.6005,287.267,119.9922,0.83002
2026-10-01 13:12:00,48.759529,0.654853,48.620957,49.025857,48.631771,2.8667,55.325,286.8828,120.147,0.82958
2026-10-01 13:14:00,48.802452,0.709645,48.641343,49.053043,48.712971,2.8825,55.2153,286.9136,120.231,0.83013
2026-10-01 13:16:00,48.83129,0.63296,48.628857,49.104443,48.760571,2.5346,55.1686,287.0495,119.9883,0.82966
2026-10-01 13:18:00,48.780267,0.640446,48.537486,49.155414,48.6479,2.31585,54.9,286.9124,119.9038,0.83006
2026-10-01 13:20:00,48.754576,0.614884,48.587929,49.010843,48.664957,2.51785,55.4071,286.9314,120.0737,0.83036
2026-10-01 13:22:00,48.794938,0.593977,48.527114,49.068314,48.789386,2.39785,55.2121,287.084,120.0037,0.82985
2026-10-01 13:24:00,48.776429,0.653096,48.576243,49.021814,48.731229,2.65745,55.0972,287.0241,120.0579,0.82995
2026-10-01 13:26:00,48.808714,0.638155,48.637286,49.068514,48.720343,2.4561,55.2049,286.8991,120.4172,0.82927
2026-10-01 13:28:00,48.7836,0.646011,48.556571,49.080443,48.713786,2.3271,55.94,287.3335,119.8828,0.83037
2026-10-01 13:30:00,48.7681,0.650271,48.587086,49.038886,48.678329,2.6233,55.2428,287.0111,119.7657,0.82965
2026-10-01 13:32:00,48.75401,0.627923,48.611357,49.001171,48.6495,2.5177,55.6958,286.9381,119.7994,0.82899
2026-10-01 13:34:00,48.751552,0.694443,48.564843,49.0829,48.606914,2.79385,55.8004,287.06,119.9412,0.82982
2026-10-01 13:36:00,48.774538,0.653293,48.583714,49.026929,48.712971,2.67535,55.4622,287.2162,119.9244,0.8294
2026-10-01 13:38:00,48.757895,0.653832,48.652343,49.004557,48.616786,2.6451,55.6396,287.1769,120.1745,0.82963
2026-10-01 13:40:00,48.789014,0.646607,48.6143,49.038671,48.714071,2.5528,55.1968,287.1215,120.0837,0.82945
2026-10-01 13:42:00,48.788633,0.651844,48.704971,49.0051,48.655829,2.79005,55.3734,287.7539,119.7954,0.82977
2026-10-01 13:44:00,48.755352,0.683096,48.580257,49.027629,48.658171,2.7752,55.5003,287.1559,119.8697,0.82994
2026-10-01 13:46:00,48.818514,0.635729,48.697629,49.032329,48.725586,2.6568,55.2353,287.307,120.1544,0.83027
2026-10-01 13:48:00,48.773819,0.663168,48.646557,48.969243,48.705657,2.89035,55.2542,287.0319,120.257,0.83052
2026-10-01 13:50:00,48.812057,0.633819,48.583286,49.129186,48.7237,2.37765,55.9878,286.9764,120.2241,0.82979
2026-10-01 13:52:00,48.787238,0.636245,48.629114,49.077071,48.655529,2.53385,55.8012,287.3271,119.8228,0.8298
2026-10-01 13:54:00,48.773314,0.632732,48.597686,49.114043,48.608214,2.4185,55.4929,287.0842,119.9343,0.82923
2026-10-01 13:56:00,48.748786,0.642276,48.639343,49.076629,48.530386,2.37185,55.2494,286.962,119.8544,0.83012
2026-10-01 13:58:00,48.771481,0.565489,48.610114,49.016271,48.688057,2.22385,55.5515,287.2716,119.7187,0.83098
2026-10-01 14:00:00,48.755457,0.586233,48.537514,49.104029,48.624829,2.05515,55.2688,287.2228,119.9943,0.83035
2026-10-01 14:02:00,48.777105,0.628638,48.621571,49.0908,48.618943,2.3817,55.4764,287.242,120.055,0.82973
2026-10-01 14:04:00,48.776143,0.623281,48.585914,49.050143,48.692371,2.5802,55.5484,287.194,119.5027,0.82944
2026-10-01 14:06:00,48.786633,0.665315,48.527029,49.053543,48.779329,2.65905,55.5891,287.3969,119.9491,0.83065
2026-10-01 14:08:00,48.774095,0.647264,48.5979,49.045557,48.678829,2.721,55.3977,287.1525,119.8983,0.83001
2026-10-01 14:10:00,48.822567,0.651779,48.674486,49.115614,48.6776,2.5179,55.7596,287.4769,120.2773,0.82958
2026-10-01 14:12:00,48.765762,0.652989,48.599043,49.072814,48.625429,2.57075,55.9013,287.1486,120.2546,0.83011
2026-10-01 14:14:00,48.807876,0.647757,48.577371,49.096714,48.749543,2.43515,55.489,287.4013,119.8843,0.82862
2026-10-01 14:16:00,48.798276,0.589495,48.604257,49.060771,48.7298,2.32085,55.6377,287.3196,120.1846,0.83087
2026-10-01 14:18:00,48.738624,0.585859,48.569643,49.044314,48.601914,2.233,55.474,287.5855,119.9457,0.83023
2026-10-01 14:20:00,48.750148,0.627239,48.682457,48.989586,48.5784,2.67235,55.6543,287.2126,120.1272,0.8305
2026-10-01 14:22:00,48.782133,0.635272,48.608514,49.062843,48.675043,2.66095,55.9509,287.3969,119.7374,0.83014
2026-10-01 14:24:00,48.746648,0.638083,48.5205,49.029957,48.689486,2.47035,55.4813,287.0799,120.1364,0.83007
2026-10-01 14:26:00,48.686157,0.612913,48.521743,48.984743,48.551986,2.44585,55.4485,287.0463,120.1485,0.83113
2026-10-01 14:28:00,48.73549,0.641591,48.466229,49.068586,48.671657,2.29545,55.5853,287.058,119.7028,0.82964
2026-10-01 14:30:00,48.688138,0.626043,48.575186,48.918071,48.571157,2.639,55.554,287.1546,120.0895,0.8299
2026-10-01 14:32:00,48.755829,0.704121,48.5389,49.042329,48.686257,2.8675,55.7028,287.3425,120.2721,0.83008
2026-10-01 14:34:00,48.677195,0.641565,48.486986,48.991686,48.552914,2.35595,55.6712,287.232,119.9809,0.83043
2026-10-01 14:36:00,48.707086,0.674813,48.523357,49.0489,48.549,2.70325,54.7545,287.3942,120.2355,0.83026
2026-10-01 14:38:00,48.823905,0.666378,48.771643,49.041257,48.658814,2.76515,55.2032,286.9872,119.8095,0.83041
2026-10-01 14:40:00,48.741524,0.607978,48.570529,49.003729,48.650314,2.55775,55.9675,287.3819,119.7859,0.83099
2026-10-01 14:42:00,48.766333,0.573153,48.574929,49.069671,48.6544,2.1879,55.5949,287.2556,119.7326,0.83031
2026-10-01 14:44:00,48.63341,0.676486,48.496471,48.9061,48.497657,2.686,55.6665,287.2164,120.1788,0.83069
2026-10-01 14:46:00,48.665343,0.627215,48.421257,48.944786,48.629986,2.3819,55.5614,287.1826,119.5652,0.83018
2026-10-01 14:48:00,48.712595,0.635852,48.599043,48.985486,48.553257,2.61445,56.0119,287.093,120.1418,0.82906
2026-10-01 14:50:00,48.668019,0.589169,48.475114,48.919914,48.609029,2.3661,55.9614,287.4351,119.9466,0.82986
2026-10-01 14:52:00,48.690719,0.651631,48.522771,48.888286,48.6611,2.70315,55.7479,287.1381,120.1697,0.83149
2026-10-01 14:54:00,48.761429,0.660156,48.547871,49.044943,48.691471,2.57,55.853,287.2334,120.0481,0.83008
2026-10-01 14:56:00,48.631557,0.597724,48.4086,48.955071,48.531,2.3438,55.8048,287.1471,119.9949,0.83062
2026-10-01 14:58:00,48.727271,0.64858,48.515071,49.032257,48.634486,2.44355,55.5574,287.005,120.1377,0.82928
2026-10-01 15:00:00,48.705671,0.638546,48.567757,49.028771,48.520486,2.5001,55.6898,287.3965,120.198,0.83042
2026-10-01 15:02:00,48.725614,0.617155,48.602957,48.929471,48.644414,2.68285,56.1336,287.1639,120.231,0.83107
2026-10-01 15:04:00,48.76851,0.618551,48.5377,49.125357,48.642471,2.30305,55.9083,287.4633,120.2167,0.83016
2026-10-01 15:06:00,48.668152,0.659814,48.441971,49.0086,48.553886,2.49095,56.3707,287.2666,120.1626,0.82988
2026-10-01 15:08:00,48.67089,0.642197,48.403629,48.957843,48.6512,2.50215,55.9266,287.3827,119.8842,0.82964
2026-10-01 15:10:00,48.741848,0.655038,48.553471,49.048157,48.623914,2.50915,55.4438,287.4778,119.9601,0.82976
2026-10-01 15:12:00,48.667386,0.648024,48.458086,48.950057,48.594014,2.5336,55.9066,287.3454,119.6736,0.8292
2026-10-01 15:14:00,48.652529,0.67166,48.480971,48.9713,48.505314,2.474,55.7524,287.164,119.9444,0.83033
2026-10-01 15:16:00,48.663795,0.591252,48.485857,48.886314,48.619214,2.49115,55.4595,287.5197,119.9552,0.82947
2026-10-01 15:18:00,48.713933,0.586566,48.517914,48.973714,48.650171,2.25485,55.4634,287.5282,120.2699,0.82942
2026-10-01 15:20:00,48.723486,0.673415,48.5541,49.0302,48.586157,2.5833,56.1231,287.3625,120.3658,0.82911
2026-10-01 15:22:00,48.686029,0.681038,48.4955,49.0207,48.541886,2.5796,56.062,287.4602,119.7629,0.82956
2026-10-01 15:24:00,48.714333,0.634998,48.489229,48.940914,48.712857,2.5283,55.632,287.3332,119.6638,0.82989
2026-10-01 15:26:00,48.637967,0.618606,48.413971,48.865057,48.634871,2.4417,55.7087,287.3615,119.8545,0.83061
2026-10-01 15:28:00,48.707324,0.656204,48.490557,49.027543,48.603871,2.6098,56.1069,287.5459,120.0435,0.82988
2026-10-01 15:30:00,48.644214,0.650474,48.498014,48.889757,48.544871,2.58535,56.0195,287.3584,120.3612,0.8313
2026-10-01 15:32:00,48.69209,0.659303,48.539329,48.979243,48.5577,2.48615,56.0452,287.4157,119.7379,0.83014
2026-10-01 15:34:00,48.688176,0.627577,48.483057,49.035857,48.545614,2.33605,55.6212,287.7639,119.7285,0.83023
2026-10-01 15:36:00,48.70499,0.690495,48.488171,49.012986,48.613814,2.8751,55.5478,287.5786,119.7466,0.83077
2026-10-01 15:38:00,48.62791,0.644931,48.394543,48.922086,48.5671,2.44905,56.2267,287.3232,120.2527,0.83007
2026-10-01 15:40:00,48.70859,0.6429,48.581714,48.963971,48.580086,2.5538,55.6103,287.3593,119.8656,0.83084
2026-10-01 15:42:00,48.671976,0.635193,48.421114,48.965629,48.629186,2.4969,55.8588,287.5905,119.9311,0.83
2026-10-01 15:44:00,48.695876,0.660454,48.535,48.9496,48.603029,2.7973,55.8779,287.6417,119.7598,0.8309
2026-10-01 15:46:00,48.660038,0.663775,48.432271,48.943514,48.604329,2.458,55.8337,287.6753,120.1072,0.82949
2026-10-01 15:48:00,48.619381,0.595117,48.530914,48.812014,48.515214,2.46775,56.0003,287.6398,119.9202,0.83036
2026-10-01 15:50:00,48.661514,0.674447,48.5857,48.889443,48.5094,2.77065,55.9195,287.6227,119.9926,0.83093
2026-10-01 15:52:00,48.656386,0.620635,48.440671,48.971357,48.557129,2.0908,56.1584,287.3394,119.8519,0.82899
2026-10-01 15:54:00,48.707305,0.647711,48.520229,48.9338,48.667886,2.5861,56.0362,287.5765,119.8753,0.83002
2026-10-01 15:56:00,48.703124,0.638466,48.6066,48.877314,48.625457,2.8924,55.5987,287.1732,120.2376,0.83004
2026-10-01 15:58:00,48.621814,0.678376,48.393657,48.873014,48.598771,2.5713,55.713,287.6394,119.8799,0.83032
