timestamp,die_bolt_T3_pct,melt_temp_C,pull_speed_mpm,lip_gap_mm,pump_rpm
2026-09-30T00:00:00,50.0003,284.8227,120.2308,0.84938,24.8769
2026-09-30T00:01:00,50.0747,285.111,120.1493,0.85018,24.8951
2026-09-30T00:02:00,49.9315,284.9641,120.0699,0.84899,24.91
2026-09-30T00:03:00,49.7774,285.0579,120.0413,0.84943,24.9322
2026-09-30T00:04:00,49.8863,284.9354,119.8193,0.84959,24.9282
2026-09-30T00:05:00,49.7521,285.0458,119.8901,0.85002,25.0175
2026-09-30T00:06:00,50.015,284.8873,120.1406,0.84916,25.1418
2026-09-30T00:07:00,50.3351,284.996,120.022,0.85061,24.855
2026-09-30T00:08:00,49.8769,285.0873,120.3645,0.84979,24.8265
2026-09-30T00:09:00,49.8449,285.0068,119.927,0.84981,24.79
2026-09-30T00:10:00,50.1225,284.9314,119.5129,0.84975,25.1437
2026-09-30T00:11:00,50.0892,284.837,119.927,0.84957,25.1704
2026-09-30T00:12:00,50.0264,285.0251,120.0496,0.84938,24.827
2026-09-30T00:13:00,49.7674,285.0517,120.0707,0.85065,24.8154
2026-09-30T00:14:00,49.9927,284.9612,120.0077,0.85009,25.0268
2026-09-30T00:15:00,50.1738,284.8846,119.8294,0.8499,25.1423
2026-09-30T00:16:00,49.6639,285.0814,120.2937,0.85055,25.133
2026-09-30T00:17:00,49.8856,285.3723,119.8612,0.84954,25.0344
2026-09-30T00:18:00,49.5247,284.9546,120.1367,0.85034,25.0931
2026-09-30T00:19:00,49.6776,285.0505,119.9368,0.84998,25.0505
2026-09-30T00:20:00,49.5396,285.0566,119.7546,0.84944,24.9447
2026-09-30T00:21:00,49.9412,284.615,120.2776,0.85041,25.2403
2026-09-30T00:22:00,49.6831,285.0186,119.492,0.84908,25.0111
2026-09-30T00:23:00,50.0678,284.894,119.8241,0.85035,24.8778
2026-09-30T00:24:00,50.0392,285.2077,120.0813,0.84944,24.9551
2026-09-30T00:25:00,49.9533,284.9619,119.9233,0.8502,24.8262
2026-09-30T00:26:00,49.3708,284.8834,120.1451,0.85078,25.0133
2026-09-30T00:27:00,49.8653,284.9672,119.9749,0.85029,25.1429
2026-09-30T00:28:00,49.9879,285.025,119.9043,0.8496,24.8595
2026-09-30T00:29:00,50.0283,284.916,120.4277,0.84994,25.1466
2026-09-30T00:30:00,49.6175,284.9921,119.9511,0.84974,25.2626
2026-09-30T00:31:00,49.8806,284.7969,119.9636,0.84926,25.0568
2026-09-30T00:32:00,49.7554,284.9662,119.7785,0.8493,24.8724
2026-09-30T00:33:00,49.7978,285.1164,119.8457,0.84998,24.9089
2026-09-30T00:34:00,50.2652,285.2954,120.1254,0.85027,24.9712
2026-09-30T00:35:00,49.7981,285.106,120.1083,0.84891,24.8575
2026-09-30T00:36:00,49.9919,285.0408,119.9959,0.84991,24.8613
2026-09-30T00:37:00,50.2211,285.1776,119.8555,0.85025,24.9802
2026-09-30T00:38:00,49.8541,285.1529,120.133,0.85002,24.9897
2026-09-30T00:39:00,49.9721,285.2496,119.6549,0.84936,25.0841
2026-09-30T00:40:00,50.0276,285.1624,119.9275,0.85056,24.8673
2026-09-30T00:41:00,50.0159,284.9823,119.9455,0.84923,25.2361
2026-09-30T00:42:00,49.6937,285.0388,119.8268,0.85033,25.1388
2026-09-30T00:43:00,50.019,285.0269,120.0267,0.8509,25.1183
2026-09-30T00:44:00,50.3397,285.0453,119.8627,0.84875,24.9332
2026-09-30T00:45:00,49.6132,285.03,119.8356,0.8501,25.2202
2026-09-30T00:46:00,50.2148,284.8826,120.3571,0.85013,24.9702
2026-09-30T00:47:00,50.0298,284.6845,120.1449,0.85008,25.2294
2026-09-30T00:48:00,49.8396,284.8992,120.2368,0.8495,25.14
2026-09-30T00:49:00,50.5001,284.6961,120.0072,0.84976,24.9037
2026-09-30T00:50:00,50.1906,285.0102,120.19,0.84912,24.9569
2026-09-30T00:51:00,49.7002,285.0007,120.1534,0.85003,25.236
2026-09-30T00:52:00,50.0186,284.7487,120.24,0.85026,25.1317
2026-09-30T00:53:00,50.1442,285.1032,120.4712,0.84955,24.9928
2026-09-30T00:54:00,49.9528,285.13,119.9522,0.8494,25.0359
2026-09-30T00:55:00,50.1707,285.0144,120.0495,0.84967,25.0353
2026-09-30T00:56:00,49.9834,285.2501,119.9875,0.84994,24.9186
2026-09-30T00:57:00,50.1668,285.2807,119.2947,0.84998,24.9874
2026-09-30T00:58:00,50.3596,284.8191,119.7186,0.84988,24.9322
2026-09-30T00:59:00,49.8311,285.1555,120.0018,0.84999,24.96
2026-09-30T01:00:00,50.0508,285.0661,120.1249,0.84917,25.0675
2026-09-30T01:01:00,49.8842,285.0627,119.8831,0.84834,24.8964
2026-09-30T01:02:00,50.0318,285.1402,120.2255,0.85031,25.0987
2026-09-30T01:03:00,49.7032,284.8921,120.2553,0.85078,25.0246
2026-09-30T01:04:00,49.8552,284.9111,119.916,0.84911,25.1031
2026-09-30T01:05:00,49.951,284.876,120.2836,0.84955,25.1183
2026-09-30T01:06:00,50.2247,284.8868,120.3492,0.85012,25.1612
2026-09-30T01:07:00,50.2863,284.9852,120.0918,0.8505,25.0869
2026-09-30T01:08:00,49.6691,284.7822,119.8027,0.85032,25.0964
2026-09-30T01:09:00,49.8013,284.8431,120.2928,0.8507,24.9898
2026-09-30T01:10:00,50.1617,285.0866,119.9665,0.84991,25.0798
2026-09-30T01:11:00,49.5019,284.9894,119.9238,0.85019,24.9032
2026-09-30T01:12:00,49.8842,285.0574,120.0227,0.85018,24.9818
2026-09-30T01:13:00,49.9757,284.7166,119.892,0.84969,25.1015
2026-09-30T01:14:00,50.3143,284.8824,120.2141,0.85065,25.0052
2026-09-30T01:15:00,50.1724,284.9167,120.1551,0.85031,25.065
2026-09-30T01:16:00,49.9182,285.0049,120.2436,0.85052,24.8844
2026-09-30T01:17:00,49.9079,284.9121,120.1161,0.84971,25.1758
2026-09-30T01:18:00,49.9375,285.14,119.8411,0.85055,24.9421
2026-09-30T01:19:00,50.3809,284.9913,119.9681,0.84932,25.059
2026-09-30T01:20:00,49.893,285.0026,120.1751,0.85017,25.0087
2026-09-30T01:21:00,49.9241,285.002,119.9186,0.8484,25.1236
2026-09-30T01:22:00,50.0881,285.1062,120.584,0.84935,24.9654
2026-09-30T01:23:00,49.9698,284.9293,119.9515,0.85037,24.8912
2026-09-30T01:24:00,49.9507,285.1684,119.8827,0.84968,24.7832
2026-09-30T01:25:00,49.7215,285.069,120.2298,0.85004,24.9745
2026-09-30T01:26:00,49.9971,285.0231,120.1495,0.84899,24.8678
2026-09-30T01:27:00,49.8891,285.0063,119.9944,0.85085,25.0757
2026-09-30T01:28:00,50.2915,285.078,119.954,0.85029,25.1848
2026-09-30T01:29:00,50.1633,285.1523,120.0853,0.84993,24.7438
2026-09-30T01:30:00,49.994,285.1418,120.1671,0.85018,24.8563
2026-09-30T01:31:00,50.1671,285.0564,120.1525,0.85013,25.0486
2026-09-30T01:32:00,49.915,285.1315,119.9397,0.85077,25.1599
2026-09-30T01:33:00,50.263,285.0178,120.0864,0.85007,25.0482
2026-09-30T01:34:00,49.9987,285.1879,120.1688,0.84908,25.0504
2026-09-30T01:35:00,50.1458,284.996,120.153,0.84979,25.0722
2026-09-30T01:36:00,49.6773,284.6887,119.3827,0.85069,25.0806
2026-09-30T01:37:00,50.0867,285.2007,119.8219,0.85027,25.2092
2026-09-30T01:38:00,49.5779,285.0162,119.8448,0.84969,25.0851
2026-09-30T01:39:00,49.4912,284.8243,119.9539,0.8503,24.862
2026-09-30T01:40:00,49.9239,284.9703,120.0358,0.85001,24.9545
2026-09-30T01:41:00,49.775,284.8674,120.1843,0.8503,25.0366
2026-09-30T01:42:00,50.041,285.315,120.1235,0.84901,24.9137
2026-09-30T01:43:00,50.5612,285.0747,119.9746,0.84941,24.9799
2026-09-30T01:44:00,49.7921,284.7647,120.0046,0.85033,24.9481
2026-09-30T01:45:00,49.844,285.0819,120.3518,0.84981,24.9269
2026-09-30T01:46:00,50.0514,284.9402,119.8774,0.85015,25.0949
2026-09-30T01:47:00,50.1233,285.2875,120.0609,0.85109,24.9645
2026-09-30T01:48:00,49.9559,284.8421,120.3131,0.84976,24.8797
2026-09-30T01:49:00,49.9485,284.6629,120.0692,0.85008,24.9251
2026-09-30T01:50:00,50.1756,285.0099,119.5913,0.84961,25.0159
2026-09-30T01:51:00,50.13,284.9478,120.075,0.84957,25.2659
2026-09-30T01:52:00,49.7416,284.9375,119.9225,0.8499,25.0425
2026-09-30T01:53:00,49.9802,284.6788,119.9774,0.84909,25.1902
2026-09-30T01:54:00,50.0088,285.064,120.2102,0.84871,25.071
2026-09-30T01:55:00,49.7364,285.251,120.0939,0.85074,24.7522
2026-09-30T01:56:00,50.065,284.7136,119.9472,0.84988,25.057
2026-09-30T01:57:00,49.7855,285.1757,120.1784,0.8506,24.9086
2026-09-30T01:58:00,50.243,284.9147,120.0871,0.85001,24.848
2026-09-30T01:59:00,50.0482,285.3524,120.021,0.85003,24.8813
2026-09-30T02:00:00,50.0223,285.0654,120.0602,0.85033,25.227
2026-09-30T02:01:00,49.8522,284.9718,120.0506,0.85036,24.8208
2026-09-30T02:02:00,49.9703,285.1658,119.9321,0.84923,24.9365
2026-09-30T02:03:00,49.5006,285.0789,119.9082,0.85065,25.1511
2026-09-30T02:04:00,49.7171,284.9111,120.005,0.84937,25.0915
2026-09-30T02:05:00,50.0907,285.1065,119.8092,0.85006,24.8048
2026-09-30T02:06:00,49.4679,284.9234,119.7482,0.85144,24.9978
2026-09-30T02:07:00,50.2117,284.7317,120.2602,0.84999,24.9489
2026-09-30T02:08:00,49.5635,285.3047,119.9521,0.85092,24.9876
2026-09-30T02:09:00,50.1892,284.9476,119.9952,0.84974,25.102
2026-09-30T02:10:00,49.7886,284.9086,119.973,0.8503,24.9416
2026-09-30T02:11:00,50.1947,285.0508,120.0047,0.84997,24.9725
2026-09-30T02:12:00,50.0327,284.7661,120.0045,0.85019,25.1874
2026-09-30T02:13:00,49.6158,284.797,120.013,0.84944,24.7885
2026-09-30T02:14:00,50.3123,284.9251,119.839,0.8494,24.9661
2026-09-30T02:15:00,50.3604,284.922,120.1864,0.85014,25.0679
2026-09-30T02:16:00,49.9835,285.0108,119.8616,0.84902,24.8606
2026-09-30T02:17:00,49.9315,285.1684,120.207,0.84945,24.9349
2026-09-30T02:18:00,49.96,284.9289,119.6162,0.85032,24.8523
2026-09-30T02:19:00,49.7562,285.0739,119.7877,0.84958,25.0298
2026-09-30T02:20:00,50.2746,285.0902,120.1984,0.84942,24.9357
2026-09-30T02:21:00,49.8643,284.8374,119.9704,0.84929,25.1061
2026-09-30T02:22:00,49.9872,285.0343,119.8658,0.85003,25.1344
2026-09-30T02:23:00,49.8017,284.8586,120.075,0.84973,25.0166
2026-09-30T02:24:00,49.8435,285.1596,119.7909,0.85003,24.9651
2026-09-30T02:25:00,49.6806,285.0683,120.0154,0.84983,25.0425
2026-09-30T02:26:00,50.3143,285.0025,119.557,0.85103,25.0179
2026-09-30T02:27:00,49.9615,284.799,119.9095,0.84969,24.8638
2026-09-30T02:28:00,50.2415,285.0174,119.87,0.84879,25.1405
2026-09-30T02:29:00,50.0033,284.8849,120.1079,0.85001,25.0382
2026-09-30T02:30:00,49.8264,285.1059,120.1752,0.84994,25.1063
2026-09-30T02:31:00,49.9183,284.9821,119.8291,0.85003,24.8463
2026-09-30T02:32:00,49.8599,284.8781,120.3218,0.849,25.1169
2026-09-30T02:33:00,50.002,285.1388,119.8816,0.8506,25.2656
2026-09-30T02:34:00,49.9062,285.1082,119.5888,0.84992,25.0853
2026-09-30T02:35:00,49.925,284.911,119.5241,0.84992,24.8355
2026-09-30T02:36:00,49.6554,285.1743,120.3078,0.84901,25.0153
2026-09-30T02:37:00,49.7983,284.9552,119.9825,0.85022,25.0037
2026-09-30T02:38:00,50.4135,284.9536,119.8705,0.8499,25.0372
2026-09-30T02:39:00,49.8322,285.0186,119.8504,0.85073,24.9825
2026-09-30T02:40:00,49.7365,284.8871,119.7816,0.8497,25.0707
2026-09-30T02:41:00,50.0843,284.9338,120.2704,0.84922,24.9545
2026-09-30T02:42:00,50.3518,284.9759,119.9832,0.85002,25.0385
2026-09-30T02:43:00,49.6365,285.2295,120.358,0.84941,24.9274
2026-09-30T02:44:00,49.9479,285.2249,119.9602,0.85018,25.0226
2026-09-30T02:45:00,49.842,284.9612,119.5299,0.84931,25.1311
2026-09-30T02:46:00,49.5597,285.2416,120.1689,0.84987,24.9513
2026-09-30T02:47:00,50.1837,284.9935,119.9264,0.84981,25.0913
2026-09-30T02:48:00,49.9941,285.0571,119.9526,0.84992,24.9032
2026-09-30T02:49:00,50.0179,285.1325,120.3135,0.84964,24.9656
2026-09-30T02:50:00,49.8119,285.0438,119.9473,0.84947,24.982
2026-09-30T02:51:00,50.1137,285.3623,120.2324,0.84991,25.1614
2026-09-30T02:52:00,49.8652,285.0365,119.999,0.8496,24.9178
2026-09-30T02:53:00,49.9643,284.8204,119.8496,0.85003,25.158
2026-09-30T02:54:00,49.7229,285.1958,120.1015,0.84978,24.8331
2026-09-30T02:55:00,49.696,284.9382,119.8799,0.84863,24.9913
2026-09-30T02:56:00,50.3339,284.9544,120.2457,0.84991,25.121
2026-09-30T02:57:00,49.8732,284.5512,120.192,0.85075,25.0946
2026-09-30T02:58:00,50.0729,285.1501,120.0125,0.85012,24.8881
2026-09-30T02:59:00,49.9916,285.1228,120.122,0.85029,24.8622
2026-09-30T03:00:00,49.8897,285.1199,120.1129,0.85021,25.1167
2026-09-30T03:01:00,49.873,285.1468,119.9449,0.84967,24.8575
2026-09-30T03:02:00,50.1575,285.2537,120.179,0.84916,25.0806
2026-09-30T03:03:00,49.9245,284.9931,119.9545,0.85041,24.9472
2026-09-30T03:04:00,49.9621,285.1406,120.1232,0.85056,25.0089
2026-09-30T03:05:00,50.0056,284.8884,119.8099,0.85027,25.2908
2026-09-30T03:06:00,50.2941,284.9469,120.0204,0.85019,25.1981
2026-09-30T03:07:00,50.1701,285.1585,120.0832,0.85017,25.112
2026-09-30T03:08:00,50.0957,285.0587,119.8423,0.84993,24.8433
2026-09-30T03:09:00,49.8591,284.8,119.9171,0.8501,25.049
2026-09-30T03:10:00,49.6545,285.0542,119.8938,0.84995,25.0166
2026-09-30T03:11:00,50.2374,284.9726,120.1461,0.85013,24.998
2026-09-30T03:12:00,50.2416,284.8772,119.8566,0.84939,25.1722
2026-09-30T03:13:00,49.9648,285.0651,120.0883,0.84958,24.8017
2026-09-30T03:14:00,50.1355,284.9393,120.3058,0.85027,25.0487
2026-09-30T03:15:00,50.1954,284.7644,120.0722,0.84974,25.0254
2026-09-30T03:16:00,50.2078,284.8333,119.6786,0.84854,24.919
2026-09-30T03:17:00,50.2303,285.2654,120.0262,0.85001,25.2195
2026-09-30T03:18:00,49.8861,284.7728,120.2093,0.84862,24.8563
2026-09-30T03:19:00,50.3787,285.0334,119.944,0.85105,25.0134
2026-09-30T03:20:00,49.6884,285.0915,120.2231,0.85036,25.0197
2026-09-30T03:21:00,50.2154,285.0959,120.125,0.85033,24.744
2026-09-30T03:22:00,50.1235,284.8162,120.0856,0.84956,24.8363
2026-09-30T03:23:00,50.2184,284.9518,119.9492,0.84929,24.8922
2026-09-30T03:24:00,50.4698,285.0211,119.8991,0.84982,25.1055
2026-09-30T03:25:00,50.3711,285.12,119.9504,0.84995,25.1246
2026-09-30T03:26:00,49.7137,284.9033,120.0143,0.8495,25.082
2026-09-30T03:27:00,49.5778,284.8255,120.1064,0.85003,25.039
2026-09-30T03:28:00,50.2042,285.1504,120.0859,0.85034,24.7429
2026-09-30T03:29:00,49.7462,285.1658,119.9417,0.85029,25.036
2026-09-30T03:30:00,49.9969,285.0555,120.0151,0.84934,24.9474
2026-09-30T03:31:00,50.2099,284.9087,120.0796,0.84869,25.1519
2026-09-30T03:32:00,49.5891,285.061,119.6772,0.84995,25.1731
2026-09-30T03:33:00,49.4725,285.0164,119.8486,0.84956,25.2814
2026-09-30T03:34:00,50.0648,285.1256,119.8425,0.8502,25.0958
2026-09-30T03:35:00,50.0111,284.8126,119.9616,0.85089,25.1087
2026-09-30T03:36:00,49.9385,285.0174,119.9473,0.85089,24.8844
2026-09-30T03:37:00,50.0096,284.9761,119.9509,0.85011,25.0192
2026-09-30T03:38:00,49.7849,284.8335,119.828,0.85058,24.8595
2026-09-30T03:39:00,49.6216,285.0323,120.1372,0.85089,25.1185
2026-09-30T03:40:00,49.9583,285.0052,120.0583,0.84997,24.8644
2026-09-30T03:41:00,49.7571,284.9384,119.6742,0.8501,24.9835
2026-09-30T03:42:00,49.5891,285.0594,120.0055,0.85044,24.9098
2026-09-30T03:43:00,50.1264,284.7872,119.7776,0.84993,24.9524
2026-09-30T03:44:00,49.9847,284.992,120.3434,0.84966,25.065
2026-09-30T03:45:00,50.1016,285.0647,119.9119,0.84952,24.9408
2026-09-30T03:46:00,49.7527,285.0426,119.9243,0.84995,25.0361
2026-09-30T03:47:00,49.8355,285.1615,120.0199,0.84959,24.8874
2026-09-30T03:48:00,49.7502,284.8198,119.9631,0.85041,25.1791
2026-09-30T03:49:00,49.7783,284.7738,119.9915,0.84976,24.9309
2026-09-30T03:50:00,50.0489,285.0359,120.3127,0.85079,25.1323
2026-09-30T03:51:00,49.8043,285.0683,120.0485,0.85064,25.2692
2026-09-30T03:52:00,50.089,285.318,120.1703,0.84924,24.7128
2026-09-30T03:53:00,50.0849,285.0925,120.2288,0.85057,24.8885
2026-09-30T03:54:00,50.5063,284.8689,119.8084,0.84972,24.9841
2026-09-30T03:55:00,49.6518,285.1209,120.3412,0.85074,25.1515
2026-09-30T03:56:00,50.222,284.8732,120.1411,0.85025,24.9501
2026-09-30T03:57:00,49.9776,284.7771,120.1949,0.84993,25.0552
2026-09-30T03:58:00,49.9965,285.3914,119.8308,0.85034,24.9202
2026-09-30T03:59:00,49.6375,285.0489,120.167,0.84963,25.0775
2026-09-30T04:00:00,49.885,285.1072,120.0862,0.85014,24.8612
2026-09-30T04:01:00,50.1858,285.0845,119.8961,0.85017,25.1109
2026-09-30T04:02:00,49.9794,285.2718,120.4602,0.84987,24.6446
2026-09-30T04:03:00,50.0203,285.0426,120.117,0.85018,24.7786
2026-09-30T04:04:00,49.9273,285.1827,119.9558,0.84938,25.2306
2026-09-30T04:05:00,50.2886,284.8459,120.0425,0.85027,25.0299
2026-09-30T04:06:00,49.9946,284.7912,120.1857,0.84926,24.8997
2026-09-30T04:07:00,49.4499,285.214,120.2298,0.85031,25.2775
2026-09-30T04:08:00,49.827,285.2212,120.1201,0.85023,25.137
2026-09-30T04:09:00,49.5078,285.0766,120.2472,0.85036,25.1465
2026-09-30T04:10:00,49.1871,285.0339,120.2978,0.84964,24.9572
2026-09-30T04:11:00,49.8675,285.0249,119.7569,0.85169,25.0846
2026-09-30T04:12:00,50.3334,284.8968,119.9067,0.84983,25.0706
2026-09-30T04:13:00,50.0118,285.2308,119.816,0.85005,24.8063
2026-09-30T04:14:00,49.7069,285.0988,120.0233,0.84953,25.0812
2026-09-30T04:15:00,49.7648,285.0759,120.2926,0.85078,24.9861
2026-09-30T04:16:00,50.2827,285.0564,120.1346,0.84969,25.1658
2026-09-30T04:17:00,50.0394,285.1572,119.7948,0.85053,25.1682
2026-09-30T04:18:00,50.012,285.0758,119.9452,0.84942,24.93
2026-09-30T04:19:00,49.9866,285.1118,120.2097,0.85014,24.9348
2026-09-30T04:20:00,50.0096,284.8247,119.8977,0.84975,25.032
2026-09-30T04:21:00,50.2014,285.0765,119.9847,0.85049,25.0886
2026-09-30T04:22:00,50.1381,285.3281,120.0649,0.8498,24.9583
2026-09-30T04:23:00,50.0539,284.9222,119.6397,0.84947,24.9945
2026-09-30T04:24:00,49.7393,284.9807,120.1599,0.85022,25.0832
2026-09-30T04:25:00,50.1278,285.1338,120.0725,0.84929,25.0602
2026-09-30T04:26:00,49.8289,285.1436,120.1177,0.84942,25.1508
2026-09-30T04:27:00,50.2735,285.0937,119.8083,0.8504,25.0376
2026-09-30T04:28:00,49.6822,284.7574,119.8504,0.8489,24.8999
2026-09-30T04:29:00,49.9656,285.0753,119.8846,0.8504,24.7924
2026-09-30T04:30:00,49.9982,284.8224,120.0541,0.84974,25.1077
2026-09-30T04:31:00,49.6688,284.8763,120.0181,0.84945,24.9675
2026-09-30T04:32:00,50.4305,285.0822,120.0296,0.85011,24.9657
2026-09-30T04:33:00,50.3651,284.9556,120.3623,0.85033,24.9728
2026-09-30T04:34:00,49.8841,285.1214,120.2651,0.84964,24.8156
2026-09-30T04:35:00,50.1929,285.4722,119.8602,0.84987,24.9604
2026-09-30T04:36:00,50.0947,285.1166,119.8733,0.85043,24.6892
2026-09-30T04:37:00,49.3466,285.1084,120.3471,0.8504,24.9589
2026-09-30T04:38:00,50.0626,284.8656,119.9406,0.84994,24.8984
2026-09-30T04:39:00,49.9847,284.9036,120.2798,0.84953,25.2336
2026-09-30T04:40:00,50.0208,284.8405,120.3237,0.84943,25.063
2026-09-30T04:41:00,49.7308,284.9201,119.8955,0.84963,24.9819
2026-09-30T04:42:00,49.9327,284.8362,119.9501,0.85036,25.0281
2026-09-30T04:43:00,49.9554,284.901,120.0206,0.8503,25.0977
2026-09-30T04:44:00,50.297,284.9687,119.8312,0.85015,24.9152
2026-09-30T04:45:00,50.0836,284.8499,119.8084,0.85077,24.9798
2026-09-30T04:46:00,49.9986,284.7871,119.9238,0.84981,24.9645
2026-09-30T04:47:00,50.3822,284.7958,120.1745,0.84976,25.3133
2026-09-30T04:48:00,49.8612,285.0681,119.9144,0.84976,25.017
2026-09-30T04:49:00,49.9026,285.009,119.9627,0.85106,24.7663
2026-09-30T04:50:00,49.5458,285.1539,119.911,0.84881,25.106
2026-09-30T04:51:00,50.3923,285.1567,119.731,0.85014,25.326
2026-09-30T04:52:00,50.2411,284.9489,120.3009,0.85023,24.8903
2026-09-30T04:53:00,50.2292,285.1005,119.5356,0.85001,25.436
2026-09-30T04:54:00,50.1672,284.7839,119.8732,0.8513,25.0002
2026-09-30T04:55:00,50.0275,285.3425,120.1157,0.85064,25.131
2026-09-30T04:56:00,50.0539,285.1793,119.7248,0.85042,24.9385
2026-09-30T04:57:00,49.937,284.9677,120.1249,0.84947,24.9746
2026-09-30T04:58:00,49.9491,284.8255,120.2545,0.85026,24.8562
2026-09-30T04:59:00,50.0136,285.057,119.832,0.84977,24.8776
2026-09-30T05:00:00,50.378,284.7195,120.0457,0.85001,24.7437
2026-09-30T05:01:00,50.1389,284.8831,119.7819,0.8501,25.1488
2026-09-30T05:02:00,49.9854,285.1123,120.1053,0.84971,24.8662
2026-09-30T05:03:00,49.8552,285.0113,120.0216,0.85034,25.0534
2026-09-30T05:04:00,49.8413,284.9264,120.047,0.85091,25.0484
2026-09-30T05:05:00,50.4007,285.1426,120.2771,0.85057,24.9276
2026-09-30T05:06:00,50.1267,284.8442,120.0981,0.85011,25.0136
2026-09-30T05:07:00,50.0169,285.0427,120.2731,0.84889,24.9959
2026-09-30T05:08:00,49.9135,284.9253,120.1307,0.8506,24.9465
2026-09-30T05:09:00,49.7227,284.8729,119.764,0.8506,25.0137
2026-09-30T05:10:00,49.9833,285.0695,120.0562,0.84988,25.0138
2026-09-30T05:11:00,50.2184,284.8511,120.1018,0.84972,24.8816
2026-09-30T05:12:00,49.9019,285.2853,119.7148,0.85036,24.8475
2026-09-30T05:13:00,49.9432,284.9123,120.2706,0.84953,24.9027
2026-09-30T05:14:00,49.9447,285.2985,120.0175,0.85044,25.0224
2026-09-30T05:15:00,50.0274,284.8359,120.0775,0.84938,25.1783
2026-09-30T05:16:00,49.6017,285.0909,119.8246,0.84947,25.189
2026-09-30T05:17:00,49.9412,284.8201,120.0184,0.85,25.0462
2026-09-30T05:18:00,49.7864,284.7988,120.0638,0.84917,25.1244
2026-09-30T05:19:00,50.2211,285.024,119.9386,0.84999,25.0225
2026-09-30T05:20:00,49.8074,285.1016,120.02,0.85029,25.1439
2026-09-30T05:21:00,50.1443,284.8089,119.5799,0.84925,25.0231
2026-09-30T05:22:00,50.3811,285.1776,120.2762,0.85051,25.0558
2026-09-30T05:23:00,49.9216,284.8804,119.781,0.84968,24.972
2026-09-30T05:24:00,49.8496,285.0197,119.5674,0.8503,25.0065
2026-09-30T05:25:00,50.0479,285.057,119.8117,0.85011,25.2421
2026-09-30T05:26:00,49.9995,285.0892,119.8368,0.84974,24.8588
2026-09-30T05:27:00,49.7516,284.7303,120.1125,0.8497,25.0075
2026-09-30T05:28:00,50.1152,285.2428,119.821,0.84903,24.9339
2026-09-30T05:29:00,50.5039,285.0843,120.0606,0.8496,25.126
2026-09-30T05:30:00,49.9355,284.9362,119.8118,0.84956,25.2319
2026-09-30T05:31:00,49.9493,284.8464,120.4451,0.85092,24.9684
2026-09-30T05:32:00,49.7388,284.7459,120.1128,0.85057,24.6635
2026-09-30T05:33:00,50.0798,284.7958,120.3949,0.84922,25.0832
2026-09-30T05:34:00,49.6883,285.0817,119.8007,0.85045,25.0833
2026-09-30T05:35:00,49.7233,284.9488,120.1364,0.85012,24.7981
2026-09-30T05:36:00,50.3199,284.8303,119.8124,0.84978,24.9769
2026-09-30T05:37:00,49.7736,284.921,120.1193,0.85026,24.9986
2026-09-30T05:38:00,50.2703,285.2346,120.1391,0.85044,24.72
2026-09-30T05:39:00,50.3811,284.9504,119.6846,0.84968,25.0905
2026-09-30T05:40:00,50.0648,284.9123,119.7761,0.84984,25.0614
2026-09-30T05:41:00,50.1383,285.2026,119.7701,0.85009,25.0364
2026-09-30T05:42:00,50.4881,285.0693,119.7026,0.84944,24.8751
2026-09-30T05:43:00,49.9508,285.0066,119.8571,0.8501,24.9183
2026-09-30T05:44:00,49.8517,284.9088,119.8112,0.84995,24.928
2026-09-30T05:45:00,49.6617,284.7671,119.7141,0.84961,25.0661
2026-09-30T05:46:00,50.0104,284.8244,120.0227,0.84952,24.8844
2026-09-30T05:47:00,50.3698,284.9279,120.1122,0.85017,25.1884
2026-09-30T05:48:00,50.2399,284.9671,119.74,0.85049,25.0535
2026-09-30T05:49:00,49.7645,285.0534,119.8915,0.85018,24.7357
2026-09-30T05:50:00,49.7862,285.0828,120.0044,0.84952,25.2158
2026-09-30T05:51:00,49.874,285.0334,119.9564,0.85042,25.0261
2026-09-30T05:52:00,50.0731,285.0331,119.8626,0.85009,24.9379
2026-09-30T05:53:00,49.9487,284.8489,120.1647,0.85033,25.019
2026-09-30T05:54:00,50.0536,284.6768,120.172,0.85065,24.7791
2026-09-30T05:55:00,50.0742,284.9219,120.1385,0.84949,25.0299
2026-09-30T05:56:00,49.9253,284.8569,119.9609,0.84992,24.7002
2026-09-30T05:57:00,49.99,284.9021,120.3998,0.84966,24.8788
2026-09-30T05:58:00,50.0516,284.9588,120.3505,0.84951,25.1748
2026-09-30T05:59:00,49.979,284.8135,119.922,0.85112,25.1632
2026-09-30T06:00:00,50.1259,284.8334,119.9783,0.85053,24.9635
2026-09-30T06:01:00,50.4677,284.985,120.24,0.84901,24.8856
2026-09-30T06:02:00,50.148,285.0174,119.8424,0.85024,25.1222
2026-09-30T06:03:00,50.014,284.9016,120.0819,0.84969,24.9997
2026-09-30T06:04:00,49.5785,285.0747,120.0114,0.85064,25.0323
2026-09-30T06:05:00,50.097,284.9671,119.8615,0.85005,25.0839
2026-09-30T06:06:00,49.5133,284.847,119.9558,0.8499,24.8717
2026-09-30T06:07:00,49.6477,285.0061,119.6878,0.85008,25.1047
2026-09-30T06:08:00,50.2137,285.2824,119.8934,0.85021,24.742
2026-09-30T06:09:00,50.1766,284.8988,119.6029,0.85002,25.1881
2026-09-30T06:10:00,49.9625,285.1749,120.458,0.84988,24.8098
2026-09-30T06:11:00,49.5725,285.2067,120.3031,0.84992,24.9272
2026-09-30T06:12:00,49.9072,285.2247,120.2476,0.85029,24.9221
2026-09-30T06:13:00,49.8303,284.8766,120.0622,0.84937,25.0964
2026-09-30T06:14:00,50.1592,285.3023,120.2015,0.85,25.0986
2026-09-30T06:15:00,50.5644,285.0175,120.2562,0.84993,25.0502
2026-09-30T06:16:00,50.0542,284.9619,120.2048,0.84973,25.0731
2026-09-30T06:17:00,49.8052,284.9654,120.1853,0.85041,25.0638
2026-09-30T06:18:00,49.7074,285.0902,119.8191,0.84928,24.9962
2026-09-30T06:19:00,49.986,285.0077,120.0872,0.84979,24.7665
2026-09-30T06:20:00,49.9558,284.9735,119.8945,0.84952,24.7171
2026-09-30T06:21:00,49.7121,285.1925,119.7652,0.8503,24.7176
2026-09-30T06:22:00,50.0291,284.8916,119.773,0.84974,24.9991
2026-09-30T06:23:00,49.7123,284.8435,120.0868,0.85003,24.9765
2026-09-30T06:24:00,50.278,285.119,120.2118,0.85022,24.9875
2026-09-30T06:25:00,50.2657,285.1055,119.7275,0.8491,25.033
2026-09-30T06:26:00,50.2712,285.1641,120.3501,0.85025,24.9754
2026-09-30T06:27:00,49.8815,284.8392,120.2948,0.84958,24.8799
2026-09-30T06:28:00,50.1286,285.1622,119.9248,0.84986,24.8168
2026-09-30T06:29:00,49.967,285.0723,119.9082,0.84994,24.7674
2026-09-30T06:30:00,49.9028,285.2644,119.9862,0.85045,25.1568
2026-09-30T06:31:00,49.9152,284.8128,120.197,0.85041,25.1182
2026-09-30T06:32:00,49.6751,285.0327,119.9241,0.85099,24.8352
2026-09-30T06:33:00,49.639,284.9584,119.7794,0.8501,24.9702
2026-09-30T06:34:00,50.1986,284.7615,120.0693,0.84973,25.0597
2026-09-30T06:35:00,49.9522,284.8928,119.5874,0.84972,25.204
2026-09-30T06:36:00,50.0541,285.1691,120.0286,0.85037,24.929
2026-09-30T06:37:00,50.2504,284.9297,120.2322,0.8509,25.0262
2026-09-30T06:38:00,49.5667,284.8916,120.0614,0.85019,25.1492
2026-09-30T06:39:00,49.804,285.1302,120.1563,0.84968,24.7867
2026-09-30T06:40:00,50.0438,285.1483,120.0989,0.85015,24.9124
2026-09-30T06:41:00,50.098,285.148,120.1457,0.85014,24.9993
2026-09-30T06:42:00,49.9057,284.8815,120.0291,0.85002,24.9139
2026-09-30T06:43:00,50.2573,284.9913,119.8342,0.84958,25.2689
2026-09-30T06:44:00,50.0526,285.1546,119.9551,0.84858,25.1128
2026-09-30T06:45:00,49.6967,284.9016,119.9853,0.8497,25.0287
2026-09-30T06:46:00,49.7673,284.8876,120.2518,0.85059,24.8837
2026-09-30T06:47:00,50.2014,285.1242,120.3252,0.85012,25.1126
2026-09-30T06:48:00,50.116,285.2344,120.0841,0.84876,25.0833
2026-09-30T06:49:00,49.5252,284.8272,119.8494,0.85,24.9394
2026-09-30T06:50:00,50.3369,284.6104,119.8541,0.84896,24.9494
2026-09-30T06:51:00,50.1495,284.7825,119.9625,0.85111,24.8205
2026-09-30T06:52:00,50.3358,284.8481,120.2778,0.85011,24.9941
2026-09-30T06:53:00,49.9041,284.9793,120.0669,0.84933,25.1123
2026-09-30T06:54:00,49.9261,285.0924,119.9889,0.85045,25.1292
2026-09-30T06:55:00,49.7184,284.978,119.847,0.84956,25.0764
2026-09-30T06:56:00,50.6342,284.8949,120.1765,0.85031,25.107
2026-09-30T06:57:00,49.9561,285.023,120.0579,0.85001,24.9299
2026-09-30T06:58:00,50.3969,284.8557,119.9898,0.84934,24.9447
2026-09-30T06:59:00,49.8382,284.993,120.0207,0.85037,25.1545
2026-09-30T07:00:00,50.041,284.9038,120.3373,0.84925,25.0601
2026-09-30T07:01:00,49.5822,285.4021,119.9679,0.85075,24.904
2026-09-30T07:02:00,49.9043,285.1225,120.3377,0.85003,25.0663
2026-09-30T07:03:00,50.2459,284.8747,120.2485,0.84942,25.1076
2026-09-30T07:04:00,49.6871,284.8505,120.0105,0.84898,25.0921
2026-09-30T07:05:00,50.2681,284.9343,120.1768,0.85091,25.0169
2026-09-30T07:06:00,50.0843,284.7533,119.9752,0.85081,24.9388
2026-09-30T07:07:00,49.739,284.8904,119.8343,0.8493,25.0534
2026-09-30T07:08:00,49.8746,284.8893,119.9464,0.85092,25.2157
2026-09-30T07:09:00,49.8852,285.1326,119.8186,0.85009,25.0218
2026-09-30T07:10:00,49.9876,284.936,120.1023,0.84988,24.9197
2026-09-30T07:11:00,49.866,284.8814,120.0029,0.84995,25.0458
2026-09-30T07:12:00,49.7932,284.7989,120.1136,0.84985,24.8489
2026-09-30T07:13:00,49.9239,284.8235,120.1653,0.8508,25.0319
2026-09-30T07:14:00,49.7433,284.99,119.376,0.85008,24.9657
2026-09-30T07:15:00,49.6776,284.9677,120.0623,0.84897,25.1231
2026-09-30T07:16:00,49.988,285.1701,119.6397,0.85117,25.0161
2026-09-30T07:17:00,50.2207,284.9056,120.0333,0.85049,25.1345
2026-09-30T07:18:00,49.6177,285.1589,119.8245,0.84939,25.291
2026-09-30T07:19:00,50.0009,285.0386,120.0208,0.8498,24.9759
2026-09-30T07:20:00,49.8375,284.9993,120.2731,0.84949,24.8986
2026-09-30T07:21:00,49.7557,284.6988,119.6584,0.85003,25.0606
2026-09-30T07:22:00,50.2134,284.8065,120.0381,0.85022,24.992
2026-09-30T07:23:00,49.8705,285.1112,119.9843,0.85013,25.0208
2026-09-30T07:24:00,50.3746,285.2097,119.6216,0.84966,24.9277
2026-09-30T07:25:00,49.805,285.031,120.1296,0.84955,25.0725
2026-09-30T07:26:00,50.0966,285.1144,120.0068,0.85047,25.0116
2026-09-30T07:27:00,49.9432,284.9388,119.8983,0.84994,24.7329
2026-09-30T07:28:00,49.8115,284.9443,119.8556,0.85126,24.9733
2026-09-30T07:29:00,50.1469,284.9006,120.6425,0.84955,25.0446
2026-09-30T07:30:00,49.9613,285.1462,119.9212,0.85044,25.1501
2026-09-30T07:31:00,50.1508,285.0514,119.6399,0.85003,24.9307
2026-09-30T07:32:00,49.9882,284.9649,119.8138,0.84957,24.9026
2026-09-30T07:33:00,49.7285,284.9507,119.9267,0.85076,25.1464
2026-09-30T07:34:00,49.9745,285.0835,119.9231,0.85007,24.9266
2026-09-30T07:35:00,50.013,285.0485,119.9842,0.8495,25.0159
2026-09-30T07:36:00,50.2396,284.8752,119.7906,0.84982,25.0618
2026-09-30T07:37:00,49.7734,285.2574,120.1083,0.85057,25.0948
2026-09-30T07:38:00,49.9902,285.0386,119.9032,0.84931,25.0037
2026-09-30T07:39:00,49.5695,285.0016,119.7279,0.85077,24.8639
2026-09-30T07:40:00,50.1629,285.2216,119.8369,0.85038,25.1289
2026-09-30T07:41:00,49.7296,285.1536,119.9231,0.84984,24.9485
2026-09-30T07:42:00,49.5484,284.9868,120.1697,0.85076,24.9376
2026-09-30T07:43:00,49.9852,285.0804,120.0969,0.85098,25.253
2026-09-30T07:44:00,50.2764,284.8395,119.9324,0.85034,25.1123
2026-09-30T07:45:00,49.6189,284.9039,120.0039,0.8501,24.8704
2026-09-30T07:46:00,49.728,284.661,120.043,0.85104,24.9425
2026-09-30T07:47:00,49.8142,285.1831,120.4077,0.85084,24.9719
2026-09-30T07:48:00,49.7176,284.7152,119.8765,0.84948,24.9091
2026-09-30T07:49:00,50.0949,285.1022,120.0934,0.84988,24.7634
2026-09-30T07:50:00,49.7982,284.8754,120.1453,0.84988,25.1026
2026-09-30T07:51:00,49.8196,284.8532,119.8094,0.84977,25.0993
2026-09-30T07:52:00,50.1458,284.9707,120.0378,0.84916,25.0329
2026-09-30T07:53:00,49.8111,285.04,120.0327,0.85051,24.9524
2026-09-30T07:54:00,50.1082,285.0918,119.906,0.85005,25.0289
2026-09-30T07:55:00,49.7572,285.2657,120.1135,0.85006,25.082
2026-09-30T07:56:00,49.697,285.0538,120.2057,0.85079,24.8725
2026-09-30T07:57:00,49.5411,285.1322,120.226,0.84968,24.961
2026-09-30T07:58:00,50.4653,284.9102,119.9616,0.84997,24.9327
2026-09-30T07:59:00,49.9199,285.1071,120.038,0.85015,25.0892
2026-09-30T08:00:00,50.061,285.023,120.4701,0.84976,25.035
2026-09-30T08:01:00,49.9922,284.9305,119.7793,0.84994,24.8406
2026-09-30T08:02:00,50.04,284.9856,120.0444,0.85043,24.9255
2026-09-30T08:03:00,50.0124,284.9907,120.178,0.85,25.2223
2026-09-30T08:04:00,50.4771,285.0287,120.03,0.85075,24.8815
2026-09-30T08:05:00,49.7403,285.0602,120.1312,0.84958,25.0211
2026-09-30T08:06:00,49.6106,284.9237,120.0345,0.85011,24.9239
2026-09-30T08:07:00,49.747,284.8889,120.1507,0.8492,25.1575
2026-09-30T08:08:00,49.6663,285.1121,120.2565,0.84993,24.9942
2026-09-30T08:09:00,50.1867,284.7455,119.9557,0.8496,24.9478
2026-09-30T08:10:00,50.2051,284.9073,120.0395,0.85077,24.8559
2026-09-30T08:11:00,49.7597,285.2329,119.989,0.85042,24.9716
2026-09-30T08:12:00,49.6524,284.5939,119.9193,0.85029,25.1052
2026-09-30T08:13:00,49.9113,284.896,119.9961,0.85104,25.0858
2026-09-30T08:14:00,50.3478,285.1032,119.7737,0.85081,24.8374
2026-09-30T08:15:00,49.2951,284.7525,120.1489,0.85041,25.196
2026-09-30T08:16:00,50.1317,285.3897,120.3405,0.84961,24.9713
2026-09-30T08:17:00,49.7311,284.6117,120.3409,0.84918,24.8709
2026-09-30T08:18:00,50.2601,285.2155,120.2552,0.84998,25.0178
2026-09-30T08:19:00,49.7305,285.2336,119.8072,0.8498,24.9246
2026-09-30T08:20:00,49.9286,285.1375,120.304,0.84963,24.9299
2026-09-30T08:21:00,49.6234,284.9668,119.8569,0.84984,24.9232
2026-09-30T08:22:00,49.7557,285.0536,119.9894,0.84907,24.9905
2026-09-30T08:23:00,50.3465,284.8654,120.3692,0.85084,24.9395
2026-09-30T08:24:00,50.2051,285.1214,119.7856,0.84936,24.7891
2026-09-30T08:25:00,49.8996,284.832,120.1683,0.84962,25.0666
2026-09-30T08:26:00,49.7825,284.9589,120.0563,0.85032,24.9368
2026-09-30T08:27:00,49.5265,285.1494,119.9696,0.84908,25.1502
2026-09-30T08:28:00,49.9016,284.8329,119.8248,0.85052,25.0681
2026-09-30T08:29:00,49.9923,284.9454,120.0845,0.85053,25.0781
2026-09-30T08:30:00,49.979,285.0246,119.9072,0.84982,25.0241
2026-09-30T08:31:00,49.9766,284.7987,120.2091,0.84939,25.1624
2026-09-30T08:32:00,49.7195,285.1747,120.2449,0.84973,24.9608
2026-09-30T08:33:00,49.9834,285.0511,119.7241,0.84895,24.8781
2026-09-30T08:34:00,49.9903,284.7727,119.8989,0.85079,25.0443
2026-09-30T08:35:00,50.3226,284.993,119.9362,0.85003,24.6637
2026-09-30T08:36:00,50.4667,284.8837,119.7637,0.84958,24.9556
2026-09-30T08:37:00,49.9658,284.9014,119.7764,0.84949,25.028
2026-09-30T08:38:00,49.8084,285.0115,120.0177,0.85032,24.9497
2026-09-30T08:39:00,49.9838,284.8935,119.9584,0.85085,25.1573
2026-09-30T08:40:00,49.8481,285.1447,119.6696,0.84928,25.0883
2026-09-30T08:41:00,49.8144,284.8943,119.8924,0.84967,25.0153
2026-09-30T08:42:00,49.9853,285.1473,120.1038,0.849,24.9516
2026-09-30T08:43:00,49.7392,284.9934,119.7588,0.85038,25.1371
2026-09-30T08:44:00,50.1515,285.1284,119.8153,0.85009,24.917
2026-09-30T08:45:00,49.974,284.9188,120.3175,0.85128,24.9496
2026-09-30T08:46:00,50.0625,284.9242,120.2634,0.84993,25.0938
2026-09-30T08:47:00,49.9543,284.8271,119.6758,0.84975,25.075
2026-09-30T08:48:00,49.8182,285.0867,119.7298,0.8496,25.2535
2026-09-30T08:49:00,49.763,285.1407,120.0755,0.85048,24.9742
2026-09-30T08:50:00,49.9407,285.3179,119.7617,0.84908,24.7679
2026-09-30T08:51:00,49.8628,285.1936,119.9494,0.85043,25.0828
2026-09-30T08:52:00,50.0585,285.0375,119.9097,0.85014,25.1569
2026-09-30T08:53:00,49.9989,284.9684,120.112,0.84971,24.9806
2026-09-30T08:54:00,49.6594,285.0583,119.4943,0.84949,25.1942
2026-09-30T08:55:00,50.0168,284.9958,119.5595,0.8506,25.2217
2026-09-30T08:56:00,49.6643,285.2195,119.7548,0.85106,24.9184
2026-09-30T08:57:00,49.8459,285.1416,120.2028,0.84975,24.9413
2026-09-30T08:58:00,49.9264,284.8745,119.9691,0.8503,24.8457
2026-09-30T08:59:00,49.4812,284.8969,119.6584,0.85099,25.0682
2026-09-30T09:00:00,50.0229,285.2051,120.0986,0.84965,25.0899
2026-09-30T09:01:00,50.0377,285.0462,120.1415,0.84986,25.0758
2026-09-30T09:02:00,49.9605,284.9652,119.9508,0.84931,24.8479
2026-09-30T09:03:00,49.8939,285.178,119.9339,0.84992,24.9062
2026-09-30T09:04:00,49.9066,284.9419,120.0875,0.84995,24.8234
2026-09-30T09:05:00,49.7559,284.958,120.2419,0.84976,24.801
2026-09-30T09:06:00,49.9326,284.9308,120.0305,0.84958,24.8339
2026-09-30T09:07:00,49.8618,284.7057,120.1066,0.8491,24.8048
2026-09-30T09:08:00,50.0229,285.1296,119.9904,0.84923,24.978
2026-09-30T09:09:00,49.699,284.8186,119.9237,0.84944,25.053
2026-09-30T09:10:00,50.0589,284.9147,119.8168,0.85037,25.078
2026-09-30T09:11:00,50.0358,284.8884,120.0513,0.84971,24.998
2026-09-30T09:12:00,49.9646,285.109,119.94,0.84951,24.9173
2026-09-30T09:13:00,49.8902,284.9897,119.9513,0.85037,24.9992
2026-09-30T09:14:00,50.1381,285.0023,120.1859,0.85032,25.071
2026-09-30T09:15:00,49.5838,284.7481,120.0976,0.84957,24.9637
2026-09-30T09:16:00,50.1151,284.9869,120.174,0.84964,25.0069
2026-09-30T09:17:00,50.0608,284.7786,119.6849,0.85038,24.9625
2026-09-30T09:18:00,50.0708,285.0461,120.1117,0.85021,24.9354
2026-09-30T09:19:00,50.0958,285.055,119.882,0.84952,25.0045
2026-09-30T09:20:00,49.8366,284.9974,119.8384,0.85014,24.8622
2026-09-30T09:21:00,49.9351,285.3065,119.8296,0.84998,25.1303
2026-09-30T09:22:00,50.1593,285.0792,120.2423,0.85064,24.8069
2026-09-30T09:23:00,50.1077,285.0894,120.1656,0.8495,25.0572
2026-09-30T09:24:00,50.0517,285.0213,119.8566,0.8505,24.8317
2026-09-30T09:25:00,49.6214,284.9711,119.7725,0.85025,25.187
2026-09-30T09:26:00,50.1345,285.1449,120.0027,0.84942,25.1076
2026-09-30T09:27:00,50.2924,285.1652,119.9081,0.8506,24.8998
2026-09-30T09:28:00,50.2524,284.8048,120.3319,0.85052,24.9445
2026-09-30T09:29:00,50.0585,285.1582,119.7077,0.84925,24.8606
2026-09-30T09:30:00,49.6106,285.0771,119.634,0.85113,24.9929
2026-09-30T09:31:00,50.2356,285.1441,119.9488,0.84934,25.0509
2026-09-30T09:32:00,49.9632,285.0699,120.0021,0.84947,25.3159
2026-09-30T09:33:00,49.3669,284.8134,120.0265,0.84982,24.8312
2026-09-30T09:34:00,50.0943,284.8241,120.1507,0.85044,25.1534
2026-09-30T09:35:00,49.627,285.2737,120.4147,0.85033,24.9281
2026-09-30T09:36:00,49.6759,285.0379,119.9315,0.84995,25.0341
2026-09-30T09:37:00,49.8413,284.7874,119.8911,0.85078,25.1086
2026-09-30T09:38:00,50.3181,285.0522,119.6482,0.85023,25.0671
2026-09-30T09:39:00,49.9073,284.9457,120.0487,0.8508,25.0522
2026-09-30T09:40:00,50.0677,284.7235,120.1707,0.85162,24.9757
2026-09-30T09:41:00,50.437,284.6565,119.9479,0.85011,24.999
2026-09-30T09:42:00,50.3985,284.7596,120.2361,0.84852,25.0189
2026-09-30T09:43:00,49.9742,285.0408,120.0061,0.84974,25.1481
2026-09-30T09:44:00,49.9396,284.9928,120.303,0.84938,24.8187
2026-09-30T09:45:00,49.6848,284.9626,120.0666,0.85005,24.9393
2026-09-30T09:46:00,49.8264,285.0427,119.7886,0.85006,24.8461
2026-09-30T09:47:00,50.1063,285.0902,119.8726,0.84929,24.881
2026-09-30T09:48:00,50.0989,284.6846,119.6933,0.84934,24.9015
2026-09-30T09:49:00,50.0276,284.9548,119.6526,0.84985,25.1356
2026-09-30T09:50:00,50.2487,284.8758,120.0534,0.84989,25.2647
2026-09-30T09:51:00,49.8069,284.815,120.1739,0.8485,25.1673
2026-09-30T09:52:00,49.986,284.9179,120.3909,0.85056,24.8537
2026-09-30T09:53:00,50.1828,284.9816,119.989,0.85002,25.0093
2026-09-30T09:54:00,50.146,284.96,119.9526,0.84999,24.8599
2026-09-30T09:55:00,50.2677,284.7818,119.7782,0.85017,25.055
2026-09-30T09:56:00,50.0993,284.9275,120.1975,0.84941,25.1569
2026-09-30T09:57:00,49.9226,285.3024,120.0778,0.84997,25.0725
2026-09-30T09:58:00,50.0905,284.8418,119.881,0.8506,25.1074
2026-09-30T09:59:00,49.7494,284.7469,120.1377,0.85062,24.9818
2026-09-30T10:00:00,49.5901,285.0413,120.1123,0.85027,24.757
2026-09-30T10:01:00,50.1452,285.0895,119.626,0.84984,24.7554
2026-09-30T10:02:00,49.9862,285.0696,120.1485,0.84952,24.9878
2026-09-30T10:03:00,50.0771,284.832,120.0272,0.85077,25.0709
2026-09-30T10:04:00,49.5756,285.1497,119.9217,0.8503,25.1567
2026-09-30T10:05:00,49.9087,284.8822,119.9166,0.84975,24.957
2026-09-30T10:06:00,49.85,284.8298,120.3497,0.84874,25.0092
2026-09-30T10:07:00,49.7839,284.9087,120.3072,0.84949,25.0315
2026-09-30T10:08:00,49.4362,284.9837,120.3652,0.84888,25.1311
2026-09-30T10:09:00,49.9163,285.1071,119.7703,0.85073,24.9913
2026-09-30T10:10:00,50.2243,285.0936,119.8691,0.85011,24.865
2026-09-30T10:11:00,50.0952,284.9966,120.1811,0.84957,25.1334
2026-09-30T10:12:00,49.8498,285.1399,119.7583,0.84984,25.0507
2026-09-30T10:13:00,49.9963,285.0122,119.856,0.85152,25.0471
2026-09-30T10:14:00,50.1892,285.1344,119.6391,0.85071,24.8431
2026-09-30T10:15:00,49.3099,284.7894,120.3706,0.84921,24.999
2026-09-30T10:16:00,49.9689,284.7639,120.2125,0.84992,24.788
2026-09-30T10:17:00,50.1358,285.1164,120.0917,0.84928,24.7525
2026-09-30T10:18:00,50.1705,284.7915,120.0438,0.84899,24.9707
2026-09-30T10:19:00,50.4252,284.9548,119.9166,0.8501,24.9463
2026-09-30T10:20:00,50.2838,284.9853,119.9204,0.85141,25.0699
2026-09-30T10:21:00,50.0781,284.9268,120.1231,0.85092,25.1777
2026-09-30T10:22:00,50.0755,284.932,119.8576,0.85003,24.9957
2026-09-30T10:23:00,50.1967,285.2089,120.2455,0.84978,25.2204
2026-09-30T10:24:00,49.8652,284.6206,119.9015,0.85012,24.9275
2026-09-30T10:25:00,49.99,285.1326,119.8253,0.85061,25.094
2026-09-30T10:26:00,50.2266,285.3443,120.2596,0.84914,24.8437
2026-09-30T10:27:00,50.4894,285.0035,119.9712,0.8489,25.0155
2026-09-30T10:28:00,49.9602,284.9972,120.111,0.85111,24.961
2026-09-30T10:29:00,49.9879,285.109,119.917,0.85016,24.9742
2026-09-30T10:30:00,50.0496,285.2743,119.55,0.85095,25.0725
2026-09-30T10:31:00,50.3358,284.8218,120.1094,0.85014,24.7676
2026-09-30T10:32:00,49.9924,285.0132,119.7307,0.85087,25.0142
2026-09-30T10:33:00,50.3673,284.9721,120.2164,0.84964,24.8999
2026-09-30T10:34:00,49.7583,285.0839,119.6898,0.85029,25.0144
2026-09-30T10:35:00,49.9535,285.0239,119.627,0.85092,25.0484
2026-09-30T10:36:00,49.9505,285.0989,120.0615,0.8506,24.9542
2026-09-30T10:37:00,50.1966,284.9368,120.0851,0.84973,24.9541
2026-09-30T10:38:00,50.2613,285.0074,120.0213,0.85053,24.8579
2026-09-30T10:39:00,49.6226,284.8994,119.7573,0.84961,25.0676
2026-09-30T10:40:00,49.7712,284.9004,120.1777,0.84916,24.9171
2026-09-30T10:41:00,50.0842,284.9788,119.7071,0.85031,25.0546
2026-09-30T10:42:00,49.8353,284.9787,119.9071,0.85083,24.8243
2026-09-30T10:43:00,49.6194,284.8241,119.8424,0.8505,25.1684
2026-09-30T10:44:00,50.2596,285.2355,119.9245,0.84925,24.8741
2026-09-30T10:45:00,50.1235,284.9797,120.1706,0.85052,25.1424
2026-09-30T10:46:00,50.1233,284.7924,119.8732,0.8504,24.9448
2026-09-30T10:47:00,49.8811,285.1652,120.1129,0.84973,25.0671
2026-09-30T10:48:00,50.2572,284.8878,120.1388,0.84852,24.9823
2026-09-30T10:49:00,49.94,285.0762,119.6578,0.8506,25.0836
2026-09-30T10:50:00,50.2741,284.9974,119.7667,0.85053,25.0005
2026-09-30T10:51:00,49.7721,285.0376,119.9233,0.8503,25.1563
2026-09-30T10:52:00,49.7865,285.0257,119.8816,0.84897,25.0827
2026-09-30T10:53:00,50.0512,284.9137,120.0615,0.84911,25.0839
2026-09-30T10:54:00,49.8244,285.0061,119.6137,0.8506,25.2055
2026-09-30T10:55:00,50.1689,285.305,120.1441,0.85048,24.9141
2026-09-30T10:56:00,50.065,284.6644,120.1489,0.85029,25.1602
2026-09-30T10:57:00,49.7693,285.0099,119.9664,0.84985,25.0088
2026-09-30T10:58:00,50.0182,285.0652,119.7234,0.85023,24.8179
2026-09-30T10:59:00,49.9122,284.8422,120.0011,0.84968,25.0588
2026-09-30T11:00:00,50.229,284.7944,119.8925,0.84981,24.9749
2026-09-30T11:01:00,49.8419,285.3238,120.1133,0.84948,25.2077
2026-09-30T11:02:00,49.8902,284.9443,119.9829,0.85015,24.9395
2026-09-30T11:03:00,50.3028,285.3118,120.1456,0.84975,25.006
2026-09-30T11:04:00,50.5596,285.0804,119.9133,0.85057,25.0288
2026-09-30T11:05:00,50.4998,285.0114,120.2885,0.85043,24.7654
2026-09-30T11:06:00,50.0158,285.0714,119.539,0.84952,25.0625
2026-09-30T11:07:00,50.0547,285.0953,119.7968,0.8511,24.8776
2026-09-30T11:08:00,50.3834,285.1769,120.0982,0.84933,25.1732
2026-09-30T11:09:00,49.9689,285.0654,119.6978,0.85027,25.205
2026-09-30T11:10:00,49.7559,285.0217,120.1472,0.85065,24.9989
2026-09-30T11:11:00,50.0292,285.0264,119.7567,0.85077,24.8049
2026-09-30T11:12:00,50.1129,285.2028,120.0186,0.84868,25.0223
2026-09-30T11:13:00,49.7927,285.1225,119.817,0.8506,25.0217
2026-09-30T11:14:00,49.5884,284.8497,119.9118,0.85073,25.0887
2026-09-30T11:15:00,49.6408,284.9047,120.0349,0.85086,24.9635
2026-09-30T11:16:00,50.1664,285.0496,119.9791,0.84867,24.8535
2026-09-30T11:17:00,49.8104,284.9066,119.9237,0.8496,24.9825
2026-09-30T11:18:00,49.9647,284.9435,120.4306,0.84994,24.886
2026-09-30T11:19:00,50.0531,284.8566,120.0017,0.84973,25.2181
2026-09-30T11:20:00,50.1548,284.9608,119.806,0.8508,24.9129
2026-09-30T11:21:00,49.9163,285.0635,120.1855,0.84959,24.9197
2026-09-30T11:22:00,50.1247,285.1493,120.1641,0.85074,24.9942
2026-09-30T11:23:00,49.7775,285.0014,120.2446,0.85034,24.8474
2026-09-30T11:24:00,49.9096,285.3112,120.3575,0.84913,24.9451
2026-09-30T11:25:00,49.7439,284.9885,119.8121,0.84941,24.9833
2026-09-30T11:26:00,50.2829,285.479,120.2119,0.84972,24.9399
2026-09-30T11:27:00,49.9932,285.1502,120.2279,0.85006,24.9691
2026-09-30T11:28:00,49.8152,285.0745,120.0001,0.8506,25.1527
2026-09-30T11:29:00,49.9119,284.9251,120.049,0.84989,25.0533
2026-09-30T11:30:00,49.9446,284.5763,119.3994,0.85054,24.8354
2026-09-30T11:31:00,50.1751,284.9767,119.8852,0.84906,24.9471
2026-09-30T11:32:00,49.6011,285.0267,120.3576,0.84817,25.0918
2026-09-30T11:33:00,49.7407,285.2884,119.6426,0.8498,24.9199
2026-09-30T11:34:00,49.9055,284.793,119.8929,0.85028,25.01
2026-09-30T11:35:00,50.6331,285.2859,120.0576,0.84978,24.9964
2026-09-30T11:36:00,50.2389,284.9623,120.1151,0.84939,25.065
2026-09-30T11:37:00,49.9721,285.1086,120.3263,0.85025,24.978
2026-09-30T11:38:00,50.178,284.619,119.6474,0.85116,24.9826
2026-09-30T11:39:00,50.5144,285.0209,120.0086,0.84994,24.8943
2026-09-30T11:40:00,49.9416,284.9484,120.1719,0.84956,25.0442
2026-09-30T11:41:00,49.9084,285.1024,119.7373,0.84949,24.8858
2026-09-30T11:42:00,50.303,285.0137,119.9921,0.85118,25.2132
2026-09-30T11:43:00,50.1235,284.8287,120.377,0.84998,24.9975
2026-09-30T11:44:00,50.1678,285.142,120.2633,0.85037,24.9725
2026-09-30T11:45:00,49.8729,285.1042,120.1079,0.85073,25.0969
2026-09-30T11:46:00,50.4811,285.0895,119.4772,0.85065,24.9895
2026-09-30T11:47:00,50.4274,285.1513,119.9739,0.84945,25.0109
2026-09-30T11:48:00,50.1415,285.1651,120.0773,0.85057,24.9935
2026-09-30T11:49:00,50.1711,284.9967,119.9383,0.85051,24.9108
2026-09-30T11:50:00,49.4932,284.7964,119.9869,0.85029,24.8866
2026-09-30T11:51:00,50.1594,284.7923,120.6167,0.85061,24.914
2026-09-30T11:52:00,49.9515,285.2025,119.9571,0.84966,25.1392
2026-09-30T11:53:00,50.1085,285.1066,119.8061,0.84996,24.9228
2026-09-30T11:54:00,50.1706,285.0153,120.0486,0.84969,24.9501
2026-09-30T11:55:00,49.9147,284.9348,119.9369,0.85045,24.9448
2026-09-30T11:56:00,49.5774,285.0047,119.9381,0.84961,25.0858
2026-09-30T11:57:00,50.092,285.0037,119.9826,0.85024,25.2436
2026-09-30T11:58:00,49.8147,284.9495,120.1548,0.84934,24.8863
2026-09-30T11:59:00,49.9175,284.8951,120.0475,0.84993,25.0674
2026-09-30T12:00:00,49.8489,285.3246,119.7597,0.84978,25.0147
2026-09-30T12:01:00,49.9146,285.0343,119.9735,0.84993,24.9628
2026-09-30T12:02:00,49.4226,284.9091,120.0949,0.85008,25.0621
2026-09-30T12:03:00,50.3042,284.8047,119.9065,0.84989,24.8438
2026-09-30T12:04:00,50.0633,284.8911,120.2298,0.84987,25.1023
2026-09-30T12:05:00,50.2778,285.108,120.1554,0.84876,25.0271
2026-09-30T12:06:00,50.495,285.1138,119.8018,0.85066,24.8774
2026-09-30T12:07:00,50.0056,284.9672,120.064,0.84963,25.1959
2026-09-30T12:08:00,49.5494,285.0078,120.3968,0.84985,25.1046
2026-09-30T12:09:00,49.7765,284.9542,120.312,0.8495,25.1428
2026-09-30T12:10:00,49.6983,284.8338,119.9887,0.8506,24.8212
2026-09-30T12:11:00,49.8745,285.1953,120.1795,0.84946,24.9666
2026-09-30T12:12:00,50.0199,285.0559,119.8652,0.8503,24.9358
2026-09-30T12:13:00,49.4995,285.3715,119.7104,0.85071,25.0769
2026-09-30T12:14:00,50.0856,284.8866,120.1109,0.85099,25.1664
2026-09-30T12:15:00,49.6224,284.9794,120.0493,0.85071,24.7659
2026-09-30T12:16:00,50.0743,285.1324,120.1028,0.85037,25.0025
2026-09-30T12:17:00,49.9726,284.9632,119.9951,0.84928,24.9845
2026-09-30T12:18:00,49.9216,284.7918,120.0652,0.85077,25.1227
2026-09-30T12:19:00,49.9817,284.8577,119.8974,0.85071,24.995
2026-09-30T12:20:00,49.8651,285.0151,120.0947,0.8505,24.8438
2026-09-30T12:21:00,49.8469,285.0515,120.1666,0.85048,24.9761
2026-09-30T12:22:00,49.5793,284.9858,119.9883,0.85005,24.8728
2026-09-30T12:23:00,49.9926,285.1505,120.1628,0.84969,24.9045
2026-09-30T12:24:00,50.4614,285.1489,119.6458,0.85065,25.0052
2026-09-30T12:25:00,50.4951,285.0484,119.8428,0.85077,24.941
2026-09-30T12:26:00,50.3305,285.004,120.2889,0.84938,25.0343
2026-09-30T12:27:00,50.1765,284.9621,120.3523,0.85055,24.8137
2026-09-30T12:28:00,49.8309,285.0827,120.0501,0.85015,25.2849
2026-09-30T12:29:00,50.3607,285.1379,119.9793,0.85054,25.1548
2026-09-30T12:30:00,49.986,285.0091,119.7464,0.85017,25.0881
2026-09-30T12:31:00,49.9828,285.0675,120.0727,0.85067,24.8413
2026-09-30T12:32:00,49.9272,284.9514,120.1557,0.85062,24.7351
2026-09-30T12:33:00,50.023,284.7883,119.7036,0.85054,24.894
2026-09-30T12:34:00,49.8912,284.8499,120.1118,0.84918,24.9715
2026-09-30T12:35:00,49.9791,285.1149,120.0981,0.8505,25.2738
2026-09-30T12:36:00,49.7289,285.0671,120.0882,0.85004,25.1603
2026-09-30T12:37:00,49.9066,285.2385,119.7745,0.84933,24.9355
2026-09-30T12:38:00,50.5701,285.0084,120.1084,0.85043,25.1482
2026-09-30T12:39:00,49.9826,285.1297,119.7004,0.84919,25.1502
2026-09-30T12:40:00,49.9403,285.1985,120.2977,0.85054,25.0019
2026-09-30T12:41:00,50.1331,285.1492,120.027,0.85102,25.1493
2026-09-30T12:42:00,50.177,284.9087,119.7673,0.84971,25.0405
2026-09-30T12:43:00,49.7216,284.9723,120.269,0.85056,24.9196
2026-09-30T12:44:00,49.9482,285.0195,120.2308,0.85028,24.8558
2026-09-30T12:45:00,50.2296,284.8521,119.8699,0.8504,24.9849
2026-09-30T12:46:00,50.0675,285.0711,120.4408,0.8492,25.1224
2026-09-30T12:47:00,50.0305,285.1536,119.7992,0.85037,24.8337
2026-09-30T12:48:00,50.3885,284.9279,120.0627,0.85009,24.8023
2026-09-30T12:49:00,49.8306,285.2959,120.2365,0.85045,25.0675
2026-09-30T12:50:00,50.0207,284.9564,119.5459,0.85002,24.6666
2026-09-30T12:51:00,49.87,284.9696,120.2003,0.85067,25.2236
2026-09-30T12:52:00,50.3726,284.9643,119.9871,0.85018,24.946
2026-09-30T12:53:00,49.512,284.8938,119.9969,0.85042,25.0899
2026-09-30T12:54:00,49.8325,285.0627,119.7846,0.85083,25.2282
2026-09-30T12:55:00,49.8677,285.003,120.0663,0.85012,24.822
2026-09-30T12:56:00,50.1659,285.2492,119.778,0.85061,24.8711
2026-09-30T12:57:00,50.1516,285.0911,119.8063,0.85015,25.2751
2026-09-30T12:58:00,50.3488,285.0807,119.9105,0.85033,24.9651
2026-09-30T12:59:00,49.6065,284.9668,119.7545,0.8497,24.9843
2026-09-30T13:00:00,50.1876,284.7879,120.3145,0.85048,25.0279
2026-09-30T13:01:00,49.9267,284.9866,119.7343,0.85074,25.1297
2026-09-30T13:02:00,49.8336,284.8725,119.849,0.84997,25.1626
2026-09-30T13:03:00,50.1349,285.1428,119.9367,0.85049,25.0135
2026-09-30T13:04:00,49.77,284.9954,120.0007,0.85027,24.9589
2026-09-30T13:05:00,49.4808,285.2499,120.1585,0.84936,24.9955
2026-09-30T13:06:00,49.9074,285.1103,120.1637,0.85023,25.0372
2026-09-30T13:07:00,49.6256,285.1253,119.9394,0.8508,25.1607
2026-09-30T13:08:00,49.8378,285.0346,119.9232,0.84973,25.0166
2026-09-30T13:09:00,50.0929,285.0313,120.007,0.84896,25.2233
2026-09-30T13:10:00,50.078,285.098,120.1644,0.85014,24.8947
2026-09-30T13:11:00,50.3967,285.1384,120.1395,0.84964,25.0653
2026-09-30T13:12:00,49.9501,284.8934,119.8967,0.85114,25.2155
2026-09-30T13:13:00,49.6167,285.0738,119.5882,0.85,25.158
2026-09-30T13:14:00,49.811,285.3932,120.4286,0.85002,25.0408
2026-09-30T13:15:00,49.7702,284.9865,120.1903,0.84965,24.8917
2026-09-30T13:16:00,49.6955,284.9617,120.0527,0.85017,24.9126
2026-09-30T13:17:00,50.1088,284.8961,120.0681,0.84969,24.9808
2026-09-30T13:18:00,49.8387,284.7827,119.8957,0.84949,25.0381
2026-09-30T13:19:00,49.5057,285.1783,119.7998,0.84998,24.9694
2026-09-30T13:20:00,50.1742,285.0091,119.9335,0.84954,24.8214
2026-09-30T13:21:00,49.9759,285.0449,119.9555,0.8508,24.9094
2026-09-30T13:22:00,50.0967,285.2767,119.875,0.84933,25.0635
2026-09-30T13:23:00,50.0377,285.3764,119.7086,0.84998,25.1025
2026-09-30T13:24:00,50.1729,284.8667,119.9375,0.84961,24.8283
2026-09-30T13:25:00,50.0283,285.1582,120.1153,0.84921,24.9553
2026-09-30T13:26:00,50.3316,285.0936,119.901,0.851,24.7946
2026-09-30T13:27:00,50.1325,285.0599,120.0044,0.84878,24.9308
2026-09-30T13:28:00,50.128,285.072,119.5859,0.85088,25.4347
2026-09-30T13:29:00,50.1362,284.9968,119.9585,0.84919,25.0078
2026-09-30T13:30:00,49.6734,285.2387,119.9756,0.85007,24.9576
2026-09-30T13:31:00,50.0001,285.0925,119.7548,0.85135,24.9278
2026-09-30T13:32:00,49.9802,285.0521,119.6541,0.84877,24.8515
2026-09-30T13:33:00,50.1007,285.1874,120.0824,0.84921,24.772
2026-09-30T13:34:00,49.7129,285.1349,119.8381,0.85079,24.9948
2026-09-30T13:35:00,50.4648,285.0694,120.0977,0.85012,24.9661
2026-09-30T13:36:00,50.0861,285.0494,119.916,0.8497,25.1813
2026-09-30T13:37:00,49.761,285.2638,120.1246,0.85,24.7992
2026-09-30T13:38:00,49.6403,285.0768,119.9322,0.84945,25.0534
2026-09-30T13:39:00,50.001,284.9869,119.6987,0.85009,25.1646
2026-09-30T13:40:00,50.0526,284.8718,119.9827,0.8509,24.7598
2026-09-30T13:41:00,49.8992,284.9488,119.9343,0.8498,25.0807
2026-09-30T13:42:00,50.1056,284.843,120.1315,0.8501,24.8024
2026-09-30T13:43:00,49.926,285.0166,119.9099,0.85073,25.0641
2026-09-30T13:44:00,50.228,285.039,119.9214,0.85119,25.1811
2026-09-30T13:45:00,49.9127,284.6928,120.172,0.84968,24.9995
2026-09-30T13:46:00,50.0879,285.0032,120.2333,0.8502,25.0352
2026-09-30T13:47:00,50.346,285.0978,120.1519,0.84969,24.9149
2026-09-30T13:48:00,50.748,285.0254,120.2076,0.84964,25.0355
2026-09-30T13:49:00,49.8569,284.8572,120.0908,0.84979,25.1389
2026-09-30T13:50:00,49.9964,285.1907,120.1541,0.84965,24.9776
2026-09-30T13:51:00,49.9064,284.8959,120.1757,0.849,24.9829
2026-09-30T13:52:00,50.3162,284.8161,120.0808,0.84885,25.0479
2026-09-30T13:53:00,49.8368,284.8383,120.0126,0.84959,25.101
2026-09-30T13:54:00,50.0065,284.9982,120.0284,0.8501,24.7992
2026-09-30T13:55:00,50.1239,285.1478,120.481,0.85074,25.0074
2026-09-30T13:56:00,49.8904,285.1752,120.0027,0.84971,24.916
2026-09-30T13:57:00,49.8995,285.0318,119.9526,0.84992,25.061
2026-09-30T13:58:00,50.0237,284.8213,119.9271,0.85041,25.1272
2026-09-30T13:59:00,49.6212,284.9018,119.9933,0.85046,25.0383
2026-09-30T14:00:00,49.7887,284.8656,120.0488,0.84995,25.1586
2026-09-30T14:01:00,50.0506,284.9735,119.7738,0.84999,24.8784
2026-09-30T14:02:00,50.1947,284.7341,119.6039,0.85112,24.9499
2026-09-30T14:03:00,50.1149,285.0169,120.0591,0.84982,24.8786
2026-09-30T14:04:00,49.7216,285.097,119.6788,0.84973,25.0073
2026-09-30T14:05:00,50.0529,284.9778,120.0517,0.84907,25.0118
2026-09-30T14:06:00,50.3722,285.0692,120.0281,0.85028,24.9757
2026-09-30T14:07:00,50.3153,284.8594,120.2306,0.84987,24.8513
2026-09-30T14:08:00,50.1604,284.782,120.334,0.85114,24.9907
2026-09-30T14:09:00,49.962,284.9046,120.0735,0.84982,24.9464
2026-09-30T14:10:00,50.3454,285.1737,119.8892,0.8505,25.0743
2026-09-30T14:11:00,50.0466,285.1546,119.765,0.85057,24.967
2026-09-30T14:12:00,49.9028,284.9316,119.8416,0.85099,25.1429
2026-09-30T14:13:00,49.9983,285.1807,120.008,0.84925,25.0285
2026-09-30T14:14:00,50.5647,284.9514,119.5861,0.85094,24.7721
2026-09-30T14:15:00,50.2614,285.2269,120.015,0.85003,24.9788
2026-09-30T14:16:00,50.4999,285.0725,119.9976,0.84996,24.8246
2026-09-30T14:17:00,50.094,284.9323,120.1289,0.84984,25.119
2026-09-30T14:18:00,50.4522,285.1194,119.9331,0.84979,25.1761
2026-09-30T14:19:00,50.071,284.8839,120.0204,0.84982,24.9968
2026-09-30T14:20:00,50.1858,284.8597,119.8528,0.84865,25.0545
2026-09-30T14:21:00,50.8505,284.7824,119.9072,0.85032,24.8226
2026-09-30T14:22:00,50.4244,285.0388,119.6454,0.85006,24.724
2026-09-30T14:23:00,50.1111,284.992,120.0247,0.84946,24.932
2026-09-30T14:24:00,50.2189,284.9884,120.3097,0.84998,24.9688
2026-09-30T14:25:00,50.3255,284.9385,120.0325,0.85137,24.8143
2026-09-30T14:26:00,50.5503,285.2157,120.0732,0.85024,25.0113
2026-09-30T14:27:00,50.1291,284.9365,119.8037,0.84979,25.0385
2026-09-30T14:28:00,49.8198,284.8915,120.2863,0.85102,25.0791
2026-09-30T14:29:00,50.189,285.1869,119.8466,0.84955,25.1904
2026-09-30T14:30:00,50.2665,285.2132,120.1604,0.84993,25.0996
2026-09-30T14:31:00,50.2938,285.0508,120.0215,0.8497,24.9552
2026-09-30T14:32:00,50.5993,284.739,119.8082,0.84988,25.0131
2026-09-30T14:33:00,50.3531,284.91,120.2054,0.85045,25.074
2026-09-30T14:34:00,50.4809,285.0919,120.0031,0.85036,24.8718
2026-09-30T14:35:00,50.0061,285.0027,120.0357,0.84959,25.1632
2026-09-30T14:36:00,50.5022,285.2331,120.0904,0.84994,25.1109
2026-09-30T14:37:00,50.813,284.795,119.9957,0.85007,24.9725
2026-09-30T14:38:00,50.4859,285.1018,119.9243,0.84978,24.922
2026-09-30T14:39:00,50.3598,284.9059,120.0932,0.85,25.4675
2026-09-30T14:40:00,50.3387,285.1985,119.919,0.8496,25.1035
2026-09-30T14:41:00,50.7507,284.9887,120.0131,0.84959,25.1158
2026-09-30T14:42:00,50.0759,285.1546,119.8665,0.85005,25.2212
2026-09-30T14:43:00,50.2837,284.9029,119.702,0.84942,25.1208
2026-09-30T14:44:00,50.4302,284.7886,119.8654,0.85026,25.0262
2026-09-30T14:45:00,50.5049,284.8334,119.901,0.84991,25.0868
2026-09-30T14:46:00,50.2134,284.909,120.003,0.84948,24.8883
2026-09-30T14:47:00,50.4033,284.8463,120.2369,0.84966,25.0883
2026-09-30T14:48:00,50.2607,285.1801,119.6621,0.84974,24.8114
2026-09-30T14:49:00,50.3641,285.2008,120.0257,0.84993,25.0526
2026-09-30T14:50:00,50.3047,285.041,119.5576,0.85009,25.069
2026-09-30T14:51:00,50.0561,284.8449,119.7908,0.8499,24.8091
2026-09-30T14:52:00,50.3399,284.9822,119.8986,0.84951,25.2364
2026-09-30T14:53:00,50.5683,284.8971,119.5494,0.85086,24.8594
2026-09-30T14:54:00,50.111,285.2181,119.6285,0.85055,25.1292
2026-09-30T14:55:00,50.2962,285.0474,120.0308,0.85008,24.9359
2026-09-30T14:56:00,50.5264,285.0734,120.0156,0.85057,25.0392
2026-09-30T14:57:00,50.0965,284.94,119.9772,0.85021,24.9201
2026-09-30T14:58:00,50.4134,284.6983,119.8393,0.84987,25.3072
2026-09-30T14:59:00,50.1064,284.8843,120.4309,0.85007,25.1279
2026-09-30T15:00:00,50.6589,284.8325,119.9678,0.85157,25.2236
2026-09-30T15:01:00,50.9572,285.0555,119.8276,0.8506,25.0976
2026-09-30T15:02:00,50.8883,285.0145,120.3357,0.85063,25.087
2026-09-30T15:03:00,50.3317,284.8798,120.1229,0.84979,25.0201
2026-09-30T15:04:00,50.5753,284.9417,119.9258,0.85037,24.9724
2026-09-30T15:05:00,50.4242,285.235,120.2385,0.85133,25.0765
2026-09-30T15:06:00,50.4233,284.8561,120.0313,0.85027,25.0216
2026-09-30T15:07:00,50.7884,284.8623,120.1286,0.85064,24.9834
2026-09-30T15:08:00,50.0755,284.9657,120.047,0.85075,24.8329
2026-09-30T15:09:00,50.6728,284.8951,119.7943,0.85039,24.9644
2026-09-30T15:10:00,50.4005,284.9357,120.1942,0.85094,25.0765
2026-09-30T15:11:00,50.7686,285.0797,120.0321,0.85015,24.9444
2026-09-30T15:12:00,50.4671,285.2598,119.7981,0.85031,25.0451
2026-09-30T15:13:00,50.2558,284.7331,119.8474,0.84965,24.9849
2026-09-30T15:14:00,50.4971,284.9973,120.1911,0.85155,24.8757
2026-09-30T15:15:00,50.6155,285.0062,119.9261,0.85019,24.8914
2026-09-30T15:16:00,50.4442,284.9874,120.0093,0.85008,24.9115
2026-09-30T15:17:00,50.561,284.9719,120.1309,0.85083,24.9669
2026-09-30T15:18:00,50.3124,284.9489,120.0257,0.84973,24.9705
2026-09-30T15:19:00,49.9131,285.1506,119.6947,0.85001,25.1402
2026-09-30T15:20:00,50.6753,284.9302,120.1275,0.84956,24.8692
2026-09-30T15:21:00,50.6288,284.9809,120.1877,0.85003,24.7513
2026-09-30T15:22:00,50.4948,285.0,120.1733,0.84979,25.0871
2026-09-30T15:23:00,50.4786,285.0161,120.3234,0.85033,24.9467
2026-09-30T15:24:00,50.7244,284.9744,120.0729,0.84994,24.9882
2026-09-30T15:25:00,50.3548,285.1499,120.1554,0.84967,25.3165
2026-09-30T15:26:00,50.2962,284.9987,120.3179,0.84985,25.183
2026-09-30T15:27:00,50.4294,285.0261,119.9419,0.84995,25.0755
2026-09-30T15:28:00,50.7776,284.9923,120.3473,0.84972,25.1195
2026-09-30T15:29:00,50.1373,284.8495,120.3469,0.85056,25.0178
2026-09-30T15:30:00,50.7858,284.8755,120.1566,0.85041,25.1211
2026-09-30T15:31:00,50.3317,284.8425,120.3679,0.8501,24.9281
2026-09-30T15:32:00,50.2201,285.0289,120.1704,0.84933,24.9156
2026-09-30T15:33:00,50.8141,284.893,119.8239,0.85032,24.9458
2026-09-30T15:34:00,50.4786,284.8408,120.2275,0.84927,25.1977
2026-09-30T15:35:00,50.1815,285.0357,120.0653,0.85012,25.1949
2026-09-30T15:36:00,50.4206,285.0788,120.0827,0.85004,24.9288
2026-09-30T15:37:00,50.7468,284.7359,120.0309,0.84967,25.1464
2026-09-30T15:38:00,50.8158,285.2535,120.2719,0.84953,24.9839
2026-09-30T15:39:00,50.4148,285.0048,120.1105,0.84961,25.1358
2026-09-30T15:40:00,50.6269,284.9842,119.8608,0.85121,24.9645
2026-09-30T15:41:00,50.7076,285.16,120.0972,0.84986,25.1213
2026-09-30T15:42:00,50.3717,285.0105,120.1459,0.8499,24.99
2026-09-30T15:43:00,50.6253,284.9094,119.8549,0.85057,24.9684
2026-09-30T15:44:00,50.5324,285.3292,119.9131,0.85026,25.001
2026-09-30T15:45:00,50.4101,284.8388,119.9234,0.85063,25.0233
2026-09-30T15:46:00,50.4248,284.9854,119.8785,0.8493,24.9323
2026-09-30T15:47:00,50.5684,285.1271,120.0698,0.84939,24.8355
2026-09-30T15:48:00,50.5628,284.8396,120.2035,0.85195,25.2126
2026-09-30T15:49:00,50.4177,284.9847,120.3785,0.84999,24.9556
2026-09-30T15:50:00,50.4564,285.058,120.2389,0.84985,24.7802
2026-09-30T15:51:00,50.8449,285.3602,120.2044,0.85011,24.7246
2026-09-30T15:52:00,50.6238,284.8661,120.2286,0.85059,24.6588
2026-09-30T15:53:00,50.7954,284.9929,120.2671,0.84933,24.9286
2026-09-30T15:54:00,50.8783,285.0988,119.9247,0.85018,25.1716
2026-09-30T15:55:00,50.7288,285.0122,120.1387,0.85,24.803
2026-09-30T15:56:00,51.1531,284.8196,120.0644,0.85041,24.9647
2026-09-30T15:57:00,50.3828,285.0612,119.9741,0.85012,24.7779
2026-09-30T15:58:00,50.795,285.0161,119.909,0.84971,25.1402
2026-09-30T15:59:00,50.5171,285.0668,119.8989,0.84951,25.0494
2026-09-30T16:00:00,51.0643,285.1697,119.9464,0.84861,25.0442
2026-09-30T16:01:00,51.0292,285.152,119.753,0.85058,25.1709
2026-09-30T16:02:00,50.1193,285.0612,120.1043,0.84917,25.2073
2026-09-30T16:03:00,50.3694,285.0466,119.9956,0.84978,25.1315
2026-09-30T16:04:00,50.7815,284.8352,120.0212,0.85098,24.9332
2026-09-30T16:05:00,50.8166,284.9799,120.0677,0.84977,24.8412
2026-09-30T16:06:00,50.807,285.033,120.145,0.85037,24.8758
2026-09-30T16:07:00,50.6089,284.9398,119.8816,0.84989,24.7885
2026-09-30T16:08:00,50.7442,285.0146,119.9787,0.85042,25.2274
2026-09-30T16:09:00,50.7974,284.8762,119.6783,0.85003,24.9812
2026-09-30T16:10:00,50.6184,285.2301,119.556,0.84972,25.0206
2026-09-30T16:11:00,50.8985,285.3228,119.6119,0.8508,25.029
2026-09-30T16:12:00,50.0805,284.9416,120.3074,0.84986,25.2539
2026-09-30T16:13:00,50.8076,285.0601,119.6347,0.84924,24.9353
2026-09-30T16:14:00,50.3944,284.9649,120.0944,0.84983,25.1507
2026-09-30T16:15:00,50.8963,285.1894,120.2954,0.85033,25.0423
2026-09-30T16:16:00,50.6032,285.0652,119.9084,0.84937,24.9861
2026-09-30T16:17:00,50.442,285.0116,120.326,0.85047,24.7681
2026-09-30T16:18:00,50.7614,284.9665,120.3695,0.85046,25.1183
2026-09-30T16:19:00,50.4438,285.0189,120.1891,0.85124,24.9131
2026-09-30T16:20:00,50.4472,284.8499,120.4745,0.84965,24.9482
2026-09-30T16:21:00,50.2874,285.1013,120.1245,0.8504,25.0328
2026-09-30T16:22:00,50.6762,284.8929,119.8543,0.84905,25.0167
2026-09-30T16:23:00,50.8109,285.0802,120.1048,0.84977,25.1437
2026-09-30T16:24:00,50.9462,285.0194,119.9119,0.85008,24.9222
2026-09-30T16:25:00,50.6588,285.1642,119.74,0.85025,25.0253
2026-09-30T16:26:00,50.9599,284.9975,119.7455,0.84998,25.0394
2026-09-30T16:27:00,50.7062,285.1535,120.4632,0.84996,25.0083
2026-09-30T16:28:00,50.6821,284.8616,119.8928,0.84966,25.089
2026-09-30T16:29:00,50.8526,285.0914,119.9963,0.84976,24.9737
2026-09-30T16:30:00,50.9775,284.9664,119.8686,0.85019,25.154
2026-09-30T16:31:00,50.6313,285.0291,120.029,0.85034,24.9174
2026-09-30T16:32:00,50.6595,285.0108,119.9539,0.85038,24.8273
2026-09-30T16:33:00,50.684,285.1404,119.9198,0.85059,25.0001
2026-09-30T16:34:00,50.7486,284.6971,119.7596,0.8507,25.151
2026-09-30T16:35:00,50.5066,285.0485,119.7195,0.84898,24.9414
2026-09-30T16:36:00,50.9925,284.7758,119.8534,0.84971,24.9276
2026-09-30T16:37:00,50.6391,285.181,120.0609,0.84992,24.9624
2026-09-30T16:38:00,50.8586,284.7041,120.4177,0.84964,25.0255
2026-09-30T16:39:00,50.5403,284.8494,120.2132,0.85062,24.9834
2026-09-30T16:40:00,50.8402,284.7489,120.3673,0.85045,25.0435
2026-09-30T16:41:00,50.8521,285.2459,120.0999,0.84995,24.7928
2026-09-30T16:42:00,50.6528,284.8067,119.9855,0.85009,25.1903
2026-09-30T16:43:00,51.2669,285.0171,119.7381,0.85074,25.0771
2026-09-30T16:44:00,50.8582,284.9196,120.0036,0.84982,24.8988
2026-09-30T16:45:00,51.2135,284.73,119.5744,0.84983,25.1746
2026-09-30T16:46:00,51.0128,284.9494,119.9433,0.85054,25.0607
2026-09-30T16:47:00,50.6112,285.0994,120.3291,0.85029,25.1869
2026-09-30T16:48:00,50.6849,284.9724,120.0693,0.85083,24.8598
2026-09-30T16:49:00,50.8933,285.1412,120.2294,0.85023,25.2101
2026-09-30T16:50:00,50.8033,284.9457,119.9274,0.85045,25.0108
2026-09-30T16:51:00,50.8041,285.001,119.7286,0.8497,24.751
2026-09-30T16:52:00,50.7239,284.9423,119.9082,0.84947,25.0982
2026-09-30T16:53:00,50.3471,285.0515,119.9247,0.85001,24.9679
2026-09-30T16:54:00,50.7466,285.2848,120.2453,0.84849,24.88
2026-09-30T16:55:00,50.2522,285.0543,120.3993,0.85025,24.9786
2026-09-30T16:56:00,50.9035,285.0292,119.8563,0.85057,24.7652
2026-09-30T16:57:00,50.6327,284.9072,119.9326,0.85006,25.0773
2026-09-30T16:58:00,50.6392,284.8867,119.9754,0.84989,24.9784
2026-09-30T16:59:00,50.7669,285.2196,119.9348,0.85064,24.9718
2026-09-30T17:00:00,50.8937,284.8332,119.7559,0.84999,25.1799
2026-09-30T17:01:00,50.4713,284.863,120.0233,0.85058,25.0095
2026-09-30T17:02:00,50.3959,284.9854,120.0772,0.85128,24.9235
2026-09-30T17:03:00,50.5703,284.9361,120.0821,0.85043,24.8876
2026-09-30T17:04:00,50.3301,285.2934,119.7637,0.85055,24.9976
2026-09-30T17:05:00,50.6026,284.6451,119.9823,0.8503,25.1367
2026-09-30T17:06:00,51.2458,285.0542,119.6571,0.85016,24.9333
2026-09-30T17:07:00,50.5876,285.1069,120.1878,0.85017,24.8768
2026-09-30T17:08:00,51.0184,284.8319,119.8013,0.85005,25.1191
2026-09-30T17:09:00,50.5164,284.9033,119.9504,0.85064,25.0125
2026-09-30T17:10:00,50.9378,285.0649,119.9156,0.84909,25.002
2026-09-30T17:11:00,50.7869,285.2444,119.8888,0.84986,25.2628
2026-09-30T17:12:00,50.8556,284.8619,119.7937,0.85039,24.8551
2026-09-30T17:13:00,51.0165,284.7631,119.6521,0.84953,25.0297
2026-09-30T17:14:00,51.3171,285.1459,120.3522,0.84996,24.7857
2026-09-30T17:15:00,50.9305,285.2286,120.0569,0.84962,24.968
2026-09-30T17:16:00,50.9166,284.9497,120.0589,0.85027,25.0777
2026-09-30T17:17:00,50.646,284.6679,120.4256,0.85051,25.1442
2026-09-30T17:18:00,51.0389,285.2178,119.9858,0.85085,24.8481
2026-09-30T17:19:00,50.8353,284.9702,120.1165,0.8503,25.1083
2026-09-30T17:20:00,51.1086,285.1686,120.0102,0.8496,25.1019
2026-09-30T17:21:00,50.8934,284.9935,120.2435,0.85016,24.9898
2026-09-30T17:22:00,51.3433,284.9437,120.1065,0.85034,25.3092
2026-09-30T17:23:00,50.4161,284.9322,120.069,0.85083,25.0051
2026-09-30T17:24:00,50.8414,285.221,119.9551,0.84879,24.8962
2026-09-30T17:25:00,51.1397,285.2152,120.0622,0.85023,25.0576
2026-09-30T17:26:00,50.8354,284.6793,120.239,0.84897,24.775
2026-09-30T17:27:00,50.7288,284.8596,119.5909,0.85043,25.1978
2026-09-30T17:28:00,50.8641,285.2666,119.9805,0.85027,25.1271
2026-09-30T17:29:00,50.5894,284.9449,119.9228,0.8503,24.9557
2026-09-30T17:30:00,50.9678,284.7959,119.9463,0.85052,25.081
2026-09-30T17:31:00,51.552,285.0007,119.6112,0.85024,25.0713
2026-09-30T17:32:00,51.2318,284.9837,120.1527,0.84965,25.2441
2026-09-30T17:33:00,50.6721,284.9854,119.8374,0.85022,24.929
2026-09-30T17:34:00,50.7348,284.9281,119.9611,0.8507,24.8455
2026-09-30T17:35:00,50.8557,284.9535,119.9057,0.84995,24.7537
2026-09-30T17:36:00,51.2117,284.9316,119.6725,0.85003,24.9685
2026-09-30T17:37:00,50.759,285.0501,119.9173,0.84932,24.8112
2026-09-30T17:38:00,50.7955,284.8781,119.6382,0.85068,24.9836
2026-09-30T17:39:00,51.193,284.9566,119.818,0.84973,25.0557
2026-09-30T17:40:00,51.1918,284.9784,119.9435,0.84959,24.9504
2026-09-30T17:41:00,50.8859,285.1959,120.0056,0.84976,24.8883
2026-09-30T17:42:00,50.7037,285.056,120.0176,0.84952,25.1523
2026-09-30T17:43:00,50.5994,284.9835,119.9791,0.84987,24.9803
2026-09-30T17:44:00,50.8159,285.0804,120.4341,0.85075,25.0337
2026-09-30T17:45:00,50.4367,285.0609,120.0937,0.85047,25.1226
2026-09-30T17:46:00,51.1856,285.1632,119.7623,0.85083,24.8438
2026-09-30T17:47:00,50.8444,285.076,119.8842,0.85087,24.891
2026-09-30T17:48:00,51.126,285.2691,119.8751,0.8495,25.3136
2026-09-30T17:49:00,51.4765,285.2017,119.9711,0.85029,24.9854
2026-09-30T17:50:00,51.3064,284.9938,119.886,0.85087,24.8762
2026-09-30T17:51:00,50.7291,284.9378,119.8356,0.85133,24.9735
2026-09-30T17:52:00,51.238,285.1324,120.3365,0.84921,24.9341
2026-09-30T17:53:00,51.3139,285.0775,120.0154,0.8492,24.8531
2026-09-30T17:54:00,50.8416,284.9858,119.9392,0.85028,24.9544
2026-09-30T17:55:00,50.7936,284.7785,119.9562,0.84982,25.0024
2026-09-30T17:56:00,51.0082,284.7251,119.9633,0.84945,25.0032
2026-09-30T17:57:00,50.639,285.0522,120.2853,0.85023,25.0714
2026-09-30T17:58:00,51.4108,285.1156,120.1024,0.84956,24.7908
2026-09-30T17:59:00,50.4456,285.1205,120.2314,0.84872,24.8201
2026-09-30T18:00:00,50.774,284.8069,119.3831,0.85,25.1024
2026-09-30T18:01:00,50.987,285.1556,120.072,0.85009,24.9502
2026-09-30T18:02:00,51.0014,284.9199,120.2187,0.85038,25.1552
2026-09-30T18:03:00,51.1034,285.0583,120.4016,0.85055,25.0425
2026-09-30T18:04:00,51.1335,285.0625,120.0128,0.85012,24.8307
2026-09-30T18:05:00,51.016,284.8796,119.6636,0.84988,25.0712
2026-09-30T18:06:00,51.3574,284.9113,120.1247,0.84963,24.8799
2026-09-30T18:07:00,50.5421,284.689,119.8872,0.84907,25.037
2026-09-30T18:08:00,51.0806,284.8625,119.6486,0.84976,25.1568
2026-09-30T18:09:00,50.9058,284.7296,119.8833,0.85059,25.2659
2026-09-30T18:10:00,51.1213,285.0656,120.2183,0.85039,24.9964
2026-09-30T18:11:00,51.1471,285.0092,120.2474,0.85119,25.0911
2026-09-30T18:12:00,50.8677,285.1371,120.1514,0.84993,25.042
2026-09-30T18:13:00,50.9392,285.0535,119.7975,0.84899,25.1026
2026-09-30T18:14:00,51.3013,284.9048,120.5106,0.85049,24.69
2026-09-30T18:15:00,51.1942,285.0519,119.7733,0.85061,24.9569
2026-09-30T18:16:00,50.9406,284.9414,119.9917,0.84934,25.0408
2026-09-30T18:17:00,51.6244,285.0914,119.7183,0.84909,25.0629
2026-09-30T18:18:00,51.6955,285.0473,120.2708,0.8501,24.9119
2026-09-30T18:19:00,50.7563,284.8517,120.0966,0.85042,25.1068
2026-09-30T18:20:00,51.2012,285.0003,120.1851,0.84937,25.1412
2026-09-30T18:21:00,51.7567,285.0083,120.0256,0.84982,25.0136
2026-09-30T18:22:00,51.3292,284.9538,119.9939,0.84957,24.9769
2026-09-30T18:23:00,51.1922,285.1342,120.0425,0.84934,24.961
2026-09-30T18:24:00,51.0887,285.257,119.63,0.84926,25.0221
2026-09-30T18:25:00,51.0092,284.9448,120.2066,0.85009,25.1506
2026-09-30T18:26:00,51.0951,284.9474,120.1905,0.8498,25.19
2026-09-30T18:27:00,51.0143,284.6628,119.9294,0.84963,24.947
2026-09-30T18:28:00,51.3419,284.9807,120.0054,0.84852,24.8903
2026-09-30T18:29:00,51.0599,284.9346,120.0679,0.85101,24.9072
2026-09-30T18:30:00,51.0529,284.6758,120.3221,0.84947,25.1264
2026-09-30T18:31:00,50.8664,285.0433,120.0945,0.84993,25.0323
2026-09-30T18:32:00,51.1583,285.0887,120.0167,0.84936,25.0418
2026-09-30T18:33:00,50.951,284.8899,119.9064,0.85023,25.0644
2026-09-30T18:34:00,51.133,284.9441,119.7076,0.84915,25.0514
2026-09-30T18:35:00,51.4424,284.855,119.8891,0.85006,24.9899
2026-09-30T18:36:00,51.2772,285.1144,120.0227,0.8499,24.8767
2026-09-30T18:37:00,51.3157,284.7724,119.9581,0.85054,24.9289
2026-09-30T18:38:00,51.2823,284.953,120.0237,0.84938,25.02
2026-09-30T18:39:00,51.2118,285.2927,120.1578,0.84964,25.0534
2026-09-30T18:40:00,51.1689,285.0077,120.0958,0.84987,24.9595
2026-09-30T18:41:00,51.1276,285.0702,120.0639,0.85121,24.9538
2026-09-30T18:42:00,51.398,284.978,120.1401,0.84916,25.1735
2026-09-30T18:43:00,50.9409,284.8238,120.0462,0.85018,24.9475
2026-09-30T18:44:00,51.5509,284.9951,120.0028,0.84963,25.0324
2026-09-30T18:45:00,51.228,285.061,120.103,0.85019,24.9658
2026-09-30T18:46:00,51.0361,284.8466,119.6636,0.85038,24.8992
2026-09-30T18:47:00,51.1047,285.0512,120.2597,0.85009,24.8182
2026-09-30T18:48:00,51.0615,285.1867,119.7514,0.85016,24.9389
2026-09-30T18:49:00,51.2746,285.1605,120.1767,0.85017,24.904
2026-09-30T18:50:00,51.0588,284.7626,120.012,0.84967,25.1093
2026-09-30T18:51:00,51.5276,284.8537,120.2311,0.84988,24.8637
2026-09-30T18:52:00,51.0504,284.7579,120.0166,0.84906,24.9543
2026-09-30T18:53:00,50.6814,285.1607,119.8207,0.8498,25.0855
2026-09-30T18:54:00,51.0705,285.0915,120.2243,0.84957,24.9911
2026-09-30T18:55:00,50.7549,285.1055,120.0467,0.84986,25.0659
2026-09-30T18:56:00,51.2508,284.8682,120.0335,0.85043,25.1077
2026-09-30T18:57:00,51.5293,284.825,120.0261,0.85022,24.8011
2026-09-30T18:58:00,51.4302,285.0115,120.2102,0.85028,24.9544
2026-09-30T18:59:00,50.9376,285.0151,120.1735,0.85064,24.887
2026-09-30T19:00:00,51.0852,284.8719,120.0561,0.84864,25.1707
2026-09-30T19:01:00,51.7242,285.0213,119.6999,0.85025,24.9906
2026-09-30T19:02:00,51.3629,285.0967,119.9294,0.84999,25.066
2026-09-30T19:03:00,51.2881,285.0342,120.0314,0.84995,25.2135
2026-09-30T19:04:00,51.5548,284.8441,120.3693,0.84926,24.9613
2026-09-30T19:05:00,51.9077,284.6831,120.0873,0.85032,25.0141
2026-09-30T19:06:00,51.6225,284.9612,119.992,0.85066,25.0551
2026-09-30T19:07:00,51.3369,285.0247,120.2497,0.85059,24.9722
2026-09-30T19:08:00,51.3945,284.961,119.9883,0.84996,25.1589
2026-09-30T19:09:00,51.4638,284.9357,120.005,0.85037,25.1052
2026-09-30T19:10:00,51.1601,284.8963,120.0421,0.85053,25.1278
2026-09-30T19:11:00,51.0524,285.1073,119.7111,0.85105,25.0109
2026-09-30T19:12:00,51.3339,284.9921,120.2022,0.85071,24.9629
2026-09-30T19:13:00,51.0878,285.0185,120.0959,0.85009,24.9615
2026-09-30T19:14:00,51.313,284.8543,119.9543,0.85006,24.9603
2026-09-30T19:15:00,51.3561,284.9069,119.7824,0.8501,24.8038
2026-09-30T19:16:00,51.9211,285.0246,120.0536,0.85013,25.0493
2026-09-30T19:17:00,51.1268,284.8492,120.2909,0.84972,25.1044
2026-09-30T19:18:00,51.3129,284.8111,119.8827,0.85045,25.0037
2026-09-30T19:19:00,51.306,284.9506,119.7987,0.84961,24.9442
2026-09-30T19:20:00,51.4602,285.1801,120.095,0.84954,25.0094
2026-09-30T19:21:00,51.6163,285.0286,119.6918,0.85021,25.0324
2026-09-30T19:22:00,51.2357,285.2189,119.5669,0.84967,25.0448
2026-09-30T19:23:00,51.1568,284.9803,119.9222,0.84986,25.2246
2026-09-30T19:24:00,50.9557,284.9535,119.8732,0.84881,24.9002
2026-09-30T19:25:00,51.1381,284.7912,119.9558,0.85046,25.0493
2026-09-30T19:26:00,51.5075,284.9136,119.901,0.85,25.0891
2026-09-30T19:27:00,51.3885,285.2153,120.0778,0.84993,25.0143
2026-09-30T19:28:00,51.127,285.0491,119.9671,0.85027,24.9761
2026-09-30T19:29:00,51.2914,285.11,119.8916,0.85012,24.8797
2026-09-30T19:30:00,51.3962,285.1058,119.9199,0.8496,24.9323
2026-09-30T19:31:00,51.518,284.9986,120.1377,0.85115,25.0909
2026-09-30T19:32:00,51.2475,284.9693,120.2032,0.84974,25.1819
2026-09-30T19:33:00,51.337,285.0179,120.1924,0.85056,24.9247
2026-09-30T19:34:00,50.9488,285.1007,120.151,0.85105,25.0622
2026-09-30T19:35:00,51.1193,285.0687,119.352,0.84965,25.0681
2026-09-30T19:36:00,51.8153,285.0738,119.8112,0.85006,25.1276
2026-09-30T19:37:00,50.8676,285.0231,119.9487,0.84953,25.0345
2026-09-30T19:38:00,51.3339,284.8845,120.0528,0.8506,25.0586
2026-09-30T19:39:00,51.4769,284.9608,119.6882,0.84981,25.1136
2026-09-30T19:40:00,51.3323,284.8588,120.2962,0.84937,24.8629
2026-09-30T19:41:00,51.2276,285.1507,120.0725,0.85076,25.0103
2026-09-30T19:42:00,51.4181,284.6847,119.8876,0.85053,24.7899
2026-09-30T19:43:00,51.4359,284.9673,120.0446,0.84949,24.7648
2026-09-30T19:44:00,51.4204,285.3581,119.9426,0.85068,24.9045
2026-09-30T19:45:00,50.9752,284.9488,119.86,0.85011,24.8174
2026-09-30T19:46:00,51.4116,284.8298,120.1132,0.85156,25.0662
2026-09-30T19:47:00,51.2384,284.9973,119.9212,0.85098,25.1253
2026-09-30T19:48:00,51.319,285.1934,119.7297,0.84968,24.9674
2026-09-30T19:49:00,51.5164,284.9759,119.885,0.84985,24.9877
2026-09-30T19:50:00,51.6236,285.092,119.9891,0.8495,24.9761
2026-09-30T19:51:00,51.6914,285.015,119.7961,0.85008,24.9727
2026-09-30T19:52:00,51.3468,284.9441,120.2644,0.85003,25.0209
2026-09-30T19:53:00,51.7057,285.4725,119.7943,0.85042,25.0471
2026-09-30T19:54:00,51.7719,285.0107,120.3637,0.85005,24.9484
2026-09-30T19:55:00,51.7663,284.9194,120.1912,0.84916,24.909
2026-09-30T19:56:00,51.8334,284.9265,119.824,0.84954,24.9413
2026-09-30T19:57:00,51.4533,285.0571,120.0384,0.85081,25.1016
2026-09-30T19:58:00,51.4499,285.0614,120.2489,0.85066,24.9534
2026-09-30T19:59:00,51.7034,285.1158,119.9743,0.84991,25.1802
2026-09-30T20:00:00,51.1593,285.0212,119.774,0.84992,24.975
2026-09-30T20:01:00,51.557,284.7853,120.035,0.8499,25.17
2026-09-30T20:02:00,51.3758,285.0798,120.4107,0.85001,24.8597
2026-09-30T20:03:00,51.42,284.9537,119.7148,0.84904,24.9203
2026-09-30T20:04:00,51.0806,284.9571,120.1238,0.85051,25.0622
2026-09-30T20:05:00,51.2971,284.7776,120.0149,0.84962,25.0635
2026-09-30T20:06:00,51.5183,284.914,119.9895,0.85008,24.9853
2026-09-30T20:07:00,51.7493,284.891,119.9351,0.84855,25.2512
2026-09-30T20:08:00,51.7785,284.9945,119.9493,0.85013,25.0129
2026-09-30T20:09:00,51.5146,284.782,120.2208,0.85077,25.0392
2026-09-30T20:10:00,51.4911,285.0076,120.1327,0.84872,24.9353
2026-09-30T20:11:00,51.3345,285.0187,119.8139,0.85087,25.2045
2026-09-30T20:12:00,51.6466,284.832,120.3252,0.85027,25.1078
2026-09-30T20:13:00,51.4878,284.9063,119.7541,0.84958,25.0541
2026-09-30T20:14:00,51.7049,284.8714,120.1462,0.84909,24.8063
2026-09-30T20:15:00,51.9951,285.1361,120.0505,0.85067,25.0481
2026-09-30T20:16:00,51.5529,284.6208,120.2535,0.85015,24.9478
2026-09-30T20:17:00,51.1904,284.9485,120.085,0.85034,25.0516
2026-09-30T20:18:00,51.3533,284.7509,120.2251,0.84984,25.1145
2026-09-30T20:19:00,51.2077,284.9352,120.0091,0.84954,24.9137
2026-09-30T20:20:00,51.2767,285.127,120.2086,0.8505,25.0303
2026-09-30T20:21:00,51.9061,284.9054,120.083,0.84945,25.1102
2026-09-30T20:22:00,51.6402,285.0208,120.4439,0.85052,25.0237
2026-09-30T20:23:00,51.2072,284.8733,119.875,0.84904,24.9644
2026-09-30T20:24:00,51.7544,285.2909,120.2531,0.84947,24.8762
2026-09-30T20:25:00,51.9098,285.137,120.1072,0.84917,24.9233
2026-09-30T20:26:00,51.5085,285.1691,120.0496,0.85075,24.8508
2026-09-30T20:27:00,51.4333,284.8008,119.9011,0.849,25.1232
2026-09-30T20:28:00,51.5217,284.8348,120.1039,0.84935,25.0166
2026-09-30T20:29:00,51.6809,285.162,119.7197,0.85038,24.8574
2026-09-30T20:30:00,51.7735,284.9708,119.7408,0.85013,25.0033
2026-09-30T20:31:00,51.9128,284.9613,120.1569,0.85126,24.8484
2026-09-30T20:32:00,51.9241,285.0501,119.7036,0.85106,24.6078
2026-09-30T20:33:00,51.9211,284.8117,120.302,0.85035,25.1496
2026-09-30T20:34:00,51.969,285.1159,119.9598,0.8504,25.1451
2026-09-30T20:35:00,51.7976,285.0027,120.0647,0.84895,24.8262
2026-09-30T20:36:00,51.2533,285.0719,120.0298,0.84949,24.9174
2026-09-30T20:37:00,51.607,284.8994,120.0989,0.84981,25.0287
2026-09-30T20:38:00,51.722,285.077,119.9591,0.8499,24.9577
2026-09-30T20:39:00,51.5515,284.8943,119.9414,0.84921,24.9008
2026-09-30T20:40:00,51.8788,285.1432,119.9897,0.84947,24.9419
2026-09-30T20:41:00,51.5647,285.1694,120.2248,0.84951,24.9748
2026-09-30T20:42:00,51.4271,285.1368,120.2417,0.85061,24.9372
2026-09-30T20:43:00,52.0234,285.0775,120.2698,0.85024,25.0291
2026-09-30T20:44:00,51.8325,285.0951,120.0881,0.84981,24.9758
2026-09-30T20:45:00,51.7246,284.5941,119.975,0.84984,24.9121
2026-09-30T20:46:00,51.9052,285.1252,119.6792,0.85017,25.0066
2026-09-30T20:47:00,51.9429,284.9589,120.1437,0.8496,24.8037
2026-09-30T20:48:00,51.7663,285.0142,120.1833,0.84985,25.1776
2026-09-30T20:49:00,51.0704,284.9574,119.9345,0.84901,24.7943
2026-09-30T20:50:00,51.5197,284.7913,120.1766,0.85038,24.9936
2026-09-30T20:51:00,51.5782,284.9192,120.273,0.85055,25.0445
2026-09-30T20:52:00,51.45,285.0988,120.0341,0.85021,25.0534
2026-09-30T20:53:00,51.7495,285.2126,120.2266,0.85027,25.0349
2026-09-30T20:54:00,52.0016,284.9066,120.0768,0.85021,25.1555
2026-09-30T20:55:00,51.5861,284.8644,119.6683,0.85117,24.8682
2026-09-30T20:56:00,51.4274,285.2178,119.9208,0.85012,24.9952
2026-09-30T20:57:00,52.2218,284.8676,119.9333,0.84924,25.0211
2026-09-30T20:58:00,51.6057,285.311,120.1212,0.8494,24.9438
2026-09-30T20:59:00,51.4141,285.0076,119.8426,0.85041,24.9321
2026-09-30T21:00:00,51.7855,284.8675,119.9276,0.85061,25.1581
2026-09-30T21:01:00,51.8363,285.1477,119.8229,0.85044,24.9178
2026-09-30T21:02:00,51.5573,285.254,120.0076,0.85048,24.9459
2026-09-30T21:03:00,51.9349,284.7848,120.0293,0.85011,24.9702
2026-09-30T21:04:00,51.6193,285.2338,120.2103,0.84914,24.9778
2026-09-30T21:05:00,51.5141,284.9578,120.1748,0.84959,25.0228
2026-09-30T21:06:00,51.7932,285.2229,120.0483,0.84896,24.9784
2026-09-30T21:07:00,51.945,284.9429,120.0636,0.84978,25.0481
2026-09-30T21:08:00,51.5976,284.7634,120.0371,0.84922,25.0195
2026-09-30T21:09:00,51.8425,285.0753,120.0379,0.85005,25.0608
2026-09-30T21:10:00,51.7402,285.139,120.3247,0.8499,25.1676
2026-09-30T21:11:00,52.4735,285.3144,119.5182,0.84888,24.9018
2026-09-30T21:12:00,51.594,285.2585,119.9803,0.85042,25.2011
2026-09-30T21:13:00,52.1209,285.1043,120.078,0.85044,24.9492
2026-09-30T21:14:00,51.7655,284.9643,120.2414,0.8492,25.0829
2026-09-30T21:15:00,51.7507,284.9219,119.7966,0.85008,25.0223
2026-09-30T21:16:00,51.9665,284.9558,120.0848,0.85041,24.9675
2026-09-30T21:17:00,52.0134,284.8754,120.1878,0.84983,24.7678
2026-09-30T21:18:00,52.1104,284.9588,119.9263,0.85049,25.1962
2026-09-30T21:19:00,51.8795,284.6183,119.6337,0.85011,24.9123
2026-09-30T21:20:00,51.651,285.0268,119.9435,0.85061,24.9086
2026-09-30T21:21:00,51.6705,284.9957,119.7753,0.8501,25.1303
2026-09-30T21:22:00,51.936,285.3849,120.1456,0.8499,25.012
2026-09-30T21:23:00,51.9576,285.1138,119.8452,0.85029,25.2307
2026-09-30T21:24:00,52.1656,284.928,120.3715,0.85045,25.2044
2026-09-30T21:25:00,51.9245,285.0847,120.0437,0.85014,25.0877
2026-09-30T21:26:00,52.0887,284.8161,119.8543,0.84974,25.033
2026-09-30T21:27:00,52.2066,284.9096,119.9145,0.84954,25.0941
2026-09-30T21:28:00,51.8723,284.7199,119.797,0.84978,24.8452
2026-09-30T21:29:00,51.4635,285.2154,120.0933,0.84966,25.0234
2026-09-30T21:30:00,51.5438,285.089,120.3137,0.85011,25.0205
2026-09-30T21:31:00,51.483,284.8237,119.9723,0.85009,24.9464
2026-09-30T21:32:00,52.2441,284.9909,120.2004,0.84994,25.0332
2026-09-30T21:33:00,51.6381,285.1425,119.827,0.84999,24.8281
2026-09-30T21:34:00,52.1616,285.0743,120.077,0.85009,25.1106
2026-09-30T21:35:00,52.0038,285.0573,120.4762,0.8509,25.1567
2026-09-30T21:36:00,52.29,284.8713,119.7343,0.85069,24.8479
2026-09-30T21:37:00,52.1157,284.9044,120.2619,0.84966,25.0201
2026-09-30T21:38:00,51.8431,285.0143,120.2502,0.85024,25.1874
2026-09-30T21:39:00,51.8224,285.138,119.6394,0.8498,25.0527
2026-09-30T21:40:00,51.8975,284.8757,119.7285,0.84994,24.8795
2026-09-30T21:41:00,51.9237,284.8318,119.8202,0.84985,24.8846
2026-09-30T21:42:00,51.751,285.1716,120.2092,0.84963,25.1045
2026-09-30T21:43:00,51.8793,284.8605,119.9296,0.84921,25.2216
2026-09-30T21:44:00,52.2935,285.1616,119.9819,0.84857,24.873
2026-09-30T21:45:00,51.4694,285.0365,120.1569,0.85011,25.0071
2026-09-30T21:46:00,51.9633,285.1322,120.0389,0.85067,24.9099
2026-09-30T21:47:00,51.6757,285.2617,120.0605,0.84947,24.9686
2026-09-30T21:48:00,51.953,285.1033,119.9511,0.85028,25.0394
2026-09-30T21:49:00,52.1199,285.1164,120.2401,0.84977,24.9976
2026-09-30T21:50:00,51.8993,284.8623,119.8597,0.85015,24.9207
2026-09-30T21:51:00,52.1107,284.8957,120.3503,0.84952,25.2535
2026-09-30T21:52:00,51.5237,285.0966,119.9476,0.84986,24.9836
2026-09-30T21:53:00,52.2017,285.2301,119.8557,0.84993,24.9808
2026-09-30T21:54:00,51.7779,285.2088,120.1445,0.84861,25.1347
2026-09-30T21:55:00,52.0881,285.3475,120.1053,0.85011,25.0039
2026-09-30T21:56:00,51.9818,285.0466,119.6191,0.84991,24.9783
2026-09-30T21:57:00,51.2936,285.0304,120.0593,0.84855,25.1155
2026-09-30T21:58:00,51.7547,285.1509,119.745,0.85036,24.8791
2026-09-30T21:59:00,52.0026,285.0028,119.8491,0.84997,25.0916
2026-09-30T22:00:00,52.3397,284.9906,120.1723,0.85011,25.1252
2026-09-30T22:01:00,52.0268,284.8429,119.8424,0.8502,25.0813
2026-09-30T22:02:00,52.0231,285.1487,120.0859,0.84975,24.9811
2026-09-30T22:03:00,51.6093,284.8392,119.9388,0.84936,25.0014
2026-09-30T22:04:00,52.324,285.0768,120.4013,0.84973,24.7979
2026-09-30T22:05:00,52.4218,284.7871,119.9954,0.84974,24.9869
2026-09-30T22:06:00,51.9809,285.1645,119.7795,0.85127,25.0368
2026-09-30T22:07:00,51.9225,284.8457,119.7935,0.85106,25.1056
2026-09-30T22:08:00,51.5765,285.1265,119.8332,0.8497,25.0192
2026-09-30T22:09:00,52.2058,284.7616,120.0397,0.84975,24.956
2026-09-30T22:10:00,52.6643,284.934,120.0135,0.85017,24.9026
2026-09-30T22:11:00,52.1718,285.1768,120.2079,0.85031,24.9969
2026-09-30T22:12:00,52.3122,284.8792,120.0474,0.84958,25.0183
2026-09-30T22:13:00,52.1355,285.0101,120.0396,0.8494,25.1462
2026-09-30T22:14:00,51.7575,284.9282,120.0785,0.85111,25.0034
2026-09-30T22:15:00,52.3417,284.6536,119.9877,0.8506,24.9428
2026-09-30T22:16:00,51.7026,285.0462,120.072,0.84908,24.9895
2026-09-30T22:17:00,51.9623,285.0648,120.1701,0.84896,24.9449
2026-09-30T22:18:00,52.0885,284.8338,120.17,0.8495,24.9744
2026-09-30T22:19:00,52.2432,285.0861,119.9043,0.85011,24.74
2026-09-30T22:20:00,52.1303,284.8806,119.6596,0.8503,24.813
2026-09-30T22:21:00,52.1267,284.8495,119.8515,0.84979,24.8603
2026-09-30T22:22:00,51.8434,285.001,120.0694,0.84904,25.0576
2026-09-30T22:23:00,51.7152,284.8978,119.5152,0.85011,24.993
2026-09-30T22:24:00,52.0566,285.3439,119.9178,0.85033,25.0197
2026-09-30T22:25:00,51.8675,284.7668,120.1026,0.84998,25.1403
2026-09-30T22:26:00,51.7218,285.1108,119.8999,0.8497,24.8784
2026-09-30T22:27:00,51.736,285.1483,119.789,0.85032,25.1379
2026-09-30T22:28:00,51.9338,284.7031,120.3633,0.84995,25.0478
2026-09-30T22:29:00,51.5969,284.7401,120.2894,0.84933,24.9174
2026-09-30T22:30:00,51.7269,285.0844,119.9607,0.85004,25.1789
2026-09-30T22:31:00,51.6588,284.9278,120.2768,0.84923,24.8328
2026-09-30T22:32:00,52.1169,285.0575,120.2719,0.85054,24.8684
2026-09-30T22:33:00,52.177,285.1709,119.7861,0.85026,24.9774
2026-09-30T22:34:00,52.5806,284.9442,120.5481,0.8494,25.0502
2026-09-30T22:35:00,51.7082,284.8404,119.8245,0.85011,24.9794
2026-09-30T22:36:00,51.9164,284.5906,119.9592,0.85071,24.7487
2026-09-30T22:37:00,52.3182,285.0307,119.7926,0.84873,24.9667
2026-09-30T22:38:00,52.0396,284.8607,120.0272,0.8499,24.9921
2026-09-30T22:39:00,52.0158,285.047,119.7486,0.85094,25.304
2026-09-30T22:40:00,52.5286,285.0347,120.01,0.84908,25.165
2026-09-30T22:41:00,52.0205,284.7923,120.2278,0.84988,25.0167
2026-09-30T22:42:00,51.8198,285.2586,120.0539,0.84915,24.8727
2026-09-30T22:43:00,51.7833,285.1625,119.9583,0.84994,25.0426
2026-09-30T22:44:00,52.2002,285.1272,120.3202,0.84858,24.8637
2026-09-30T22:45:00,52.1964,284.8223,119.8317,0.84903,25.0261
2026-09-30T22:46:00,51.7809,284.9389,120.2045,0.84967,25.0455
2026-09-30T22:47:00,51.8812,284.918,119.9504,0.85006,24.9545
2026-09-30T22:48:00,52.265,284.9378,120.0538,0.8502,25.0316
2026-09-30T22:49:00,52.2794,284.8314,120.0169,0.85023,24.9629
2026-09-30T22:50:00,51.978,285.0652,120.0361,0.85065,24.9343
2026-09-30T22:51:00,52.2981,285.0344,119.9997,0.85039,25.1839
2026-09-30T22:52:00,52.2893,285.0548,119.8539,0.85041,25.0709
2026-09-30T22:53:00,51.7043,284.9241,119.8965,0.84941,24.9656
2026-09-30T22:54:00,52.0758,285.1937,120.0983,0.84989,24.9111
2026-09-30T22:55:00,52.2614,285.0282,119.9883,0.85185,25.023
2026-09-30T22:56:00,52.0181,284.5893,119.7772,0.85131,25.0691
2026-09-30T22:57:00,51.6304,284.904,119.8686,0.85047,25.1028
2026-09-30T22:58:00,52.0981,284.9914,119.8709,0.85042,25.1765
2026-09-30T22:59:00,52.3606,285.1448,119.9983,0.85056,25.0566
2026-09-30T23:00:00,52.5715,284.9549,120.0448,0.84975,24.8693
2026-09-30T23:01:00,51.6324,284.9625,120.0272,0.85113,25.2424
2026-09-30T23:02:00,52.8372,284.9006,119.8781,0.84976,25.1394
2026-09-30T23:03:00,51.9058,285.0998,120.0123,0.84993,25.1004
2026-09-30T23:04:00,52.4306,284.9329,119.7349,0.85126,25.1602
2026-09-30T23:05:00,52.5037,284.9095,119.4317,0.84876,24.8255
2026-09-30T23:06:00,52.4446,284.8887,119.9973,0.85019,24.9577
2026-09-30T23:07:00,52.24,285.0835,119.6774,0.84897,24.9412
2026-09-30T23:08:00,51.916,284.9201,119.8186,0.8496,25.1427
2026-09-30T23:09:00,52.3668,284.7486,119.7666,0.84993,24.862
2026-09-30T23:10:00,52.0351,285.0934,120.1333,0.84977,24.9636
2026-09-30T23:11:00,51.587,284.8948,119.7654,0.85008,25.1816
2026-09-30T23:12:00,52.9286,285.0536,120.0622,0.84953,25.0785
2026-09-30T23:13:00,52.4022,285.0561,119.9091,0.84992,24.9562
2026-09-30T23:14:00,52.6834,285.1805,119.7593,0.84928,25.2244
2026-09-30T23:15:00,52.0047,285.1567,119.6914,0.84975,24.8444
2026-09-30T23:16:00,52.6033,284.9137,120.0984,0.84916,25.0554
2026-09-30T23:17:00,52.6376,284.975,120.0831,0.85037,24.9748
2026-09-30T23:18:00,52.6325,284.8064,120.1604,0.84922,25.0621
2026-09-30T23:19:00,52.2424,285.2516,120.3717,0.85039,24.969
2026-09-30T23:20:00,51.9508,285.0662,120.0596,0.84974,24.9027
2026-09-30T23:21:00,52.2108,285.2117,120.0612,0.8498,25.0269
2026-09-30T23:22:00,51.7082,284.9572,119.9801,0.85068,24.8458
2026-09-30T23:23:00,51.8372,284.7001,120.0257,0.85005,25.0644
2026-09-30T23:24:00,52.2894,285.2398,119.9344,0.84886,24.9638
2026-09-30T23:25:00,52.0223,285.0265,119.8254,0.85028,25.1107
2026-09-30T23:26:00,52.2328,285.035,120.4027,0.84827,24.9486
2026-09-30T23:27:00,52.2504,285.0258,119.6315,0.85014,24.922
2026-09-30T23:28:00,52.7641,285.1167,120.0544,0.84974,25.0488
2026-09-30T23:29:00,52.6096,285.1025,120.092,0.84915,25.1476
2026-09-30T23:30:00,52.2777,284.7864,120.0333,0.85003,24.7564
2026-09-30T23:31:00,52.5949,285.1906,119.8108,0.8498,25.0156
2026-09-30T23:32:00,52.1015,284.9507,119.9646,0.85117,25.0755
2026-09-30T23:33:00,52.216,284.9625,119.9104,0.84972,24.8333
2026-09-30T23:34:00,52.5315,285.2941,119.7876,0.85113,24.8973
2026-09-30T23:35:00,51.9973,285.1756,119.9929,0.8508,25.0775
2026-09-30T23:36:00,52.2417,284.9893,119.9205,0.84962,24.9036
2026-09-30T23:37:00,51.985,284.7641,119.8913,0.8495,24.9259
2026-09-30T23:38:00,52.3483,285.0693,120.1381,0.85077,25.2045
2026-09-30T23:39:00,52.7308,285.1283,119.7895,0.8499,24.8898
2026-09-30T23:40:00,52.1384,285.038,120.0891,0.85008,24.8992
2026-09-30T23:41:00,52.3867,284.8656,119.8788,0.84983,24.7276
2026-09-30T23:42:00,52.1096,284.9365,120.0861,0.84926,24.8718
2026-09-30T23:43:00,52.0503,284.8693,120.0144,0.84976,24.8557
2026-09-30T23:44:00,52.0325,285.0924,120.0485,0.84941,25.2041
2026-09-30T23:45:00,52.7089,285.1855,119.8044,0.84907,25.1452
2026-09-30T23:46:00,52.9396,285.2189,119.8451,0.84981,24.8517
2026-09-30T23:47:00,52.4735,284.9577,119.8287,0.85104,25.2338
2026-09-30T23:48:00,52.1774,285.1053,120.0344,0.85094,25.0924
2026-09-30T23:49:00,52.5364,285.1557,120.1488,0.84995,24.9799
2026-09-30T23:50:00,52.2804,284.9984,120.215,0.85006,25.0969
2026-09-30T23:51:00,52.5681,285.0553,119.8992,0.85029,25.0463
2026-09-30T23:52:00,52.4442,285.3987,120.0161,0.85079,24.9107
2026-09-30T23:53:00,52.4452,285.1134,119.6759,0.85017,24.7931
2026-09-30T23:54:00,52.5308,285.2175,119.556,0.8497,24.8936
2026-09-30T23:55:00,52.2379,285.0224,119.8258,0.84975,25.0005
2026-09-30T23:56:00,52.2854,285.0964,119.8657,0.85066,24.9589
2026-09-30T23:57:00,51.9599,284.8354,119.6884,0.85153,24.9136
2026-09-30T23:58:00,52.2835,285.0913,119.6433,0.84961,25.1164
2026-09-30T23:59:00,52.0422,285.2764,120.1047,0.84876,24.8751
2026-10-01T00:00:00,52.3653,285.4149,119.8376,0.85047,25.1065
2026-10-01T00:01:00,52.1658,285.2821,119.6624,0.84994,24.944
2026-10-01T00:02:00,52.4343,285.2081,120.461,0.85007,25.014
2026-10-01T00:03:00,52.5261,285.1156,120.0318,0.85072,24.8685
2026-10-01T00:04:00,52.0615,285.0201,119.9338,0.85002,25.0
2026-10-01T00:05:00,52.2169,285.0886,120.1323,0.84919,24.9084
2026-10-01T00:06:00,52.1882,285.207,119.8453,0.84881,24.7945
2026-10-01T00:07:00,52.6144,284.9998,120.3134,0.84995,24.9987
2026-10-01T00:08:00,52.8581,285.2601,119.6895,0.84929,24.9949
2026-10-01T00:09:00,52.6482,284.975,119.7356,0.85016,25.099
2026-10-01T00:10:00,52.3517,284.8582,119.9687,0.84922,25.0345
2026-10-01T00:11:00,52.809,284.9758,119.8433,0.84977,24.881
2026-10-01T00:12:00,52.068,284.8803,120.2771,0.8491,24.9284
2026-10-01T00:13:00,52.8251,284.9268,119.6759,0.84977,24.707
2026-10-01T00:14:00,52.29,285.305,119.8496,0.84972,24.8684
2026-10-01T00:15:00,51.7627,285.1076,120.0427,0.85034,25.1544
2026-10-01T00:16:00,53.1242,285.1729,120.1072,0.85079,25.1801
2026-10-01T00:17:00,52.8598,285.3164,120.1947,0.84987,25.0911
2026-10-01T00:18:00,52.2111,285.334,120.0631,0.84947,25.0366
2026-10-01T00:19:00,52.515,285.072,120.4339,0.85115,25.0703
2026-10-01T00:20:00,52.4229,285.3494,119.8998,0.8502,25.0584
2026-10-01T00:21:00,52.5059,285.2103,120.0291,0.85035,24.7956
2026-10-01T00:22:00,52.1132,285.1557,120.1647,0.85035,24.8975
2026-10-01T00:23:00,52.3174,285.224,119.9308,0.85085,25.141
2026-10-01T00:24:00,52.6085,284.9463,119.9352,0.85059,25.1405
2026-10-01T00:25:00,52.551,285.0447,119.9009,0.85039,25.0292
2026-10-01T00:26:00,52.7989,285.1489,119.8649,0.85044,24.964
2026-10-01T00:27:00,52.5228,285.2591,119.7681,0.84947,24.9552
2026-10-01T00:28:00,53.0939,285.1144,119.8824,0.84962,24.9364
2026-10-01T00:29:00,52.3314,285.1536,119.684,0.84992,24.8911
2026-10-01T00:30:00,52.5789,285.3206,120.0684,0.85004,24.7726
2026-10-01T00:31:00,52.0387,285.3894,119.6751,0.85,25.0184
2026-10-01T00:32:00,52.2083,285.2953,120.4038,0.85017,24.9472
2026-10-01T00:33:00,52.8575,285.3729,120.331,0.85,24.9753
2026-10-01T00:34:00,52.2934,285.1245,120.2123,0.84973,25.2038
2026-10-01T00:35:00,52.6655,285.1417,119.9498,0.84901,25.0708
2026-10-01T00:36:00,52.5211,285.2379,119.8747,0.85048,24.9175
2026-10-01T00:37:00,52.2792,285.1475,120.2356,0.85034,25.0694
2026-10-01T00:38:00,52.457,285.1191,120.0276,0.84946,24.8224
2026-10-01T00:39:00,52.4193,285.4455,120.1029,0.85028,25.1253
2026-10-01T00:40:00,52.4298,285.17,119.8478,0.85022,25.0319
2026-10-01T00:41:00,52.7437,285.0578,120.2036,0.85003,24.9777
2026-10-01T00:42:00,52.7222,285.2783,119.8317,0.84888,25.0684
2026-10-01T00:43:00,52.4185,285.4831,120.0122,0.84926,25.1732
2026-10-01T00:44:00,52.3398,285.2223,119.646,0.84962,24.9456
2026-10-01T00:45:00,52.6409,285.3974,119.8602,0.85095,24.8835
2026-10-01T00:46:00,52.5491,285.1495,120.0905,0.84947,25.2513
2026-10-01T00:47:00,52.8349,285.144,119.9008,0.84978,25.0025
2026-10-01T00:48:00,53.2454,285.1167,119.9015,0.84932,25.1778
2026-10-01T00:49:00,52.7961,285.2012,120.1476,0.84969,24.9205
2026-10-01T00:50:00,52.5804,285.5007,119.9757,0.85019,25.0455
2026-10-01T00:51:00,52.5499,285.0544,120.2376,0.84874,24.9245
2026-10-01T00:52:00,52.3824,285.4758,119.5087,0.84829,25.0758
2026-10-01T00:53:00,52.3737,285.0815,120.1033,0.85038,24.9678
2026-10-01T00:54:00,52.3533,285.2002,120.091,0.85001,24.9211
2026-10-01T00:55:00,52.509,285.3631,119.6823,0.84962,25.1847
2026-10-01T00:56:00,52.5048,285.3348,119.7313,0.85056,25.0409
2026-10-01T00:57:00,52.8013,285.285,120.1648,0.85057,24.7596
2026-10-01T00:58:00,52.5194,284.9978,119.7772,0.84873,24.9726
2026-10-01T00:59:00,52.5735,285.3021,119.863,0.84988,24.8916
2026-10-01T01:00:00,52.3221,285.0969,120.1089,0.85065,24.8558
2026-10-01T01:01:00,53.0415,285.6381,119.9235,0.84958,24.9312
2026-10-01T01:02:00,52.7609,285.2232,120.0846,0.8498,24.9437
2026-10-01T01:03:00,53.0851,285.2861,119.8167,0.85056,25.0044
2026-10-01T01:04:00,52.8409,285.0883,120.0487,0.84982,24.9062
2026-10-01T01:05:00,53.0178,285.1909,120.2051,0.84927,24.7791
2026-10-01T01:06:00,52.587,285.0716,120.0543,0.84957,24.9367
2026-10-01T01:07:00,52.8322,285.415,119.5524,0.84919,25.105
2026-10-01T01:08:00,53.333,285.231,120.1192,0.85032,24.838
2026-10-01T01:09:00,52.3545,285.3572,120.001,0.84895,25.0739
2026-10-01T01:10:00,52.9582,285.1726,119.809,0.85058,25.0549
2026-10-01T01:11:00,53.0924,285.2026,120.2668,0.849,24.9471
2026-10-01T01:12:00,52.777,285.4735,119.6421,0.85001,25.0371
2026-10-01T01:13:00,52.8667,285.137,120.3626,0.84911,24.9112
2026-10-01T01:14:00,52.9991,285.0151,119.8633,0.84979,24.9527
2026-10-01T01:15:00,52.5154,285.3487,120.3028,0.8506,24.8788
2026-10-01T01:16:00,52.791,285.1191,119.9804,0.85066,25.0556
2026-10-01T01:17:00,52.4684,285.2269,119.7243,0.85077,25.1634
2026-10-01T01:18:00,52.5214,285.432,120.0082,0.84993,24.9194
2026-10-01T01:19:00,52.54,285.175,120.0553,0.85005,25.1428
2026-10-01T01:20:00,52.6651,285.4321,120.0971,0.85012,24.7461
2026-10-01T01:21:00,52.7429,285.2006,120.2005,0.85035,24.8948
2026-10-01T01:22:00,52.825,285.5289,119.8105,0.84974,24.8797
2026-10-01T01:23:00,52.3502,285.5066,120.0872,0.85064,25.2053
2026-10-01T01:24:00,53.2234,285.2396,120.1359,0.85018,24.9298
2026-10-01T01:25:00,53.0163,285.2808,119.9351,0.85067,25.0931
2026-10-01T01:26:00,52.9101,285.1905,119.8027,0.85027,24.7559
2026-10-01T01:27:00,52.6363,285.3478,119.7987,0.85039,25.0138
2026-10-01T01:28:00,52.7089,285.4927,120.1384,0.84955,25.0677
2026-10-01T01:29:00,52.8758,285.1058,120.1482,0.84973,24.9957
2026-10-01T01:30:00,52.8446,285.4629,119.824,0.84921,24.6753
2026-10-01T01:31:00,52.3127,285.1292,119.7225,0.84981,25.0212
2026-10-01T01:32:00,52.9365,285.2014,120.2358,0.84988,25.0969
2026-10-01T01:33:00,53.4975,285.0647,119.6797,0.85049,25.1578
2026-10-01T01:34:00,52.2809,285.6511,120.0208,0.84923,25.0477
2026-10-01T01:35:00,53.0129,285.3466,119.8286,0.85192,24.7985
2026-10-01T01:36:00,52.8564,285.3771,119.6395,0.84991,24.9751
2026-10-01T01:37:00,52.7369,285.2414,120.0137,0.85074,25.108
2026-10-01T01:38:00,53.121,285.5054,119.9511,0.85061,24.9023
2026-10-01T01:39:00,52.4696,285.0324,120.2755,0.84847,25.0676
2026-10-01T01:40:00,52.8185,285.3544,120.4412,0.84983,24.9429
2026-10-01T01:41:00,53.156,285.6839,119.9514,0.85087,25.0111
2026-10-01T01:42:00,52.7337,285.298,120.193,0.84853,25.0907
2026-10-01T01:43:00,52.6807,285.3604,120.1969,0.85045,24.9154
2026-10-01T01:44:00,52.8212,285.4612,119.8847,0.84943,25.3425
2026-10-01T01:45:00,52.6813,285.2411,119.8163,0.8497,25.0182
2026-10-01T01:46:00,53.1965,285.3688,120.3094,0.85012,25.0411
2026-10-01T01:47:00,52.57,285.512,119.9161,0.84886,24.9114
2026-10-01T01:48:00,53.031,285.3995,119.9837,0.8501,25.0075
2026-10-01T01:49:00,52.4888,285.4285,119.9309,0.8496,24.968
2026-10-01T01:50:00,52.9862,285.323,119.9623,0.84953,24.8254
2026-10-01T01:51:00,52.7911,285.4252,119.8686,0.8504,24.8167
2026-10-01T01:52:00,52.158,285.3887,120.1378,0.85209,25.0344
2026-10-01T01:53:00,52.824,285.6011,120.2388,0.85019,24.9895
2026-10-01T01:54:00,52.5551,285.494,119.9145,0.85032,24.685
2026-10-01T01:55:00,52.7188,285.3513,119.7141,0.84995,24.7431
2026-10-01T01:56:00,53.2322,285.0234,119.9989,0.84955,24.963
2026-10-01T01:57:00,52.5534,285.5003,119.6927,0.85014,24.9918
2026-10-01T01:58:00,52.5718,285.5087,119.8615,0.85089,25.0728
2026-10-01T01:59:00,53.2183,285.2604,120.2337,0.8501,24.8515
2026-10-01T02:00:00,52.8816,285.1006,120.4508,0.85052,25.071
2026-10-01T02:01:00,53.2517,285.2316,120.0636,0.84985,24.9631
2026-10-01T02:02:00,52.9424,285.5443,119.7768,0.85149,24.9392
2026-10-01T02:03:00,52.6363,285.2482,120.144,0.84899,24.983
2026-10-01T02:04:00,52.8497,285.3415,119.5417,0.85033,25.1182
2026-10-01T02:05:00,53.1866,285.446,119.8505,0.85031,25.0669
2026-10-01T02:06:00,53.1162,285.5991,120.292,0.85014,25.1067
2026-10-01T02:07:00,52.8783,285.4152,120.1371,0.84931,24.9175
2026-10-01T02:08:00,52.8943,285.4054,119.7141,0.8493,24.9659
2026-10-01T02:09:00,52.8566,285.3406,119.6577,0.84984,24.8605
2026-10-01T02:10:00,52.7406,285.67,120.159,0.85004,24.9336
2026-10-01T02:11:00,53.3895,285.5878,119.9793,0.84925,24.9524
2026-10-01T02:12:00,52.8987,285.4162,119.8707,0.84934,24.9441
2026-10-01T02:13:00,52.6098,285.2234,120.0709,0.85032,25.0856
2026-10-01T02:14:00,52.7817,285.3169,119.8745,0.8506,25.051
2026-10-01T02:15:00,53.0948,285.5249,119.6063,0.84964,25.0911
2026-10-01T02:16:00,53.0767,285.3322,120.1497,0.84956,25.0154
2026-10-01T02:17:00,52.8803,285.5768,119.8598,0.84954,25.1287
2026-10-01T02:18:00,52.7475,285.4997,119.7892,0.85147,25.0136
2026-10-01T02:19:00,52.9292,285.4918,119.7234,0.85027,25.1159
2026-10-01T02:20:00,52.4967,285.5485,120.0385,0.84994,25.0604
2026-10-01T02:21:00,52.596,285.5277,119.8286,0.85058,25.0882
2026-10-01T02:22:00,53.1397,285.3272,120.113,0.85136,24.992
2026-10-01T02:23:00,52.8149,285.4091,119.9356,0.85068,24.8514
2026-10-01T02:24:00,53.0382,285.8114,120.2039,0.84912,24.8266
2026-10-01T02:25:00,53.2587,285.2818,119.9119,0.84993,25.2349
2026-10-01T02:26:00,53.1163,285.3943,119.8587,0.84974,25.0465
2026-10-01T02:27:00,52.9584,285.6278,119.5969,0.84977,25.0532
2026-10-01T02:28:00,53.5038,285.4466,119.7702,0.84925,24.98
2026-10-01T02:29:00,53.1322,285.3512,120.1321,0.84974,24.945
2026-10-01T02:30:00,52.8732,285.277,120.5968,0.84933,25.3446
2026-10-01T02:31:00,53.1563,285.5584,119.7398,0.85018,24.8656
2026-10-01T02:32:00,53.0767,285.6335,119.7824,0.85,24.9925
2026-10-01T02:33:00,52.7556,285.693,120.0561,0.84913,24.9938
2026-10-01T02:34:00,52.9981,285.4936,120.0838,0.84895,24.8643
2026-10-01T02:35:00,52.9407,285.6447,119.8541,0.84969,24.8474
2026-10-01T02:36:00,52.4815,285.3355,120.0046,0.85037,24.9156
2026-10-01T02:37:00,52.9463,285.5182,119.669,0.85027,24.9587
2026-10-01T02:38:00,52.9216,285.3939,119.9296,0.84994,24.9417
2026-10-01T02:39:00,52.8855,285.5241,120.1682,0.84799,25.0976
2026-10-01T02:40:00,52.5791,285.6131,120.3141,0.84968,24.8586
2026-10-01T02:41:00,52.9145,285.6635,119.9556,0.84953,25.0486
2026-10-01T02:42:00,52.9992,285.357,119.9374,0.84977,25.1762
2026-10-01T02:43:00,53.0393,285.6981,120.079,0.84924,25.1072
2026-10-01T02:44:00,52.725,285.4394,120.2093,0.84972,24.8633
2026-10-01T02:45:00,53.1832,285.3592,120.086,0.84958,24.6456
2026-10-01T02:46:00,52.712,285.4899,119.8396,0.85161,25.1014
2026-10-01T02:47:00,52.9706,285.2986,120.06,0.8504,25.0596
2026-10-01T02:48:00,53.3673,285.5212,120.1816,0.84986,24.9297
2026-10-01T02:49:00,52.8577,285.5665,119.8472,0.84995,25.1537
2026-10-01T02:50:00,52.9081,285.4955,119.7232,0.8499,24.9515
2026-10-01T02:51:00,53.319,285.6085,120.0904,0.85009,25.013
2026-10-01T02:52:00,52.9482,285.4833,120.062,0.84973,24.8754
2026-10-01T02:53:00,52.9743,285.5336,120.1815,0.84997,25.0383
2026-10-01T02:54:00,53.1112,285.3194,120.0068,0.85059,24.9484
2026-10-01T02:55:00,53.3278,285.5444,119.861,0.85048,24.9396
2026-10-01T02:56:00,52.4958,285.4129,119.9023,0.85016,25.1296
2026-10-01T02:57:00,52.8529,285.4756,119.7846,0.85078,25.0257
2026-10-01T02:58:00,52.8107,285.5315,119.801,0.85011,24.8205
2026-10-01T02:59:00,52.7946,285.5767,119.8777,0.84939,25.083
2026-10-01T03:00:00,52.8575,285.3036,119.8933,0.84892,25.1004
2026-10-01T03:01:00,52.8653,285.3185,120.2112,0.84956,24.9001
2026-10-01T03:02:00,53.1617,285.5103,119.7455,0.84994,24.9528
2026-10-01T03:03:00,52.8601,285.6292,119.9801,0.85022,25.0065
2026-10-01T03:04:00,53.1233,285.6146,119.8724,0.85062,24.9701
2026-10-01T03:05:00,53.1985,285.697,120.2857,0.84963,25.0149
2026-10-01T03:06:00,52.9124,285.7607,120.0419,0.84949,25.078
2026-10-01T03:07:00,53.1367,285.6425,119.9156,0.85044,24.941
2026-10-01T03:08:00,53.5263,285.5676,120.152,0.85068,25.2497
2026-10-01T03:09:00,53.1932,285.4184,120.0032,0.84969,24.9146
2026-10-01T03:10:00,52.9512,285.4337,119.8953,0.85018,24.9353
2026-10-01T03:11:00,53.1016,285.508,120.2954,0.8508,25.2363
2026-10-01T03:12:00,52.8875,285.6207,120.1315,0.85017,25.2861
2026-10-01T03:13:00,53.195,285.6162,120.3342,0.84994,25.0045
2026-10-01T03:14:00,53.3501,285.5862,120.2204,0.84873,24.9775
2026-10-01T03:15:00,52.9237,285.5652,120.1445,0.85077,24.8713
2026-10-01T03:16:00,53.0835,285.6852,120.0167,0.85036,25.1371
2026-10-01T03:17:00,53.425,285.6243,119.7748,0.85005,25.0208
2026-10-01T03:18:00,53.0173,285.6403,120.1316,0.8497,24.8985
2026-10-01T03:19:00,53.1962,285.6444,120.005,0.84923,25.0487
2026-10-01T03:20:00,52.8904,285.5187,120.125,0.84992,25.1645
2026-10-01T03:21:00,52.9465,285.4485,119.9891,0.84991,25.0823
2026-10-01T03:22:00,53.0286,285.6793,119.8537,0.85064,25.265
2026-10-01T03:23:00,53.7073,285.6706,119.7908,0.84925,25.1392
2026-10-01T03:24:00,53.0647,285.5776,120.13,0.85084,25.0529
2026-10-01T03:25:00,53.0382,285.5508,120.2479,0.85,24.9961
2026-10-01T03:26:00,53.0337,285.9574,119.9338,0.85069,25.066
2026-10-01T03:27:00,53.1368,285.5042,120.0815,0.84939,25.1461
2026-10-01T03:28:00,53.346,285.588,120.2662,0.85018,25.103
2026-10-01T03:29:00,53.2331,285.6629,119.8253,0.85071,25.1266
2026-10-01T03:30:00,53.7039,285.4525,119.9236,0.85004,25.0267
2026-10-01T03:31:00,53.2467,285.6457,119.7688,0.84909,25.092
2026-10-01T03:32:00,53.5588,285.9003,120.2257,0.84978,25.1458
2026-10-01T03:33:00,53.2699,285.7732,120.0435,0.8503,24.9801
2026-10-01T03:34:00,53.3559,285.7305,119.8997,0.84913,24.8445
2026-10-01T03:35:00,52.8474,285.727,119.6624,0.84911,25.2071
2026-10-01T03:36:00,53.1802,285.6574,119.9558,0.85012,25.07
2026-10-01T03:37:00,53.1985,285.7869,120.1899,0.8494,24.9472
2026-10-01T03:38:00,53.1588,285.6223,119.9329,0.85039,25.0281
2026-10-01T03:39:00,52.685,285.5847,119.9074,0.84927,24.9704
2026-10-01T03:40:00,53.4472,285.666,120.1191,0.84887,24.7954
2026-10-01T03:41:00,53.134,285.789,119.7469,0.84951,24.978
2026-10-01T03:42:00,53.125,285.7052,120.0022,0.85087,24.8291
2026-10-01T03:43:00,53.1745,285.7593,120.1108,0.84946,25.0243
2026-10-01T03:44:00,53.185,285.357,119.8371,0.84997,24.9869
2026-10-01T03:45:00,53.3476,285.8421,119.8273,0.85012,25.136
2026-10-01T03:46:00,52.9318,286.0168,120.0413,0.84941,24.9856
2026-10-01T03:47:00,53.0205,285.8684,119.9723,0.85063,25.0449
2026-10-01T03:48:00,53.3297,285.623,119.9453,0.85008,24.9642
2026-10-01T03:49:00,53.2972,285.5459,120.0333,0.85024,24.9544
2026-10-01T03:50:00,53.1704,285.7173,120.0364,0.84897,24.8323
2026-10-01T03:51:00,53.1248,285.5301,119.8084,0.84892,25.1189
2026-10-01T03:52:00,53.0634,285.7895,119.8599,0.84832,25.0205
2026-10-01T03:53:00,53.2612,285.6044,120.0815,0.84986,24.9301
2026-10-01T03:54:00,53.5747,285.8298,120.2151,0.84984,25.025
2026-10-01T03:55:00,53.0188,285.8925,120.2613,0.85041,24.9502
2026-10-01T03:56:00,53.6679,285.3859,119.8244,0.85087,24.9131
2026-10-01T03:57:00,53.5018,285.7371,120.2098,0.84982,25.0299
2026-10-01T03:58:00,53.1813,285.591,120.1432,0.84982,25.1458
2026-10-01T03:59:00,53.4941,285.4867,119.9867,0.85025,24.9677
2026-10-01T04:00:00,52.9356,285.6081,120.0897,0.8509,24.829
2026-10-01T04:01:00,52.8729,285.6704,120.1575,0.84948,24.9262
2026-10-01T04:02:00,52.9871,285.8608,120.3476,0.85035,25.2157
2026-10-01T04:03:00,53.2109,285.48,119.7836,0.84983,24.9027
2026-10-01T04:04:00,53.2357,285.8683,120.1123,0.84978,25.1426
2026-10-01T04:05:00,53.192,286.0159,119.9654,0.85047,24.9713
2026-10-01T04:06:00,53.3494,285.8053,119.9521,0.8495,25.0888
2026-10-01T04:07:00,52.7945,285.8001,120.2207,0.84934,24.9873
2026-10-01T04:08:00,53.4559,285.7187,120.1555,0.85038,24.8107
2026-10-01T04:09:00,52.981,285.547,119.7919,0.84996,24.9506
2026-10-01T04:10:00,53.1744,285.8059,119.9371,0.84982,25.2535
2026-10-01T04:11:00,53.2401,285.7858,120.0385,0.8499,24.9842
2026-10-01T04:12:00,53.058,285.8405,119.7133,0.85028,25.0678
2026-10-01T04:13:00,53.0081,286.1186,120.1647,0.84976,24.9597
2026-10-01T04:14:00,53.1031,285.8449,119.9786,0.85044,24.9842
2026-10-01T04:15:00,53.3554,285.8021,120.0257,0.85023,25.0387
2026-10-01T04:16:00,53.5096,285.975,120.0601,0.85087,25.0569
2026-10-01T04:17:00,53.5069,285.5415,120.3517,0.85074,25.2664
2026-10-01T04:18:00,53.121,285.5743,120.0009,0.85049,24.9982
2026-10-01T04:19:00,53.1755,285.692,119.9229,0.84986,24.9785
2026-10-01T04:20:00,53.147,285.6525,120.3382,0.85005,24.9206
2026-10-01T04:21:00,53.4933,285.8573,119.8944,0.84962,24.8425
2026-10-01T04:22:00,52.8753,285.7081,119.8898,0.85169,24.807
2026-10-01T04:23:00,53.698,286.0192,119.7191,0.84985,25.0797
2026-10-01T04:24:00,53.2709,285.9888,120.2079,0.85031,24.7768
2026-10-01T04:25:00,53.2,285.8788,120.0477,0.8508,25.1689
2026-10-01T04:26:00,53.4845,285.7079,120.0872,0.84916,25.1032
2026-10-01T04:27:00,53.6615,285.8608,120.0268,0.84948,24.9648
2026-10-01T04:28:00,53.4928,285.8924,119.9672,0.84974,24.8617
2026-10-01T04:29:00,53.6741,285.6133,119.8385,0.84938,25.0036
2026-10-01T04:30:00,53.4482,285.8281,119.8395,0.84922,25.0029
2026-10-01T04:31:00,53.7258,285.8842,120.0795,0.84967,25.1355
2026-10-01T04:32:00,53.7334,285.8133,120.0186,0.85076,24.9113
2026-10-01T04:33:00,53.401,286.0189,120.317,0.85041,24.955
2026-10-01T04:34:00,53.7894,285.9679,119.8437,0.85,24.994
2026-10-01T04:35:00,53.4746,285.6645,119.8978,0.85,24.9671
2026-10-01T04:36:00,53.4589,285.8095,119.7922,0.84898,24.9254
2026-10-01T04:37:00,53.2105,285.668,120.267,0.8504,24.7946
2026-10-01T04:38:00,53.3725,285.8827,119.7503,0.85024,24.8036
2026-10-01T04:39:00,53.6428,285.6682,120.147,0.84933,24.9193
2026-10-01T04:40:00,53.124,285.9393,120.2789,0.8501,24.9734
2026-10-01T04:41:00,53.6183,285.8615,119.9666,0.84987,25.1202
2026-10-01T04:42:00,53.5468,285.9514,120.1378,0.84967,25.2775
2026-10-01T04:43:00,53.5328,285.7865,119.5736,0.84939,25.2061
2026-10-01T04:44:00,52.9155,285.5924,119.918,0.84958,25.0478
2026-10-01T04:45:00,53.4451,286.0782,119.6664,0.84942,25.2258
2026-10-01T04:46:00,53.6367,285.7899,120.0285,0.85026,24.9865
2026-10-01T04:47:00,53.2877,286.0248,119.9963,0.8502,24.9372
2026-10-01T04:48:00,53.5048,285.8853,119.8425,0.85017,25.278
2026-10-01T04:49:00,52.8914,285.9244,120.1814,0.84987,24.8724
2026-10-01T04:50:00,53.6575,286.1003,120.0649,0.84974,24.9507
2026-10-01T04:51:00,53.3278,285.8794,119.8911,0.85121,24.9689
2026-10-01T04:52:00,53.715,286.0409,119.8933,0.84886,25.1756
2026-10-01T04:53:00,53.0402,285.6107,119.704,0.8507,24.9291
2026-10-01T04:54:00,53.6778,285.9665,119.958,0.85019,25.0942
2026-10-01T04:55:00,53.4492,285.8021,120.4138,0.85002,24.9516
2026-10-01T04:56:00,53.7141,285.8207,119.8542,0.84968,24.8537
2026-10-01T04:57:00,53.2845,285.8447,120.078,0.84985,25.0288
2026-10-01T04:58:00,53.3651,285.8978,119.8863,0.84927,25.0206
2026-10-01T04:59:00,54.0841,286.0969,120.1537,0.84915,24.8618
2026-10-01T05:00:00,53.3197,285.5728,120.0818,0.84991,24.8967
2026-10-01T05:01:00,53.3545,285.86,119.9488,0.84899,24.9054
2026-10-01T05:02:00,53.4656,285.7484,119.6423,0.85049,25.1161
2026-10-01T05:03:00,53.2828,286.0332,119.8933,0.85065,25.0559
2026-10-01T05:04:00,53.8398,285.7974,120.2322,0.84792,25.0291
2026-10-01T05:05:00,53.9772,285.9319,119.9467,0.84905,25.0594
2026-10-01T05:06:00,53.3737,285.8062,120.1193,0.85015,24.9434
2026-10-01T05:07:00,53.122,285.9686,119.9,0.85011,25.0579
2026-10-01T05:08:00,53.8502,286.0231,119.626,0.85005,24.928
2026-10-01T05:09:00,53.8381,285.8138,120.0793,0.85024,24.8408
2026-10-01T05:10:00,53.7701,285.8832,120.0583,0.85043,24.9163
2026-10-01T05:11:00,53.8576,285.6653,119.8807,0.8505,25.0259
2026-10-01T05:12:00,53.3554,285.9267,119.9218,0.85106,25.0114
2026-10-01T05:13:00,53.5339,286.0118,120.0524,0.85,25.1275
2026-10-01T05:14:00,53.2337,285.8026,119.8779,0.8505,24.7981
2026-10-01T05:15:00,53.2289,286.0564,120.0635,0.84901,24.9743
2026-10-01T05:16:00,53.8325,285.5799,119.9549,0.8499,25.048
2026-10-01T05:17:00,53.423,285.6157,119.5291,0.84925,24.8852
2026-10-01T05:18:00,54.1646,285.6877,119.9667,0.85082,25.0306
2026-10-01T05:19:00,53.617,285.8257,119.8772,0.85138,24.9517
2026-10-01T05:20:00,53.4421,285.9037,119.8298,0.85031,24.8652
2026-10-01T05:21:00,53.8055,285.8916,120.0748,0.8492,25.1353
2026-10-01T05:22:00,54.0601,285.8958,119.8987,0.84992,24.8341
2026-10-01T05:23:00,53.735,286.0169,120.102,0.85,25.1208
2026-10-01T05:24:00,53.313,285.8401,120.2115,0.8501,24.9511
2026-10-01T05:25:00,53.7138,285.7239,120.0236,0.85064,24.888
2026-10-01T05:26:00,53.9687,285.7293,119.6893,0.85056,24.8947
2026-10-01T05:27:00,53.5052,286.2353,119.8508,0.8484,24.9124
2026-10-01T05:28:00,53.4389,285.5681,120.1759,0.8508,24.8992
2026-10-01T05:29:00,53.8901,285.897,119.9443,0.84969,25.0331
2026-10-01T05:30:00,53.6748,286.1446,119.836,0.84965,24.7767
2026-10-01T05:31:00,53.3679,286.0009,119.9777,0.85084,25.1496
2026-10-01T05:32:00,53.5523,285.8065,120.0951,0.84983,25.101
2026-10-01T05:33:00,53.4621,285.9338,120.0468,0.84916,25.1673
2026-10-01T05:34:00,53.7289,286.0655,120.1233,0.84919,24.883
2026-10-01T05:35:00,53.686,286.1197,119.8326,0.85002,24.7229
2026-10-01T05:36:00,53.9499,285.806,119.9414,0.85053,24.9261
2026-10-01T05:37:00,53.8435,286.0575,119.9459,0.85089,24.9808
2026-10-01T05:38:00,53.2789,285.9838,119.9914,0.84988,25.0373
2026-10-01T05:39:00,53.7753,286.1141,119.5815,0.8497,24.9388
2026-10-01T05:40:00,53.9015,286.1595,119.9491,0.85096,24.9909
2026-10-01T05:41:00,53.795,285.902,119.7306,0.84971,25.0189
2026-10-01T05:42:00,53.9423,285.7385,120.2707,0.85086,24.8152
2026-10-01T05:43:00,53.5512,286.0178,120.3036,0.85013,25.2177
2026-10-01T05:44:00,53.4546,286.2275,120.3282,0.85013,24.8664
2026-10-01T05:45:00,53.9286,286.0663,120.1561,0.84984,25.0326
2026-10-01T05:46:00,53.4334,286.0005,119.9,0.85016,25.1305
2026-10-01T05:47:00,53.1637,286.3286,120.1857,0.84971,24.9072
2026-10-01T05:48:00,53.9636,285.815,119.9564,0.84958,25.0015
2026-10-01T05:49:00,53.53,286.1089,120.117,0.84991,25.197
2026-10-01T05:50:00,53.6383,285.8904,119.8178,0.8496,24.9674
2026-10-01T05:51:00,53.3691,285.9859,119.8801,0.85017,25.1266
2026-10-01T05:52:00,53.3909,285.9944,120.0882,0.85004,25.0362
2026-10-01T05:53:00,53.4369,286.2107,120.3467,0.84983,25.0287
2026-10-01T05:54:00,53.6397,285.8456,119.9914,0.84987,25.0874
2026-10-01T05:55:00,53.8261,285.9082,120.4419,0.84985,24.9736
2026-10-01T05:56:00,53.1629,285.752,120.5412,0.85103,24.9762
2026-10-01T05:57:00,53.9291,286.0666,119.743,0.84998,25.1167
2026-10-01T05:58:00,53.4493,285.9273,119.9911,0.84963,25.0328
2026-10-01T05:59:00,53.482,286.0618,119.8083,0.84981,25.0611
2026-10-01T06:00:00,53.9218,285.84,119.969,0.85038,24.858
2026-10-01T06:01:00,53.7374,285.9496,119.8909,0.84987,25.0035
2026-10-01T06:02:00,53.3757,286.1618,119.9833,0.8499,25.147
2026-10-01T06:03:00,54.2248,285.9824,120.1873,0.84983,25.1094
2026-10-01T06:04:00,53.5522,286.1049,120.1823,0.85008,25.0428
2026-10-01T06:05:00,53.8329,286.0928,120.0481,0.85022,24.9396
2026-10-01T06:06:00,53.8248,285.963,119.9973,0.85025,24.9282
2026-10-01T06:07:00,54.1314,285.7846,120.0202,0.849,25.0542
2026-10-01T06:08:00,53.6684,286.1688,120.0219,0.84935,25.1719
2026-10-01T06:09:00,54.0381,286.0491,120.1103,0.84841,25.0069
2026-10-01T06:10:00,53.6044,286.1735,119.9979,0.85047,25.1582
2026-10-01T06:11:00,54.0742,285.7266,120.0963,0.85065,24.9659
2026-10-01T06:12:00,53.6066,285.7828,119.738,0.85077,25.1458
2026-10-01T06:13:00,53.7106,285.7121,120.1537,0.85007,24.882
2026-10-01T06:14:00,54.2789,285.9045,120.3425,0.85067,25.0242
2026-10-01T06:15:00,53.8879,286.1948,120.0333,0.84996,24.8738
2026-10-01T06:16:00,53.8398,286.1259,119.7175,0.84991,25.081
2026-10-01T06:17:00,54.3766,286.0384,120.2642,0.84906,25.0705
2026-10-01T06:18:00,53.9102,286.0657,119.9319,0.84952,24.888
2026-10-01T06:19:00,53.6196,286.1627,119.406,0.84963,24.9126
2026-10-01T06:20:00,54.011,286.0057,119.954,0.85054,24.9487
2026-10-01T06:21:00,53.5357,286.113,120.1169,0.85098,24.8234
2026-10-01T06:22:00,54.117,286.077,120.0731,0.8497,24.8908
2026-10-01T06:23:00,54.1401,285.7305,120.2426,0.85021,24.8982
2026-10-01T06:24:00,53.6992,286.0033,120.12,0.85015,25.0956
2026-10-01T06:25:00,53.6892,286.2674,120.0219,0.84952,25.1677
2026-10-01T06:26:00,53.894,286.0067,119.6064,0.84895,24.9486
2026-10-01T06:27:00,53.8572,286.0471,119.7769,0.84953,24.9673
2026-10-01T06:28:00,53.613,285.98,120.0328,0.84912,25.0275
2026-10-01T06:29:00,54.0032,286.0009,120.1313,0.8498,24.9393
2026-10-01T06:30:00,53.3544,286.2447,119.7941,0.8499,24.9685
2026-10-01T06:31:00,53.7605,286.0384,119.8763,0.84988,25.1022
2026-10-01T06:32:00,53.7714,285.9278,120.0904,0.84988,25.0294
2026-10-01T06:33:00,53.8079,285.6169,119.6195,0.85027,24.9916
2026-10-01T06:34:00,53.9567,286.0002,119.6123,0.84943,24.9332
2026-10-01T06:35:00,53.5767,285.7936,119.9519,0.85052,25.1782
2026-10-01T06:36:00,54.0346,285.8175,120.0473,0.84898,24.9283
2026-10-01T06:37:00,53.8461,286.2129,119.9026,0.85002,25.0164
2026-10-01T06:38:00,53.7324,286.2024,119.5435,0.85022,24.878
2026-10-01T06:39:00,53.557,285.811,120.002,0.84951,24.9306
2026-10-01T06:40:00,53.6067,286.2288,119.7346,0.84903,25.0131
2026-10-01T06:41:00,53.9963,286.1725,120.1269,0.85037,24.9545
2026-10-01T06:42:00,53.669,285.9886,119.9775,0.84958,25.0658
2026-10-01T06:43:00,53.9297,286.2188,120.0498,0.85045,25.01
2026-10-01T06:44:00,54.1829,285.8671,120.1244,0.85044,24.8361
2026-10-01T06:45:00,54.1794,285.9329,119.8933,0.84998,24.7252
2026-10-01T06:46:00,54.3151,285.9002,120.1613,0.84998,25.1211
2026-10-01T06:47:00,53.8546,285.9519,120.2436,0.85058,24.9318
2026-10-01T06:48:00,53.6612,286.2529,120.0761,0.85021,25.1791
2026-10-01T06:49:00,54.1913,285.9236,120.2608,0.84942,25.0035
2026-10-01T06:50:00,54.0174,285.9534,119.8735,0.85008,24.9102
2026-10-01T06:51:00,54.2247,285.9859,120.1789,0.85032,25.0686
2026-10-01T06:52:00,53.9502,286.1605,120.0509,0.8501,24.9692
2026-10-01T06:53:00,54.2501,286.0827,119.8023,0.8501,25.0032
2026-10-01T06:54:00,54.1666,286.2655,119.9821,0.8499,24.8904
2026-10-01T06:55:00,54.1378,286.0319,119.8927,0.84991,25.0782
2026-10-01T06:56:00,54.0884,285.9477,119.8883,0.84942,25.133
2026-10-01T06:57:00,54.0657,286.068,120.0148,0.84913,24.9387
2026-10-01T06:58:00,54.0282,286.1514,120.2079,0.85066,25.2155
2026-10-01T06:59:00,54.0302,286.0085,119.9348,0.8496,24.9335
2026-10-01T07:00:00,54.225,286.1922,120.0224,0.85012,25.0316
2026-10-01T07:01:00,53.8532,286.4254,119.707,0.84909,24.8056
2026-10-01T07:02:00,54.4189,286.0679,120.0188,0.85008,24.7712
2026-10-01T07:03:00,53.9622,286.1641,120.2261,0.84949,25.2535
2026-10-01T07:04:00,54.2388,286.3627,120.1581,0.85176,25.1724
2026-10-01T07:05:00,53.9737,286.065,120.0917,0.84937,25.1392
2026-10-01T07:06:00,53.9383,286.0375,119.8935,0.84941,24.7982
2026-10-01T07:07:00,54.5118,286.0028,119.8047,0.85055,25.0287
2026-10-01T07:08:00,53.9302,286.229,119.9791,0.85066,25.0519
2026-10-01T07:09:00,53.692,286.2488,119.7328,0.84873,25.0111
2026-10-01T07:10:00,53.8365,286.1517,119.7534,0.85014,25.0373
2026-10-01T07:11:00,53.9395,286.1827,120.1844,0.85051,24.8915
2026-10-01T07:12:00,54.5613,286.3697,119.8161,0.84925,24.9824
2026-10-01T07:13:00,54.078,286.3111,120.3534,0.85039,24.865
2026-10-01T07:14:00,54.2637,285.9732,119.7147,0.84967,24.9597
2026-10-01T07:15:00,53.7834,286.1843,120.0829,0.84939,25.0461
2026-10-01T07:16:00,54.1257,286.2038,119.7657,0.84977,24.9078
2026-10-01T07:17:00,54.2091,286.2984,120.0323,0.84971,24.9683
2026-10-01T07:18:00,54.4954,286.1592,119.7917,0.84915,24.9498
2026-10-01T07:19:00,53.8747,286.0983,120.0058,0.85132,25.0033
2026-10-01T07:20:00,54.2034,286.1287,119.9668,0.84971,25.1118
2026-10-01T07:21:00,54.1319,285.9331,119.9083,0.84954,25.0298
2026-10-01T07:22:00,53.8046,286.1984,120.0991,0.85049,25.0488
2026-10-01T07:23:00,54.0589,286.1151,120.2966,0.84994,24.8288
2026-10-01T07:24:00,54.0017,286.277,119.8806,0.85078,24.9579
2026-10-01T07:25:00,53.49,286.0554,120.1729,0.84982,25.0994
2026-10-01T07:26:00,54.2247,286.1463,120.0145,0.85019,24.8982
2026-10-01T07:27:00,54.2139,286.0673,119.9918,0.85004,24.9494
2026-10-01T07:28:00,53.9728,286.0566,120.4321,0.85008,24.8852
2026-10-01T07:29:00,53.7517,286.3238,119.5677,0.84986,25.1612
2026-10-01T07:30:00,54.46,286.1515,119.8628,0.84992,24.9471
2026-10-01T07:31:00,54.1603,286.2903,119.639,0.85098,24.9139
2026-10-01T07:32:00,54.3517,286.0581,119.9356,0.84958,25.0753
2026-10-01T07:33:00,54.4539,286.243,119.9523,0.84966,25.133
2026-10-01T07:34:00,53.9748,285.9774,120.7526,0.84978,25.0605
2026-10-01T07:35:00,54.3119,286.1614,120.0663,0.85032,25.1189
2026-10-01T07:36:00,54.0523,286.1602,120.3534,0.85022,25.0265
2026-10-01T07:37:00,54.1007,286.3253,120.2549,0.85054,24.9857
2026-10-01T07:38:00,54.0987,286.2673,119.9104,0.84918,24.9484
2026-10-01T07:39:00,54.1235,286.2165,120.0926,0.85014,24.9402
2026-10-01T07:40:00,54.4061,286.3708,120.3284,0.82988,24.9296
2026-10-01T07:41:00,54.1623,286.2763,120.032,0.82981,25.0452
2026-10-01T07:42:00,54.0967,286.3306,120.0391,0.83008,24.9875
2026-10-01T07:43:00,54.0697,286.3674,120.0973,0.82881,25.0115
2026-10-01T07:44:00,54.2279,286.2449,119.6996,0.83015,25.0736
2026-10-01T07:45:00,53.9226,286.2133,119.8367,0.83007,24.9945
2026-10-01T07:46:00,54.0244,286.3088,120.0643,0.82913,24.8369
2026-10-01T07:47:00,54.1408,286.1997,120.1057,0.82993,24.9062
2026-10-01T07:48:00,54.0161,286.3228,119.8156,0.8309,24.8669
2026-10-01T07:49:00,54.1317,286.4332,119.9335,0.82975,24.7725
2026-10-01T07:50:00,54.0124,286.3976,119.9732,0.83034,25.0135
2026-10-01T07:51:00,54.6698,286.2149,119.9676,0.82985,24.8573
2026-10-01T07:52:00,54.5049,286.082,120.1349,0.8295,24.8472
2026-10-01T07:53:00,54.2888,286.2686,120.0186,0.82944,24.8718
2026-10-01T07:54:00,54.1667,286.2607,120.0304,0.82975,25.1055
2026-10-01T07:55:00,54.7316,286.4476,119.717,0.83076,24.9636
2026-10-01T07:56:00,54.2684,286.2271,119.7886,0.83047,25.1206
2026-10-01T07:57:00,54.1697,286.2556,120.0611,0.82956,24.9901
2026-10-01T07:58:00,54.2709,286.3995,119.6813,0.83058,24.9486
2026-10-01T07:59:00,54.2754,286.2203,120.0507,0.82991,25.0685
2026-10-01T08:00:00,54.5552,286.2705,119.8662,0.82957,25.0723
2026-10-01T08:01:00,54.2016,286.5535,119.8362,0.83024,25.0145
2026-10-01T08:02:00,54.735,286.5224,120.1255,0.82944,24.8765
2026-10-01T08:03:00,53.9934,286.3961,119.8629,0.82905,24.9459
2026-10-01T08:04:00,54.3911,286.3445,119.8268,0.83075,24.8591
2026-10-01T08:05:00,53.9709,286.1617,119.863,0.8289,24.9698
2026-10-01T08:06:00,54.6794,286.3929,120.0083,0.8303,25.0119
2026-10-01T08:07:00,54.1463,286.3204,120.5419,0.82908,25.1784
2026-10-01T08:08:00,54.2181,286.3473,119.5763,0.82997,25.17
2026-10-01T08:09:00,54.4675,286.2391,119.9928,0.82987,25.0818
2026-10-01T08:10:00,54.554,286.3174,119.9486,0.82972,25.115
2026-10-01T08:11:00,53.9659,286.2942,120.1854,0.82869,25.0282
2026-10-01T08:12:00,54.1611,286.3715,119.9229,0.82992,25.3328
2026-10-01T08:13:00,53.9027,286.5405,119.5059,0.82996,25.1837
2026-10-01T08:14:00,54.2895,286.3834,120.2594,0.82945,25.3177
2026-10-01T08:15:00,54.2336,286.0835,119.7797,0.82994,25.0462
2026-10-01T08:16:00,54.1754,286.189,119.9841,0.83057,25.05
2026-10-01T08:17:00,54.0953,286.0996,119.7243,0.82956,25.1266
2026-10-01T08:18:00,54.1737,286.2205,119.7784,0.83014,25.023
2026-10-01T08:19:00,54.0873,286.4254,119.8972,0.8293,25.0377
2026-10-01T08:20:00,54.4099,286.4042,120.166,0.83021,24.882
2026-10-01T08:21:00,54.6604,286.257,120.163,0.83036,25.1131
2026-10-01T08:22:00,53.8025,286.3891,119.8768,0.83145,25.0166
2026-10-01T08:23:00,54.2599,286.2384,120.0952,0.83052,25.0974
2026-10-01T08:24:00,54.1881,286.1415,119.9214,0.83024,24.9738
2026-10-01T08:25:00,54.4195,286.1462,120.0176,0.83082,24.7873
2026-10-01T08:26:00,54.0622,286.2306,120.026,0.8294,25.0604
2026-10-01T08:27:00,54.2673,286.5743,120.1184,0.83062,25.14
2026-10-01T08:28:00,54.0478,286.1634,119.8729,0.82966,24.8467
2026-10-01T08:29:00,54.4856,286.5527,119.9688,0.82962,24.8838
2026-10-01T08:30:00,54.34,286.5679,120.0383,0.83063,24.9641
2026-10-01T08:31:00,54.2786,286.3443,120.0129,0.83012,24.9705
2026-10-01T08:32:00,54.4152,286.3667,119.8365,0.83077,24.7962
2026-10-01T08:33:00,54.2648,286.2847,120.3369,0.82913,25.2108
2026-10-01T08:34:00,53.9418,286.3753,119.9031,0.83015,25.1214
2026-10-01T08:35:00,54.4829,286.48,120.1452,0.82967,24.9262
2026-10-01T08:36:00,54.4098,286.3853,120.0351,0.82983,24.7828
2026-10-01T08:37:00,54.3029,286.5356,120.2373,0.82886,25.0436
2026-10-01T08:38:00,54.5914,286.5665,119.5606,0.83054,25.2381
2026-10-01T08:39:00,54.6536,286.4427,120.402,0.83011,25.0994
2026-10-01T08:40:00,54.0796,286.4428,119.9521,0.8294,25.1386
2026-10-01T08:41:00,54.1612,286.3871,119.7497,0.82919,24.8871
2026-10-01T08:42:00,54.747,286.4506,120.02,0.82947,25.0279
2026-10-01T08:43:00,54.7187,286.2344,120.4429,0.83081,24.8201
2026-10-01T08:44:00,54.1831,286.4644,120.0948,0.82993,25.2374
2026-10-01T08:45:00,54.0763,286.4369,119.7496,0.82979,25.0684
2026-10-01T08:46:00,54.2158,286.2796,119.9023,0.83028,24.7474
2026-10-01T08:47:00,54.2545,286.7333,120.2596,0.83,24.7783
2026-10-01T08:48:00,53.9867,286.2682,119.7152,0.83013,25.0575
2026-10-01T08:49:00,54.3943,286.2861,119.9583,0.83043,25.0165
2026-10-01T08:50:00,54.0702,286.4603,119.9356,0.83019,24.9627
2026-10-01T08:51:00,54.0914,286.1311,120.4247,0.83051,25.0739
2026-10-01T08:52:00,54.6268,286.3051,119.9361,0.82929,25.2409
2026-10-01T08:53:00,54.2307,286.1978,120.2551,0.83003,25.0439
2026-10-01T08:54:00,54.3874,286.2839,119.8594,0.82978,24.7835
2026-10-01T08:55:00,54.5663,286.4112,119.8343,0.83005,24.9809
2026-10-01T08:56:00,54.6161,286.4813,120.1935,0.82997,24.8426
2026-10-01T08:57:00,54.3323,286.6012,120.1177,0.82962,24.9034
2026-10-01T08:58:00,54.4313,286.5592,119.6505,0.82979,25.0389
2026-10-01T08:59:00,54.2177,286.6183,120.1211,0.83055,24.9793
2026-10-01T09:00:00,54.8646,286.5315,120.1217,0.82967,24.872
2026-10-01T09:01:00,54.594,286.3758,119.8719,0.82926,24.9964
2026-10-01T09:02:00,54.1595,286.6154,120.0376,0.83034,24.9016
2026-10-01T09:03:00,54.44,286.3778,120.0473,0.83057,25.063
2026-10-01T09:04:00,54.6212,286.3614,119.8972,0.82984,24.9703
2026-10-01T09:05:00,54.5664,286.6849,119.8776,0.83007,25.0462
2026-10-01T09:06:00,54.9076,286.5764,119.8604,0.8295,24.9672
2026-10-01T09:07:00,54.7971,286.4937,119.9398,0.82988,25.089
2026-10-01T09:08:00,54.323,286.576,119.7296,0.83065,24.9829
2026-10-01T09:09:00,54.4392,286.5974,119.9852,0.83047,24.9976
2026-10-01T09:10:00,54.1449,286.2642,119.6967,0.83008,24.9313
2026-10-01T09:11:00,54.5314,286.4567,120.0085,0.82983,25.0161
2026-10-01T09:12:00,54.5106,286.2966,119.9767,0.82904,24.7862
2026-10-01T09:13:00,55.1524,286.4941,119.7878,0.83018,25.3189
2026-10-01T09:14:00,54.5047,286.3777,120.1628,0.83027,24.9172
2026-10-01T09:15:00,53.9607,286.6843,120.3781,0.83062,25.0107
2026-10-01T09:16:00,54.3198,286.5609,120.2566,0.83118,24.9419
2026-10-01T09:17:00,54.5196,286.3641,119.7221,0.83022,24.9403
2026-10-01T09:18:00,54.1813,286.4854,120.2463,0.83056,25.047
2026-10-01T09:19:00,54.2823,286.3092,120.0368,0.82934,24.9374
2026-10-01T09:20:00,54.4114,286.4993,119.9829,0.83071,24.9473
2026-10-01T09:21:00,54.592,286.5777,119.8751,0.83051,24.8333
2026-10-01T09:22:00,54.469,286.5376,119.992,0.8308,24.8878
2026-10-01T09:23:00,54.2918,286.2115,120.269,0.8304,24.8583
2026-10-01T09:24:00,54.7147,286.4529,120.1014,0.83027,25.2147
2026-10-01T09:25:00,54.3867,286.5819,119.9111,0.83087,24.8384
2026-10-01T09:26:00,54.4005,286.554,119.8603,0.82961,24.8697
2026-10-01T09:27:00,54.1842,286.6843,119.9106,0.83038,25.0216
2026-10-01T09:28:00,54.3363,286.3204,120.1097,0.83064,25.1698
2026-10-01T09:29:00,54.6995,286.5941,120.3637,0.82954,24.7952
2026-10-01T09:30:00,54.1359,286.4205,119.7833,0.82933,24.8125
2026-10-01T09:31:00,54.5263,286.5498,119.9928,0.83026,25.0133
2026-10-01T09:32:00,54.7273,286.5838,119.9168,0.83008,25.0388
2026-10-01T09:33:00,54.4573,286.6285,119.8438,0.83036,24.8284
2026-10-01T09:34:00,54.6153,286.4415,120.0722,0.83038,24.7821
2026-10-01T09:35:00,54.2799,286.5582,120.1026,0.82955,24.8829
2026-10-01T09:36:00,54.8904,286.3578,119.7119,0.8302,25.0878
2026-10-01T09:37:00,54.8419,286.324,119.7877,0.83066,24.9929
2026-10-01T09:38:00,54.6292,286.6212,120.2302,0.8298,25.0875
2026-10-01T09:39:00,54.1353,286.5323,120.0561,0.82984,24.9852
2026-10-01T09:40:00,54.3164,286.3002,120.0966,0.82935,24.994
2026-10-01T09:41:00,54.8258,286.418,119.8937,0.83048,25.0716
2026-10-01T09:42:00,55.0136,286.5508,119.9177,0.83115,24.9837
2026-10-01T09:43:00,54.6633,286.7836,120.0841,0.8292,25.0262
2026-10-01T09:44:00,54.9047,286.7096,119.8946,0.83045,24.8884
2026-10-01T09:45:00,54.4447,286.6751,119.7731,0.83053,24.9258
2026-10-01T09:46:00,54.553,286.2902,119.9932,0.82968,25.054
2026-10-01T09:47:00,54.6044,286.5458,120.1726,0.82979,24.969
2026-10-01T09:48:00,54.7137,286.6344,119.7889,0.8294,24.908
2026-10-01T09:49:00,54.2294,286.6244,120.2027,0.82955,25.0766
2026-10-01T09:50:00,54.8506,286.6302,120.1322,0.8301,25.0633
2026-10-01T09:51:00,54.9498,286.5354,119.8221,0.83039,24.9968
2026-10-01T09:52:00,54.3357,286.8364,119.9946,0.83008,24.9066
2026-10-01T09:53:00,54.2878,286.7967,119.9849,0.83051,25.1052
2026-10-01T09:54:00,54.718,286.5638,120.1187,0.83013,25.2972
2026-10-01T09:55:00,54.4706,286.4334,120.1252,0.82933,24.8989
2026-10-01T09:56:00,54.0452,286.8908,119.7351,0.83086,24.8126
2026-10-01T09:57:00,54.8438,286.5025,119.7261,0.8307,24.904
2026-10-01T09:58:00,54.6843,286.7673,120.1971,0.82959,24.8855
2026-10-01T09:59:00,54.53,286.8766,120.0156,0.83105,24.8457
2026-10-01T10:00:00,55.1813,286.4514,120.0758,0.83028,24.8555
2026-10-01T10:01:00,54.6914,286.6389,120.0593,0.83009,25.0991
2026-10-01T10:02:00,54.4721,286.5457,120.2965,0.83113,25.1005
2026-10-01T10:03:00,54.6895,286.6775,119.7542,0.82855,25.175
2026-10-01T10:04:00,54.4079,286.6509,120.2089,0.82907,25.0869
2026-10-01T10:05:00,54.4812,286.8971,119.8311,0.83043,24.94
2026-10-01T10:06:00,54.772,286.6963,120.1373,0.82987,25.1274
2026-10-01T10:07:00,54.5406,286.609,120.2587,0.82946,24.9238
2026-10-01T10:08:00,54.5702,286.7817,119.7194,0.83089,24.9555
2026-10-01T10:09:00,55.1039,286.5746,120.0729,0.8303,24.8564
2026-10-01T10:10:00,54.9053,286.5631,119.9383,0.82927,25.1443
2026-10-01T10:11:00,54.8949,286.9561,119.9357,0.82963,25.1183
2026-10-01T10:12:00,54.8301,286.4997,120.0016,0.83051,24.9414
2026-10-01T10:13:00,54.8227,286.552,119.7851,0.83106,24.9598
2026-10-01T10:14:00,55.0696,286.6344,119.8025,0.82884,25.0012
2026-10-01T10:15:00,54.7043,286.4718,120.1233,0.83016,25.0211
2026-10-01T10:16:00,55.1768,286.3165,120.1604,0.82979,25.0983
2026-10-01T10:17:00,54.4788,286.7937,119.8809,0.82899,25.0049
2026-10-01T10:18:00,54.6567,286.5202,119.7053,0.82992,25.0449
2026-10-01T10:19:00,54.3796,286.5592,120.4513,0.82908,24.8169
2026-10-01T10:20:00,54.642,286.587,120.2106,0.8297,24.9607
2026-10-01T10:21:00,54.8613,286.4981,120.0643,0.83096,24.7817
2026-10-01T10:22:00,55.0983,286.4868,119.7895,0.83032,25.2107
2026-10-01T10:23:00,54.5734,286.6745,119.878,0.83047,25.1641
2026-10-01T10:24:00,54.7443,287.0125,120.0411,0.83037,25.0826
2026-10-01T10:25:00,54.6569,286.7658,119.8034,0.83022,25.13
2026-10-01T10:26:00,54.5658,286.7699,120.3099,0.83059,25.2371
2026-10-01T10:27:00,54.4569,286.4345,120.0202,0.82934,25.1093
2026-10-01T10:28:00,54.7731,286.6592,120.0708,0.82981,24.8056
2026-10-01T10:29:00,54.3287,286.4879,119.7899,0.83052,24.9718
2026-10-01T10:30:00,54.7931,286.7837,119.8139,0.82959,24.7141
2026-10-01T10:31:00,54.7745,286.6361,119.8375,0.82976,24.8988
2026-10-01T10:32:00,54.6085,286.6786,120.0477,0.83073,24.8472
2026-10-01T10:33:00,54.524,286.6621,119.9408,0.83092,24.9954
2026-10-01T10:34:00,54.4344,286.5903,119.9361,0.82967,25.0431
2026-10-01T10:35:00,55.2521,286.4521,120.0554,0.82954,24.885
2026-10-01T10:36:00,54.4525,286.7698,120.0376,0.83036,24.9623
2026-10-01T10:37:00,55.1812,286.4779,120.2859,0.83018,25.0298
2026-10-01T10:38:00,54.9455,286.5108,119.9544,0.82963,24.9774
2026-10-01T10:39:00,54.7082,286.6457,119.7934,0.83037,24.9747
2026-10-01T10:40:00,54.5137,286.5869,119.9909,0.83035,24.7077
2026-10-01T10:41:00,55.0674,286.7346,120.2818,0.83007,24.9431
2026-10-01T10:42:00,55.2429,286.8494,119.8841,0.83174,25.0911
2026-10-01T10:43:00,54.5808,286.7377,120.0028,0.83082,25.027
2026-10-01T10:44:00,54.7433,286.7324,119.9227,0.8305,24.8181
2026-10-01T10:45:00,55.0847,286.7089,120.073,0.83062,24.9632
2026-10-01T10:46:00,54.9095,286.8366,120.0438,0.83176,25.0278
2026-10-01T10:47:00,55.3293,286.4335,119.8335,0.83067,24.879
2026-10-01T10:48:00,54.6905,286.7679,119.9483,0.8296,25.0767
2026-10-01T10:49:00,54.9723,286.5755,120.1787,0.83021,24.8996
2026-10-01T10:50:00,54.5278,286.5329,120.2089,0.83007,24.9561
2026-10-01T10:51:00,55.3683,286.7211,120.1749,0.82969,24.9827
2026-10-01T10:52:00,54.6654,286.6648,120.1631,0.83018,25.2629
2026-10-01T10:53:00,54.2998,286.8129,119.9278,0.83017,24.9572
2026-10-01T10:54:00,54.8241,286.893,119.9217,0.82999,24.9272
2026-10-01T10:55:00,54.8244,286.3815,120.1762,0.82974,25.0816
2026-10-01T10:56:00,55.3419,286.722,119.7627,0.83051,24.9391
2026-10-01T10:57:00,54.7821,287.0291,119.982,0.82909,25.0188
2026-10-01T10:58:00,54.8674,286.868,119.6281,0.83051,24.7252
2026-10-01T10:59:00,55.0227,286.9574,119.9187,0.83003,25.0314
2026-10-01T11:00:00,55.2746,286.7582,119.8545,0.83019,24.9933
2026-10-01T11:01:00,54.866,286.5301,119.7564,0.82863,24.8408
2026-10-01T11:02:00,55.1454,286.5792,120.1073,0.83101,25.1584
2026-10-01T11:03:00,55.0188,286.8572,119.8488,0.82901,24.967
2026-10-01T11:04:00,54.819,286.8967,119.9212,0.82952,24.9721
2026-10-01T11:05:00,54.9162,286.6457,119.9427,0.8304,24.8379
2026-10-01T11:06:00,54.9077,286.7177,119.8487,0.82967,24.8005
2026-10-01T11:07:00,54.6753,286.7997,120.273,0.82979,24.9274
2026-10-01T11:08:00,55.2115,286.5004,119.8963,0.82872,24.8128
2026-10-01T11:09:00,54.5654,286.7129,120.0321,0.82977,25.0544
2026-10-01T11:10:00,55.2084,287.0107,119.7368,0.83015,25.0998
2026-10-01T11:11:00,55.1579,287.0983,119.9005,0.83042,24.9193
2026-10-01T11:12:00,54.8998,286.7567,119.9299,0.82986,24.8024
2026-10-01T11:13:00,54.7355,287.0502,119.9332,0.83015,24.9482
2026-10-01T11:14:00,54.874,286.6992,119.8787,0.83028,24.8682
2026-10-01T11:15:00,55.0525,286.6589,120.0216,0.82963,25.0154
2026-10-01T11:16:00,55.1239,286.4472,120.2997,0.82959,25.017
2026-10-01T11:17:00,55.0136,286.929,119.9675,0.83118,24.9442
2026-10-01T11:18:00,55.1936,286.7319,119.9662,0.82953,25.0041
2026-10-01T11:19:00,54.81,287.1415,119.9168,0.83075,25.1202
2026-10-01T11:20:00,55.0117,286.8427,120.4917,0.83007,25.1997
2026-10-01T11:21:00,54.5648,286.8238,120.3105,0.83089,24.9327
2026-10-01T11:22:00,55.1515,286.5271,120.103,0.82965,25.0819
2026-10-01T11:23:00,55.0026,287.0256,120.1319,0.83033,24.9667
2026-10-01T11:24:00,54.8642,286.7487,119.8541,0.83022,24.8684
2026-10-01T11:25:00,55.2622,286.7814,119.9636,0.82989,25.149
2026-10-01T11:26:00,55.1485,286.4771,120.035,0.83021,25.0423
2026-10-01T11:27:00,54.2753,286.9496,120.0171,0.82958,25.012
2026-10-01T11:28:00,54.9931,286.9615,119.8255,0.82998,25.0377
2026-10-01T11:29:00,54.6231,286.7248,119.8406,0.82979,24.9756
2026-10-01T11:30:00,55.2573,286.8321,120.0949,0.83047,24.8688
2026-10-01T11:31:00,55.6166,286.8796,120.055,0.82997,25.2082
2026-10-01T11:32:00,54.8685,286.9677,119.58,0.82921,25.103
2026-10-01T11:33:00,55.0205,286.8414,120.0118,0.82981,25.0267
2026-10-01T11:34:00,54.9429,287.0867,120.2433,0.82997,25.1109
2026-10-01T11:35:00,55.0971,286.7944,119.8671,0.8295,25.1493
2026-10-01T11:36:00,55.1743,286.7424,120.0409,0.83081,24.9711
2026-10-01T11:37:00,55.3387,286.7658,119.7083,0.83026,25.0655
2026-10-01T11:38:00,54.7738,286.4577,120.1571,0.83052,24.9561
2026-10-01T11:39:00,55.4173,286.7199,119.7751,0.82958,25.0724
2026-10-01T11:40:00,54.7953,286.9945,119.7482,0.82979,24.9645
2026-10-01T11:41:00,55.1012,286.8857,119.9316,0.83062,25.2871
2026-10-01T11:42:00,55.3253,286.7257,120.4588,0.82918,24.9522
2026-10-01T11:43:00,55.2177,286.9035,119.874,0.83024,25.0569
2026-10-01T11:44:00,54.8085,286.5508,119.7462,0.83008,25.0506
2026-10-01T11:45:00,54.8714,286.8134,120.0844,0.82973,24.9549
2026-10-01T11:46:00,54.9351,286.9374,120.0388,0.83008,25.1074
2026-10-01T11:47:00,55.0416,286.9658,120.3191,0.82939,24.985
2026-10-01T11:48:00,55.3449,286.7475,119.7451,0.83016,24.9456
2026-10-01T11:49:00,54.739,287.0031,119.6812,0.82931,24.9952
2026-10-01T11:50:00,55.1823,287.1491,119.932,0.82928,24.9049
2026-10-01T11:51:00,55.2219,286.8072,120.0681,0.83085,25.1386
2026-10-01T11:52:00,55.2127,286.9849,120.064,0.82961,25.07
2026-10-01T11:53:00,55.1935,286.6426,120.2067,0.82878,25.1128
2026-10-01T11:54:00,55.4603,286.5845,119.701,0.8306,24.8329
2026-10-01T11:55:00,55.2064,286.9732,119.8321,0.82957,25.0275
2026-10-01T11:56:00,55.3024,286.8903,119.9681,0.82795,24.9028
2026-10-01T11:57:00,55.2328,286.9164,120.1586,0.82999,25.0054
2026-10-01T11:58:00,55.544,286.8015,120.0873,0.83057,25.1479
2026-10-01T11:59:00,54.6245,286.8474,119.9113,0.83023,25.0258
2026-10-01T12:00:00,55.4237,287.0156,119.7937,0.83104,24.9739
2026-10-01T12:01:00,55.0417,287.1543,120.167,0.82995,25.1294
2026-10-01T12:02:00,55.0405,286.8665,120.1802,0.83038,25.1163
2026-10-01T12:03:00,54.8721,286.6539,120.526,0.82943,25.2168
2026-10-01T12:04:00,54.651,287.0953,119.9591,0.83012,24.7717
2026-10-01T12:05:00,55.0265,286.997,120.3124,0.83093,25.0343
2026-10-01T12:06:00,54.9539,287.0115,119.7568,0.83032,24.945
2026-10-01T12:07:00,55.253,286.939,119.8874,0.83012,24.8901
2026-10-01T12:08:00,54.7651,287.2628,119.8613,0.82886,25.0088
2026-10-01T12:09:00,55.4949,286.928,119.9031,0.82981,24.8555
2026-10-01T12:10:00,55.2087,286.9964,119.8223,0.82927,24.727
2026-10-01T12:11:00,55.0825,286.6436,119.8875,0.83049,24.8867
2026-10-01T12:12:00,54.9709,286.8373,119.9834,0.82959,24.9637
2026-10-01T12:13:00,54.9552,286.8237,119.9058,0.83024,25.219
2026-10-01T12:14:00,54.8732,286.9248,120.1234,0.82944,24.9085
2026-10-01T12:15:00,55.0234,286.984,119.9777,0.83114,24.8548
2026-10-01T12:16:00,55.1647,286.8218,119.9938,0.82934,24.7577
2026-10-01T12:17:00,55.1226,287.1965,120.2829,0.83011,24.9528
2026-10-01T12:18:00,54.8171,286.7794,120.0558,0.83158,24.9662
2026-10-01T12:19:00,55.108,286.8742,120.0244,0.83015,25.0128
2026-10-01T12:20:00,54.9549,286.98,119.9903,0.82951,24.8215
2026-10-01T12:21:00,55.222,286.759,120.0064,0.83039,24.9036
2026-10-01T12:22:00,55.6519,287.0349,120.1065,0.83061,24.723
2026-10-01T12:23:00,55.3457,287.0468,119.8369,0.83054,25.0152
2026-10-01T12:24:00,55.115,286.9104,120.2185,0.82886,24.8067
2026-10-01T12:25:00,54.7908,287.2433,120.3021,0.83016,24.6654
2026-10-01T12:26:00,54.8471,286.9716,120.2202,0.82877,25.1343
2026-10-01T12:27:00,54.7828,287.004,119.8978,0.83115,25.0557
2026-10-01T12:28:00,55.3897,286.8202,119.682,0.83007,25.0372
2026-10-01T12:29:00,55.0207,286.7155,119.9085,0.82976,25.0371
2026-10-01T12:30:00,55.2314,286.8746,120.0243,0.83043,24.8708
2026-10-01T12:31:00,55.064,286.9235,120.1564,0.83032,25.1239
2026-10-01T12:32:00,55.2461,286.9059,119.9584,0.82933,24.8693
2026-10-01T12:33:00,55.5774,287.0922,119.9347,0.83099,25.2245
2026-10-01T12:34:00,55.0595,286.6211,120.2922,0.82989,25.0222
2026-10-01T12:35:00,55.1493,286.8116,119.8629,0.82899,24.7738
2026-10-01T12:36:00,55.0367,286.7102,120.2029,0.83086,25.0994
2026-10-01T12:37:00,55.4607,287.1882,120.1715,0.83094,25.2319
2026-10-01T12:38:00,54.9893,286.9045,119.7336,0.83077,24.9646
2026-10-01T12:39:00,54.9663,286.9146,120.0487,0.83035,25.1231
2026-10-01T12:40:00,54.9064,286.829,119.885,0.8295,24.9697
2026-10-01T12:41:00,54.9049,287.1319,119.8083,0.83058,24.9198
2026-10-01T12:42:00,55.3785,286.9376,119.6316,0.83113,24.6853
2026-10-01T12:43:00,55.9068,287.0352,119.6872,0.83051,25.1435
2026-10-01T12:44:00,55.0194,286.699,120.0754,0.83098,24.9418
2026-10-01T12:45:00,55.5099,287.1827,119.9181,0.82957,25.0408
2026-10-01T12:46:00,55.3386,287.0687,120.0477,0.83063,24.8592
2026-10-01T12:47:00,55.004,287.0948,119.7859,0.83059,24.8862
2026-10-01T12:48:00,55.2141,287.2001,119.9314,0.82915,25.1293
2026-10-01T12:49:00,55.2288,286.988,119.941,0.82907,24.9489
2026-10-01T12:50:00,55.1181,286.9944,119.6915,0.8296,24.9471
2026-10-01T12:51:00,55.7772,287.1298,119.6685,0.83008,24.844
2026-10-01T12:52:00,54.8218,287.0886,120.0804,0.8303,25.0205
2026-10-01T12:53:00,55.3973,286.9903,120.0231,0.8299,25.0888
2026-10-01T12:54:00,55.3887,287.0362,119.8114,0.82999,24.9401
2026-10-01T12:55:00,55.1647,286.9564,119.9743,0.82996,24.9728
2026-10-01T12:56:00,55.3507,287.142,120.124,0.83008,24.8488
2026-10-01T12:57:00,55.5365,287.1774,120.353,0.83038,25.1638
2026-10-01T12:58:00,55.359,287.0404,119.8202,0.83033,24.9211
2026-10-01T12:59:00,55.4289,287.3244,120.115,0.83,24.9768
2026-10-01T13:00:00,55.5016,286.8136,120.4092,0.83019,25.1978
2026-10-01T13:01:00,54.8241,287.0122,120.0071,0.82976,24.9683
2026-10-01T13:02:00,55.7054,287.3068,120.2817,0.8305,24.809
2026-10-01T13:03:00,55.9092,286.9889,119.4875,0.82973,24.8842
2026-10-01T13:04:00,55.5885,286.8143,120.2781,0.83101,24.9525
2026-10-01T13:05:00,55.6005,287.267,119.9922,0.83002,25.21
2026-10-01T13:06:00,54.9988,287.1418,119.6264,0.83019,25.0226
2026-10-01T13:07:00,55.325,286.8828,120.147,0.82958,24.9687
2026-10-01T13:08:00,55.1553,287.1813,120.1998,0.82983,25.0955
2026-10-01T13:09:00,55.2153,286.9136,120.231,0.83013,25.1528
2026-10-01T13:10:00,55.6076,286.8684,120.2293,0.83004,24.9046
2026-10-01T13:11:00,55.1686,287.0495,119.9883,0.82966,25.1685
2026-10-01T13:12:00,55.3408,287.0026,119.8475,0.82934,25.0994
2026-10-01T13:13:00,54.9,286.9124,119.9038,0.83006,25.0501
2026-10-01T13:14:00,55.3413,287.025,119.9873,0.83012,24.7111
2026-10-01T13:15:00,55.4071,286.9314,120.0737,0.83036,25.0197
2026-10-01T13:16:00,55.2122,287.0939,119.8998,0.83077,25.1642
2026-10-01T13:17:00,55.2121,287.084,120.0037,0.82985,24.9632
2026-10-01T13:18:00,55.8675,287.202,120.1661,0.82884,25.2747
2026-10-01T13:19:00,55.0972,287.0241,120.0579,0.82995,25.0052
2026-10-01T13:20:00,55.1407,286.8947,120.444,0.82893,24.8737
2026-10-01T13:21:00,55.2049,286.8991,120.4172,0.82927,25.0679
2026-10-01T13:22:00,55.7106,287.063,119.769,0.83065,25.0319
2026-10-01T13:23:00,55.94,287.3335,119.8828,0.83037,25.097
2026-10-01T13:24:00,55.5014,287.2326,119.7374,0.82965,24.9697
2026-10-01T13:25:00,55.2428,287.0111,119.7657,0.82965,25.1538
2026-10-01T13:26:00,55.319,287.2517,120.1013,0.82998,24.9295
2026-10-01T13:27:00,55.6958,286.9381,119.7994,0.82899,25.0126
2026-10-01T13:28:00,55.2056,287.2674,119.7887,0.83032,24.8461
2026-10-01T13:29:00,55.8004,287.06,119.9412,0.82982,24.9001
2026-10-01T13:30:00,55.795,287.2356,120.1513,0.83113,25.0213
2026-10-01T13:31:00,55.4622,287.2162,119.9244,0.8294,24.9174
2026-10-01T13:32:00,55.6099,287.0834,119.924,0.83063,24.9425
2026-10-01T13:33:00,55.6396,287.1769,120.1745,0.82963,24.9719
2026-10-01T13:34:00,55.8445,286.9696,120.0868,0.83064,25.0275
2026-10-01T13:35:00,55.1968,287.1215,120.0837,0.82945,25.0896
2026-10-01T13:36:00,55.7587,287.298,120.1803,0.83047,25.0898
2026-10-01T13:37:00,55.3734,287.7539,119.7954,0.82977,25.1208
2026-10-01T13:38:00,55.279,287.2459,120.0365,0.82954,25.0218
2026-10-01T13:39:00,55.5003,287.1559,119.8697,0.82994,24.9311
2026-10-01T13:40:00,55.4248,286.9928,120.1958,0.83032,24.8051
2026-10-01T13:41:00,55.2353,287.307,120.1544,0.83027,24.955
2026-10-01T13:42:00,55.0866,286.901,119.789,0.83098,24.9007
2026-10-01T13:43:00,55.2542,287.0319,120.257,0.83052,24.7772
2026-10-01T13:44:00,55.8565,287.2091,119.7646,0.82846,25.1968
2026-10-01T13:45:00,55.9878,286.9764,120.2241,0.82979,24.7743
2026-10-01T13:46:00,55.6635,287.3919,120.0345,0.82884,25.0403
2026-10-01T13:47:00,55.8012,287.3271,119.8228,0.8298,25.0645
2026-10-01T13:48:00,55.3792,287.0797,119.7743,0.83041,24.9688
2026-10-01T13:49:00,55.4929,287.0842,119.9343,0.82923,25.3109
2026-10-01T13:50:00,55.5866,286.9718,119.9894,0.82933,24.9998
2026-10-01T13:51:00,55.2494,286.962,119.8544,0.83012,24.9043
2026-10-01T13:52:00,55.276,287.2418,120.1048,0.82986,25.2109
2026-10-01T13:53:00,55.5515,287.2716,119.7187,0.83098,24.9002
2026-10-01T13:54:00,55.4509,287.2331,119.9927,0.83023,24.8231
2026-10-01T13:55:00,55.2688,287.2228,119.9943,0.83035,24.8753
2026-10-01T13:56:00,55.6351,287.101,119.626,0.83108,24.9194
2026-10-01T13:57:00,55.4764,287.242,120.055,0.82973,25.0028
2026-10-01T13:58:00,55.8013,286.9688,119.7456,0.83003,25.0383
2026-10-01T13:59:00,55.5484,287.194,119.5027,0.82944,24.8125
2026-10-01T14:00:00,55.4784,287.4171,119.8733,0.83019,25.0398
2026-10-01T14:01:00,55.5891,287.3969,119.9491,0.83065,25.2686
2026-10-01T14:02:00,55.518,287.1306,120.172,0.83085,24.9105
2026-10-01T14:03:00,55.3977,287.1525,119.8983,0.83001,24.9813
2026-10-01T14:04:00,55.468,287.4127,120.2841,0.82961,25.0819
2026-10-01T14:05:00,55.7596,287.4769,120.2773,0.82958,25.1438
2026-10-01T14:06:00,55.7376,286.9851,120.2092,0.8292,24.9161
2026-10-01T14:07:00,55.9013,287.1486,120.2546,0.83011,24.8803
2026-10-01T14:08:00,55.1602,287.2506,120.063,0.83085,24.8746
2026-10-01T14:09:00,55.489,287.4013,119.8843,0.82862,25.1307
2026-10-01T14:10:00,55.4874,287.0942,120.1217,0.82873,25.1068
2026-10-01T14:11:00,55.6377,287.3196,120.1846,0.83087,24.734
2026-10-01T14:12:00,55.4855,287.1801,120.0411,0.82907,24.737
2026-10-01T14:13:00,55.474,287.5855,119.9457,0.83023,24.8467
2026-10-01T14:14:00,55.8017,287.2951,119.685,0.82928,24.8147
2026-10-01T14:15:00,55.6543,287.2126,120.1272,0.8305,25.0471
2026-10-01T14:16:00,55.3219,287.185,120.0633,0.8305,25.0241
2026-10-01T14:17:00,55.9509,287.3969,119.7374,0.83014,25.2358
2026-10-01T14:18:00,55.8702,287.3427,120.0136,0.83053,25.094
2026-10-01T14:19:00,55.4813,287.0799,120.1364,0.83007,25.0122
2026-10-01T14:20:00,55.8363,287.2781,119.9724,0.83037,25.141
2026-10-01T14:21:00,55.4485,287.0463,120.1485,0.83113,24.8887
2026-10-01T14:22:00,55.9174,287.1366,120.1427,0.8307,24.8272
2026-10-01T14:23:00,55.5853,287.058,119.7028,0.82964,25.0014
2026-10-01T14:24:00,55.4428,287.0558,119.9346,0.82956,25.1117
2026-10-01T14:25:00,55.554,287.1546,120.0895,0.8299,24.8001
2026-10-01T14:26:00,55.4596,287.1129,120.1747,0.8299,25.1063
2026-10-01T14:27:00,55.7028,287.3425,120.2721,0.83008,25.102
2026-10-01T14:28:00,55.7023,287.3855,119.6156,0.82968,24.9363
2026-10-01T14:29:00,55.6712,287.232,119.9809,0.83043,25.018
2026-10-01T14:30:00,55.5269,287.102,120.1352,0.83006,24.964
2026-10-01T14:31:00,54.7545,287.3942,120.2355,0.83026,25.0072
2026-10-01T14:32:00,55.6968,286.9707,120.327,0.83004,25.0957
2026-10-01T14:33:00,55.2032,286.9872,119.8095,0.83041,24.8995
2026-10-01T14:34:00,55.7421,287.3901,119.9204,0.82932,25.1241
2026-10-01T14:35:00,55.9675,287.3819,119.7859,0.83099,25.1034
2026-10-01T14:36:00,55.757,287.4323,120.1554,0.83025,25.1079
2026-10-01T14:37:00,55.5949,287.2556,119.7326,0.83031,24.7573
2026-10-01T14:38:00,55.6511,287.1006,120.2277,0.83041,24.7704
2026-10-01T14:39:00,55.6665,287.2164,120.1788,0.83069,25.0817
2026-10-01T14:40:00,55.5663,287.381,120.0902,0.83048,24.9259
2026-10-01T14:41:00,55.5614,287.1826,119.5652,0.83018,24.9132
2026-10-01T14:42:00,55.4801,287.1948,119.8601,0.82993,24.9042
2026-10-01T14:43:00,56.0119,287.093,120.1418,0.82906,24.8337
2026-10-01T14:44:00,55.7147,287.1303,119.714,0.83017,24.9624
2026-10-01T14:45:00,55.9614,287.4351,119.9466,0.82986,24.9093
2026-10-01T14:46:00,55.6636,287.3791,119.9733,0.82986,24.9174
2026-10-01T14:47:00,55.7479,287.1381,120.1697,0.83149,25.0557
2026-10-01T14:48:00,55.691,287.1529,120.0497,0.82893,24.8532
2026-10-01T14:49:00,55.853,287.2334,120.0481,0.83008,25.1344
2026-10-01T14:50:00,55.9477,287.4032,119.9069,0.83077,24.7263
2026-10-01T14:51:00,55.8048,287.1471,119.9949,0.83062,25.303
2026-10-01T14:52:00,55.5801,287.3002,119.9673,0.83079,24.8314
2026-10-01T14:53:00,55.5574,287.005,120.1377,0.82928,25.0684
2026-10-01T14:54:00,56.1709,287.1412,119.9584,0.82947,25.1086
2026-10-01T14:55:00,55.6898,287.3965,120.198,0.83042,24.9968
2026-10-01T14:56:00,55.6908,287.4709,119.6583,0.82987,25.0881
2026-10-01T14:57:00,56.1336,287.1639,120.231,0.83107,24.9841
2026-10-01T14:58:00,56.0431,287.2241,119.9602,0.83018,24.7823
2026-10-01T14:59:00,55.9083,287.4633,120.2167,0.83016,25.0393
2026-10-01T15:00:00,55.6788,287.2869,120.0103,0.83031,25.1369
2026-10-01T15:01:00,56.3707,287.2666,120.1626,0.82988,24.9299
2026-10-01T15:02:00,55.8844,287.4289,120.2889,0.83012,24.7901
2026-10-01T15:03:00,55.9266,287.3827,119.8842,0.82964,24.9237
2026-10-01T15:04:00,55.7508,287.5232,120.0095,0.83003,25.0369
2026-10-01T15:05:00,55.4438,287.4778,119.9601,0.82976,25.0341
2026-10-01T15:06:00,55.4674,287.274,120.0348,0.8302,25.1322
2026-10-01T15:07:00,55.9066,287.3454,119.6736,0.8292,25.0654
2026-10-01T15:08:00,55.9066,287.3567,119.9598,0.82915,25.0592
2026-10-01T15:09:00,55.7524,287.164,119.9444,0.83033,24.7527
2026-10-01T15:10:00,55.5232,287.2242,119.8383,0.83019,25.2694
2026-10-01T15:11:00,55.4595,287.5197,119.9552,0.82947,25.0033
2026-10-01T15:12:00,55.7417,287.1368,119.6888,0.82991,25.1027
2026-10-01T15:13:00,55.4634,287.5282,120.2699,0.82942,24.955
2026-10-01T15:14:00,56.0559,287.4239,120.0819,0.83127,24.9788
2026-10-01T15:15:00,56.1231,287.3625,120.3658,0.82911,25.0046
2026-10-01T15:16:00,56.5459,287.467,119.8208,0.83108,25.1899
2026-10-01T15:17:00,56.062,287.4602,119.7629,0.82956,25.1827
2026-10-01T15:18:00,55.6979,287.573,120.0492,0.8303,25.073
2026-10-01T15:19:00,55.632,287.3332,119.6638,0.82989,25.2402
2026-10-01T15:20:00,54.9907,287.3616,120.0381,0.82982,24.9492
2026-10-01T15:21:00,55.7087,287.3615,119.8545,0.83061,25.0609
2026-10-01T15:22:00,55.8169,287.6844,119.9273,0.83054,24.9419
2026-10-01T15:23:00,56.1069,287.5459,120.0435,0.82988,25.1561
2026-10-01T15:24:00,56.0216,287.267,120.0023,0.82951,25.0022
2026-10-01T15:25:00,56.0195,287.3584,120.3612,0.8313,25.1175
2026-10-01T15:26:00,55.9296,287.3049,120.1181,0.83089,25.2087
2026-10-01T15:27:00,56.0452,287.4157,119.7379,0.83014,24.7443
2026-10-01T15:28:00,56.2456,287.4484,120.1869,0.82987,25.2636
2026-10-01T15:29:00,55.6212,287.7639,119.7285,0.83023,25.037
2026-10-01T15:30:00,55.7769,287.1465,120.0102,0.8301,24.959
2026-10-01T15:31:00,55.5478,287.5786,119.7466,0.83077,24.7634
2026-10-01T15:32:00,56.3034,287.492,119.8294,0.82947,24.9611
2026-10-01T15:33:00,56.2267,287.3232,120.2527,0.83007,24.7164
2026-10-01T15:34:00,56.0943,287.4089,119.8829,0.82958,25.009
2026-10-01T15:35:00,55.6103,287.3593,119.8656,0.83084,24.9774
2026-10-01T15:36:00,55.9569,287.444,119.8818,0.83114,25.2217
2026-10-01T15:37:00,55.8588,287.5905,119.9311,0.83,24.9582
2026-10-01T15:38:00,55.9414,287.2131,120.2777,0.83038,25.1298
2026-10-01T15:39:00,55.8779,287.6417,119.7598,0.8309,25.1413
2026-10-01T15:40:00,56.0587,287.3904,119.7483,0.82987,25.2514
2026-10-01T15:41:00,55.8337,287.6753,120.1072,0.82949,24.968
2026-10-01T15:42:00,56.1499,287.5137,119.6774,0.83068,25.0918
2026-10-01T15:43:00,56.0003,287.6398,119.9202,0.83036,24.8121
2026-10-01T15:44:00,55.8704,287.542,120.216,0.82993,24.8624
2026-10-01T15:45:00,55.9195,287.6227,119.9926,0.83093,24.965
2026-10-01T15:46:00,55.8411,287.4704,119.8975,0.8302,24.9958
2026-10-01T15:47:00,56.1584,287.3394,119.8519,0.82899,24.8495
2026-10-01T15:48:00,55.8909,287.5681,119.811,0.83026,24.948
2026-10-01T15:49:00,56.0362,287.5765,119.8753,0.83002,25.0848
2026-10-01T15:50:00,55.8681,287.7878,120.0188,0.83118,24.9427
2026-10-01T15:51:00,55.5987,287.1732,120.2376,0.83004,24.9798
2026-10-01T15:52:00,56.2003,287.4475,120.1826,0.82993,24.8895
2026-10-01T15:53:00,55.713,287.6394,119.8799,0.83032,25.1687
2026-10-01T15:54:00,56.151,287.2938,119.847,0.8302,25.2176
2026-10-01T15:55:00,56.09,287.4506,120.1288,0.82921,25.0241
2026-10-01T15:56:00,55.5747,287.8058,119.6325,0.83013,24.9849
2026-10-01T15:57:00,55.7563,287.7029,119.9044,0.82986,25.2037
2026-10-01T15:58:00,55.8677,287.3602,119.9268,0.8309,25.0579
2026-10-01T15:59:00,55.7948,287.7094,119.7714,0.8315,24.9167
