timestamp,pos_01,pos_02,pos_03,pos_04,pos_05,pos_06,pos_07,pos_08,pos_09,pos_10,pos_11,pos_12,pos_13,pos_14,pos_15,pos_16,pos_17,pos_18,pos_19,pos_20,pos_21
2026-09-30T00:00:00,48.5916,48.9363,49.5684,49.3198,50.0113,49.6987,49.7738,50.0946,49.9134,50.0454,49.8392,49.7958,49.8377,49.9255,49.705,49.3972,49.6406,49.386,49.1884,48.933,48.4529
2026-09-30T00:02:00,49.044,48.9535,49.3126,49.6258,49.7413,49.7307,49.809,49.9387,50.0912,50.0768,49.9308,50.0569,50.0098,49.9986,49.8393,49.9106,49.5987,49.5485,49.2385,48.9393,48.6541
2026-09-30T00:04:00,48.7753,49.1103,49.4269,49.398,49.4878,49.6216,50.0064,49.9081,49.8748,50.1017,49.7965,50.0058,49.9452,49.8712,49.6303,49.8509,49.8267,49.2081,49.2503,49.1271,49.1472
2026-09-30T00:06:00,48.7358,48.882,49.2312,49.7217,49.5786,49.7406,50.081,49.5634,49.6187,50.1275,50.1191,49.7747,50.0316,49.8983,49.8414,49.5762,49.4983,49.2771,49.2398,48.9924,49.0588
2026-09-30T00:08:00,48.8966,48.7859,49.2959,49.6323,49.6113,49.867,49.8027,50.0004,49.8082,50.1089,49.7879,50.1867,49.7192,49.5666,49.8896,49.6734,49.5855,49.4778,49.2278,48.8919,48.8325
2026-09-30T00:10:00,48.8534,49.1038,49.5375,49.2989,49.5783,49.7861,49.7392,49.7076,49.8647,50.1517,49.9585,50.0821,49.839,49.9606,49.7041,49.5704,49.5853,49.42,49.4587,48.7781,48.8783
2026-09-30T00:12:00,49.0479,49.2375,49.1729,49.3071,49.4918,49.7463,49.8371,49.9458,50.0441,49.8234,49.8264,49.7993,49.7455,49.8767,49.8559,50.0896,49.6501,49.4146,49.4503,48.915,48.8522
2026-09-30T00:14:00,48.9498,49.149,49.2941,49.3583,49.377,49.6764,49.7164,49.998,49.931,50.0744,49.7525,50.1377,49.8209,49.6517,49.5963,49.6034,49.7408,49.5217,49.0515,49.0413,48.7838
2026-09-30T00:16:00,48.5589,48.8756,48.9187,49.2782,49.1604,49.5777,49.664,49.7694,49.8254,50.1658,49.9464,50.0251,50.068,50.0304,49.9125,49.6149,49.3994,49.2924,49.1594,49.0287,48.7868
2026-09-30T00:18:00,48.9684,49.0121,49.5073,49.5702,49.494,49.8321,49.3665,50.1035,50.0152,50.049,49.7415,50.3749,49.9129,49.87,49.9808,49.6702,49.4374,49.513,49.0764,49.1419,48.8211
2026-09-30T00:20:00,48.9729,48.8421,49.4231,49.457,49.8709,49.6,50.0929,49.9999,50.073,49.8764,50.0856,50.0908,49.8245,49.7145,49.6894,49.9243,49.592,49.5557,49.2763,49.0458,48.834
2026-09-30T00:22:00,48.737,49.2153,49.2585,49.4465,49.3557,49.7474,49.7044,49.8151,50.111,49.8205,49.9693,50.0844,50.1286,49.8125,49.857,49.7438,49.3948,49.0838,48.9363,49.1199,48.8156
2026-09-30T00:24:00,48.5944,48.9298,49.1706,49.357,49.5633,50.0383,49.688,49.9139,49.8338,49.8915,49.8649,49.9526,49.8671,49.9454,49.8405,49.563,49.8618,49.2326,49.2864,49.3603,48.6906
2026-09-30T00:26:00,49.0031,49.2454,49.2838,49.1286,49.7856,49.714,49.724,50.0875,49.8408,50.151,49.9158,50.07,49.7869,49.8312,49.6675,49.5908,49.5965,49.3857,49.2607,49.2244,48.7823
2026-09-30T00:28:00,48.5149,48.9837,49.2441,49.5679,49.7262,49.8455,49.773,49.9907,49.7309,50.1859,50.067,50.0657,49.8938,49.9004,49.7054,49.7867,49.3644,49.5607,49.3152,49.3381,48.794
2026-09-30T00:30:00,48.7857,49.0575,49.2375,49.3955,49.399,49.5305,49.7211,49.8474,49.7701,49.8101,49.9564,50.1015,49.9227,49.9958,49.9569,49.8176,49.5034,49.35,48.9463,48.9233,48.8717
2026-09-30T00:32:00,48.6334,49.2353,49.4516,49.3555,49.7092,49.4828,49.6473,49.8349,49.9533,49.9595,49.8679,50.2891,49.9966,49.9359,49.9123,49.7269,49.5326,49.3267,48.9812,49.2569,48.6589
2026-09-30T00:34:00,48.5452,48.9043,48.9866,49.7174,49.6239,49.9158,50.0307,49.9791,50.0397,49.8773,49.9871,49.8955,49.9585,49.7849,50.002,49.817,49.5517,49.1561,49.3368,49.1634,48.7895
2026-09-30T00:36:00,48.607,49.0942,49.3928,49.1185,49.6547,49.4221,49.8201,50.1593,49.966,50.0615,49.9508,49.987,50.3116,50.0961,49.7599,49.6417,49.5708,49.7477,49.2639,49.1982,48.7443
2026-09-30T00:38:00,48.6054,49.2305,49.2203,49.2921,49.4621,49.5974,49.7152,49.6566,50.1356,50.0464,50.149,49.9354,50.005,49.9175,49.9874,49.8245,49.6228,49.3128,49.0485,48.9059,48.7032
2026-09-30T00:40:00,48.7177,48.8392,49.4855,49.4532,49.2603,49.5333,49.6035,49.9284,50.1147,49.8375,50.0944,49.9459,50.1273,50.1002,49.8554,49.8095,49.5675,49.3551,49.0548,49.0778,48.7893
2026-09-30T00:42:00,48.7415,49.0164,49.2038,49.2539,49.4876,49.8739,49.7725,50.1044,49.7765,49.782,50.0194,50.106,49.8522,49.9871,49.9499,49.8632,49.5511,49.4042,48.9811,49.0315,48.8427
2026-09-30T00:44:00,49.0147,48.8348,49.1034,49.2599,49.7045,49.3158,49.6436,50.2051,50.0517,49.7862,49.9909,50.1165,50.0356,49.8584,49.6878,49.8263,49.567,49.5348,49.2923,48.9572,49.0187
2026-09-30T00:46:00,48.7244,49.0934,49.1361,49.3771,49.5301,49.5998,49.8441,50.0906,50.2338,50.2055,49.9739,50.2087,50.0155,50.1642,49.6173,49.9245,49.4774,49.5872,49.1615,49.1662,48.7574
2026-09-30T00:48:00,48.5156,48.8816,49.1956,49.4157,49.2293,49.5188,49.6974,49.86,49.9854,49.8639,49.7706,50.0338,49.9018,50.0263,49.7285,49.7975,49.4334,49.4525,49.2456,49.096,48.6589
2026-09-30T00:50:00,48.7816,48.8998,49.2078,49.506,50.019,49.7053,49.9161,49.9091,50.1234,50.0579,50.1579,50.0418,50.3145,50.1002,49.5512,49.7455,49.5801,49.0794,49.1024,48.9588,48.6895
2026-09-30T00:52:00,48.8199,48.7577,49.345,49.5293,49.6217,49.6508,49.8093,49.8224,50.1253,50.0648,50.3011,49.9333,50.1714,49.8058,49.783,49.5434,49.6477,49.4038,49.3264,49.2534,48.7924
2026-09-30T00:54:00,48.8581,49.1643,49.224,49.3304,49.6227,49.7767,49.9264,50.0183,49.8523,50.0559,50.1863,49.9191,50.0076,49.7998,49.8342,49.9623,49.5951,49.2677,49.285,49.0615,48.9689
2026-09-30T00:56:00,48.5946,48.8912,49.2214,49.1794,49.74,49.3965,49.6842,49.6709,49.8545,50.1096,50.0917,50.1284,50.0439,49.5874,49.8545,49.4235,49.4935,49.3541,49.1513,49.1031,48.6794
2026-09-30T00:58:00,49.0616,49.1191,49.4107,49.5272,49.7035,49.6948,50.1045,49.7349,50.0226,49.9898,49.9676,50.0371,49.8405,50.0239,49.9273,49.7159,49.6802,49.2571,48.9613,48.9421,48.7657
2026-09-30T01:00:00,49.176,48.995,49.3884,49.5404,49.8864,49.7188,49.9076,49.8642,49.8234,49.8383,49.8835,50.204,49.9962,49.8702,49.812,49.6166,49.5643,49.4073,49.3313,49.1663,48.5556
2026-09-30T01:02:00,48.8363,49.236,49.08,49.3758,49.5948,49.8668,49.8991,49.8605,50.0286,50.1452,50.0601,50.2687,50.0171,49.7358,49.6918,49.6814,49.5385,49.5069,49.2868,49.2872,48.9235
2026-09-30T01:04:00,49.0248,48.9151,49.1696,49.5166,49.5837,49.7961,49.8475,49.8008,50.2098,50.1615,49.7687,49.8975,49.9576,49.9962,49.7994,49.4978,49.695,49.3832,49.4149,49.0759,48.9528
2026-09-30T01:06:00,48.9279,49.1631,49.1583,49.569,49.6013,49.5157,49.7516,49.8443,50.0252,50.0937,49.8358,50.0997,49.9454,49.7368,49.9361,49.5891,49.3925,49.5287,49.3701,48.9326,48.9618
2026-09-30T01:08:00,48.9536,48.9538,49.5348,49.4068,49.6054,49.3464,49.907,49.803,50.0218,49.7357,50.1771,50.21,50.2389,49.4538,49.9001,49.7558,49.1199,49.3068,49.2238,49.2456,48.6799
2026-09-30T01:10:00,48.8356,49.0243,49.2918,49.3575,49.7069,49.8508,49.6096,50.0653,49.8456,49.9525,50.1741,50.0085,50.044,50.0161,49.9038,49.6257,49.4318,49.5204,49.352,49.0881,48.7784
2026-09-30T01:12:00,48.935,49.0309,49.034,49.4611,49.6506,49.823,49.6817,49.787,50.0092,49.9287,49.9977,50.1362,50.0189,50.1731,49.8598,49.9643,49.7359,49.8016,49.2437,49.0247,49.005
2026-09-30T01:14:00,48.733,48.9689,49.2794,49.4789,49.3694,49.7491,49.773,49.8995,49.99,49.9714,50.1722,50.073,49.9365,49.916,49.976,49.8303,49.7702,49.4049,49.2662,49.3419,48.8084
2026-09-30T01:16:00,49.0647,49.1681,49.1825,49.2181,49.6773,49.6097,49.7172,49.649,50.1438,50.0183,50.0189,50.062,50.0035,49.9215,49.9004,49.6744,49.1989,49.5375,49.3109,49.0471,49.0523
2026-09-30T01:18:00,48.6077,48.6125,49.4693,49.4894,49.3389,49.655,49.9159,49.7269,50.0503,50.3192,50.2227,49.9991,50.0158,49.7665,49.8434,49.6662,49.4356,49.2277,49.5352,49.0565,48.6634
2026-09-30T01:20:00,48.7529,49.2651,49.489,49.3361,49.6127,49.8483,49.772,49.7325,49.8224,50.0052,49.9005,49.8106,49.9324,50.0462,49.9251,49.6814,49.8675,49.3104,49.2362,48.84,48.9312
2026-09-30T01:22:00,48.7967,48.7928,49.1239,49.6947,49.6907,49.7316,49.9518,49.6691,49.8438,49.8055,49.8917,49.9459,50.0456,50.0567,49.9684,50.1144,49.5091,49.4237,49.3222,48.9192,48.7716
2026-09-30T01:24:00,48.8752,48.9109,49.3163,49.6086,49.4161,49.374,49.8344,49.751,49.9917,49.935,50.0591,50.1702,50.0874,49.8523,49.6474,49.3435,49.2575,49.3065,49.2591,48.9397,48.7232
2026-09-30T01:26:00,48.5737,48.7936,48.9861,49.5149,49.2831,49.8102,49.6824,49.9802,49.9955,50.1077,50.1838,49.8777,49.8132,49.832,49.6978,49.8028,49.555,49.4163,49.2972,48.9605,48.9663
2026-09-30T01:28:00,48.5283,49.065,49.3084,49.2994,49.4663,49.8362,49.7617,49.6066,49.7518,50.1391,49.8694,50.1841,50.1568,49.8625,49.8894,49.577,49.5081,49.3079,49.32,48.8366,48.7803
2026-09-30T01:30:00,48.8073,49.1049,48.915,49.1447,49.4362,49.666,49.828,49.9199,50.252,50.0846,50.0865,49.914,50.0676,49.9937,49.9066,49.6817,49.6594,49.6378,49.1116,48.7043,48.9205
2026-09-30T01:32:00,48.9076,48.9917,49.164,49.821,49.4968,49.5163,49.7348,49.9647,49.8588,49.9279,50.0433,49.9218,49.9687,49.8834,49.6473,49.7083,49.3926,49.5485,49.0906,48.99,48.5266
2026-09-30T01:34:00,48.7309,48.8393,49.4517,49.3913,49.643,49.4368,49.6206,49.8638,49.7471,50.155,49.937,50.0072,49.9939,49.8665,49.9199,49.5966,49.619,49.5866,49.2602,49.0431,48.7471
2026-09-30T01:36:00,48.8051,49.1246,49.1921,49.1589,49.5887,49.6742,49.8739,49.8942,50.1815,49.8061,49.8526,50.0808,49.7959,49.9364,49.8017,49.4056,49.6627,49.6106,49.2586,48.8171,48.9123
2026-09-30T01:38:00,48.6422,49.006,49.2889,49.2928,49.3141,49.6748,49.7973,49.7618,49.8326,50.0927,49.9822,49.9144,49.8597,49.9123,49.8172,49.67,49.359,49.3527,49.135,49.033,48.9648
2026-09-30T01:40:00,48.9346,49.1173,49.2434,49.3596,49.6122,49.6253,49.7531,49.7638,49.939,49.9716,50.2644,50.0638,49.8917,50.0002,49.7338,49.8425,49.6765,49.8295,49.0687,49.0121,48.7781
2026-09-30T01:42:00,48.8381,49.1266,49.0847,49.3012,49.6069,49.8358,49.6395,49.6611,50.1133,50.1054,50.1528,49.8416,49.9178,49.9198,49.8669,49.6775,49.5556,49.5537,49.1638,48.9435,48.7325
2026-09-30T01:44:00,48.7209,49.0419,49.1966,49.3434,49.7687,49.7385,49.7541,50.0695,49.8673,49.9827,49.9814,49.9,49.8915,49.899,49.5962,49.6387,49.5988,49.4466,49.2697,49.3597,48.8906
2026-09-30T01:46:00,48.7742,49.0054,49.2265,49.4694,49.5202,49.9112,49.6444,49.9774,50.0189,49.8189,50.0848,50.0624,49.8551,50.2181,49.9044,49.6476,49.4943,49.3003,49.2636,49.0314,48.5928
2026-09-30T01:48:00,48.646,48.9205,49.169,49.3549,49.4672,49.786,49.9379,49.8971,49.6332,49.9601,50.0744,49.9709,49.9853,49.901,49.5895,49.3335,49.6509,49.3319,49.2855,48.9789,48.77
2026-09-30T01:50:00,48.9895,48.8515,49.2248,49.2504,49.5724,49.762,49.895,49.9076,49.7496,50.017,50.1214,50.1239,50.2513,49.9663,49.6571,49.6201,49.5743,49.5553,49.0635,49.1523,48.887
2026-09-30T01:52:00,48.6704,49.1088,49.1174,49.4056,49.5191,49.7279,49.6342,49.9611,49.6371,49.9244,49.9137,50.2067,50.0227,49.8169,49.675,49.6991,49.4726,49.7244,48.8312,49.0315,48.4445
2026-09-30T01:54:00,48.942,48.9079,49.4546,49.3287,49.7163,49.7232,49.9706,49.8896,49.5231,49.8792,49.7725,50.117,50.0228,49.8872,49.867,49.7224,49.481,49.6847,49.2604,48.9948,48.5855
2026-09-30T01:56:00,48.7059,49.0241,49.201,49.3385,49.5551,49.5343,49.8035,49.666,49.8238,49.8772,50.1182,50.052,49.957,49.7225,49.7455,49.8084,49.7409,49.1964,49.1651,49.0378,48.8443
2026-09-30T01:58:00,48.7957,49.1178,49.0205,49.6285,49.3995,49.7031,49.8773,50.0531,50.0758,50.1074,50.1773,49.9615,50.0542,50.1071,49.6953,49.4957,49.4201,49.6093,49.405,48.9727,48.8308
2026-09-30T02:00:00,48.8636,49.1739,48.9592,49.3283,49.5269,49.7418,49.8151,49.843,49.9898,49.6169,50.4362,50.1022,50.0753,49.7946,49.8642,49.9908,49.8252,49.4197,49.0514,49.0483,48.7541
2026-09-30T02:02:00,48.9192,48.8419,49.2022,49.4479,49.4983,49.8485,49.6425,49.7123,49.8991,50.1044,49.9539,49.9005,50.0649,49.9216,49.7299,49.7152,49.5311,49.4968,49.25,48.9108,48.7288
2026-09-30T02:04:00,48.7379,49.0787,49.2833,49.2901,49.5382,49.7417,49.963,49.9253,50.2295,49.989,50.1029,49.9385,49.8065,49.9046,49.8747,49.7438,49.5862,49.3616,49.1116,48.9821,48.8645
2026-09-30T02:06:00,48.9345,48.5527,49.3168,49.5647,49.7467,49.7522,49.9015,49.8254,49.9366,50.0609,49.8398,49.8716,49.9775,49.6975,49.8128,49.4839,49.5932,49.4132,49.1484,48.8898,48.7243
2026-09-30T02:08:00,48.4752,48.9681,49.2462,49.5824,49.4921,49.672,50.0049,50.1388,49.8791,50.1358,50.1663,50.0594,49.8074,49.7538,49.8882,50.0327,49.5394,49.6347,49.5017,48.8455,48.711
2026-09-30T02:10:00,49.0144,49.1656,49.3081,49.4075,49.6558,49.6063,50.1654,49.7233,49.6906,50.0066,50.2051,49.9144,49.9414,49.7422,49.7945,49.5508,49.4208,49.1971,49.1502,49.2933,48.7888
2026-09-30T02:12:00,48.8249,49.347,49.1378,49.2654,49.6404,49.5197,49.8531,50.0557,49.7935,49.91,50.2419,49.8324,49.8509,49.9234,49.7595,49.5742,49.7957,49.3253,49.2769,48.9658,48.764
2026-09-30T02:14:00,48.599,49.1587,49.1671,49.593,49.3971,49.6273,49.8741,49.9049,49.8543,49.9654,49.8099,49.993,49.5666,49.914,50.0008,49.826,49.6879,49.3485,49.2998,48.967,48.784
2026-09-30T02:16:00,48.7826,48.5391,49.3625,49.4748,49.6866,49.5598,49.9052,49.9585,49.6266,49.7305,50.0046,49.8892,49.9466,49.7967,50.021,49.4227,49.3682,49.268,49.0319,48.9415,48.7926
2026-09-30T02:18:00,48.6035,49.0777,49.4187,49.5672,49.855,49.8611,49.8008,50.1466,50.0514,50.2564,49.9697,49.682,49.7811,49.9157,49.8852,49.6682,49.7105,49.244,49.1285,49.1689,48.8059
2026-09-30T02:20:00,48.8123,49.2298,49.3888,49.2958,49.5957,49.4529,49.8051,49.9474,49.7005,50.2125,50.2878,50.0588,50.0848,50.1082,49.7824,49.8499,49.6231,49.1906,49.1013,48.9459,48.9545
2026-09-30T02:22:00,48.8142,49.1705,49.1638,49.2275,49.8662,50.0936,49.8635,49.8635,50.1238,49.8282,49.9701,49.781,50.022,49.928,49.7502,49.6063,49.3489,49.2929,49.41,48.9774,48.9822
2026-09-30T02:24:00,48.6751,49.0166,49.1659,49.3747,49.6795,49.4037,49.9153,49.9926,49.9527,49.9994,49.9684,50.0883,49.9607,49.77,49.8303,49.8381,49.6218,49.4166,49.2619,48.9569,48.7339
2026-09-30T02:26:00,48.5286,49.0019,49.3744,49.3562,49.4378,49.8296,49.832,49.9128,50.0203,50.089,49.9942,49.8686,50.2029,49.9005,49.6973,49.727,49.7399,49.2088,49.4207,49.0089,49.0872
2026-09-30T02:28:00,48.8963,49.0133,49.4126,49.5953,49.5182,49.734,49.7345,50.0243,49.7508,49.9632,49.695,50.0731,49.6332,49.7409,49.8465,49.6501,49.505,49.2741,49.1656,48.7775,48.8468
2026-09-30T02:30:00,48.9159,49.1378,49.2273,49.5876,49.6349,49.8377,49.8649,49.8974,49.844,49.6121,50.0928,49.9722,50.2368,49.6092,49.929,49.565,49.5682,49.2861,49.2826,49.0244,48.926
2026-09-30T02:32:00,48.8216,49.097,49.4151,49.4868,49.5496,49.8778,49.7927,49.9511,49.907,49.8942,49.5722,50.0881,49.7882,49.9978,50.0665,49.5128,49.6943,49.3992,49.2979,48.8584,48.8053
2026-09-30T02:34:00,48.8234,49.2332,49.5391,49.4581,49.5172,50.0178,49.7942,49.8853,49.9679,50.0559,50.1028,49.9075,49.9378,50.1618,50.0383,49.7653,49.6088,49.381,49.3802,48.9564,48.8197
2026-09-30T02:36:00,48.7369,48.9411,49.2396,49.4148,49.4876,49.693,49.8199,49.8273,49.8609,49.9707,50.1023,50.1482,49.9808,49.8559,49.8061,49.9749,49.7008,49.2788,49.227,48.9549,48.7505
2026-09-30T02:38:00,48.5623,49.0344,49.0409,49.3306,49.7869,49.845,49.6866,49.7471,49.8245,49.7216,49.8626,49.9521,49.8052,50.0024,49.8033,49.6268,49.8203,49.5157,49.2447,49.2945,48.9902
2026-09-30T02:40:00,48.702,49.0769,49.1722,49.2096,49.8418,49.9171,49.6292,49.965,49.7201,50.1443,49.9952,49.9491,50.1347,49.8962,49.7737,49.8335,49.5274,49.5398,49.2351,49.1491,48.8927
2026-09-30T02:42:00,48.9161,48.8865,49.5047,49.3917,49.8235,49.6173,49.7716,49.8571,50.121,49.9296,50.0627,49.7657,49.886,49.9271,49.7953,49.4334,49.6429,49.2759,49.514,49.0034,49.1283
2026-09-30T02:44:00,48.8986,49.0973,49.1657,49.3981,49.6362,49.422,49.9545,49.726,49.9176,49.5962,50.0685,50.0987,49.9958,49.9414,49.7571,49.7248,49.7456,49.3533,49.3074,49.136,48.7688
2026-09-30T02:46:00,48.8372,49.0624,49.1631,49.767,49.5081,49.9506,49.9657,49.6,49.9912,50.1402,50.1209,49.8597,49.9923,49.7209,49.66,49.6679,49.598,49.6477,49.2866,49.1845,48.6284
2026-09-30T02:48:00,48.6347,48.9601,49.4892,49.2201,49.3406,49.6915,49.9835,49.6575,49.9177,49.793,50.2131,50.0911,49.9942,49.8874,49.776,49.7224,49.4759,49.2856,49.0723,49.0319,48.6862
2026-09-30T02:50:00,48.9295,48.7238,49.3168,49.4918,49.7473,49.6653,49.5911,49.7593,50.119,49.9454,49.9417,49.9046,49.9444,49.8606,49.5826,49.6146,49.7167,49.625,49.2159,48.9543,48.9996
2026-09-30T02:52:00,48.7758,48.8578,49.2152,49.515,49.797,49.6305,49.8883,49.8454,50.12,50.0272,50.0398,49.846,49.9069,49.8462,49.2839,49.8264,49.568,49.383,49.1807,49.0331,48.8366
2026-09-30T02:54:00,48.6106,49.0475,49.2499,49.4174,49.3524,49.6809,49.622,49.9442,50.1453,50.1163,49.9517,49.9103,49.8706,49.9442,49.7121,49.6231,49.2034,49.2891,49.1188,48.9505,48.9783
2026-09-30T02:56:00,48.6031,48.8351,49.3207,49.2698,49.5451,49.7264,49.8113,49.7797,50.087,50.2076,49.8545,49.9493,50.09,49.8626,49.6629,49.6382,49.6902,49.2677,49.2699,49.0846,48.7058
2026-09-30T02:58:00,48.8833,49.1261,49.3784,49.5488,49.3516,49.8313,49.8938,50.0353,49.829,50.1207,50.0551,49.8201,50.1384,49.7794,49.6611,49.7589,49.481,49.4656,49.1973,49.0702,48.9199
2026-09-30T03:00:00,48.7963,49.1557,49.3566,49.2913,49.6937,49.7912,49.8288,50.056,50.1943,50.1,49.7878,50.0542,49.9343,49.8544,49.8597,49.6541,49.807,49.4538,49.2365,49.1438,48.9183
2026-09-30T03:02:00,48.9739,49.1221,49.2288,49.4338,49.2562,49.4887,49.9612,49.8466,50.2177,50.2522,49.8202,50.0353,50.3741,49.7798,49.8677,49.6689,49.5353,49.3738,49.2318,49.1413,48.6855
2026-09-30T03:04:00,48.8758,48.9278,49.3107,49.4605,49.4574,49.7229,49.7036,49.7715,50.1245,49.7257,50.0838,50.0933,49.8683,50.0529,49.9428,49.5141,49.6469,49.4825,49.1273,49.1143,48.9117
2026-09-30T03:06:00,48.6977,48.7405,49.293,49.3066,49.3204,49.6467,49.4639,49.8453,50.173,49.5757,50.0693,49.8561,49.8946,49.7618,49.9033,49.701,49.4567,49.2239,49.1723,49.1985,48.6257
2026-09-30T03:08:00,48.8633,49.0799,48.9431,49.5755,49.5647,50.0281,50.0642,49.8582,49.932,49.8437,49.802,50.1069,49.9178,49.8358,49.7856,49.8021,49.7084,49.4148,49.2063,49.0457,49.1057
2026-09-30T03:10:00,48.4987,48.8611,49.3043,49.4363,49.751,49.8951,50.1009,49.7778,50.0449,49.9562,50.1454,50.0183,50.085,49.7863,49.8353,49.6279,49.5329,49.3486,49.0841,49.1952,48.8468
2026-09-30T03:12:00,48.9637,48.8853,48.9484,49.3205,49.5492,49.8196,49.9668,50.0749,50.1817,50.0988,50.0201,49.8794,50.0566,49.822,49.6934,49.79,49.6041,49.5416,49.1304,49.2041,48.8567
2026-09-30T03:14:00,48.7789,48.9204,49.0773,49.215,49.778,49.495,49.9047,49.8594,49.8711,49.9222,49.9896,50.125,50.0388,49.8956,49.61,49.4417,49.8467,49.2675,49.0048,49.1971,48.583
2026-09-30T03:16:00,48.913,49.1689,49.2723,49.5576,49.3669,49.5236,49.7832,49.8952,49.9432,50.0601,49.895,49.6777,50.0152,49.862,49.9313,50.0097,49.5833,49.501,49.1036,49.1651,48.8535
2026-09-30T03:18:00,48.84,49.1661,49.0687,49.4983,49.6387,49.9374,49.5453,49.8821,50.2781,49.9312,49.9389,50.2539,50.3243,49.9122,49.7061,49.6158,49.5129,49.2908,49.1161,49.0568,48.8088
2026-09-30T03:20:00,48.8734,49.035,49.0569,49.5238,49.6073,49.6172,49.7711,49.9423,49.9665,49.9719,50.1157,50.1477,49.9086,49.8919,49.6477,49.678,49.641,49.5422,49.2595,49.018,48.6975
2026-09-30T03:22:00,48.8347,48.8702,49.2536,49.4178,49.4375,49.7511,49.7794,49.9831,49.8836,50.0618,50.2326,50.0171,50.0708,49.8004,49.7588,49.4251,49.5484,49.2485,49.2514,48.7274,48.6759
2026-09-30T03:24:00,48.8147,49.088,48.9911,49.3535,49.9472,49.8184,49.834,49.4895,49.8191,50.0668,50.0369,50.0571,50.0951,49.9087,49.9354,49.4389,49.9378,49.3704,49.1392,49.2507,48.891
2026-09-30T03:26:00,48.945,48.9392,49.2755,49.5185,49.4029,49.67,49.7742,49.8512,49.851,49.8049,50.0651,50.0256,50.1234,49.8837,49.7113,49.4889,49.5822,49.3681,49.5293,49.3662,49.0332
2026-09-30T03:28:00,48.6689,48.8247,49.1991,49.2823,49.7781,49.7186,49.7499,49.8914,50.1379,49.8509,50.073,49.7952,49.923,49.7965,49.8556,49.7241,49.7453,49.5142,49.1446,48.835,48.6817
2026-09-30T03:30:00,48.7385,48.9956,49.1218,49.572,49.7062,49.6613,49.7364,49.8583,49.9466,49.9858,49.7636,49.9259,49.6778,49.8982,49.9081,49.545,49.5932,49.323,49.1308,49.3172,48.9317
2026-09-30T03:32:00,48.8719,48.9651,49.2932,49.3847,49.6356,49.5689,49.7983,49.8349,49.7453,50.237,50.1207,49.8728,49.7372,49.7861,49.6857,49.6113,49.3466,49.2909,49.2419,49.0892,48.5097
2026-09-30T03:34:00,48.8003,48.8834,49.0793,49.3656,49.4676,49.8032,49.9116,49.8476,49.8577,50.252,50.2754,50.0454,49.9299,50.0409,50.022,49.623,49.8346,49.3891,49.3934,48.9525,48.8104
2026-09-30T03:36:00,48.7334,49.0323,49.3827,49.28,49.5244,49.7808,49.7395,50.1931,49.7361,50.3634,49.903,50.1324,50.1914,49.9712,49.5997,49.6509,49.5786,49.4962,49.378,49.195,49.0187
2026-09-30T03:38:00,48.6593,49.1754,48.9739,49.4344,49.4096,49.4361,49.9447,49.8878,50.0993,49.7532,49.8193,49.9735,49.8534,49.9029,49.7156,49.6498,49.3983,49.603,49.1848,48.8526,48.9014
2026-09-30T03:40:00,48.8722,49.0605,49.2654,49.3536,49.5487,49.3709,49.5765,49.7092,49.9948,50.17,49.9757,49.9484,50.12,49.8381,49.9058,49.7645,49.3706,49.4591,49.2628,48.8571,48.646
2026-09-30T03:42:00,48.6104,49.2326,49.5469,49.5176,49.802,49.4993,50.018,50.1864,50.1932,49.8481,50.1621,49.9712,50.1128,49.7965,49.8102,49.6152,49.6393,49.3972,49.3984,49.1514,48.8624
2026-09-30T03:44:00,48.7948,48.9833,49.2331,49.5245,49.5878,49.7438,49.8028,49.8811,49.8531,49.708,50.086,50.0721,49.8075,50.1781,49.634,49.8495,49.6062,49.4596,49.4025,49.1663,48.8042
2026-09-30T03:46:00,48.6423,48.8461,49.261,49.6487,49.7,49.6958,49.858,49.995,50.2097,49.8749,50.109,50.0302,49.839,49.7406,49.9984,49.7501,49.5372,49.4277,49.3796,49.0428,49.0409
2026-09-30T03:48:00,48.7619,48.9114,49.2159,49.2723,49.5165,49.884,50.0641,49.9873,49.9823,49.8527,49.8507,50.0441,49.9778,49.8059,49.742,49.9341,49.717,49.4208,49.267,49.2199,48.8548
2026-09-30T03:50:00,48.8365,48.7933,48.9802,49.1269,49.2314,49.6987,49.8582,49.7623,50.0188,50.0551,49.989,49.7681,50.1689,50.0988,49.7223,49.9915,49.5757,49.2952,49.1715,48.7508,48.7483
2026-09-30T03:52:00,48.561,49.1985,49.2807,49.2047,49.6548,49.4435,49.8322,49.9644,49.9629,49.8201,49.9841,49.9612,49.9616,50.1154,50.0625,49.9375,49.4736,49.3004,49.2359,49.0938,48.4919
2026-09-30T03:54:00,48.7086,49.2972,49.0463,49.3019,49.4625,49.7737,49.7988,49.8439,49.7248,50.0799,50.0007,49.8885,49.9561,50.0106,49.5868,49.4675,49.415,49.2811,48.7747,48.9377,48.9671
2026-09-30T03:56:00,48.7506,49.1807,48.8006,49.3951,49.7764,49.9361,49.7331,49.7682,50.0098,49.8053,49.9454,49.7371,49.9644,49.8928,50.0526,49.7538,49.4689,49.3982,49.0384,49.0332,48.7678
2026-09-30T03:58:00,48.8633,49.1681,48.9315,49.4612,49.6789,49.5199,50.0936,49.7837,50.3222,50.1059,50.1454,50.0286,50.1037,49.7363,49.6868,49.4051,49.6495,49.3053,49.345,49.1177,48.5985
2026-09-30T04:00:00,48.9055,49.067,49.2622,49.4812,49.564,49.7018,49.9666,49.7424,49.7712,49.8736,50.1556,49.9396,50.2399,49.4286,49.7007,49.6329,49.6087,49.613,49.204,48.8751,48.9259
2026-09-30T04:02:00,49.0329,48.6437,49.3191,49.4565,49.4427,49.6284,49.8515,49.8962,49.9146,49.8125,50.0429,49.888,49.965,49.8037,49.8378,49.8122,49.6032,49.5107,49.0234,49.0976,48.8434
2026-09-30T04:04:00,48.7056,49.0031,48.8111,49.4236,49.5061,49.3589,49.8837,49.7956,49.9933,49.9516,50.0722,50.0005,49.9082,49.9656,49.9326,49.3589,49.5714,49.3219,49.065,49.2233,48.9436
2026-09-30T04:06:00,48.6439,48.8595,49.3541,49.317,49.5181,49.403,49.7868,50.0617,49.8819,49.9694,50.2611,50.1189,50.1649,49.9857,49.9873,49.4492,49.4438,49.1626,49.5645,49.0543,48.7802
2026-09-30T04:08:00,48.6856,48.8746,48.8101,49.7476,49.5545,49.7083,49.5958,49.8818,50.0075,49.9746,50.0916,49.8607,49.9995,50.025,49.8911,49.7562,49.5512,49.2626,49.3138,48.968,48.657
2026-09-30T04:10:00,48.9136,48.7855,49.1471,49.5272,49.7089,49.6426,49.8164,49.9723,49.9404,49.871,50.0639,50.0114,49.9665,50.058,49.8527,49.6301,49.5912,49.7021,49.1232,48.9872,48.6787
2026-09-30T04:12:00,48.8518,48.8375,49.2978,49.5248,49.4507,49.5715,49.5836,49.8972,49.7828,49.893,49.9357,49.8835,50.076,50.1302,49.4874,49.5769,49.6043,49.253,49.1504,49.0583,49.0077
2026-09-30T04:14:00,48.9751,48.9831,49.2505,49.3565,49.5407,49.5228,49.5415,49.8359,50.0976,50.1016,49.7192,49.9581,49.8568,49.9342,49.6424,49.8361,49.5362,49.4976,49.3625,48.7359,48.7665
2026-09-30T04:16:00,49.026,49.0302,49.3876,49.4744,49.4925,49.7415,49.965,50.0846,50.1684,49.8213,50.1236,49.7809,49.9318,49.8601,49.9014,49.7466,49.7545,49.3196,49.3577,49.0859,48.7998
2026-09-30T04:18:00,48.6196,49.1129,49.2787,49.5295,49.5616,49.6611,49.8658,49.9607,50.0544,50.2712,49.9069,50.2878,49.5079,50.0352,49.6849,49.9998,49.4345,49.5704,49.0834,48.858,48.9197
2026-09-30T04:20:00,48.9296,48.9228,49.5914,49.3636,49.8015,49.5479,49.6634,49.905,49.8,50.0558,49.6781,50.0141,49.8674,49.7478,49.8392,49.6663,49.5003,49.5328,49.2758,49.0844,48.9984
2026-09-30T04:22:00,48.7887,49.153,49.1692,49.5025,49.6464,49.6179,49.5811,49.7003,49.8107,50.0706,49.9795,49.9431,50.0229,50.0006,50.0159,49.6107,49.6498,49.5173,49.0895,49.0462,48.6628
2026-09-30T04:24:00,48.766,49.0905,48.9777,49.2814,49.4472,49.7135,49.6977,49.9474,49.8237,49.9106,50.0899,50.0351,49.9743,49.886,49.9573,49.9047,49.5123,49.3034,49.0765,49.2863,48.6661
2026-09-30T04:26:00,48.6023,49.0675,49.3884,49.2274,49.5491,49.4856,49.7039,50.1344,49.9767,49.9488,50.0103,50.0298,49.9363,49.7146,49.6315,49.9993,49.4537,49.5902,49.1247,49.2216,48.9035
2026-09-30T04:28:00,48.7683,49.3274,49.0925,49.3768,49.4399,49.584,49.7536,49.7491,49.9032,50.2232,49.7405,49.8006,49.8098,49.8223,49.9584,49.8072,49.6391,49.4421,49.5888,48.8598,48.6281
2026-09-30T04:30:00,48.7961,49.0584,49.1964,49.2865,49.3727,49.6586,49.7023,49.82,49.7906,50.1875,50.067,50.2639,49.875,49.9006,49.7708,49.7029,49.5297,49.3873,48.9381,48.9872,48.9029
2026-09-30T04:32:00,48.5095,48.9759,49.3171,49.6005,49.5552,49.7678,50.0691,50.0851,49.8846,49.8978,50.1516,50.021,49.8711,49.8574,49.855,49.6701,49.53,49.3766,49.0097,49.2864,48.9817
2026-09-30T04:34:00,49.0254,49.0078,49.2506,49.4976,49.6901,49.4276,49.8606,49.7432,49.9411,49.8892,50.2537,50.068,49.9478,50.0995,49.7973,49.592,49.5403,49.3575,49.239,49.153,48.7823
2026-09-30T04:36:00,48.7902,49.1787,49.2748,49.5532,49.588,49.506,49.641,49.645,50.1213,50.0497,49.9293,49.8406,50.0056,49.8722,49.8555,49.5744,49.403,49.6455,49.0903,49.0245,48.9988
2026-09-30T04:38:00,48.5273,49.1321,49.2422,49.3906,49.6081,49.5235,49.4774,50.1728,49.9094,50.1203,50.1646,50.0308,50.0198,49.9979,50.0423,49.7731,49.7555,49.3688,49.1692,49.0406,48.8596
2026-09-30T04:40:00,48.8798,49.3173,49.3568,49.4217,49.8634,49.7491,49.8614,49.9653,49.9029,49.8263,50.0199,49.9423,49.824,49.9101,49.7788,49.6124,49.3046,49.3873,49.4932,49.1601,48.9608
2026-09-30T04:42:00,48.7972,49.185,49.1325,49.3446,49.6453,49.4888,49.8168,49.937,50.2027,49.8847,50.0629,49.8917,49.8715,49.4922,49.6691,49.8711,49.6453,49.4358,49.5982,49.1087,48.617
2026-09-30T04:44:00,48.7705,49.02,49.4708,49.2791,49.6313,49.8456,49.6885,49.9057,49.6545,50.0034,49.6739,49.9315,50.2078,49.9534,49.8162,49.7232,49.8886,49.4949,49.3871,48.964,48.7365
2026-09-30T04:46:00,48.6459,49.0028,49.1293,49.5591,49.664,49.6833,49.7282,49.4638,49.865,50.0339,50.0987,49.5314,49.5967,49.9162,49.6557,49.6685,49.4986,49.4998,48.9573,48.9443,48.9405
2026-09-30T04:48:00,48.8315,48.9059,49.3,49.455,49.437,49.8032,49.9088,49.8732,50.0924,49.8151,50.1142,49.9603,49.8137,49.8045,49.9819,49.6185,49.5173,49.3157,49.1154,49.1714,49.129
2026-09-30T04:50:00,48.9993,49.104,49.3449,49.3616,49.4953,49.5268,50.0223,49.8427,49.8467,49.8944,50.0292,49.9075,49.9556,49.9177,50.0072,49.517,49.6129,49.3099,49.1694,49.2691,48.8938
2026-09-30T04:52:00,48.7436,49.1019,49.2301,49.5777,49.497,49.7735,49.7785,49.8948,49.9306,49.8973,50.017,50.1345,49.8635,49.8359,49.8638,49.5896,49.6982,49.518,48.8933,48.9324,48.6414
2026-09-30T04:54:00,48.9239,49.1683,49.056,49.3118,49.5575,49.6467,49.9159,50.0384,50.041,50.151,50.14,49.979,49.8892,49.7843,49.9307,49.8333,49.7199,49.3652,49.1758,49.0689,48.987
2026-09-30T04:56:00,48.8545,49.063,49.1117,49.4793,49.6493,49.5614,50.0695,49.758,50.0912,49.9598,50.0257,49.8736,49.8705,49.9975,49.7812,49.6515,49.7013,49.5193,49.2585,49.0643,49.0565
2026-09-30T04:58:00,48.7773,49.0876,49.2971,49.2073,49.2845,49.7209,49.9383,49.924,49.8754,49.8934,50.1222,49.9462,49.7164,49.9947,49.8454,49.7584,49.7239,49.6097,49.3169,49.0044,48.4896
2026-09-30T05:00:00,48.8458,49.0081,49.4289,49.6027,49.6404,49.9044,49.7991,49.8876,49.8291,49.9442,50.0333,50.1463,49.8456,50.0123,50.1556,49.5035,49.5319,49.4171,49.3824,49.3235,48.9842
2026-09-30T05:02:00,48.7966,48.9045,49.2257,49.4083,49.6059,49.57,50.0352,49.7872,50.0545,50.0215,49.8401,49.9996,49.9568,49.866,49.9291,49.6317,49.946,49.5807,49.0984,48.6615,48.9874
2026-09-30T05:04:00,48.8388,49.0417,49.0892,49.2005,49.2938,50.0814,50.047,49.8118,50.2313,49.715,50.1049,50.0939,49.8259,49.8258,49.6547,49.7074,49.7641,49.5607,49.2949,49.1949,48.5361
2026-09-30T05:06:00,49.1011,49.0214,49.0375,49.3561,49.4724,49.7148,49.8553,49.5458,50.1402,50.2458,49.8467,50.2083,50.1399,50.0435,50.0516,49.4938,49.6767,49.2619,49.5855,48.8839,48.618
2026-09-30T05:08:00,48.9679,49.1212,49.2367,49.433,49.6601,49.9583,49.7022,49.8089,49.8663,49.9775,50.0023,49.7962,49.9977,49.7035,49.7619,49.6631,49.532,49.634,49.4773,49.1896,49.0372
2026-09-30T05:10:00,48.7575,49.239,49.2244,49.4464,49.6091,49.5002,49.7169,49.8684,50.0069,49.9693,49.8726,49.8148,49.9536,49.7151,49.6317,49.6847,49.5948,49.2878,48.9653,49.071,48.9226
2026-09-30T05:12:00,48.7389,48.9718,48.8838,49.5473,49.4039,49.8079,49.7197,49.8708,49.9239,49.7184,50.4125,49.7536,49.9685,49.7702,49.7726,49.9065,49.2886,49.3907,49.3059,49.0461,48.8595
2026-09-30T05:14:00,48.6875,48.782,49.0353,49.3506,49.6793,49.7121,50.0486,49.9071,49.981,50.018,49.7403,50.0744,49.7854,49.8351,50.1595,49.5146,49.5858,49.4558,49.2514,49.0286,48.7163
2026-09-30T05:16:00,49.0988,48.7271,49.0781,49.6346,49.6503,49.5852,49.6733,49.8546,50.348,50.062,49.8453,50.0237,49.8581,50.1168,49.8521,49.8891,49.5922,49.7178,49.2938,49.0701,48.6471
2026-09-30T05:18:00,48.7368,49.0865,49.1575,49.7852,49.5663,49.5858,49.9562,49.8126,50.0131,49.974,49.892,50.1963,49.9657,50.0552,49.7571,49.486,49.3815,49.3342,49.2045,49.0363,48.877
2026-09-30T05:20:00,48.6136,49.0624,49.0493,49.3094,49.9528,49.8911,49.7536,50.1609,50.1649,50.1214,50.2201,49.9508,49.9333,49.7631,49.8955,49.5119,49.4925,49.4808,49.1563,49.0801,49.0737
2026-09-30T05:22:00,48.6523,49.2385,49.1296,49.2719,49.6018,49.8543,49.7009,49.7827,49.8861,49.88,50.0283,49.8811,49.9138,49.9451,49.7454,49.8731,49.4665,49.2963,49.5377,49.2539,48.8107
2026-09-30T05:24:00,48.9245,49.0791,49.1555,49.5134,49.6137,49.8923,49.5316,50.013,49.977,49.8849,49.9357,49.9273,49.7536,49.8059,49.9254,49.4724,49.5116,49.0573,49.1457,49.0867,48.7925
2026-09-30T05:26:00,48.8066,48.8603,49.3175,49.2765,49.7043,49.7318,49.7504,50.1149,49.8928,50.1417,50.0158,49.9881,50.1022,49.9578,49.8069,49.6823,49.5999,49.4249,49.1831,48.8726,48.4115
2026-09-30T05:28:00,48.7833,48.9917,49.4141,49.4795,49.7393,49.9606,49.792,49.7659,50.0747,49.8988,49.962,50.204,50.0351,50.0568,49.6059,49.7055,49.7361,49.2201,49.262,49.0889,48.4545
2026-09-30T05:30:00,49.0398,48.9214,49.2116,49.6642,49.2999,49.77,49.7413,49.8989,49.8295,50.1931,49.8324,50.0427,50.0337,49.8786,49.7674,49.6607,49.7219,49.4803,49.2202,48.8648,48.8243
2026-09-30T05:32:00,48.8805,49.0237,49.4481,49.126,49.9426,49.673,49.6375,49.6308,50.0827,50.0745,49.968,49.9812,49.978,49.829,49.9817,49.7945,49.5506,49.1667,49.4383,48.957,48.6454
2026-09-30T05:34:00,48.9942,49.1036,48.9305,49.1633,49.5091,49.5122,49.7857,50.2853,50.4001,49.9827,50.1211,50.1227,49.9351,49.6715,49.9704,49.6745,49.6373,49.5194,49.1119,49.2824,48.8126
2026-09-30T05:36:00,48.835,48.9643,49.3399,49.5653,49.4856,49.7891,49.7441,49.7085,49.9039,50.0809,50.0844,50.1516,49.8522,49.848,49.8204,49.7948,49.552,49.2708,49.0007,49.2068,48.9623
2026-09-30T05:38:00,48.7017,49.2521,49.2242,49.4821,49.7596,49.6297,49.6933,49.6328,49.9999,50.0578,50.1319,50.081,49.9699,50.067,49.6558,49.7609,49.6475,49.3961,49.4941,49.0963,49.0051
2026-09-30T05:40:00,48.9373,49.0034,49.5255,49.5815,49.5732,49.6845,49.6545,49.8717,49.9188,50.022,49.9388,50.0764,49.942,49.6564,49.7342,49.5671,49.3786,49.3763,49.3722,48.8621,48.5008
2026-09-30T05:42:00,48.7782,49.4807,49.1457,49.4556,49.5087,49.8321,50.0278,49.8709,50.133,49.8276,50.0343,49.7997,49.9831,49.8026,49.847,49.5342,49.6058,49.4321,49.1492,48.9102,48.6246
2026-09-30T05:44:00,48.7435,49.0917,49.2152,49.4388,49.7623,49.6548,49.8557,50.0202,50.033,50.0497,50.0155,50.2819,49.9442,49.8373,49.9007,49.95,49.7848,49.4206,49.3611,49.107,48.815
2026-09-30T05:46:00,48.902,49.1251,49.257,49.6754,49.5151,49.9138,50.128,50.2142,49.997,49.9643,49.7633,49.9833,50.3234,49.66,49.5792,49.83,49.665,49.1413,49.2272,49.0832,48.5758
2026-09-30T05:48:00,48.9485,48.8324,49.4063,49.4464,49.4669,49.4618,49.7604,49.8815,49.9363,49.9024,49.972,50.1229,49.8188,49.8642,49.8808,49.7004,49.7018,49.6495,49.1823,49.064,48.3616
2026-09-30T05:50:00,48.7512,49.1324,49.0668,49.6156,49.2879,49.9065,49.7336,49.7416,49.8821,49.9511,49.8503,49.7832,49.8762,50.0376,49.872,49.905,49.479,49.3613,49.1845,49.0524,48.8722
2026-09-30T05:52:00,49.0672,49.1365,49.2594,49.6186,49.4528,49.5048,49.9109,49.9196,49.9725,50.1307,49.952,49.9734,50.0114,49.992,49.9584,49.7199,49.6101,49.0501,49.4182,48.794,48.7954
2026-09-30T05:54:00,49.1834,48.9808,48.9958,49.6565,49.4864,49.6772,49.7849,50.0044,50.0707,49.9711,50.1688,49.854,50.0552,49.7999,49.9147,49.6011,49.5035,49.6353,49.0646,48.8529,48.8876
2026-09-30T05:56:00,48.7609,48.9647,49.2118,49.7321,49.4136,49.6605,49.8341,49.7518,49.9477,50.0618,49.8643,50.1568,49.7812,49.8712,49.8594,50.1787,49.306,49.4551,49.6114,48.9391,48.9643
2026-09-30T05:58:00,48.8329,48.814,49.2918,49.2789,49.5816,49.4754,49.9182,49.5301,49.927,50.1817,50.0779,49.936,49.9173,49.8284,50.2162,49.6924,49.5662,49.302,49.161,49.1198,48.7088
2026-09-30T06:00:00,48.6792,48.9456,49.1792,49.4382,49.4953,49.6714,49.6956,50.0777,49.9657,49.941,50.0437,49.9812,49.717,49.8651,50.0558,49.7758,49.7446,49.3115,49.0091,48.9234,49.0027
2026-09-30T06:02:00,48.6501,48.9089,49.3978,49.3744,49.5382,49.7571,49.821,49.8465,49.99,49.8808,49.9936,50.0864,49.7929,49.86,49.6365,49.8119,49.6603,49.5534,49.3869,49.1816,48.9076
2026-09-30T06:04:00,48.6833,49.1683,49.0951,49.7619,49.6113,49.789,49.623,50.0528,50.128,49.7525,49.9164,49.9177,49.8547,50.0993,50.1327,49.5401,49.7253,49.3726,49.4375,48.6605,48.7347
2026-09-30T06:06:00,48.9824,48.9137,49.4104,49.3351,49.7386,49.7874,49.7447,49.7772,49.9263,50.1616,49.9986,49.8879,50.4501,49.6549,49.7736,49.7808,49.4107,49.4097,49.1683,48.8052,48.8679
2026-09-30T06:08:00,48.6286,48.9143,49.4166,49.2434,49.6581,49.877,49.9565,49.9617,49.9161,49.7766,50.0209,50.0539,49.8746,49.743,49.9374,49.5406,49.6332,49.3386,48.9777,49.2691,48.8904
2026-09-30T06:10:00,48.88,48.814,49.2111,49.4522,49.4541,49.9458,49.5024,49.9954,49.6656,49.7499,49.8046,50.0705,49.8412,49.7873,49.6676,49.4735,49.4285,49.259,49.1786,48.9654,48.4335
2026-09-30T06:12:00,48.6964,49.2035,49.1538,49.3933,49.4515,49.5883,49.7878,49.6798,49.917,49.7276,50.0396,49.7405,50.0388,50.0325,49.5523,49.7892,49.4943,49.5739,49.1391,48.9722,48.7427
2026-09-30T06:14:00,48.9751,48.7234,49.3329,49.4117,49.4802,49.6497,49.9335,50.0011,50.1916,49.8768,49.7011,49.8899,49.9078,49.811,49.9761,50.0267,49.6097,49.1289,49.3725,48.9157,48.7909
2026-09-30T06:16:00,48.9105,49.0676,49.2061,49.4393,49.6661,49.7784,50.103,49.4268,49.8187,49.8843,50.1078,50.0053,50.0638,49.6619,49.7591,49.7808,49.5442,49.336,49.2568,49.2591,48.4676
2026-09-30T06:18:00,49.0221,49.0536,49.0874,49.4946,49.5579,49.8651,49.671,50.0209,49.7999,50.0197,50.0882,49.9596,50.0319,49.7864,49.9512,49.6084,49.4462,49.3785,49.2081,48.8862,48.9035
2026-09-30T06:20:00,48.7654,49.1027,48.992,49.1987,49.5121,49.5351,49.7721,49.9601,50.1032,50.1924,50.1019,49.866,50.0185,49.7975,49.8734,49.526,49.7539,49.4582,49.1733,48.8082,48.8264
2026-09-30T06:22:00,48.7054,49.05,49.1095,49.3149,49.6456,49.9061,49.6027,49.8473,49.995,49.9494,49.9186,50.2972,49.8106,49.9307,49.7194,49.6701,49.2098,49.5297,49.1851,48.8678,49.0341
2026-09-30T06:24:00,48.7432,48.9207,49.0899,49.5568,49.5572,49.6384,49.5942,49.7414,49.9886,49.9696,49.6829,49.8417,49.9708,50.2793,49.6799,49.3514,49.6677,49.3249,49.0187,49.0973,48.75
2026-09-30T06:26:00,48.6403,48.816,49.1983,49.4098,49.2861,49.8326,49.6025,50.0869,49.9866,49.9448,50.0352,49.8839,49.927,50.1239,49.7072,49.8074,49.4182,49.394,49.3615,48.8326,48.8352
2026-09-30T06:28:00,48.4623,48.8409,49.1542,49.5293,49.6604,49.5478,49.7732,49.9048,49.7023,50.0364,50.1875,50.1594,49.8482,49.8157,49.6525,49.6106,49.5154,49.4992,49.2293,48.8737,48.9079
2026-09-30T06:30:00,48.917,48.9214,49.1799,49.3816,49.3063,49.7053,49.8939,50.1691,49.9659,49.9303,49.9629,50.0648,50.0566,49.7484,49.8221,49.7833,49.2521,49.603,49.1853,49.1441,48.7785
2026-09-30T06:32:00,48.7486,49.0022,49.2607,49.528,49.514,49.5176,49.6889,49.7313,50.0518,49.8301,50.214,49.9936,49.9248,50.074,49.7391,49.6419,49.6712,49.5093,49.0688,49.3832,48.8718
2026-09-30T06:34:00,48.5984,48.9886,49.3577,49.4318,49.6834,50.0419,49.9348,50.1804,50.0415,49.8758,50.2144,49.8709,50.0836,49.9783,49.6695,49.583,49.5305,49.4613,49.4213,49.029,49.0752
2026-09-30T06:36:00,48.9215,48.9226,49.1302,49.4161,49.4815,49.6783,49.9165,49.9235,50.0908,49.8774,49.8635,49.7712,49.678,49.8183,49.8119,49.6639,49.5629,49.7127,49.0627,48.982,48.7213
2026-09-30T06:38:00,48.6584,49.2256,49.2221,49.5948,49.3939,49.9766,50.1431,49.7567,49.946,49.9642,50.0796,49.7888,50.018,49.997,49.714,49.3564,49.4621,49.3489,49.3429,48.9315,48.6239
2026-09-30T06:40:00,48.889,49.0801,49.3386,49.4156,49.7232,49.7736,49.537,49.9186,50.0648,49.9905,50.2161,49.9167,50.0538,49.7047,49.8051,49.6148,49.4151,49.2132,49.2628,49.0895,48.7021
2026-09-30T06:42:00,48.6117,48.8938,49.3434,49.229,49.7361,49.447,49.8473,49.9895,50.1327,49.9212,49.8829,49.7722,50.0861,49.8704,49.7368,49.6349,49.6038,49.4147,49.4068,48.7032,48.9246
2026-09-30T06:44:00,48.7181,49.0143,49.1829,49.3973,49.6794,49.7314,49.5899,49.8802,49.9357,50.0421,50.0046,49.9744,50.1044,49.7273,50.1336,49.6141,49.4114,49.5283,49.392,49.2145,49.0178
2026-09-30T06:46:00,48.8706,49.0367,49.2877,49.4107,49.4859,49.94,50.08,49.8927,49.917,49.9139,49.7471,49.886,49.8742,49.8888,49.6576,49.4145,49.6658,49.6702,48.9126,49.0074,48.9285
2026-09-30T06:48:00,48.6251,48.8127,49.2372,49.3772,49.4727,49.9469,50.0333,49.9909,49.9428,49.94,50.1338,49.9542,50.1768,50.0809,49.7193,49.8163,49.8056,49.513,49.0931,48.991,48.7524
2026-09-30T06:50:00,48.8218,49.0366,49.1833,49.5452,49.7757,49.6204,49.5919,49.9533,49.9587,50.0573,49.9038,50.0383,49.8222,50.0626,50.0676,49.568,49.1861,49.3467,49.1613,49.0659,48.8118
2026-09-30T06:52:00,48.8832,49.4443,49.1577,49.3655,49.6427,49.4323,49.936,49.8087,49.7467,49.8715,50.086,50.1249,50.15,49.9687,49.7108,49.7948,49.5676,49.7745,48.935,49.2818,48.9277
2026-09-30T06:54:00,48.8736,49.0267,49.1604,49.2801,49.3472,50.019,49.962,50.0065,50.0202,49.7142,49.9722,50.0205,50.1401,49.756,49.8633,49.6789,49.5873,49.3099,49.3012,49.0553,48.5347
2026-09-30T06:56:00,48.9975,49.3732,49.1159,49.6003,49.437,49.6367,50.0883,49.9383,50.1959,50.0486,50.1686,49.9802,50.1843,50.1776,49.9274,49.6328,49.5306,49.2884,49.341,49.1245,48.7137
2026-09-30T06:58:00,48.9563,48.9601,49.5237,49.5547,49.8256,49.6123,49.678,49.6376,50.0686,49.8391,50.2214,50.0297,50.0867,49.7199,49.7395,49.748,49.6991,49.2396,49.3041,48.9247,48.9424
2026-09-30T07:00:00,48.7867,49.0043,49.3183,49.6062,49.5528,49.9044,49.6796,49.9554,49.8055,50.0409,49.8844,50.0141,50.066,49.7684,49.5665,49.6946,49.6668,49.4673,49.1168,49.1735,48.7772
2026-09-30T07:02:00,48.935,48.9163,49.3182,49.6081,49.4891,49.6766,49.9209,49.9902,50.0251,49.9895,49.7862,50.0068,49.7786,49.9239,49.478,49.9336,49.8709,49.4974,49.1245,49.0017,48.9512
2026-09-30T07:04:00,48.917,48.9427,49.4296,49.5386,49.6664,49.6661,49.8262,49.8046,49.9984,49.908,50.1928,50.0122,50.0016,49.9593,49.874,49.5062,49.7766,49.4445,49.1683,48.9018,48.7165
2026-09-30T07:06:00,48.7269,49.0477,49.1218,49.4461,49.6073,49.6148,50.1541,49.8918,50.0192,50.0216,49.9933,50.1052,50.1738,49.8979,49.697,49.7977,49.2642,49.4515,49.22,49.0921,48.5913
2026-09-30T07:08:00,48.7506,48.8907,49.1668,49.514,49.5531,49.6254,49.9975,49.9075,49.6647,49.8461,50.0736,50.0652,49.9968,49.9424,49.686,49.6969,49.4025,49.2983,49.1069,48.9132,48.7586
2026-09-30T07:10:00,48.7752,48.9178,49.4,49.3523,49.803,49.8554,49.6354,50.0298,49.7513,50.208,50.054,49.8462,49.6326,49.8372,49.6118,49.8656,49.3871,49.3808,49.307,49.0318,48.8405
2026-09-30T07:12:00,48.765,49.1362,49.0954,49.4972,49.391,49.727,49.6403,49.8625,50.0391,50.171,49.7339,49.8745,49.8077,50.0709,49.6795,49.8036,49.4912,49.1981,49.2476,48.8587,48.9071
2026-09-30T07:14:00,48.9214,49.2239,49.0808,49.6436,49.7097,49.4335,50.1343,50.1398,49.797,50.0351,49.7999,49.9665,49.9779,49.982,49.6844,49.6943,49.4284,49.467,49.3286,49.037,48.9684
2026-09-30T07:16:00,48.9101,49.0813,49.4023,49.2262,49.5608,49.4356,49.8035,49.8205,50.0727,49.9207,49.9033,49.9721,49.9306,49.9665,49.6767,49.4759,49.3303,49.5808,49.0431,48.9574,48.6344
2026-09-30T07:18:00,48.9289,48.9426,49.4123,49.3058,49.6103,49.8107,49.9498,49.7134,49.8959,49.9746,49.7271,50.0922,50.0085,49.9663,49.5999,49.726,49.6315,49.5636,49.1534,49.1274,49.0903
2026-09-30T07:20:00,48.7344,48.9659,49.183,49.1897,49.5132,49.9402,49.6693,49.8625,50.1288,50.0712,50.0332,49.9377,49.9343,49.8931,49.9095,49.7111,49.707,49.1349,49.3532,48.9492,48.8015
2026-09-30T07:22:00,48.7369,49.123,49.2143,49.5045,49.4486,49.728,49.9899,50.0572,49.8992,50.0092,49.9453,49.9704,49.9546,50.0716,49.8945,49.9163,49.7958,49.2247,49.278,48.9623,48.5611
2026-09-30T07:24:00,48.6405,48.9539,49.4799,49.4253,49.5409,49.6962,49.6976,49.918,49.939,49.7476,49.9221,50.4849,50.0459,49.8783,49.9071,49.5572,49.5821,49.5423,48.9959,48.9205,48.7418
2026-09-30T07:26:00,48.7592,48.9534,49.273,49.5631,49.6197,49.8518,49.9629,49.8052,49.9931,49.9339,50.0978,49.9376,49.9258,50.1428,49.783,49.4719,49.5868,49.4568,49.1589,49.0396,48.9512
2026-09-30T07:28:00,48.7252,49.0018,49.1294,49.462,49.5511,49.566,49.7868,50.162,49.7033,49.7866,50.0511,49.7864,50.24,49.6752,49.6185,49.6264,49.7281,49.5315,49.3174,49.0735,48.9925
2026-09-30T07:30:00,48.5354,49.0705,49.4435,49.2575,49.6169,49.8812,49.9933,49.8741,50.2267,50.0641,50.1589,49.8332,49.8435,49.7828,50.0686,49.3608,49.3015,49.5309,49.2556,48.5971,48.7442
2026-09-30T07:32:00,48.7574,49.2071,48.9544,49.3366,49.7259,49.8137,49.6759,49.8524,49.7386,50.1897,49.9397,50.1763,50.0714,49.7653,49.7894,49.7973,49.6352,49.6373,49.3979,49.0784,48.9037
2026-09-30T07:34:00,48.6996,48.9443,49.3231,49.4643,49.41,49.6918,49.6951,49.8146,50.1438,49.854,49.9084,50.0742,49.9667,49.9203,49.6019,49.7001,49.5181,49.2984,49.1545,48.9895,48.9265
2026-09-30T07:36:00,49.0778,49.0486,49.4521,49.4331,49.357,49.7133,49.9991,50.1004,49.8288,50.3177,49.898,49.887,49.8813,50.1077,49.8715,49.8376,49.2509,49.4098,49.2212,49.1349,48.7377
2026-09-30T07:38:00,48.979,48.9339,49.0354,49.1797,49.7575,49.816,49.7006,50.0583,49.9334,49.9767,49.7941,49.9147,49.9742,49.9281,49.733,49.8508,49.7835,49.3013,49.2969,48.8136,48.8667
2026-09-30T07:40:00,48.6668,49.0124,49.264,49.3838,49.7266,49.5945,49.7474,49.9463,49.9543,50.0321,49.9768,49.8785,50.0555,49.9107,49.9459,49.9005,49.5244,49.3124,49.1739,48.9416,48.5198
2026-09-30T07:42:00,49.0455,49.0952,49.5774,49.339,49.6616,49.7477,49.806,50.042,49.9607,49.985,50.0316,49.6732,49.8564,49.7939,50.0547,49.7931,49.6897,49.5112,49.2126,49.2752,48.7785
2026-09-30T07:44:00,48.6042,49.1275,49.411,49.4357,49.6294,49.8473,50.0378,49.9851,50.2037,50.0388,50.3117,49.7981,50.0975,49.9426,49.8344,49.5243,49.7323,49.393,49.0977,48.946,48.7757
2026-09-30T07:46:00,48.824,48.9062,49.1081,49.4812,49.5669,49.9932,49.7563,50.0086,50.2127,49.9684,50.1516,50.0409,49.9689,50.1328,49.6741,49.6221,49.3218,49.4038,49.3833,49.0005,48.9276
2026-09-30T07:48:00,48.6998,49.202,49.2249,49.3523,49.8136,49.7076,49.8997,49.9185,50.0625,50.0146,49.8358,50.0378,50.0299,49.9569,49.7842,49.9703,49.4721,49.4387,49.2715,48.8809,48.6375
2026-09-30T07:50:00,48.9046,49.1342,49.2611,49.1899,49.5352,49.7435,49.9064,50.0721,50.0265,50.1356,50.248,49.6606,50.1037,49.8379,49.8862,49.7389,49.4297,49.2907,49.3034,49.0108,48.9139
2026-09-30T07:52:00,48.7532,49.3454,49.2039,49.7189,49.4672,49.789,49.9783,49.7119,49.8213,50.0548,50.1734,50.1927,50.04,50.051,49.6489,49.6473,49.7838,49.3406,49.2055,48.7863,48.7808
2026-09-30T07:54:00,48.5793,49.0877,49.4514,49.4649,49.5999,49.6503,49.8948,49.7403,49.8934,50.306,49.82,49.9142,49.7588,50.0762,49.7813,49.5244,49.3949,49.5782,49.3357,49.1494,48.7975
2026-09-30T07:56:00,48.9358,49.2233,49.3342,49.1881,49.2912,49.4957,49.8523,49.6825,49.8019,49.9982,49.8788,49.8089,50.0947,49.9673,49.9256,49.8366,49.7794,49.41,49.2086,48.7785,48.7681
2026-09-30T07:58:00,48.7166,49.1812,49.3312,49.6264,49.7272,49.8728,49.8861,49.914,49.8988,49.987,49.8643,50.0456,49.9412,49.6007,49.4199,49.5959,49.5013,49.3691,49.4187,48.9378,48.6173
2026-09-30T08:00:00,48.855,49.1721,49.4688,49.266,49.5315,49.6385,50.0249,49.9921,49.955,50.0917,49.9481,49.9582,49.9464,49.8193,49.771,49.75,49.6018,49.624,49.3549,49.0163,48.4837
2026-09-30T08:02:00,48.5859,48.9543,49.1753,49.2221,49.5121,49.7142,49.7149,49.8692,49.936,49.8845,49.8734,49.9667,49.9874,49.7397,49.5122,49.5597,49.637,49.1772,49.3609,48.9403,48.8142
2026-09-30T08:04:00,48.6853,49.1072,49.235,49.4607,49.2853,49.7989,49.5631,49.8398,50.0215,49.9558,50.0667,50.0073,49.9602,49.7716,49.9467,49.8555,49.4866,49.2794,49.2562,48.9152,48.8147
2026-09-30T08:06:00,48.9115,49.1176,49.4376,49.4727,49.4145,49.5733,49.879,50.1583,49.8963,49.8526,50.1931,49.965,50.0455,50.04,49.663,49.6439,49.4838,49.4818,49.3193,48.9522,48.8737
2026-09-30T08:08:00,48.5413,49.0722,49.2753,49.4068,49.3569,49.6802,49.6505,50.0919,49.9055,49.953,49.9786,50.0587,49.9573,49.9622,49.6711,49.8501,49.4929,49.5134,49.2598,49.1738,48.784
2026-09-30T08:10:00,48.5863,48.86,49.1943,49.6017,49.5031,49.7021,49.9792,49.8068,49.9896,50.0221,49.9097,50.0148,50.0939,50.0341,49.755,50.1048,49.6116,49.3674,49.1246,48.8836,48.9096
2026-09-30T08:12:00,48.388,49.0008,49.0327,49.3823,49.5575,49.5101,49.6633,50.065,49.8685,49.9814,49.9499,50.0992,50.1181,50.0155,49.8801,49.7734,49.3951,49.5906,49.1475,48.8971,48.7413
2026-09-30T08:14:00,48.6823,49.0803,49.328,49.5866,49.5489,49.6104,49.763,49.7212,49.8426,50.2635,49.8857,49.9176,50.0349,49.9222,49.9102,49.5721,49.4119,49.5919,49.1308,49.0085,48.8242
2026-09-30T08:16:00,48.534,48.9952,49.1346,49.48,49.5184,49.3775,49.9131,49.5263,49.8883,49.8845,49.908,49.9804,50.0801,49.7633,49.7159,49.7987,49.6335,49.5071,49.2731,48.9878,48.7252
2026-09-30T08:18:00,48.7273,49.1498,49.4368,49.6854,49.4157,49.6607,49.8029,49.863,49.7873,50.2898,50.2073,49.9592,49.8823,49.8852,49.6318,49.6465,49.6715,49.6401,49.3521,49.2056,48.6454
2026-09-30T08:20:00,48.3369,49.2172,49.2525,49.3949,49.7989,49.5584,49.6673,49.7814,50.1755,50.1166,49.742,50.2173,49.9486,49.9471,49.693,49.9611,49.6247,49.5934,49.085,49.1218,48.8074
2026-09-30T08:22:00,48.7625,48.9071,49.127,49.2404,49.4682,49.6909,49.8854,49.6646,49.7991,49.8953,49.7614,49.9413,49.9087,49.8592,49.861,49.8286,49.6764,49.4461,49.3106,48.9091,48.6602
2026-09-30T08:24:00,48.8865,49.1029,49.5392,49.3742,49.4216,49.7359,49.7383,49.7593,50.141,50.2572,50.0474,49.8892,49.9829,49.8788,49.6042,49.8136,49.6118,49.5858,49.1474,49.0203,48.7782
2026-09-30T08:26:00,48.5487,49.3813,48.9282,49.2433,49.5122,49.4716,49.8632,49.8208,49.9579,50.0168,50.0062,49.9976,49.9262,49.9489,49.9197,49.6594,49.5001,49.3508,49.2723,48.9716,48.7417
2026-09-30T08:28:00,48.5806,49.3011,49.052,49.6498,49.6794,49.8442,49.8427,49.9601,49.9913,50.0707,50.1184,50.2048,49.8076,49.9606,50.0387,49.8992,49.4193,49.4559,49.2712,49.0628,48.4747
2026-09-30T08:30:00,48.9241,48.7956,49.5473,49.5066,49.5539,49.7917,49.829,49.8155,49.9392,50.0389,49.8846,50.0921,50.1144,50.0484,49.9798,49.8894,49.6716,49.6032,49.2428,49.0892,49.0076
2026-09-30T08:32:00,49.083,48.9793,49.0238,49.7253,49.7382,49.9674,49.9417,49.9296,49.8624,49.8512,50.2137,50.1339,50.0011,49.733,49.7348,49.6127,49.527,48.9954,49.2679,49.2584,48.7237
2026-09-30T08:34:00,48.8069,49.0712,49.0895,49.4777,49.4526,49.639,49.8479,49.887,49.9691,49.8569,50.1093,49.8328,50.0785,49.8248,49.6379,49.6903,49.4168,49.3377,49.2131,49.1455,48.9195
2026-09-30T08:36:00,48.8732,48.9898,49.0124,49.3824,49.5242,49.6842,49.7341,49.8186,50.0729,49.796,50.0045,50.1755,49.8424,49.7508,49.7784,49.653,49.6096,49.6134,49.2166,49.1128,48.7182
2026-09-30T08:38:00,48.7316,49.074,49.1369,49.5908,49.5117,49.6793,49.6584,49.8312,49.8082,49.9194,49.7426,49.9893,50.2109,49.6197,50.0658,49.685,49.7008,49.2667,49.5326,48.8725,48.7914
2026-09-30T08:40:00,49.0313,48.8429,48.8912,49.4038,49.4574,49.5592,49.6757,49.6785,50.1608,50.1701,49.8011,49.9746,49.8864,50.0569,49.6865,49.9418,49.5707,49.2976,49.2209,48.9436,49.136
2026-09-30T08:42:00,48.8239,48.9585,49.248,49.6323,49.4273,49.4521,50.0042,49.9847,49.8869,49.9777,50.1659,49.5851,50.1426,49.8673,49.91,49.6937,50.0292,49.3212,49.397,48.6415,48.8071
2026-09-30T08:44:00,48.9186,48.7989,48.9305,49.4275,49.7201,49.8778,49.7068,49.9447,49.7421,50.2496,49.9154,50.1794,49.9126,49.8435,50.0511,49.5706,49.7621,49.3594,49.1013,48.9033,48.9692
2026-09-30T08:46:00,48.7886,48.9755,49.0068,49.5882,49.7254,49.7487,49.9248,49.4058,49.8726,50.0124,50.016,49.903,49.9877,49.7827,49.7099,49.5134,49.5887,49.3039,49.1566,49.2357,48.7935
2026-09-30T08:48:00,48.7946,48.7978,49.1535,49.5592,49.6507,49.708,49.7816,49.9019,50.0116,49.9392,49.6269,50.2828,50.1224,49.8688,50.0196,49.5041,49.7614,49.4406,49.3652,48.9761,48.8226
2026-09-30T08:50:00,48.8876,49.1852,49.3091,49.4785,49.4791,49.9574,49.8392,49.8581,49.9033,49.8075,49.8891,49.7595,49.9825,49.8797,49.8407,49.5124,49.5046,49.3157,49.3806,48.8042,48.572
2026-09-30T08:52:00,48.9925,49.082,48.9966,49.6142,49.7917,49.8711,49.4984,49.9099,49.8221,49.9479,49.7627,50.2479,49.8479,49.9333,49.9284,49.7918,49.6295,49.3531,49.2648,48.9946,48.4587
2026-09-30T08:54:00,48.9497,48.9335,49.1534,49.3498,49.3592,49.5178,49.537,49.9619,50.1288,49.9988,49.8277,50.1835,49.9036,49.6523,49.5251,49.7267,49.784,49.3537,49.1361,48.9863,48.6719
2026-09-30T08:56:00,48.7173,49.0651,49.1227,49.5511,49.4206,49.8055,49.859,49.8332,49.9065,49.9384,50.251,49.8656,50.1293,50.0425,49.7563,49.9417,49.2102,49.4479,49.2504,49.0301,48.9246
2026-09-30T08:58:00,48.739,48.9991,49.4035,49.3936,49.4119,49.7845,49.7946,49.8064,50.0338,49.8713,49.8518,49.9478,49.9224,49.8989,49.6263,49.9569,49.6683,49.4324,49.2654,48.6517,48.9376
2026-09-30T09:00:00,48.6455,49.1025,49.0517,49.5587,49.4867,49.6671,50.0363,50.0394,49.7446,49.8822,50.0281,49.9519,50.0722,49.7883,49.5255,49.5621,49.5392,49.4931,49.3425,49.2139,48.8343
2026-09-30T09:02:00,48.7685,49.1366,49.216,49.3406,49.4968,49.8382,50.0298,50.0884,49.7111,50.1509,49.8309,49.9357,50.0389,49.6909,49.6229,49.5864,49.8202,49.5725,49.0962,49.0477,48.8193
2026-09-30T09:04:00,48.8459,48.9205,49.4472,49.3541,49.69,49.4464,49.8658,49.9128,50.1547,49.5975,50.0824,50.1091,49.9113,50.0885,50.1226,49.8313,49.6886,49.6136,49.2971,49.2115,48.8892
2026-09-30T09:06:00,48.6965,48.8696,49.4076,49.5011,49.4668,49.7033,50.0271,49.6341,49.816,50.0922,50.123,49.8116,49.802,49.9162,50.0183,49.7012,49.2188,49.5659,49.2282,48.9586,48.6252
2026-09-30T09:08:00,48.9787,49.0676,49.2921,49.464,49.6329,49.825,50.0647,49.7318,49.9401,49.9193,50.252,49.9441,49.7095,49.8873,49.6974,49.5883,49.5003,49.215,48.941,49.3202,48.7803
2026-09-30T09:10:00,48.6588,49.1209,49.4316,49.1488,49.5002,49.7415,49.6805,49.959,49.7655,49.8872,49.981,50.0516,49.9571,49.7889,49.7518,49.3816,49.8877,49.3497,49.1868,49.067,48.8849
2026-09-30T09:12:00,48.8506,48.9253,48.9821,49.3848,49.4471,49.616,49.8067,49.9271,50.145,49.9648,49.7396,50.0747,50.0901,49.6438,49.8979,49.7269,49.4852,49.4365,49.2892,49.1156,48.9711
2026-09-30T09:14:00,48.7968,49.0257,49.5935,49.25,49.5255,49.6454,49.9221,50.057,49.7521,50.1717,49.8201,50.3787,49.85,50.0567,49.7665,49.8054,49.4543,49.4307,49.2343,49.0407,48.9182
2026-09-30T09:16:00,48.7326,48.9782,49.0332,49.39,49.493,49.8317,49.9077,49.7822,50.0174,50.1843,49.9674,49.8107,50.3207,49.9742,49.9127,50.0752,49.4471,49.4569,48.9463,49.101,48.8585
2026-09-30T09:18:00,48.6814,48.899,49.2046,49.3764,49.8049,49.6624,49.7832,49.8646,49.7108,49.9138,49.7959,50.006,49.6215,49.722,49.8451,49.3834,49.3328,49.5603,49.0308,49.0254,48.845
2026-09-30T09:20:00,48.6394,48.7731,49.4602,49.327,49.6444,49.5846,49.8615,49.6935,49.7442,49.8296,49.9044,49.8923,49.9011,49.9557,49.7261,49.8391,49.4671,49.5102,49.4277,49.2882,48.5001
2026-09-30T09:22:00,49.0578,48.7616,49.4438,49.4088,49.6195,49.5567,49.9472,49.9938,49.8677,49.8942,50.1276,50.1419,50.0663,49.8337,49.8074,49.8399,49.6927,49.5804,49.2524,48.9214,48.8425
2026-09-30T09:24:00,48.867,48.9472,49.2984,49.2853,49.6057,49.6083,50.1248,50.0699,49.9905,49.7899,49.8146,50.0919,49.9284,49.9373,49.5705,49.4732,49.5843,49.3798,49.031,48.907,48.9168
2026-09-30T09:26:00,48.7338,49.1133,49.479,49.4617,49.5863,49.6097,49.9897,49.6743,49.7862,49.9843,49.7779,50.1342,49.8573,49.9704,49.7606,49.6612,49.5691,49.1165,49.0677,48.956,49.1322
2026-09-30T09:28:00,48.9211,49.1355,49.0752,49.5449,49.7538,49.8118,50.2007,49.6887,49.7895,49.9474,49.8525,49.9946,50.029,49.8889,49.822,49.7596,49.683,49.3118,49.1304,49.2057,48.7478
2026-09-30T09:30:00,48.6738,49.0692,49.1778,49.4285,49.557,49.7934,49.9438,49.7661,49.7682,50.2259,49.8957,49.7537,49.6658,49.8849,49.7097,49.4236,49.4241,49.2513,49.3796,49.0614,48.7963
2026-09-30T09:32:00,48.6074,48.9988,49.3293,49.4337,49.7243,49.7095,49.9096,49.9583,49.8647,50.1863,50.052,50.1094,49.79,49.7268,49.7787,49.5769,49.6586,49.471,49.4135,49.114,48.6282
2026-09-30T09:34:00,48.9399,48.9282,49.1196,49.419,49.5643,49.8532,50.2296,49.9532,50.1678,49.954,50.0482,49.9081,49.8862,50.091,49.8736,49.7645,49.4456,49.6658,49.203,48.9282,48.7948
2026-09-30T09:36:00,48.8986,49.1379,49.45,49.2508,49.5013,49.9315,50.1463,49.7957,49.9354,49.7544,49.8746,49.8536,49.9345,49.7116,49.9453,49.6894,49.5281,49.5479,49.1901,48.8403,48.8021
2026-09-30T09:38:00,49.123,49.041,49.3084,49.3806,49.5332,49.7736,49.4103,49.7045,49.8611,49.9458,50.2156,50.3532,50.0445,49.9497,49.9082,49.9236,49.4189,49.3365,49.2533,49.0707,48.514
2026-09-30T09:40:00,48.8624,48.7883,49.3446,49.5367,49.2277,49.7733,49.8354,49.7976,50.0923,50.2856,50.0723,49.8224,49.7342,49.715,49.6537,49.8659,49.6089,49.4058,49.3603,49.0286,48.803
2026-09-30T09:42:00,48.6719,48.9326,49.2343,49.2349,49.8141,49.7162,49.7237,50.0356,49.7914,50.1439,50.0104,50.2671,49.8675,49.8303,49.6795,49.5111,49.6031,49.2513,49.2773,48.93,48.9552
2026-09-30T09:44:00,48.416,49.0878,49.2365,49.4096,49.4708,49.9587,49.744,49.953,49.91,49.9315,50.0104,50.0862,49.7824,49.8189,49.5946,49.7567,49.4376,49.2977,49.3264,49.0233,48.8576
2026-09-30T09:46:00,48.776,49.0862,49.242,49.2422,49.5967,49.6455,49.7691,49.9308,49.8666,49.8265,50.1738,50.2601,49.8974,50.0606,49.8626,49.6009,49.4399,49.367,49.1647,48.9752,48.7784
2026-09-30T09:48:00,48.6278,49.1542,49.0599,49.249,49.7031,49.8107,50.0226,49.9093,49.8526,50.1563,49.9827,49.9663,49.8221,49.9492,49.4509,49.7757,49.2654,49.5395,48.9959,49.1268,49.167
2026-09-30T09:50:00,48.7553,48.8503,49.5199,49.3429,49.3982,49.8849,49.3789,49.6668,49.7519,49.8808,49.6936,50.1083,50.1022,49.8805,49.7429,49.4625,49.635,49.3038,49.3211,49.1778,48.8038
2026-09-30T09:52:00,48.48,48.8845,49.4336,49.4502,49.778,49.3618,49.7882,49.8627,49.7054,49.8884,50.1438,50.0663,49.8688,49.9381,49.984,49.5353,49.6091,49.5658,49.1259,49.2206,48.7838
2026-09-30T09:54:00,48.9638,49.1639,49.2691,49.3657,49.4671,49.723,49.8371,50.1002,49.9367,50.0386,50.2505,50.0342,50.0183,50.1311,49.8195,49.7577,49.6791,49.3922,49.0628,48.8063,48.7674
2026-09-30T09:56:00,48.9665,49.1752,49.4742,49.5457,49.4685,49.4795,49.7283,49.85,49.8383,50.1241,49.8789,50.0728,50.067,49.6287,49.7423,49.8861,49.6922,49.428,49.0636,48.9203,48.8107
2026-09-30T09:58:00,48.9868,49.0995,49.2166,49.4446,49.6823,49.4347,49.6571,49.8942,50.1309,50.1474,49.8806,49.9891,49.8384,49.8309,49.827,49.6431,49.4817,49.2347,48.9918,48.9965,48.826
2026-09-30T10:00:00,48.8898,48.9027,49.1208,49.5983,49.6275,49.8297,49.72,49.782,49.7766,50.1335,49.827,49.7259,49.8369,50.0786,49.8092,49.7321,49.5825,49.4022,49.204,48.815,49.0461
2026-09-30T10:02:00,48.7742,49.2065,48.9951,49.49,49.3883,49.5036,49.8448,50.0432,50.1537,50.1842,49.9563,50.1024,49.8595,49.8081,49.8414,49.6793,49.692,49.1349,49.399,48.938,49.0181
2026-09-30T10:04:00,48.9683,48.8528,49.2217,49.5106,49.4467,49.5863,49.7597,50.0007,50.0851,49.9222,50.1212,50.2057,50.087,49.78,49.6798,49.7402,49.6883,49.4737,49.1722,48.8871,48.9873
2026-09-30T10:06:00,48.7755,49.3044,49.0587,49.3606,49.4703,49.9732,49.9907,49.8164,49.6627,50.1583,50.0179,49.8182,49.7264,49.9502,49.7759,49.7201,49.6255,49.3554,49.19,49.1251,48.7823
2026-09-30T10:08:00,48.7574,49.1222,48.936,49.5961,49.6333,49.585,49.7808,50.0742,50.0336,49.7221,49.848,50.0145,50.2173,50.0052,49.778,49.7857,49.57,49.3666,49.2885,48.7093,48.9502
2026-09-30T10:10:00,48.8797,48.9623,49.1045,49.2322,49.6084,49.722,49.8342,50.1466,49.6243,49.8807,49.8848,50.129,49.9146,49.7517,49.8389,49.7604,49.8078,49.4499,49.1666,48.9533,48.6792
2026-09-30T10:12:00,48.8727,49.1496,49.1984,49.3919,49.7732,49.7151,49.8822,49.7307,49.862,49.6702,49.7967,50.0429,50.1375,49.8524,49.6305,49.7139,49.7383,49.3878,49.3688,49.0187,48.617
2026-09-30T10:14:00,48.6652,48.99,49.5716,49.4991,49.5327,49.7433,49.8398,49.8263,49.9365,49.9503,50.1106,50.2202,50.1497,49.8448,49.8906,49.5925,49.4057,49.4235,49.3229,49.019,48.9234
2026-09-30T10:16:00,48.9235,49.141,49.2094,49.2099,49.8362,49.6295,49.9173,49.9647,49.9008,50.2601,50.1007,49.9864,49.8903,49.7485,49.6202,49.7853,49.5029,49.345,49.3075,48.9767,48.8972
2026-09-30T10:18:00,48.7053,48.9512,49.3687,49.3112,49.6591,49.7755,49.8095,49.6467,49.7579,49.8259,49.8092,50.1162,49.8231,49.7082,49.733,49.6857,49.3207,49.5018,49.3393,48.9398,48.9198
2026-09-30T10:20:00,48.5697,48.9462,49.2078,49.4224,49.7381,49.6511,49.6584,49.9238,49.9749,50.0542,49.9505,50.0134,49.8675,49.9752,49.71,49.6082,49.7403,49.2994,49.2324,49.1117,48.7528
2026-09-30T10:22:00,48.9335,48.942,49.3826,49.1817,49.368,49.7096,50.0188,50.1298,49.8249,49.9833,49.9271,49.6715,50.0586,49.8363,50.0098,49.7408,49.4893,49.3097,49.2039,49.0947,48.7274
2026-09-30T10:24:00,49.2135,49.0584,49.064,49.4236,49.7366,49.7631,49.7588,49.7939,49.8352,49.813,49.9236,50.0264,49.8682,50.1317,49.8633,49.6343,49.5628,49.628,48.9803,49.0627,49.195
2026-09-30T10:26:00,48.9475,48.8942,49.2501,49.3769,49.9784,49.6005,49.7674,49.8429,49.7414,49.5008,49.9646,50.0636,49.8878,49.9646,49.9188,49.8027,49.3171,49.6343,49.3585,49.1462,48.8011
2026-09-30T10:28:00,48.7992,48.9476,49.2937,49.548,49.4834,49.8205,49.7389,49.9793,49.9302,50.1146,50.2844,50.0212,49.8791,49.8287,49.8998,49.6267,49.7124,49.4558,49.3656,48.9464,48.6586
2026-09-30T10:30:00,48.6899,49.0867,49.1159,49.5146,49.2642,49.6016,49.7837,49.622,49.8618,49.7669,49.9897,49.9524,50.0618,49.7679,49.5675,49.6198,49.5874,49.4262,49.2572,49.2086,48.7478
2026-09-30T10:32:00,48.7691,48.9035,49.1449,49.5667,49.6219,49.3141,49.9868,49.5984,49.8919,50.1323,50.02,50.0712,50.0811,49.9369,49.623,49.7553,49.4658,49.0556,49.1897,49.11,48.8186
2026-09-30T10:34:00,48.8022,49.2858,49.2733,49.5481,49.6176,49.9443,49.7547,50.0676,50.2224,49.9341,50.1561,49.7891,50.0003,50.0024,49.6868,49.4366,49.5771,49.3654,49.2614,49.0734,48.9253
2026-09-30T10:36:00,49.0333,49.0942,49.0082,49.514,49.6281,49.7242,50.0449,49.9339,49.9021,50.0597,49.7667,50.1327,49.9643,50.1452,49.9128,49.7591,49.5994,49.2411,49.2241,49.0761,48.9496
2026-09-30T10:38:00,48.868,49.135,49.3378,49.3385,49.6175,49.6727,49.6277,49.6736,50.0791,50.2049,50.2151,49.8676,50.1788,50.1275,49.701,49.7773,49.8257,49.4311,49.4125,48.942,48.7556
2026-09-30T10:40:00,48.9354,49.0094,49.2566,49.4316,49.4227,49.9262,49.7937,49.8494,49.8919,50.0033,49.8682,50.1217,49.9075,50.0147,49.6843,49.5553,49.4376,49.4515,49.0424,49.1578,48.7567
2026-09-30T10:42:00,48.9379,48.9769,49.3572,49.2656,49.4108,49.7927,49.7317,50.0535,49.8545,50.0684,49.8838,49.7355,50.1684,49.8659,49.9561,49.7308,49.3191,49.4749,49.3963,49.2234,49.0466
2026-09-30T10:44:00,48.8622,49.017,49.2465,49.244,49.6809,49.8111,49.8636,49.7816,50.0512,49.9104,50.1883,49.902,49.8778,49.8484,49.6591,49.5711,49.5297,49.0514,49.5313,49.0865,48.8464
2026-09-30T10:46:00,48.6726,49.0595,49.2337,49.4293,49.3517,49.6854,49.5308,49.8653,49.823,49.9004,49.9543,50.1149,50.1353,49.8987,49.6505,49.9226,49.3619,49.3322,49.2022,48.9205,48.9996
2026-09-30T10:48:00,48.8616,49.1896,49.1897,49.5427,49.5471,49.6798,49.854,49.9516,50.0383,49.9577,49.7785,49.942,49.5549,49.8504,49.6881,49.8227,49.166,49.7102,49.1816,48.7917,48.8634
2026-09-30T10:50:00,48.8729,49.0916,49.5563,49.2889,49.612,49.7225,49.7071,49.9354,50.1395,49.8617,50.0672,50.1378,50.0493,49.6545,49.8503,49.6427,49.7504,49.3934,49.5241,48.845,48.8745
2026-09-30T10:52:00,48.67,49.292,49.4658,49.2748,49.6803,49.694,49.5667,49.737,49.9669,50.0649,49.9445,50.032,49.9988,49.9349,49.6321,49.7207,49.6474,49.1904,49.4612,49.2451,48.8244
2026-09-30T10:54:00,49.1109,48.9088,49.0916,49.3196,49.4618,49.9748,49.8155,49.8839,50.0066,50.2249,50.0254,49.9323,49.9928,50.0797,49.7783,49.9105,49.6141,49.3863,49.3058,49.3223,48.7644
2026-09-30T10:56:00,49.0053,49.1126,49.2561,49.4203,49.6905,49.7922,49.864,49.9905,49.8249,49.8919,49.8523,49.9376,49.9215,49.8381,49.8879,49.5604,49.5328,49.5412,49.4824,49.0367,48.9787
2026-09-30T10:58:00,49.004,48.8782,49.2687,49.2577,49.5113,49.7611,49.6213,49.9715,49.932,49.9529,50.0799,49.867,49.7022,49.8969,49.7021,49.6711,49.4058,49.2738,49.0803,48.839,48.6798
2026-09-30T11:00:00,48.6841,49.0319,49.699,49.3205,49.3332,49.785,49.6255,49.7598,49.9007,49.9933,50.0095,50.0229,49.9336,50.054,49.9305,49.6186,49.5351,49.211,49.3278,48.996,49.0788
2026-09-30T11:02:00,48.6984,49.2496,49.0952,49.1628,49.4401,49.7485,49.9557,49.7614,50.0922,49.9092,49.9224,49.9416,50.1926,49.9165,49.8506,49.4758,49.5901,49.4506,49.4693,48.8978,48.6939
2026-09-30T11:04:00,48.6627,48.9299,49.328,49.2924,49.7526,49.7021,49.6712,49.7935,49.7475,49.772,50.1658,50.1139,49.8045,49.8224,50.04,49.59,49.5969,49.4828,49.1989,48.9965,48.7464
2026-09-30T11:06:00,48.8133,48.7945,49.2348,49.4344,49.369,49.7619,49.6667,49.5022,49.6626,49.9974,50.0775,49.9202,49.7334,49.863,49.9374,49.6879,49.3466,49.4751,49.1969,48.9968,48.8033
2026-09-30T11:08:00,48.8767,49.0063,49.0848,49.3899,49.5818,49.8674,49.6222,49.8657,49.8173,50.0215,49.9139,49.5298,50.0858,49.7886,49.6414,49.4724,49.4049,49.2153,49.2043,49.043,48.7822
2026-09-30T11:10:00,48.8462,48.8994,49.3142,49.3902,49.6267,49.7838,49.7476,50.0677,50.063,49.9217,50.252,50.2262,49.7206,49.5562,49.7111,49.7623,49.6994,49.5035,49.2244,49.1643,48.8991
2026-09-30T11:12:00,48.7304,49.0497,49.3827,49.3133,49.471,49.5726,50.0172,49.9856,50.071,49.9289,49.9914,50.1613,49.9067,50.0609,49.8007,49.6923,49.6449,49.5335,49.4847,48.9734,49.0429
2026-09-30T11:14:00,48.6849,48.8985,48.9013,49.5313,49.7809,49.5211,49.7571,49.8509,49.7212,49.9948,50.0405,49.9115,49.7996,49.9083,49.8919,49.4901,49.5503,49.4908,48.819,49.0722,49.0483
2026-09-30T11:16:00,48.6092,49.2163,49.186,49.4976,49.5418,49.53,49.5546,50.2385,49.7534,49.9456,50.2062,50.0299,49.9751,49.5946,49.715,49.5026,49.3028,49.4628,49.3514,48.9128,48.7024
2026-09-30T11:18:00,48.8608,49.1547,49.075,49.5813,49.7032,49.6984,49.6429,49.9729,50.051,50.2437,49.9097,50.2183,49.8981,49.9672,49.7894,49.7102,49.7814,49.3096,49.3517,48.9865,48.7926
2026-09-30T11:20:00,48.6928,49.0553,48.9369,49.3719,49.7147,49.8217,49.5674,49.7252,49.8894,50.2617,49.9353,49.9849,49.9141,49.935,49.6723,49.7365,49.6365,49.564,49.1007,49.1594,49.0819
2026-09-30T11:22:00,48.915,49.1277,48.8705,49.6082,49.8495,49.8789,49.8816,50.0135,50.3945,49.8819,49.9395,50.1499,49.989,49.5717,49.8402,49.7505,49.429,49.4674,49.2676,48.7605,48.8755
2026-09-30T11:24:00,49.1179,49.2861,49.0634,49.2152,49.5761,49.7409,49.6086,49.7812,50.153,50.0233,50.1533,49.9824,50.1036,49.8124,49.7302,49.558,49.282,49.3521,49.0294,48.9572,48.8201
2026-09-30T11:26:00,48.8245,49.0852,49.1721,49.4021,49.7386,49.6756,49.8106,49.526,49.7861,50.1494,49.8694,49.8259,50.0943,49.7074,49.9536,49.6831,49.4724,49.1042,49.4275,48.7546,48.6139
2026-09-30T11:28:00,48.9149,48.8402,49.305,49.4037,49.5246,49.5392,49.7065,49.9301,49.8025,50.0792,50.0327,50.0658,49.9835,49.9729,49.8617,49.8202,49.6212,49.457,49.092,48.7673,48.8044
2026-09-30T11:30:00,48.9399,48.886,48.9916,49.3271,49.6185,49.8243,49.7567,49.713,49.9395,50.0862,49.9887,50.1356,49.8735,50.0187,50.049,49.5481,49.435,49.5056,49.6944,49.1004,48.7928
2026-09-30T11:32:00,48.9921,49.0079,48.9874,49.2664,49.7661,49.4457,49.5923,50.0111,49.971,50.1653,49.8386,49.8751,49.8969,49.7042,49.7699,49.6712,49.6941,49.3958,49.169,49.0987,48.9622
2026-09-30T11:34:00,48.9521,49.0662,49.172,49.3382,49.3695,49.707,49.8011,50.1349,49.9813,50.0963,50.1923,49.7056,49.8523,49.8536,49.8227,49.5273,49.6931,49.5441,49.3039,49.1266,48.6327
2026-09-30T11:36:00,48.9666,48.9335,48.9469,49.4273,49.628,49.5946,49.5572,49.7169,49.9261,49.6054,50.1503,50.1344,49.9219,50.047,49.7802,49.527,49.6593,49.4926,49.0901,48.8138,48.6497
2026-09-30T11:38:00,48.9714,48.9792,49.649,49.3104,49.6551,49.7448,49.7712,50.0137,49.8205,49.9764,49.8211,49.658,49.959,49.7173,49.6098,49.7837,49.5403,49.4664,49.4875,49.0516,48.8645
2026-09-30T11:40:00,48.6184,49.1501,49.3564,49.2517,49.6631,49.7447,49.7729,49.9017,50.3116,49.8882,49.9471,50.0003,49.922,49.6158,49.9021,49.8351,49.8244,49.3247,49.0403,49.1233,48.6433
2026-09-30T11:42:00,48.7968,48.9646,49.2576,49.3423,49.67,49.5594,50.1624,50.0062,49.8555,49.8407,49.9693,49.915,49.8255,50.0986,49.9511,49.5351,49.6494,49.4117,49.3451,48.9265,49.1171
2026-09-30T11:44:00,48.8093,49.3249,49.1589,49.6121,49.5497,49.9479,49.7788,49.7301,49.7889,49.8908,50.0888,50.0424,49.968,50.0495,50.052,49.5477,49.7172,49.7575,49.1378,48.9416,48.8593
2026-09-30T11:46:00,48.8331,48.9461,49.2201,49.6521,49.7041,49.5777,49.5507,49.725,49.9779,49.8691,49.8727,50.0951,49.9084,49.8337,49.8392,49.9166,49.6131,49.5146,49.2434,49.2595,48.6152
2026-09-30T11:48:00,48.631,48.951,49.5352,49.6428,49.4025,49.6306,49.8898,49.9018,50.0845,49.9138,49.7512,50.0802,50.1391,49.6613,49.5262,49.6318,49.2876,49.4761,49.058,49.1389,48.7483
2026-09-30T11:50:00,48.8197,49.127,49.2014,49.2598,49.7051,49.4794,50.019,49.8006,49.8728,50.0472,50.0626,50.0639,49.7319,49.7599,49.8594,49.7558,49.5542,49.6061,49.2056,49.1692,48.9628
2026-09-30T11:52:00,48.8523,48.9993,49.3431,49.4794,49.6612,49.5707,49.8784,50.1313,49.9101,50.0093,49.9649,50.1207,49.644,50.1319,49.8855,49.667,49.6099,49.5816,49.2886,49.1295,48.981
2026-09-30T11:54:00,48.8267,49.1403,49.454,49.4976,49.4769,49.8171,50.1143,49.8463,50.0217,50.054,50.1341,49.9288,49.9511,50.1859,49.9136,49.61,49.688,49.4237,49.4637,48.7901,48.8173
2026-09-30T11:56:00,48.9488,48.8414,49.1233,49.4854,49.5761,49.6575,49.8563,49.6877,49.8297,50.2483,49.9066,50.0557,49.9468,50.0226,49.8597,49.7628,49.744,49.4628,48.9818,48.9326,49.0148
2026-09-30T11:58:00,48.9605,48.9964,48.9986,49.3088,49.88,49.8808,49.9923,49.6553,49.7533,49.9031,49.8014,50.0073,49.7925,49.965,49.7775,49.6194,49.6674,49.481,49.2539,48.9764,48.7951
2026-09-30T12:00:00,48.5167,48.7398,49.134,49.4348,49.8316,49.7611,49.6638,49.8222,49.7669,49.9837,49.9887,49.9845,49.9942,50.0481,49.9113,49.531,49.6949,49.264,49.2906,49.0442,49.0508
2026-09-30T12:02:00,48.7872,49.016,49.1936,49.5415,49.6162,49.663,49.9337,50.2059,50.1951,50.2125,49.9236,49.9772,49.9789,49.6432,50.0654,49.4906,49.6303,49.2327,49.2537,49.1534,48.8804
2026-09-30T12:04:00,48.6764,48.9354,49.3725,49.4059,49.5887,49.8419,49.4404,49.9333,50.1419,50.2549,50.1049,49.8835,50.0984,50.1722,49.7177,49.5975,49.5498,49.3552,48.935,48.6831,48.6108
2026-09-30T12:06:00,48.7107,49.0959,49.158,49.4419,49.7734,50.1452,49.9409,49.7517,50.1023,49.9912,50.0542,50.1337,50.0698,49.7021,49.6434,49.7429,49.6753,49.7259,49.324,48.9775,48.7316
2026-09-30T12:08:00,48.6984,48.84,49.0428,49.3335,49.5852,49.5896,49.8129,49.8534,49.9211,49.9266,50.0452,49.9932,49.5647,49.9336,49.8261,49.6127,49.5955,49.3122,49.2524,48.9017,48.9027
2026-09-30T12:10:00,48.8536,48.817,49.1314,49.5176,49.63,49.7227,49.6435,49.7941,49.9781,50.0336,49.9998,49.8679,49.9204,49.8212,49.6391,49.5404,49.4509,49.1931,49.3027,49.1426,48.9318
2026-09-30T12:12:00,48.6872,48.919,49.2699,49.3447,49.5234,49.6553,49.573,50.0792,49.7424,49.758,50.119,49.8281,50.1098,49.9428,49.8608,49.6448,49.3613,49.2387,49.2475,49.0126,48.6235
2026-09-30T12:14:00,48.6333,48.9014,49.2232,49.4765,49.7003,49.6459,50.0178,49.9973,50.1682,49.8602,50.0849,50.1471,49.6934,50.027,49.8685,49.8344,49.5933,49.5795,49.1706,48.9523,48.9051
2026-09-30T12:16:00,48.9056,48.8322,49.4074,49.5835,49.7181,49.5942,49.992,49.9676,50.0872,49.9807,49.9377,49.8857,49.8631,50.0229,49.6959,49.6106,49.6161,49.374,48.9339,48.9327,48.7476
2026-09-30T12:18:00,49.0343,49.1251,49.087,49.2521,49.5019,49.7331,49.6948,49.9554,49.7479,50.036,50.1731,49.6019,49.9479,49.9289,49.8734,49.7146,49.5585,49.4532,49.248,49.0412,49.0289
2026-09-30T12:20:00,48.9489,49.1622,49.1402,49.3415,49.7215,49.5478,49.956,49.6966,50.2606,50.1681,49.9205,49.9211,49.6558,49.8848,49.9807,49.7885,49.5303,49.7091,49.3123,49.0879,48.757
2026-09-30T12:22:00,48.8846,49.408,49.2974,49.1703,49.5997,49.9776,49.9808,49.8173,50.0027,49.7742,50.0928,49.8608,49.875,49.8097,49.7042,49.9459,49.7823,49.3704,49.246,49.2724,48.7584
2026-09-30T12:24:00,48.7354,48.905,49.4583,49.4358,49.5693,49.6387,49.6758,50.0302,49.8396,49.9122,49.7559,49.8281,49.8768,49.8205,49.5877,49.6102,49.5472,49.0308,49.3155,48.9869,48.6038
2026-09-30T12:26:00,48.759,49.0907,49.2297,49.4165,49.5681,49.7927,49.609,49.8048,50.0058,49.9901,49.8439,49.945,49.8487,49.8929,49.5653,49.4624,49.3564,49.3902,49.5882,49.168,48.975
2026-09-30T12:28:00,48.799,49.2564,49.281,49.4191,49.7228,49.521,49.4874,49.7164,50.1534,50.1155,50.0244,49.9507,49.9242,49.9455,49.6798,49.8091,49.4238,49.6043,49.18,48.8908,48.7551
2026-09-30T12:30:00,48.662,49.0054,48.9663,49.3371,49.5756,49.7525,49.748,50.0646,49.7025,49.9527,49.9258,49.9832,49.9101,50.0896,49.8037,49.5613,49.9268,49.4139,49.2048,49.1532,48.7093
2026-09-30T12:32:00,48.7633,49.1499,49.0555,49.3421,49.7012,49.9581,49.7924,49.8727,50.1068,49.7687,49.8947,49.8683,49.6481,49.465,49.7446,49.8286,49.6612,49.5925,48.8294,49.0026,48.9907
2026-09-30T12:34:00,48.6692,48.8338,49.2788,49.4099,49.6571,49.6952,49.9856,49.9895,49.9857,49.9292,50.0995,49.8874,50.0885,50.0566,49.9428,49.5099,49.6291,49.4629,49.3563,48.7971,48.709
2026-09-30T12:36:00,48.7855,49.2289,49.1415,49.5398,49.5865,49.98,49.8528,49.6532,49.9084,50.0227,50.183,50.0824,49.908,49.7039,49.8102,49.6796,49.7605,49.5456,49.0239,48.6853,48.7369
2026-09-30T12:38:00,48.8372,48.8831,49.1536,49.5839,49.6738,49.4444,49.8567,49.9131,49.92,50.0687,50.0838,50.351,49.9836,49.7826,49.7326,49.8035,49.8499,49.4993,49.3091,49.0655,48.7327
2026-09-30T12:40:00,48.8093,48.8483,49.34,49.48,49.5933,49.5723,49.768,49.8063,49.9953,49.9445,50.0518,50.1235,50.1371,49.7403,49.7577,49.538,49.7503,49.2861,49.4292,48.9532,48.95
2026-09-30T12:42:00,48.7194,48.9942,49.2494,49.4243,49.5456,49.7973,49.9831,50.0179,49.8806,49.7152,50.0159,49.5705,50.0503,49.9827,49.6288,49.785,49.4703,49.5975,49.119,48.9051,48.7034
2026-09-30T12:44:00,48.8346,48.8751,49.5628,49.357,49.8249,49.6577,49.7611,49.7874,49.84,50.052,50.1756,50.0034,49.8206,49.9229,49.6916,49.306,49.5861,49.1552,49.1387,49.0355,48.7407
2026-09-30T12:46:00,48.7611,49.255,49.3721,49.6343,49.599,49.733,50.0671,49.7999,50.0005,50.0073,50.0427,50.0753,49.9693,50.0106,49.6836,49.7724,49.4147,49.5695,49.3752,48.9968,48.7246
2026-09-30T12:48:00,48.795,49.1079,49.0094,49.2637,49.7041,49.6671,49.6184,49.565,49.8853,49.7294,50.0163,49.9737,50.2182,49.7063,49.8981,49.5219,49.4139,49.3783,49.1049,49.2904,48.7884
2026-09-30T12:50:00,48.6863,49.3616,49.1117,49.3531,49.5328,49.5819,49.8913,50.0611,49.7588,49.9117,49.9394,49.7782,49.7539,49.8317,49.6703,49.739,49.6807,49.4323,49.2667,48.887,48.7053
2026-09-30T12:52:00,48.8494,49.1039,49.2118,49.4836,49.5241,49.523,49.8454,49.8227,49.697,50.1022,50.0478,50.0857,49.8756,50.0993,49.8696,49.8338,49.4654,49.3589,49.41,49.0163,48.7956
2026-09-30T12:54:00,49.008,49.1876,49.2575,49.6804,49.3452,49.6831,49.7208,50.0976,50.1728,49.9115,50.014,50.1166,50.0205,49.9236,49.9452,49.9741,49.5791,49.2465,49.2102,49.0165,48.7395
2026-09-30T12:56:00,48.8948,49.1276,49.3566,49.475,49.5999,49.5472,49.7532,49.7627,49.9926,49.9655,49.9888,50.0579,49.9044,50.0395,49.9526,49.5593,49.7502,49.3582,49.1228,48.9775,48.6128
2026-09-30T12:58:00,48.8431,49.195,49.0097,49.4675,49.6459,49.7888,49.8946,49.9488,49.8799,50.11,50.0422,50.0964,49.9911,49.8493,49.796,49.7815,49.7111,49.1336,49.0439,48.7894,48.7186
2026-09-30T13:00:00,48.6988,49.0507,49.1829,49.5964,49.4743,49.5928,49.6848,49.8433,49.9692,49.9129,49.862,49.7871,49.9719,49.8074,49.6613,49.655,49.6089,49.6977,49.4574,48.8945,48.7292
2026-09-30T13:02:00,48.5144,48.7413,48.9616,49.535,49.5393,49.4833,49.7049,49.8129,49.8502,50.1898,49.7171,49.9157,49.9795,49.953,49.4898,49.7189,49.3806,49.3219,48.9975,49.1304,49.2369
2026-09-30T13:04:00,48.937,48.9779,48.974,49.529,49.7317,49.5355,49.9353,49.6286,49.7624,50.0016,49.7938,50.089,50.1491,49.8943,49.8718,49.9224,49.6359,49.5931,49.4314,48.873,49.1079
2026-09-30T13:06:00,48.9646,49.0459,49.3461,49.4541,49.5979,49.5546,49.7478,49.8419,50.1049,50.0542,50.0561,49.9698,50.1304,49.5406,49.6764,49.8341,49.5074,49.5022,49.4569,49.1409,48.5884
2026-09-30T13:08:00,48.7662,48.8623,49.2982,49.5587,49.5325,49.7718,49.7781,50.165,49.9697,50.0198,50.0797,50.1378,50.0503,49.8872,49.8152,49.772,49.6516,49.358,49.1492,48.994,48.8657
2026-09-30T13:10:00,48.736,48.8737,49.1841,49.3418,49.6542,49.6265,49.7497,50.1589,50.0156,49.8562,50.1713,49.936,49.8365,49.9844,49.6071,49.6908,49.6482,49.5185,49.1572,48.9571,48.7883
2026-09-30T13:12:00,48.9728,48.7729,49.3491,49.455,49.7631,49.541,49.9725,49.7691,49.9953,49.9327,49.6511,49.9804,50.0085,50.0155,49.7191,49.5347,49.6695,49.362,49.3818,49.2317,48.7679
2026-09-30T13:14:00,48.7768,48.9263,48.9444,49.4122,49.6727,49.8523,49.8063,50.1568,49.8788,49.9861,49.9241,49.9267,49.9141,49.7955,49.7498,49.7419,49.5855,49.2649,49.3061,48.9134,48.8669
2026-09-30T13:16:00,48.8122,48.7563,49.0863,49.5494,49.4783,49.6085,49.7481,49.9102,50.0362,49.9482,50.243,49.9089,49.8879,49.8681,49.8342,49.9109,49.9055,49.3659,49.2103,49.1209,48.7853
2026-09-30T13:18:00,48.9255,48.8788,49.3564,49.1026,49.6456,49.7981,50.166,49.7641,50.0538,50.0833,49.8674,50.0271,49.8332,49.7273,49.5937,49.6706,49.419,49.1161,49.2748,48.7836,48.9011
2026-09-30T13:20:00,48.8363,48.9107,49.0053,49.2823,49.3748,49.6462,49.7559,50.2488,49.6509,49.9033,50.081,50.137,50.1462,49.7507,49.9247,49.2838,49.5359,49.536,49.3352,48.8241,48.68
2026-09-30T13:22:00,48.4875,48.92,49.032,49.4515,49.4577,49.7867,49.7915,49.8431,50.2081,50.1574,49.8073,50.1888,50.0625,50.0848,49.8733,49.438,49.5128,49.0573,49.0275,48.9259,48.9846
2026-09-30T13:24:00,48.8054,49.0591,49.3391,49.2793,49.7285,49.7316,49.667,49.8075,49.9157,50.0759,50.2071,49.9421,49.9185,50.1542,50.2742,49.9628,49.5953,49.3586,49.331,49.0716,48.6832
2026-09-30T13:26:00,48.998,49.3985,49.1078,49.2955,49.4927,49.5139,49.9325,49.6802,50.0488,50.0452,50.1087,49.7696,49.9726,49.9314,49.9371,49.7543,49.4817,49.5789,49.4348,49.2259,48.6897
2026-09-30T13:28:00,48.8768,48.8929,49.2061,49.5222,49.3562,50.1084,50.0065,49.7782,49.8675,49.9763,49.9785,49.8088,49.9315,49.6633,49.7161,49.9635,49.5578,49.3541,49.4633,49.0743,48.8917
2026-09-30T13:30:00,48.715,49.1893,49.1826,49.5408,49.6623,49.9549,49.9858,49.8888,49.7947,49.9428,49.8971,50.2139,49.8855,49.552,49.864,49.82,49.4315,49.5175,49.0354,49.0635,48.7755
2026-09-30T13:32:00,48.8457,49.09,49.1314,49.531,49.493,49.7169,50.0618,49.7544,49.9623,50.2249,50.1863,49.8861,49.8592,49.9728,49.7099,49.7101,49.3641,49.5056,48.9923,49.047,48.9035
2026-09-30T13:34:00,48.6996,48.7933,49.0418,49.1258,49.8338,49.4121,49.6713,49.9399,49.9585,50.1404,50.1954,50.0542,49.9415,49.807,49.7797,49.8403,49.6584,49.5045,48.9805,48.9127,48.6964
2026-09-30T13:36:00,48.7179,48.8687,49.3329,49.5696,49.839,49.6206,49.8608,49.9052,49.95,49.8617,50.1187,49.6847,49.8792,49.6061,49.9013,49.4908,49.3941,49.4092,49.0751,49.0646,48.7411
2026-09-30T13:38:00,49.0931,48.8445,49.1088,49.4968,49.5851,49.7663,49.845,50.0336,50.0035,50.1857,49.7961,50.0255,49.918,49.9515,49.6664,49.8212,49.3675,49.5447,49.3138,48.7572,48.8594
2026-09-30T13:40:00,48.5085,49.1125,48.9909,49.4011,49.5272,49.4556,49.6229,49.9669,49.8793,50.1511,49.9927,50.4017,49.9784,50.1573,49.8608,49.7131,49.6497,49.2989,49.1356,49.2775,48.7722
2026-09-30T13:42:00,48.6281,49.1061,49.1074,49.4254,49.7407,49.8965,50.1905,50.0708,50.0535,50.0734,50.0481,49.9859,50.2978,49.8845,50.0641,49.6867,49.7552,48.9889,49.2601,48.9393,49.0425
2026-09-30T13:44:00,49.032,48.9399,49.2269,49.5583,49.6208,49.7224,50.0818,49.7033,50.2034,50.0648,49.5757,49.8604,49.9502,50.2445,49.8177,49.4848,49.7851,49.4842,49.2438,49.1989,48.755
2026-09-30T13:46:00,48.7967,49.193,49.313,49.5732,49.5279,49.9689,49.7411,49.7012,50.044,49.9581,50.0471,50.0107,49.9459,49.7496,49.8716,49.9147,49.4597,49.7144,49.486,48.9193,48.9396
2026-09-30T13:48:00,48.6538,49.0279,49.0862,49.3503,49.3079,49.6953,49.8131,49.7765,49.6746,50.0127,50.3046,49.9521,49.948,49.7398,49.756,49.5901,49.3522,49.2965,49.1727,49.093,48.7671
2026-09-30T13:50:00,48.8598,49.2399,49.3882,49.3662,49.3195,49.6885,49.9932,50.058,49.9893,50.4224,49.9675,50.1029,49.8306,49.7568,49.7787,49.7458,49.6866,48.9541,49.4157,49.2674,49.0177
2026-09-30T13:52:00,48.9421,49.0237,49.33,49.6197,49.436,49.8145,50.0664,49.8848,50.2348,49.8969,49.866,49.9942,49.8706,50.1058,49.5712,49.5157,49.6271,49.5362,49.066,49.2351,48.5238
2026-09-30T13:54:00,48.9661,48.9059,49.172,49.6929,49.5694,49.6138,50.0357,50.1856,49.9723,49.8823,50.041,49.8118,49.8585,49.8162,49.9142,49.636,49.6492,49.5935,49.4774,48.7834,48.8006
2026-09-30T13:56:00,48.6359,49.1325,49.2779,49.4188,49.4967,49.5635,49.7564,50.0449,49.9301,50.0008,50.056,50.1145,50.2424,49.8732,49.9138,49.463,49.517,49.3137,49.1459,49.2091,48.824
2026-09-30T13:58:00,48.8176,49.0475,49.2063,49.3868,49.4791,49.6276,49.9579,49.8725,49.6798,50.0057,50.0021,50.0577,49.7929,49.7601,49.9349,49.5999,49.6468,49.3187,49.0604,48.818,48.7163
2026-09-30T14:00:00,48.7369,48.8526,49.4506,49.4223,49.443,49.9295,50.1568,49.7864,49.8066,49.9676,50.1155,49.7866,50.1305,49.8422,49.9396,49.6867,49.648,49.515,49.4317,48.9301,49.0893
2026-09-30T14:02:00,48.6188,49.0826,49.3408,49.4241,49.7081,49.4685,50.0412,50.0487,49.9625,49.8329,50.0324,50.025,49.8143,50.0973,49.7376,49.5568,49.5931,49.3246,49.2129,49.0721,48.7478
2026-09-30T14:04:00,48.897,49.0811,49.4214,49.2738,49.5874,49.7477,50.1038,49.5907,49.8041,50.0461,50.0947,50.0027,49.9891,50.0832,49.766,49.5972,49.7994,49.5128,49.2179,48.9327,49.0479
2026-09-30T14:06:00,48.7697,48.9184,49.4302,49.2049,49.5563,49.8033,50.0327,49.8262,50.0271,49.819,49.9788,50.105,49.8006,50.1074,49.7875,49.6994,49.5083,49.5078,49.1724,49.0721,48.9964
2026-09-30T14:08:00,48.9955,48.8142,49.4416,49.3499,49.6232,49.7258,50.1285,49.8137,50.0488,50.148,49.9251,49.9959,50.0824,50.061,49.8676,49.7501,49.6497,49.3725,49.2917,48.9974,48.7594
2026-09-30T14:10:00,48.4631,48.7729,49.2965,49.5314,49.6437,49.7248,50.0542,49.9847,49.9022,49.9965,50.2303,49.7923,49.8726,49.8648,49.5338,49.5333,49.7331,49.4964,49.2199,49.2291,48.6627
2026-09-30T14:12:00,49.0905,49.0264,49.151,49.5803,49.6531,49.7374,50.0919,49.6322,49.6524,49.9951,50.149,49.8778,49.9722,49.6677,49.5938,49.698,49.6773,49.5277,49.4156,48.9165,48.7814
2026-09-30T14:14:00,48.9217,48.8827,49.1924,49.4172,49.5707,49.8351,50.1823,49.8321,49.614,50.1101,50.1521,50.0683,50.0095,49.9625,49.9917,49.6293,49.5628,49.2696,49.2042,48.9111,48.6832
2026-09-30T14:16:00,48.511,49.0178,49.3853,48.9719,49.7595,49.6979,50.0294,49.9401,49.918,49.9792,50.2124,50.0155,50.0083,49.8549,49.7844,49.5677,49.552,49.2989,49.4026,48.9957,48.9105
2026-09-30T14:18:00,48.9925,49.1801,49.1328,49.6604,49.2895,49.912,49.7679,49.7596,49.9422,49.8839,49.6891,49.7681,49.9901,49.64,49.9023,49.8703,49.7677,49.4496,49.2257,48.9694,49.2066
2026-09-30T14:20:00,48.9785,49.1221,49.2822,49.5738,49.2858,49.8276,50.0676,49.5509,50.1155,49.8757,50.0651,49.8794,49.8934,50.1305,49.8576,49.7587,49.3366,49.5461,49.1372,49.098,48.6502
2026-09-30T14:22:00,48.8549,49.1098,49.0167,49.4596,49.437,49.8852,50.2195,49.9007,50.403,50.1125,49.9448,50.1184,49.9952,50.0932,49.6614,49.9917,49.4943,49.3576,49.1251,48.985,49.0848
2026-09-30T14:24:00,48.8288,48.8712,49.2112,49.4504,49.7116,49.6542,50.2072,50.3292,49.9342,50.0071,49.825,50.1311,49.8853,50.1675,49.9892,49.8218,49.4956,49.3639,49.1775,49.0428,48.7504
2026-09-30T14:26:00,48.7224,49.0449,49.2305,49.3582,49.7053,49.8569,50.1089,50.212,50.0107,50.172,50.2807,49.7801,50.0291,50.0303,49.9886,49.8198,49.7202,49.1914,49.093,49.1157,48.5003
2026-09-30T14:28:00,48.7212,49.0029,49.2902,49.5484,49.6064,49.5794,50.0621,49.9555,50.0413,50.0466,50.0235,50.007,49.748,49.8907,49.9236,49.5353,49.6343,49.5179,49.5812,49.0213,48.7659
2026-09-30T14:30:00,48.6235,48.8687,48.9943,49.1491,49.6748,49.7015,50.2624,49.6586,49.654,49.7275,50.2429,50.1581,49.7556,49.9098,49.836,49.5571,49.4754,49.5564,49.3411,49.1649,48.8518
2026-09-30T14:32:00,48.8213,49.1062,49.2129,49.6673,49.6058,49.7845,50.2186,49.7974,49.9494,49.9441,49.886,50.1136,50.2534,49.9398,49.7978,49.5989,49.3556,49.5081,49.3228,48.9157,48.8179
2026-09-30T14:34:00,48.6795,49.2444,49.2553,49.4838,49.8274,49.3761,50.3066,49.9383,49.9158,49.9981,50.1919,49.8978,49.8635,50.1558,49.9672,49.7803,49.6963,49.4341,49.1974,49.0155,48.856
2026-09-30T14:36:00,48.741,48.8017,49.2176,49.4636,49.5582,49.8095,50.3052,50.0449,49.9811,49.9731,50.0956,50.1292,49.8975,49.776,50.0162,49.6333,49.6338,49.3536,49.2752,49.2442,49.0592
2026-09-30T14:38:00,48.6178,48.8257,48.7484,49.5099,49.8086,49.749,50.2317,50.0242,49.8245,50.0955,50.2092,50.1808,50.0668,49.828,49.77,49.5757,49.8523,49.6058,49.2333,49.0279,48.8452
2026-09-30T14:40:00,48.7129,49.1144,49.3153,49.4857,49.5853,49.3404,50.2578,49.6943,49.7138,50.3275,49.9361,49.9688,49.916,49.7751,50.0545,49.4364,49.6466,49.3333,49.4268,49.1603,48.8193
2026-09-30T14:42:00,48.5867,49.151,49.383,49.5162,49.532,49.8001,50.182,49.9352,50.013,49.9604,49.8607,49.9615,49.8289,49.7221,49.9689,49.6834,49.4978,49.3416,49.3016,48.9861,48.7014
2026-09-30T14:44:00,48.8455,49.0545,49.1044,49.259,49.7654,49.6642,50.4849,49.9855,49.9467,49.9578,50.2457,49.8982,49.8995,49.7753,49.7901,49.5665,49.5902,49.2315,49.3138,49.0827,48.8362
2026-09-30T14:46:00,48.7158,49.2221,49.5331,49.3973,49.4587,49.7996,50.2876,49.9177,50.0519,49.7918,50.1116,49.8379,49.7719,49.8391,50.0279,49.6109,49.6409,49.2786,49.3285,49.0793,48.9747
2026-09-30T14:48:00,48.8305,49.033,48.9595,49.4626,49.6888,49.7334,50.3575,49.979,50.0843,49.8593,49.993,50.0554,49.9935,49.7543,49.5186,49.7509,49.678,49.6632,49.2979,48.903,48.8692
2026-09-30T14:50:00,48.7865,48.9311,49.0231,49.146,49.4681,49.6414,50.3516,49.8978,49.9889,50.2736,49.9936,50.1938,49.8398,49.7879,49.7333,49.4371,49.8159,49.4523,49.3416,49.2865,48.8696
2026-09-30T14:52:00,49.0439,48.6813,49.4232,49.4594,49.4888,49.8633,50.3587,49.7909,49.6666,50.2546,49.6152,50.0011,50.1913,49.9915,49.7176,49.6627,49.4794,49.4514,49.2231,48.8388,48.5837
2026-09-30T14:54:00,48.9717,48.8404,49.0653,49.7596,49.4449,49.5048,50.2205,50.0069,49.8414,49.9676,49.656,49.8959,49.957,49.8988,50.0263,49.7748,49.1361,49.168,49.0978,48.9822,48.8057
2026-09-30T14:56:00,48.8917,48.7739,48.8966,49.5277,49.4153,49.3447,50.2307,49.8219,49.767,49.8082,50.1476,49.8184,49.9933,49.9199,49.75,50.0491,49.3612,49.7944,49.0842,48.9833,48.8412
2026-09-30T14:58:00,48.9619,49.1287,49.1754,49.3556,49.7404,49.9262,50.3055,50.0721,50.0335,50.023,49.8317,49.796,50.0139,49.4728,49.7306,49.7612,49.3152,49.6539,49.4788,48.8664,48.781
2026-09-30T15:00:00,48.7789,48.9443,49.1566,49.4825,49.8159,49.711,50.4161,49.9105,49.8472,50.0804,49.9245,49.8392,50.0487,49.6112,49.7311,49.6398,49.5468,49.1801,49.0889,49.0052,48.8893
2026-09-30T15:02:00,48.782,48.996,49.1058,49.4142,49.1499,49.7958,50.5581,49.8886,49.8059,50.1869,49.8979,50.1885,49.9109,49.7775,49.7754,49.5972,49.5425,49.4858,49.1929,48.9592,48.7966
2026-09-30T15:04:00,48.858,49.028,49.3127,49.4985,49.6109,49.8066,50.4287,50.0616,50.0123,50.1127,49.9712,49.777,49.8857,49.898,49.8628,49.6949,49.7865,49.2193,48.9698,49.0012,48.6992
2026-09-30T15:06:00,48.8047,49.1257,49.6337,49.2175,49.4094,49.6917,50.2211,49.7798,50.1421,49.9793,49.996,50.1517,49.6994,49.9101,49.8009,49.7397,49.4211,49.3485,49.2171,49.1365,48.693
2026-09-30T15:08:00,48.8907,48.715,49.2947,49.5263,49.4343,49.657,50.4514,49.9346,50.1286,50.016,49.9669,49.9592,49.992,50.0065,49.8456,49.6196,49.5187,49.2963,49.1045,48.9567,48.7159
2026-09-30T15:10:00,48.9123,48.8537,49.2425,49.2405,49.684,49.7444,50.6488,49.9718,49.8026,49.9936,49.9084,49.912,49.803,49.8472,49.8215,49.731,49.9297,49.3885,49.2448,49.0149,48.7632
2026-09-30T15:12:00,48.7563,49.0362,49.2035,49.5188,49.6303,49.5724,50.4774,49.9369,49.9126,49.9549,49.9866,50.0768,49.9779,49.8143,49.8015,49.8789,49.4304,49.5071,49.1968,49.5644,48.8912
2026-09-30T15:14:00,48.8081,49.0128,49.0133,49.3386,49.8578,49.7524,50.4483,49.8913,49.959,49.8518,50.0159,50.0619,49.7402,49.8582,49.4156,49.4584,49.6885,49.5891,49.4996,48.8431,48.7885
2026-09-30T15:16:00,48.7525,49.1816,49.2791,49.4245,49.6551,49.6357,50.6421,49.8443,50.1107,50.0154,50.0341,49.8261,49.7323,49.6683,49.8791,49.3935,49.7643,49.3664,49.0407,49.0784,48.6235
2026-09-30T15:18:00,48.8064,48.9906,49.4041,49.5413,49.7028,49.6348,50.6934,49.8827,49.9694,50.0519,50.0397,49.798,50.0449,49.6662,49.8757,49.6907,49.5794,49.2566,49.3749,49.0073,48.9216
2026-09-30T15:20:00,48.6963,48.9264,49.2424,49.5592,49.3804,49.618,50.4555,49.854,49.8874,50.142,50.1016,49.9919,50.0729,50.0395,49.7206,49.5969,49.6674,49.7155,48.8945,48.9399,48.9122
2026-09-30T15:22:00,48.6858,49.1526,49.2648,49.2338,49.5025,49.7538,50.4121,49.9766,49.9971,49.9452,50.0564,49.9372,49.9839,49.7503,50.0105,49.6628,49.7344,49.7187,49.4582,49.0262,48.8231
2026-09-30T15:24:00,48.7945,49.0732,49.1147,49.1539,49.6147,49.7075,50.7719,50.1515,49.7572,49.8559,50.1115,50.1573,49.9709,49.9013,49.5448,50.0282,49.4688,49.4936,49.2819,48.9006,48.9233
2026-09-30T15:26:00,49.0099,49.022,49.2536,49.5073,49.7095,49.8248,50.4379,49.7592,49.8738,49.6028,49.8115,49.961,49.8573,49.7723,49.9354,49.7489,49.6866,49.3887,49.1731,48.9048,48.8359
2026-09-30T15:28:00,48.5418,48.9038,49.3168,49.5345,49.5595,49.5357,50.6591,49.7872,49.9348,49.85,50.2613,50.2023,49.8316,49.7254,49.8011,49.7903,49.7479,49.4042,49.0549,49.0707,48.8384
2026-09-30T15:30:00,48.5726,48.991,49.1898,49.2721,49.6003,49.8512,50.7344,49.7646,49.8683,50.0874,49.9527,49.9382,50.2679,49.5251,49.7146,49.5802,49.5608,49.6569,49.2115,48.9875,48.8229
2026-09-30T15:32:00,48.7566,49.0825,49.5963,49.3136,49.5388,49.6897,50.3007,49.9787,49.9432,49.7071,49.9615,50.0117,49.824,50.0479,49.7229,49.4862,49.683,49.3925,49.252,48.7971,48.6021
2026-09-30T15:34:00,48.6551,49.0059,49.2124,49.6095,49.7883,49.7188,50.6005,50.1638,49.9603,50.1328,49.9303,49.9733,49.9123,49.7927,49.8615,49.5816,49.5523,49.471,49.534,48.7552,48.8107
2026-09-30T15:36:00,48.8939,48.9784,49.3566,49.4879,49.6378,49.6399,50.5959,49.8595,49.8104,50.0138,49.8486,49.8546,49.7534,50.0496,49.7272,49.5731,49.6815,49.352,49.2798,49.0023,48.8515
2026-09-30T15:38:00,48.827,48.7183,49.442,49.5554,49.3593,49.8273,50.6067,49.9084,50.1354,50.1301,50.1395,50.2749,50.1076,49.8059,49.625,49.8195,49.3234,49.3617,49.1804,48.9274,48.9934
2026-09-30T15:40:00,48.8458,48.9958,49.3599,49.3534,49.7395,49.992,50.6331,49.8684,50.1165,49.7079,49.8208,49.8413,49.721,49.8912,49.8501,49.6958,49.5638,49.5424,49.385,49.2052,48.7794
2026-09-30T15:42:00,48.8023,49.238,49.2904,49.6,49.4999,49.6933,50.5724,49.8886,50.0125,49.9237,50.2796,49.7757,50.0752,49.7364,49.85,49.5897,49.5779,49.4219,49.1175,48.8535,48.6978
2026-09-30T15:44:00,48.8024,49.1433,49.4608,49.1658,49.6326,49.6324,50.6778,49.9369,50.0644,50.0452,49.996,50.21,49.9913,49.8906,49.9696,49.5364,49.4333,49.6184,49.2028,48.7728,48.9128
2026-09-30T15:46:00,48.9707,48.9165,49.0447,49.4034,49.6176,49.6136,50.5576,49.9651,50.0261,49.7606,49.8394,49.9401,49.8607,49.9204,49.8789,49.9617,49.6171,49.5409,49.0083,48.9275,48.9479
2026-09-30T15:48:00,48.591,49.2159,49.3075,49.4286,49.5485,49.5321,50.5457,49.8142,49.8882,50.1599,49.8524,49.8963,49.7019,49.9122,49.8046,49.8523,49.8374,49.4851,49.1075,49.0569,48.8372
2026-09-30T15:50:00,48.7885,48.8714,49.2778,49.237,49.5528,49.6538,50.3443,49.9752,50.2508,49.9329,49.9089,50.1167,49.7628,49.8916,49.839,49.6171,49.5544,49.2886,49.1466,49.119,48.6729
2026-09-30T15:52:00,48.7156,48.9258,49.3009,49.3556,49.4439,49.7437,50.4384,49.6189,49.9897,50.2487,49.9271,50.0327,49.7517,49.9061,49.8326,49.7782,49.4594,49.6831,49.0928,49.2403,48.6443
2026-09-30T15:54:00,48.9091,49.2153,49.5371,49.3927,49.3312,49.8171,50.6358,49.7368,49.8659,49.8563,50.1059,50.0123,50.0468,50.0119,49.7508,49.7979,49.7383,49.6739,49.2541,48.989,48.6659
2026-09-30T15:56:00,48.7422,49.0276,49.2661,49.2192,49.509,49.6698,50.666,49.8036,49.9998,49.8481,50.0654,49.8335,49.9811,49.7326,49.9741,49.8037,49.7571,49.2914,49.0433,48.8391,48.7666
2026-09-30T15:58:00,48.9496,49.1271,49.3262,49.2355,49.7206,49.8026,50.6852,49.5283,49.8374,49.9677,50.2228,50.0173,49.9413,50.1166,50.0279,49.7525,49.6551,49.5889,49.1281,49.0844,48.7382
2026-09-30T16:00:00,48.661,49.0977,49.3884,49.6776,49.6775,49.8614,50.7504,49.6767,49.8605,50.0444,49.9149,50.2612,50.1256,49.8635,50.0555,49.7925,49.8027,49.3864,49.3443,48.9952,48.8021
2026-09-30T16:02:00,48.9645,49.3019,49.2504,49.4551,49.4424,49.6703,50.8608,49.7136,49.8907,49.8288,50.0291,50.1164,50.0014,49.8527,49.6643,49.4696,49.5714,49.6304,49.1946,49.0193,48.7372
2026-09-30T16:04:00,48.6394,49.1815,49.3344,49.2015,49.3912,49.8934,50.6766,49.8864,49.8055,50.035,49.8885,49.9025,49.7936,50.1651,50.1815,49.733,49.6651,49.4949,49.234,49.0164,48.7495
2026-09-30T16:06:00,48.914,48.8533,49.1133,49.5145,49.3677,49.9335,50.7762,49.9202,50.1441,49.9826,50.0202,49.9048,50.0273,49.993,49.6828,49.7958,49.7092,49.4811,49.1255,49.1635,48.998
2026-09-30T16:08:00,48.7311,48.7665,49.132,49.4161,49.7565,49.8735,50.9269,49.801,50.0631,49.9884,49.8541,49.7318,50.0975,49.6591,49.9895,50.0262,49.5744,49.292,49.1414,48.9317,48.8565
2026-09-30T16:10:00,48.9457,48.9205,49.1855,49.3198,49.7346,49.8425,50.7182,49.8491,49.9773,49.7312,49.9237,50.0093,49.7514,49.9239,49.816,49.6212,49.7185,49.2781,49.2944,48.9926,48.9593
2026-09-30T16:12:00,48.6883,49.1157,49.3221,49.577,49.8015,49.4822,50.8423,49.7374,50.0939,50.1859,49.958,50.024,50.1422,49.9226,49.7903,49.464,49.4667,49.5572,49.0223,49.0708,48.8326
2026-09-30T16:14:00,48.7993,49.1441,49.125,49.6133,49.506,49.8478,50.7813,49.9309,49.9052,50.2319,49.8508,49.8977,50.1642,50.0101,49.8037,49.6637,49.3834,49.3738,49.2846,49.2032,48.9362
2026-09-30T16:16:00,49.011,49.0847,49.1304,49.3629,49.7908,49.7169,51.0822,49.6639,49.8825,49.8736,50.0389,49.8753,49.7612,49.8821,49.4775,49.6155,49.6308,49.2467,49.2255,48.9013,48.7511
2026-09-30T16:18:00,48.836,49.097,49.2962,49.3038,49.7908,49.7488,50.7964,50.0881,49.8958,50.2745,50.1249,49.9744,49.8841,49.7727,49.6961,49.6619,49.7673,49.4409,49.2229,49.0927,48.7571
2026-09-30T16:20:00,48.6197,48.8142,49.443,49.3744,49.8059,49.9813,50.9465,50.0085,49.9032,49.973,50.0161,49.9911,50.1768,49.8821,49.9442,49.7222,49.6643,49.6862,49.0086,49.204,48.7127
2026-09-30T16:22:00,48.8338,48.9821,49.1665,49.2165,49.1791,50.0199,51.0469,49.8613,49.6819,50.0919,50.2379,50.0569,49.7032,49.8194,49.8518,49.6938,49.7371,49.2729,49.1413,48.6632,48.9722
2026-09-30T16:24:00,48.8989,48.9673,48.9687,49.5448,49.3608,49.5133,50.6424,49.6826,49.8136,49.8277,50.1662,50.0966,49.9653,49.8085,49.8028,49.5033,49.6289,49.273,49.1566,49.0797,48.6696
2026-09-30T16:26:00,48.5923,49.1821,48.9735,49.2203,49.3926,49.5915,50.9185,49.4084,49.8768,50.1994,50.1794,50.1208,49.9396,49.9248,49.7244,49.4481,49.622,49.5744,49.2771,49.0238,48.9308
2026-09-30T16:28:00,48.848,49.1974,49.168,49.1407,49.6418,49.8341,50.8341,49.9276,50.0612,49.5751,50.371,50.1058,49.9218,49.7164,49.5686,50.2062,49.5184,49.5179,49.1317,48.9786,48.8995
2026-09-30T16:30:00,48.6568,49.0159,49.201,49.4847,49.6983,49.6726,51.1767,49.8192,49.8928,50.0007,49.9607,50.1063,49.5177,49.6222,49.4767,49.914,49.6932,49.3059,49.2911,48.7587,48.753
2026-09-30T16:32:00,49.0256,49.1268,49.5579,49.3369,49.744,49.7166,51.0257,49.9317,50.0702,50.1911,50.0105,50.0468,49.9377,49.937,49.6859,49.8542,49.677,49.4634,49.2317,48.9284,48.6576
2026-09-30T16:34:00,48.6321,48.9093,49.3743,49.4795,49.3526,49.5544,51.196,50.1495,50.084,50.3138,49.8986,50.0589,49.859,50.2355,49.8792,49.77,49.6307,49.3137,49.2299,48.6867,48.7392
2026-09-30T16:36:00,48.6541,49.1559,49.4441,49.4618,49.42,49.5414,51.1239,49.8604,49.9215,49.8329,50.0471,50.0288,50.0846,49.7595,49.8135,49.4944,49.6131,49.4238,49.1864,49.176,48.6169
2026-09-30T16:38:00,49.0486,49.1018,49.3315,49.466,49.4727,49.6263,51.1718,49.9016,50.0126,49.9472,50.141,50.0999,49.767,50.2029,49.9796,49.8394,49.6308,49.4165,49.3757,49.4348,48.7993
2026-09-30T16:40:00,48.6458,49.0363,49.2561,49.5708,49.3938,49.6457,50.9911,50.0531,50.1334,50.0309,50.175,50.0165,49.9794,49.5562,49.6829,49.54,49.6473,49.4339,49.0778,49.0439,48.7898
2026-09-30T16:42:00,48.8677,48.9523,49.1312,49.605,49.5356,49.8617,50.9125,49.8647,49.9098,49.8475,50.115,49.7905,49.9941,49.5746,49.9186,49.7121,49.7445,49.7229,49.1342,49.0352,48.6107
2026-09-30T16:44:00,48.736,49.0424,49.2427,49.5359,49.6482,49.8527,50.9536,49.9186,49.7997,49.9666,49.5919,49.9763,49.9637,49.8261,49.7507,49.4464,49.4734,49.3253,49.2684,49.0999,48.7364
2026-09-30T16:46:00,48.7816,49.0843,49.1006,49.5674,49.8774,49.7599,50.9946,49.9277,50.1302,50.1817,49.801,50.0395,49.8455,49.8284,49.8514,49.783,49.5286,49.2871,49.2046,48.8759,49.0638
2026-09-30T16:48:00,48.5687,49.1201,49.2509,49.4156,49.4135,49.6286,51.0281,49.8131,49.9173,50.0061,49.9349,50.0553,50.0625,49.8127,49.919,49.7096,49.4852,49.4829,49.3993,48.9809,48.5275
2026-09-30T16:50:00,48.9166,49.1775,49.0661,49.3922,49.6371,49.3457,51.2056,49.9998,50.073,50.2107,49.842,50.1288,50.2911,49.5534,49.7509,49.8036,49.4585,49.1362,49.2769,49.0512,48.689
2026-09-30T16:52:00,48.834,49.1625,49.3798,49.4722,49.3796,49.6506,50.7569,49.7289,49.9729,50.0663,49.9923,49.9819,49.6541,49.6952,49.6307,49.6063,49.4735,49.7343,49.3779,48.8688,48.6941
2026-09-30T16:54:00,48.7121,48.9342,49.1476,49.0993,49.7373,49.7957,51.204,49.9013,50.0151,49.9272,49.6965,49.9997,49.9491,49.687,49.4638,49.8638,49.4073,49.3738,49.1199,49.2736,48.5683
2026-09-30T16:56:00,48.9508,48.6398,49.3628,49.3296,49.2212,49.7007,51.1076,49.641,49.9972,49.9752,50.0639,49.7688,49.8303,49.7377,49.8177,49.6116,49.4082,49.6111,49.1432,49.1843,48.917
2026-09-30T16:58:00,48.683,48.7423,49.2537,49.5056,49.7362,49.7503,51.1964,49.7883,49.8344,50.4646,50.164,49.7792,49.9896,49.9531,49.53,49.6488,49.6454,49.6551,49.4689,48.9671,48.7444
2026-09-30T17:00:00,48.7227,49.0551,49.3546,49.2478,49.5342,49.6042,51.0279,49.8076,50.2217,50.2448,50.2152,49.7302,49.9919,50.2484,49.8645,49.586,49.6518,49.3666,49.1648,49.0604,48.8659
2026-09-30T17:02:00,48.7677,49.0188,49.0709,49.3989,49.6698,49.7079,51.1316,49.6673,50.1167,49.8059,50.0967,49.9271,50.0677,50.044,49.7543,49.2342,49.2522,49.2582,49.0862,49.0663,49.0943
2026-09-30T17:04:00,48.895,49.0016,49.4311,49.3777,49.6926,49.7509,50.8785,50.0334,50.2136,49.9307,50.1113,50.0612,49.9067,49.8304,49.9544,49.5982,49.4817,49.5357,49.3681,49.2601,48.7073
2026-09-30T17:06:00,48.5936,49.1886,48.9953,49.3456,49.5308,49.9561,51.1896,49.7052,49.9441,50.1854,49.723,49.785,50.1034,49.9066,49.6506,49.665,49.5751,49.2343,49.1418,49.2439,48.8446
2026-09-30T17:08:00,48.9654,49.019,49.1435,49.4547,49.426,49.7517,51.1517,49.8439,49.9076,49.8408,50.2029,49.7564,49.9818,49.6972,49.9409,49.6628,49.5923,49.4795,49.2826,49.0524,48.8517
2026-09-30T17:10:00,48.8488,48.9551,49.1839,49.3721,49.4564,49.6149,51.4097,49.6719,50.2031,49.9053,50.0903,49.985,49.9213,49.9727,50.0606,49.679,49.5597,49.3276,49.534,49.2012,48.9656
2026-09-30T17:12:00,48.8018,48.7402,49.3011,49.1407,49.4706,49.8423,51.1361,49.786,49.6291,50.0925,50.0592,49.9115,50.0033,49.6467,49.6646,49.7259,49.6969,49.4039,49.0437,48.9508,48.9638
2026-09-30T17:14:00,48.7068,49.0624,49.2934,49.326,49.568,49.4272,51.1488,49.8934,50.0434,50.1795,49.9245,50.055,49.9291,49.7701,49.6872,49.6871,49.5649,49.2954,49.6394,49.0197,48.8951
2026-09-30T17:16:00,48.7557,49.442,48.893,49.3545,49.5915,49.8741,51.2392,49.7389,50.1827,50.0826,49.9565,49.9455,49.9094,49.9108,49.5467,49.7152,49.4719,49.4796,49.2762,48.8654,48.9967
2026-09-30T17:18:00,48.9079,48.8876,49.0691,49.304,49.6142,49.8834,51.1238,49.7704,50.0238,49.9747,49.9863,49.9642,49.8979,50.1473,49.9481,49.6448,49.7495,49.6881,49.2966,49.0679,48.7209
2026-09-30T17:20:00,48.8124,49.055,49.4209,49.2649,49.319,49.6188,51.3257,49.5864,49.9156,49.8609,49.826,50.0018,50.119,49.6826,49.8354,49.6683,49.6581,49.4062,49.1311,49.1536,48.8572
2026-09-30T17:22:00,48.6398,48.7224,49.1188,49.4345,49.6758,49.6072,51.2239,49.6141,49.8758,49.9969,49.9044,49.9645,49.7977,49.749,49.8404,49.4599,49.5616,49.5804,49.1383,48.9453,48.6667
2026-09-30T17:24:00,48.597,48.9318,49.0326,49.3684,49.4755,49.5208,51.2954,50.0293,50.0582,49.9347,49.9842,49.82,49.9028,49.977,49.9079,49.8871,49.3302,49.6308,49.2751,49.2449,48.787
2026-09-30T17:26:00,48.9688,49.0105,49.0606,49.4451,49.4789,49.68,51.3775,49.9928,50.0342,50.1171,49.7551,50.1457,49.814,49.8911,49.7328,49.5138,49.6848,49.2463,49.135,49.23,48.4506
2026-09-30T17:28:00,48.5351,49.1551,49.156,49.5142,49.5517,49.6137,51.4161,49.773,49.8556,50.0081,49.8224,49.7598,49.6914,50.0166,50.0801,49.8616,49.4589,49.3208,49.0703,49.0135,48.9404
2026-09-30T17:30:00,48.7751,49.0109,48.7369,49.4437,49.3754,49.6488,51.3795,49.8965,50.0493,50.2037,49.6474,49.7436,50.186,49.9521,49.6889,49.6487,49.5578,49.5579,49.1725,49.0164,48.5895
2026-09-30T17:32:00,49.0087,49.0853,49.1513,49.2015,49.5547,49.8217,51.687,50.1693,49.8868,49.9165,49.8452,50.0486,49.8304,49.9704,49.8487,49.7549,49.4145,49.5773,49.195,48.8389,48.7874
2026-09-30T17:34:00,48.8196,49.0304,49.3671,49.5862,49.9037,49.6798,51.5408,49.4974,50.2285,49.9791,50.1854,49.9475,50.0283,49.9811,49.7115,49.6091,49.1286,49.491,49.2037,48.9894,48.9792
2026-09-30T17:36:00,48.8479,49.0586,48.943,49.4311,49.5196,49.8433,51.2977,49.7035,49.9129,50.2615,49.8647,50.1771,49.9222,49.5825,49.8972,50.0505,49.6323,49.247,49.1951,48.8909,49.228
2026-09-30T17:38:00,48.8796,48.6669,49.3523,49.4759,49.4096,49.6039,51.3744,50.1479,49.8685,49.8697,50.1405,49.8881,49.7907,49.8672,49.9281,49.7182,49.5076,49.6247,49.4378,48.7824,48.6213
2026-09-30T17:40:00,48.6568,48.9911,49.2533,49.3961,49.5749,49.7638,51.204,49.5588,49.9925,50.1719,50.0254,49.9219,50.0327,49.8395,49.6082,49.639,49.6796,49.4575,49.3316,48.9497,48.8806
2026-09-30T17:42:00,49.012,48.9756,49.1549,49.5946,49.5806,49.5215,51.3492,50.0871,50.0044,50.2663,50.0938,50.025,50.1088,49.7987,49.967,49.6856,49.529,49.4703,49.1609,48.8578,48.6643
2026-09-30T17:44:00,48.877,49.072,49.2436,49.5195,49.4337,49.6379,51.6705,49.7489,50.1435,49.9476,50.0786,50.0233,49.9138,49.9088,49.9515,49.5955,49.4258,49.541,49.1728,49.0027,48.7723
2026-09-30T17:46:00,48.7367,48.7585,49.2178,49.343,49.3664,49.6162,51.4748,50.1509,49.8712,50.1885,49.9323,50.0577,49.9143,50.0042,49.8293,49.6421,49.3381,49.5602,49.0083,48.9379,49.0647
2026-09-30T17:48:00,48.8365,49.0414,49.2517,49.4495,49.5179,49.7519,51.4285,49.8434,50.0231,50.0836,50.0537,50.1309,50.232,50.1498,49.8249,49.5388,49.7406,49.4312,49.3494,48.9775,48.9299
2026-09-30T17:50:00,48.6371,49.0562,49.0347,49.7156,49.5333,49.3923,51.6578,50.0406,50.1602,49.825,50.0606,50.1884,49.93,49.9549,49.7814,49.6598,49.7777,49.3029,49.2432,49.1194,48.8123
2026-09-30T17:52:00,48.9309,48.7405,49.4073,49.2429,49.5425,49.6555,51.5527,49.8709,49.8954,50.0963,50.3114,49.9044,49.8605,49.812,49.6336,49.5261,49.5039,49.5231,49.1626,48.9118,48.7895
2026-09-30T17:54:00,48.688,49.4331,49.4646,49.4217,49.3235,49.6221,51.3594,49.7665,49.6355,49.9152,49.9163,49.8926,49.7659,49.9493,49.685,49.3705,49.4193,49.5331,49.4112,48.8634,48.7777
2026-09-30T17:56:00,48.8841,49.1652,49.1654,49.4566,49.5058,49.4355,51.6382,49.8833,50.0149,49.9585,49.8719,49.9169,50.0025,49.7059,50.0357,50.0363,49.234,49.548,49.1688,49.1188,48.8286
2026-09-30T17:58:00,48.7739,49.1617,49.2471,49.6317,49.6175,49.4898,51.4919,49.8944,49.8699,49.81,50.2906,49.9798,49.9498,49.6556,49.8925,49.6855,49.7316,49.6636,49.1402,48.9246,48.9735
2026-09-30T18:00:00,48.9616,49.0774,49.3422,49.3694,49.5679,49.7032,51.2169,50.004,50.0701,49.8562,49.9235,50.0355,50.0614,49.8977,49.7444,49.7653,49.5898,49.2698,49.1884,48.9774,48.9011
2026-09-30T18:02:00,48.6113,48.9134,49.1785,49.4194,49.919,49.6778,51.6971,50.0093,50.1445,50.245,50.0877,49.8501,49.9036,50.1151,50.1267,49.8909,49.9232,49.5167,49.1137,49.0463,48.847
2026-09-30T18:04:00,48.9393,49.1577,49.1071,49.5888,49.4893,49.7447,51.6513,49.9986,50.0319,49.9121,49.9843,50.129,49.8883,49.7234,49.438,49.7058,49.4389,49.4155,49.0782,48.9664,48.7483
2026-09-30T18:06:00,48.9421,48.9015,49.0594,49.4307,49.6915,49.5682,51.6414,49.896,50.0276,49.7163,50.0157,49.9523,49.9843,49.7936,49.7922,49.38,49.5666,49.614,49.2621,49.0397,48.8519
2026-09-30T18:08:00,49.0093,48.9292,49.0163,49.2493,49.4697,49.7148,51.699,49.7843,49.8029,50.1203,50.1589,49.8747,50.0647,49.8653,49.7361,49.6812,49.4413,49.1602,49.0223,48.9158,48.8436
2026-09-30T18:10:00,48.8577,49.1544,49.1142,49.4067,49.3532,49.5531,51.7402,49.8707,50.2299,50.0877,49.9286,49.8832,49.6432,50.0851,49.9539,50.2324,49.8745,49.4601,49.0756,48.764,48.7416
2026-09-30T18:12:00,48.7943,48.8079,49.3343,49.5553,49.4205,49.6609,51.3907,50.0414,49.8173,49.8172,49.705,49.8334,49.6915,50.0484,49.9006,49.5144,49.4327,49.3985,49.2462,48.8672,48.9995
2026-09-30T18:14:00,48.8928,49.3279,48.814,49.1726,49.6736,49.731,51.5695,49.7166,50.0254,49.9084,50.2018,50.152,50.0878,49.613,49.8543,49.9623,49.8429,49.5978,49.402,48.9113,49.0195
2026-09-30T18:16:00,49.0817,49.091,49.3084,49.3892,49.5956,49.653,51.6977,49.8651,49.722,49.8938,50.0607,50.0185,50.1706,50.0361,50.0023,49.6917,49.7286,49.3045,49.1298,49.1618,48.8355
2026-09-30T18:18:00,48.6798,49.1709,49.4508,49.527,49.7652,49.8391,51.7777,49.7699,49.6697,49.9355,49.5101,49.9029,49.7822,49.9078,49.6988,49.6983,49.4312,49.3716,49.4555,48.8705,48.535
2026-09-30T18:20:00,49.011,49.1425,49.2245,49.3488,49.6121,49.6424,51.7954,49.8444,49.8549,50.0691,49.8765,50.0693,49.7715,49.8078,49.8331,49.5918,49.7141,49.396,49.2613,48.729,48.8823
2026-09-30T18:22:00,48.8105,48.7264,49.2671,49.4597,49.458,49.5326,51.4489,49.8931,49.954,49.953,50.3018,49.9816,49.9728,49.6498,49.8511,49.837,49.4306,49.7246,49.1439,49.0466,48.7408
2026-09-30T18:24:00,48.738,48.5915,49.3582,49.0782,49.752,49.5293,51.5937,50.2668,49.8022,49.951,49.8078,49.956,50.0101,50.1245,49.4097,49.6852,49.6542,49.5433,49.1118,49.037,49.0781
2026-09-30T18:26:00,48.8524,49.3436,49.0467,49.3014,49.5698,49.5422,51.7837,49.7199,49.9999,49.7581,49.8684,50.0231,50.0389,49.7437,49.5773,49.7808,49.4136,49.469,49.4249,49.1226,48.5678
2026-09-30T18:28:00,48.9841,49.1938,49.1398,49.3452,49.7807,49.7457,51.7641,50.0548,50.0316,50.4116,50.2082,50.0105,49.9698,49.847,49.9913,49.5202,49.7022,49.3231,48.9538,49.1768,48.8656
2026-09-30T18:30:00,48.8438,48.9818,49.2295,49.3172,49.7713,49.908,51.7088,49.8955,49.9973,50.1268,50.0366,49.9215,49.9192,49.937,49.789,49.6442,49.757,49.4786,49.3734,48.8979,48.9297
2026-09-30T18:32:00,48.8077,48.9935,49.1331,49.3198,49.5011,49.7218,51.7184,50.1991,50.0289,50.0293,49.9909,49.8725,49.8345,49.9504,49.5833,49.9494,49.8093,49.1935,49.4197,49.1996,48.9756
2026-09-30T18:34:00,48.9074,49.2812,49.1158,49.3484,49.6652,49.7134,51.5291,50.0212,50.1124,49.9615,50.0631,50.1379,49.6399,49.8138,49.6823,49.6837,49.3869,49.2259,49.2705,49.3091,48.6195
2026-09-30T18:36:00,49.048,49.1784,49.3893,49.6165,49.5105,49.8758,51.5304,49.778,50.0081,50.1106,49.7989,49.7077,50.0204,49.9425,49.9192,49.695,49.3775,49.5888,49.3555,49.0602,49.1347
2026-09-30T18:38:00,48.8425,49.2625,49.2182,48.9805,49.3999,49.2925,51.7356,50.076,49.7014,50.1038,49.9649,50.1317,50.0154,49.7486,49.9022,49.7015,49.7105,49.712,49.2097,49.2825,48.7929
2026-09-30T18:40:00,48.8995,49.0642,49.1385,49.4394,49.5085,49.7933,51.6253,49.7547,50.0913,50.0771,50.0938,50.0817,50.1176,49.9722,49.9552,49.5917,49.6543,49.3094,49.0542,49.0028,48.9065
2026-09-30T18:42:00,48.812,49.3057,49.3433,49.4854,49.5943,49.5068,51.8065,49.905,50.2246,49.8784,49.9906,49.8885,49.984,49.641,49.8621,49.7115,49.6048,49.8178,49.2289,49.1105,48.8065
2026-09-30T18:44:00,48.9733,49.3751,49.4972,49.4718,49.3857,49.7748,51.5616,49.7687,49.8721,49.8296,50.0093,49.9422,49.8492,49.9575,49.7061,49.903,49.6727,49.3552,49.3072,48.9336,48.7135
2026-09-30T18:46:00,48.9632,48.7948,49.3102,49.7107,49.24,50.0712,51.5303,49.5597,49.6396,49.8188,49.917,49.7057,49.9282,50.0218,49.6963,49.7244,49.6679,49.6815,49.2246,49.1433,48.8841
2026-09-30T18:48:00,48.814,48.982,49.2931,49.5234,49.3729,49.6489,51.8842,49.9432,50.0083,50.2432,50.1659,49.802,50.1993,49.79,49.6868,49.8704,49.5231,49.1591,49.332,49.1018,48.8874
2026-09-30T18:50:00,48.5898,49.1558,49.1421,49.5546,49.3823,49.5574,51.5426,49.7773,50.1193,50.0284,49.9173,50.202,49.988,50.0141,49.8639,49.6884,49.593,49.4828,49.4094,49.1243,48.9394
2026-09-30T18:52:00,48.6334,48.7436,49.2841,49.4393,49.6388,49.5493,51.8769,49.7324,49.9682,49.9797,49.9762,50.0385,49.8784,49.8916,49.9179,49.9344,49.6332,49.5401,49.3242,49.2863,49.124
2026-09-30T18:54:00,48.7052,49.137,49.2811,49.6577,49.1961,49.6041,51.6013,50.1062,49.9978,50.093,50.0662,50.0343,50.0182,49.8315,49.4983,49.7532,49.5619,49.3284,49.1422,49.2315,48.6895
2026-09-30T18:56:00,48.641,49.1325,49.4595,49.2166,49.419,49.5416,51.9381,49.9803,50.1707,49.9821,49.9644,49.8983,50.1272,49.8028,49.6832,49.6671,49.5659,49.4751,49.1377,49.2976,49.0956
2026-09-30T18:58:00,48.6297,49.0517,49.0795,49.371,49.3809,49.6583,51.9323,49.9196,49.748,49.6825,49.7181,50.1763,49.9259,49.9045,50.032,49.5481,49.6332,49.3101,49.2623,48.7411,48.7396
2026-09-30T19:00:00,48.7902,49.0459,49.0134,49.3752,49.7047,49.687,52.034,49.9944,49.9904,49.9326,50.0126,49.846,50.0549,49.9427,49.9912,50.0465,49.6989,49.5,49.2625,49.1597,49.0128
2026-09-30T19:02:00,48.7581,48.8349,49.0243,49.566,49.6408,49.7835,51.6577,49.8068,49.7143,49.8136,49.9138,49.884,50.1961,49.6982,49.7137,49.5858,49.5801,49.5251,49.1097,48.7728,48.7352
2026-09-30T19:04:00,48.862,48.8619,49.3819,49.2564,49.4697,49.6314,52.2212,50.0128,50.007,49.8334,49.8293,49.8812,50.1984,50.0928,49.831,49.5923,49.298,49.3427,49.3126,49.1141,48.8607
2026-09-30T19:06:00,48.6925,49.107,49.2081,49.5474,49.6076,49.8192,51.991,49.8201,50.1334,49.8294,50.1035,49.9209,49.8965,49.9345,49.7289,49.5444,49.4268,49.2403,49.2369,49.0771,48.7879
2026-09-30T19:08:00,48.5628,49.0493,49.3776,49.2385,49.4311,49.8408,51.9269,50.0581,49.9015,49.7696,49.9948,49.9807,49.998,49.7632,49.7385,50.012,49.4839,49.6551,49.0611,49.0641,48.8578
2026-09-30T19:10:00,48.9342,49.0284,49.1341,49.4292,49.343,49.3201,51.7295,50.1327,50.0806,50.2709,50.0763,49.7654,49.8018,49.9407,49.6819,49.5562,49.4038,49.2968,48.9423,49.0934,48.6911
2026-09-30T19:12:00,48.9933,49.281,49.2224,49.5721,49.7363,49.7326,51.9505,50.0877,50.0534,49.9613,49.9245,49.9894,50.0953,49.9975,49.7191,49.6779,49.594,49.3506,49.2197,48.8807,48.6784
2026-09-30T19:14:00,48.8446,49.0651,49.1868,49.7415,49.5434,49.8071,52.0327,49.8217,50.0569,50.1555,50.0033,50.0652,50.3829,49.76,49.7789,49.7882,49.5701,49.2907,49.1609,48.995,48.761
2026-09-30T19:16:00,48.8101,49.2696,49.2683,49.3576,49.6746,49.7998,51.8433,49.8027,49.7897,50.0407,50.1321,49.9573,50.1406,49.8085,49.7627,49.6925,49.5984,49.6644,49.0678,49.1155,48.8147
2026-09-30T19:18:00,48.9803,48.8304,49.061,49.6713,49.7602,49.8653,51.9991,50.0547,49.957,49.828,49.9827,49.9514,49.7993,49.809,49.7068,49.7814,49.7171,49.5826,49.3996,48.8709,48.8891
2026-09-30T19:20:00,48.925,49.093,49.0936,48.9781,49.5945,49.5783,52.1642,49.6736,50.0367,49.9256,49.8034,49.9229,49.9318,50.0193,49.9304,49.8883,49.6839,49.3458,49.1686,49.0543,48.7503
2026-09-30T19:22:00,48.5545,48.721,49.3482,49.4314,49.8662,49.6255,52.1975,49.9162,50.0271,50.0004,50.1678,50.0673,49.8831,49.8783,49.7753,49.714,49.6039,49.3495,49.1472,49.0285,48.5354
2026-09-30T19:24:00,48.8627,49.0857,48.7676,49.2494,49.5664,49.3637,52.119,50.0415,50.0244,50.1311,49.9857,50.1176,50.0584,49.8742,49.8223,49.4513,49.3662,49.5646,49.3889,48.906,48.571
2026-09-30T19:26:00,48.5031,49.2024,49.2843,49.6999,49.7596,50.0059,52.19,49.8084,49.9016,50.1557,49.7862,50.0741,49.8903,50.086,49.7246,49.59,49.7122,48.9279,49.3924,49.0723,48.71
2026-09-30T19:28:00,48.9,48.9552,49.3261,49.4257,49.6819,49.5564,51.9752,50.1695,49.9983,49.9605,49.8635,49.9093,49.987,49.7094,49.801,49.6606,49.2725,49.4129,49.4154,48.9619,48.7672
2026-09-30T19:30:00,48.8383,48.9366,48.9688,49.4158,49.5001,49.6019,52.2972,49.9078,49.839,49.8838,50.2387,50.1091,49.6836,49.9822,49.7323,49.6113,49.7361,49.519,49.1035,49.0245,48.8951
2026-09-30T19:32:00,48.7814,49.0896,49.1262,49.6058,49.7859,49.5999,51.8873,49.8202,50.0817,50.0185,49.9911,50.0147,49.7287,49.8847,49.7918,49.6041,49.6865,49.3126,49.135,49.1328,48.8947
2026-09-30T19:34:00,48.8103,49.0623,49.2903,49.4622,49.4199,49.8253,52.4171,49.9497,49.9119,50.1645,50.0943,49.8748,49.9373,49.8052,49.9623,49.5022,49.7567,49.3098,49.2767,48.9622,48.8576
2026-09-30T19:36:00,48.9747,49.1225,49.0488,49.373,49.5883,49.9833,52.0495,49.8315,49.8353,49.98,50.0995,49.8387,50.1634,50.0821,49.9293,49.7941,49.9364,49.2524,49.1491,49.3525,48.6151
2026-09-30T19:38:00,48.8474,49.0021,49.0909,49.269,49.5356,49.7408,52.2135,49.9814,49.9625,49.9928,50.0921,49.8921,49.7515,50.0183,49.4942,49.7842,49.7605,49.2234,48.8952,48.899,48.8461
2026-09-30T19:40:00,48.6537,49.1835,49.3288,49.2624,49.6835,49.4822,52.0829,49.926,50.1519,50.107,50.2261,49.7685,50.4369,49.7583,49.8495,49.9362,49.6455,49.5942,49.0459,48.8573,48.7325
2026-09-30T19:42:00,48.7139,49.0444,49.1822,49.2349,49.6011,49.4865,52.0582,49.9395,49.8153,49.9844,50.0983,50.2123,50.1336,50.0255,49.8825,49.5086,49.4375,49.2787,49.1485,49.0062,48.6542
2026-09-30T19:44:00,48.7326,49.1959,49.164,49.1169,49.5236,49.6762,52.1206,50.2149,50.0913,50.2435,49.9051,50.1013,49.9878,49.877,49.6792,49.7306,49.2721,49.555,49.6516,49.2511,48.48
2026-09-30T19:46:00,48.8266,48.9114,49.1361,49.3683,49.7429,49.8075,52.059,49.9738,49.9723,50.293,49.7746,49.9669,49.8052,49.8838,49.4983,49.5558,49.5475,49.3177,49.0943,49.005,48.7105
2026-09-30T19:48:00,48.6554,48.9865,49.2312,49.457,49.3012,49.6336,52.3746,49.6696,49.9666,49.909,50.1587,50.1677,49.9871,49.8114,49.5646,49.6152,49.4361,49.4128,49.46,49.3094,48.8412
2026-09-30T19:50:00,48.8141,49.0036,49.2724,49.377,49.8272,49.583,52.2276,49.7956,50.0898,50.2548,50.0958,50.0139,49.9567,49.9753,49.7352,49.9447,49.8299,49.5609,49.3523,48.9662,49.0719
2026-09-30T19:52:00,48.5922,48.9188,49.5484,49.3499,49.4463,49.4531,52.3817,50.0701,49.9842,49.7459,49.9881,49.8722,50.0884,50.1124,49.8758,49.7656,49.8007,49.6678,49.0573,49.098,48.628
2026-09-30T19:54:00,48.6892,49.2015,49.0697,49.391,49.7573,49.7723,51.9992,49.8815,49.9227,49.8585,50.3088,50.0018,49.9653,50.051,49.8383,49.5099,49.5752,49.4819,49.2631,49.1926,48.9372
2026-09-30T19:56:00,48.8845,49.0119,49.2465,49.7079,49.3321,49.8763,52.3274,49.7987,49.96,50.0878,49.802,50.0226,50.0479,49.7701,49.8381,49.9178,49.6078,49.2954,49.0071,48.7771,48.9565
2026-09-30T19:58:00,48.7815,49.0243,49.2114,49.314,49.8385,49.8138,52.4951,49.7253,50.052,50.0962,49.8432,49.8701,49.8418,50.0538,49.8523,49.6058,49.6822,49.3255,49.2618,49.0282,48.6848
2026-09-30T20:00:00,48.9515,49.0469,48.9054,49.3955,49.8006,49.3803,52.4221,49.937,49.7822,49.9961,49.8433,49.773,50.02,49.9444,49.5529,49.6315,49.5831,49.1901,49.4025,48.9294,48.8692
2026-09-30T20:02:00,48.906,48.8997,49.2935,49.4399,49.6382,49.6463,52.4431,50.0081,50.1897,50.1563,49.8108,49.9153,50.0263,50.0501,49.7158,49.7126,49.6243,49.407,49.391,48.8926,48.8856
2026-09-30T20:04:00,48.6939,49.1019,49.1064,49.381,49.7154,49.5696,52.3234,49.997,49.9463,49.9589,50.012,49.8681,50.074,50.0093,50.0742,49.7522,49.7392,49.3494,49.3136,48.9039,48.8465
2026-09-30T20:06:00,48.7642,49.1796,48.9444,49.3982,49.5348,49.8083,52.2139,49.8406,50.1476,49.9069,49.9539,50.166,49.6546,49.9621,49.869,49.749,49.3177,49.2149,49.1214,48.9133,48.9087
2026-09-30T20:08:00,48.746,49.2467,49.239,49.5125,49.4817,49.6235,52.3821,50.031,49.8664,50.1869,49.9758,50.2277,49.7829,49.852,49.9139,49.7006,49.4947,49.5176,49.3814,48.9803,48.9231
2026-09-30T20:10:00,48.7482,48.9234,49.4309,49.3406,49.5076,49.8226,52.1758,49.7653,49.9249,50.0122,50.1471,49.9714,49.8678,49.7153,49.7718,49.6431,49.7401,49.1875,48.9829,48.7658,48.7753
2026-09-30T20:12:00,48.8736,49.274,49.0051,49.4444,49.4872,49.9462,52.3678,50.1238,49.9575,50.1537,50.0617,49.9038,50.0987,49.8559,49.4874,49.6935,49.3971,49.4981,49.4658,49.0805,48.8901
2026-09-30T20:14:00,48.6282,48.9206,49.1543,49.7081,49.5149,49.7489,52.0471,49.8262,49.9784,49.9759,49.9653,50.0598,50.0314,49.7225,49.6196,49.7894,49.6944,49.2196,49.3389,48.83,48.7828
2026-09-30T20:16:00,48.9948,48.795,49.2383,49.387,49.4078,49.819,52.1765,49.8003,49.7959,50.0585,50.0885,50.1947,49.9221,49.7757,50.034,49.6146,49.674,49.6561,49.3545,48.7645,48.6508
2026-09-30T20:18:00,48.6891,49.1567,49.1216,49.5303,49.6047,49.7284,52.3091,49.7847,50.1583,50.0102,50.2266,49.8569,49.7046,50.1026,49.638,49.7196,49.515,49.3913,49.185,48.8673,48.6239
2026-09-30T20:20:00,48.8327,48.9235,49.4882,49.4246,49.7761,49.63,52.4269,49.8038,49.8125,49.9521,49.9703,50.3731,49.754,49.7944,49.9131,49.675,49.5885,49.5261,49.2104,48.9206,48.597
2026-09-30T20:22:00,48.7885,49.1074,49.2615,49.5845,49.5047,49.7398,52.182,49.6045,50.0362,49.9165,50.0934,49.894,49.72,49.7546,49.761,49.595,49.5231,49.4908,49.2265,49.0947,48.7741
2026-09-30T20:24:00,48.695,48.8787,48.9018,49.4958,49.7278,49.5488,52.1626,49.7605,49.9982,49.998,49.9611,49.976,49.7,49.8684,49.7753,49.7673,49.4573,49.3286,49.2586,49.4213,48.7058
2026-09-30T20:26:00,49.0982,48.8865,49.2361,49.2693,49.7669,49.7159,52.3339,50.0412,50.1424,49.8869,50.0339,49.9119,50.1216,49.5768,50.13,49.6634,49.2573,49.4513,49.1047,49.0304,48.8161
2026-09-30T20:28:00,48.9565,48.7539,49.2883,49.5815,49.3726,49.8088,52.4265,49.8099,49.6651,50.0088,49.9274,50.2183,49.9153,49.9949,49.8581,49.7268,49.3818,49.3021,49.2456,49.0141,48.7824
2026-09-30T20:30:00,48.9129,49.0334,49.3368,49.4235,49.6224,49.6206,52.0833,50.0164,50.0789,50.0826,49.8784,50.15,49.9648,49.9154,49.7066,49.6254,49.4723,49.465,49.1283,49.0222,48.7169
2026-09-30T20:32:00,48.6077,49.0342,49.2493,49.4214,49.1272,49.8519,52.3049,49.748,50.234,49.99,50.1081,50.0054,49.6066,50.068,49.6371,49.8591,49.5471,49.2825,48.8666,48.9559,48.6486
2026-09-30T20:34:00,48.8028,48.8629,49.3362,49.331,49.4991,49.9925,52.4224,49.794,50.0041,49.7464,49.8865,49.9596,49.8395,49.7408,49.9006,49.6081,49.4454,49.3204,49.1319,49.1421,48.8405
2026-09-30T20:36:00,48.5753,49.223,49.3888,49.3669,49.4187,49.7001,52.22,49.9652,49.9431,50.1722,49.7571,49.8939,49.9903,49.8157,49.7427,49.5265,49.8463,49.382,49.3311,48.9098,48.7282
2026-09-30T20:38:00,48.7856,49.2664,49.4302,49.7146,49.7882,49.9153,52.2732,49.7866,50.1412,49.8794,50.075,49.8944,49.7943,49.8975,49.6732,49.6515,49.6932,49.3803,49.3756,48.9588,48.8474
2026-09-30T20:40:00,48.6481,49.218,48.9291,49.4503,49.6465,49.3137,52.0637,49.6646,49.9359,49.9455,49.9464,50.074,50.2823,49.739,49.8565,49.7026,49.7238,49.096,48.9906,48.866,48.6367
2026-09-30T20:42:00,48.8312,48.9537,48.9321,49.2979,49.3259,49.5832,52.2748,49.7716,50.1262,50.3137,50.0683,49.756,50.1567,50.1943,49.7755,49.7504,49.724,49.4362,49.4113,49.1044,48.705
2026-09-30T20:44:00,48.723,48.9861,49.1266,49.5994,49.6101,49.666,52.4215,49.8982,50.0996,50.2202,50.0201,49.8967,49.7737,50.1463,49.859,49.6069,49.5485,49.2408,49.4235,49.0677,48.7409
2026-09-30T20:46:00,48.5783,49.3327,49.2443,49.0803,49.478,49.6903,52.3247,49.7264,50.1154,50.0681,50.0009,49.8857,49.6854,49.8188,49.7716,49.5203,49.6053,49.5228,49.1566,48.9625,48.7912
2026-09-30T20:48:00,49.0378,49.2314,48.9825,49.3334,49.9364,49.6456,52.5595,49.9602,50.1316,49.93,50.0072,50.0625,49.9445,49.8787,50.0123,49.671,49.757,49.3192,49.181,49.1297,48.8702
2026-09-30T20:50:00,48.9374,49.0291,49.2232,49.3381,49.3321,49.6346,52.4555,49.8774,49.9771,50.1663,49.8609,50.0348,49.8656,50.0531,49.5891,49.6442,49.489,49.3584,49.1461,49.2978,48.7637
2026-09-30T20:52:00,48.7741,48.8132,49.0339,49.297,49.3863,49.7703,52.2182,49.8216,49.9271,49.8505,49.8111,49.8848,49.9774,49.8717,49.6796,49.9275,49.6175,49.5052,49.4514,48.8898,48.9354
2026-09-30T20:54:00,48.8327,49.0664,49.0063,49.2898,49.5647,49.6892,52.5288,49.8331,49.9838,49.939,49.8066,49.9338,49.9628,50.1409,49.9848,49.6182,49.4339,49.4047,49.1463,49.3823,48.9197
2026-09-30T20:56:00,48.7893,48.9471,49.0738,49.3957,49.1916,49.6411,52.239,50.1107,49.6947,50.1169,49.9485,50.0986,49.8423,49.9491,49.9277,50.0685,49.4492,49.3915,49.215,48.9406,48.7846
2026-09-30T20:58:00,48.8023,48.9769,48.9809,49.4486,49.3558,49.6858,52.4527,49.7053,49.9313,50.0151,49.9918,49.9188,49.953,49.989,49.6602,49.6744,49.6703,49.3243,49.057,49.1375,48.8994
2026-09-30T21:00:00,48.9375,49.0251,49.1372,49.6307,49.7469,49.8149,52.2354,49.9083,49.824,49.836,50.0126,50.0337,50.0323,49.9064,50.103,49.5582,49.7574,49.3533,49.367,48.8951,49.1179
2026-09-30T21:02:00,49.0079,48.797,49.4214,49.4394,49.7001,49.7013,52.2901,49.6941,49.8861,49.9866,49.7603,49.8478,49.9557,49.9592,49.745,49.9052,49.4964,49.5047,49.4251,48.9178,48.9707
2026-09-30T21:04:00,48.784,48.9092,49.469,49.6538,49.5279,49.8601,52.4562,49.8941,50.2754,49.9769,49.9105,49.9983,49.9425,49.8353,49.7737,49.5127,49.6632,49.2217,49.3989,49.1361,48.7505
2026-09-30T21:06:00,48.7512,48.9402,49.2401,49.674,49.6233,49.6459,52.5705,49.842,49.9087,50.3075,50.1055,50.1703,50.0506,49.9785,49.9158,49.8196,49.8973,49.2512,48.8955,48.996,48.5935
2026-09-30T21:08:00,48.8315,48.8637,49.246,49.5808,49.5023,49.6011,52.4314,49.7911,49.9488,49.9757,49.8217,50.1335,49.8019,50.0314,49.8712,49.5528,49.5252,49.5451,49.1987,49.3565,48.6638
2026-09-30T21:10:00,48.9817,48.7953,49.2024,49.5652,49.2977,49.747,52.1546,49.706,49.8521,49.9148,49.9346,49.9073,49.8328,49.5175,50.0106,50.014,49.6405,49.3766,49.0938,49.0744,48.8469
2026-09-30T21:12:00,48.674,49.0077,49.3464,49.4605,49.5659,49.7238,52.207,49.8891,49.9682,49.885,49.9879,50.1264,50.1094,49.577,49.6033,49.8513,49.6354,49.4816,49.033,49.0434,48.8903
2026-09-30T21:14:00,48.8679,48.9271,49.153,49.4625,49.5999,49.895,51.9814,49.8101,50.1381,49.8251,50.0206,50.203,49.8088,49.9455,50.094,49.5183,49.2821,49.5714,49.1655,49.0252,48.8151
2026-09-30T21:16:00,48.9858,48.9902,49.3821,49.5287,49.5712,49.859,52.357,49.8828,50.3998,49.6992,49.8348,49.8423,49.8942,49.9215,49.7792,50.0371,49.4962,49.2567,49.2382,48.9677,48.7318
2026-09-30T21:18:00,48.9391,49.0776,49.401,49.2587,49.6609,49.7054,52.2198,49.6636,49.9431,49.82,50.1086,50.0579,50.0252,50.3053,49.9974,49.405,49.6578,49.4454,49.2657,48.9569,48.9377
2026-09-30T21:20:00,48.3869,48.8338,49.3248,49.4419,49.7051,49.6459,52.2309,50.0091,49.9781,49.7343,50.1409,49.8292,50.0842,49.9216,49.8951,49.8524,49.42,49.5101,49.2249,48.9919,48.8024
2026-09-30T21:22:00,48.727,49.0358,49.2696,49.3192,49.7309,49.7157,52.1467,49.9611,50.0304,49.778,50.0443,49.9338,49.9914,49.8681,49.8667,49.7288,49.2335,49.4251,49.3145,49.136,48.9844
2026-09-30T21:24:00,48.8516,49.2234,49.3604,49.3438,49.4668,49.8901,52.4135,49.6352,49.7978,50.1613,50.0251,49.7345,50.0188,50.04,49.9061,49.6945,49.5404,49.3349,49.1573,49.0698,49.1744
2026-09-30T21:26:00,49.1844,49.0047,49.0142,49.3997,49.5278,49.6643,52.0624,49.8828,49.8572,49.9962,49.7722,49.9944,49.7735,49.7698,49.7128,49.6198,49.4882,49.3298,49.142,48.9251,48.7157
2026-09-30T21:28:00,48.7493,49.3079,49.3691,49.3244,49.3661,49.8692,52.307,49.9451,50.1251,49.7067,49.9109,50.0168,50.1597,49.8808,49.8207,49.6957,49.5629,49.4355,49.1483,48.9235,48.7447
2026-09-30T21:30:00,48.8937,49.2023,49.2525,49.3728,49.7514,49.7839,52.4183,49.8749,49.8914,50.0618,49.9781,50.1628,49.8227,49.9423,49.8122,49.5511,49.517,49.2582,49.1814,48.9898,49.1935
2026-09-30T21:32:00,48.6475,49.1251,49.1655,49.4674,49.5196,49.5827,52.5209,50.0592,49.6959,49.9681,49.9488,49.754,49.9783,49.9685,49.8169,49.7697,49.8312,49.3468,49.4186,49.3525,48.3727
2026-09-30T21:34:00,48.7684,49.2304,49.2843,49.3238,49.7815,49.8336,52.0729,50.0162,49.9278,50.0206,49.8288,50.0711,49.9791,49.7556,49.7611,49.9136,49.798,49.1943,49.3099,48.987,48.7276
2026-09-30T21:36:00,48.8401,49.2561,49.3172,49.2737,49.5797,49.7701,52.4764,49.8859,49.9763,50.027,50.1005,49.714,50.162,49.944,49.814,49.5432,49.6115,49.7093,49.1485,48.7915,48.8696
2026-09-30T21:38:00,48.8088,49.0255,49.0111,49.479,49.6673,49.0649,52.3364,50.01,49.8234,49.6764,50.0183,50.3103,50.0103,50.2311,49.8632,49.6722,49.4573,49.6269,49.0393,48.9419,48.7429
2026-09-30T21:40:00,48.8488,49.0399,49.0168,49.2423,49.8278,49.7182,52.3133,49.8454,49.9992,49.8817,50.1708,50.1205,49.9558,50.0337,49.7891,49.6425,49.7204,49.4035,49.1165,49.27,48.7779
2026-09-30T21:42:00,48.8727,49.2583,49.0488,49.3717,49.7177,49.6616,52.2474,49.876,49.9129,49.9474,50.0661,50.0074,50.2141,49.9465,50.063,49.7267,49.8331,49.3989,49.4204,49.0591,49.0472
2026-09-30T21:44:00,48.6907,48.9663,49.2974,49.2765,49.7929,49.6809,52.3941,50.0519,50.0492,49.8865,49.8102,49.7472,49.8252,49.7879,49.6972,49.7749,49.3735,49.1784,49.2651,49.3001,48.6695
2026-09-30T21:46:00,48.7891,49.0268,49.3998,49.5466,49.5084,49.8428,52.3244,50.0179,50.2272,49.6696,49.7952,49.7932,49.7736,49.9132,49.8316,49.9634,49.7835,49.4603,49.218,49.1321,48.8684
2026-09-30T21:48:00,48.735,49.1354,49.1619,49.4028,49.5499,49.6163,52.2164,49.9058,49.9379,49.8095,50.2503,50.2438,50.1991,50.0696,49.7973,49.5637,49.421,49.1584,49.1869,48.7763,48.8189
2026-09-30T21:50:00,48.8422,48.9509,49.1545,49.4049,49.6539,49.6524,52.56,49.7626,49.8629,49.9187,49.9718,50.0211,50.0336,49.845,50.0426,49.4275,49.6081,49.4191,49.0319,48.8177,48.8154
2026-09-30T21:52:00,48.9683,49.0862,49.2193,49.3644,49.4941,49.6397,52.3999,50.0475,50.0298,49.885,50.0815,50.1367,49.6815,49.936,49.7262,49.714,49.3788,49.2541,49.2124,48.9442,48.7245
2026-09-30T21:54:00,48.6676,49.0881,49.3846,49.2678,49.602,49.6314,52.3414,50.0502,49.9851,49.9661,49.8428,50.1472,50.1871,49.6086,49.8881,49.6702,49.3778,49.6594,49.3042,49.3278,48.6808
2026-09-30T21:56:00,48.7275,48.8051,49.2376,49.1621,49.5169,49.8619,52.3808,50.0277,49.9661,50.0946,49.9777,49.7989,50.0169,49.8779,49.6871,49.534,49.7391,49.167,49.1054,49.0753,48.8833
2026-09-30T21:58:00,48.8291,48.8025,49.385,49.3903,49.3486,49.8521,52.2884,49.619,49.5597,49.9589,49.9022,50.0218,49.968,49.7725,49.8645,49.727,49.408,49.5207,49.2555,48.9954,48.8451
2026-09-30T22:00:00,48.6768,48.9065,49.2105,49.2692,49.7835,49.7305,52.4082,50.1482,50.1577,50.2894,49.8708,50.2244,49.8885,49.8586,49.8358,49.7099,49.5632,49.4554,49.4526,48.7072,48.5859
2026-09-30T22:02:00,48.6093,49.0702,49.2471,49.4677,49.8437,49.704,52.0999,49.9546,50.2165,50.2766,49.9905,50.0103,50.0002,49.9793,49.7874,49.6309,49.7949,49.6361,49.2351,48.9431,48.7094
2026-09-30T22:04:00,48.633,48.8487,49.1922,49.307,49.6086,49.6253,52.1737,49.8355,49.587,50.0411,49.9644,50.188,49.8864,49.8696,49.6747,50.0036,49.6078,49.5897,49.1826,49.1133,48.6615
2026-09-30T22:06:00,48.7095,48.9832,49.1012,49.5172,49.6892,49.872,52.1737,49.8058,49.9441,50.0814,49.8143,49.9468,50.0997,49.9041,49.7898,49.5331,49.5166,49.5104,49.3771,48.7802,48.8545
2026-09-30T22:08:00,48.7429,48.8879,49.4957,49.5045,49.406,49.5465,52.3287,49.6714,49.9164,50.0545,49.8016,50.007,50.0085,49.7898,49.8554,49.7891,49.6228,49.3072,49.3488,48.9727,48.8227
2026-09-30T22:10:00,48.8014,49.0197,48.9317,49.5556,49.6298,49.7107,52.3891,49.823,49.9226,50.0535,49.6784,49.872,49.8573,49.8397,49.7215,49.5788,49.5948,49.5172,49.2893,49.1679,48.8658
2026-09-30T22:12:00,49.0061,49.25,49.157,49.2857,49.4733,49.641,52.4053,49.9594,49.9749,49.8826,49.931,49.9509,49.9761,49.446,49.8363,49.7635,49.4548,49.6109,49.3359,49.1215,48.5609
2026-09-30T22:14:00,48.9074,49.0423,49.2526,49.0701,49.334,49.6474,52.1045,50.0744,49.7801,50.0879,50.0449,50.3918,49.9517,50.1009,49.7365,49.526,49.6124,49.5912,49.1462,49.1729,48.8786
2026-09-30T22:16:00,48.7956,49.052,49.2457,49.3173,49.5834,49.7554,52.1948,49.5052,50.04,49.8829,50.0757,49.8572,50.0026,49.8529,49.7553,49.6867,49.6144,49.1497,49.408,49.1706,48.8415
2026-09-30T22:18:00,48.5552,49.1456,49.2267,49.6467,49.4949,49.6663,52.4463,49.573,49.8889,49.9565,49.6558,49.8439,49.9806,49.9357,50.0446,49.8338,49.3664,49.522,49.2831,49.0384,48.6278
2026-09-30T22:20:00,49.0682,49.2805,49.2712,49.2877,49.3961,49.5309,52.4338,49.6376,50.1148,49.9579,50.0474,50.0953,50.2988,49.9963,49.7792,49.7511,49.5845,49.4134,49.2434,48.8781,48.8426
2026-09-30T22:22:00,48.5973,49.1905,49.1732,49.2372,49.6611,49.7965,52.3204,49.6668,49.7575,50.0643,50.3281,50.0227,49.9922,49.9753,49.678,49.8603,49.4733,49.4154,49.1102,48.8479,48.6847
2026-09-30T22:24:00,48.6611,48.9664,49.4559,49.4529,49.4831,49.7582,52.2219,50.0556,50.0666,49.9338,49.9914,49.9972,49.8016,49.7217,49.7866,49.5665,49.5629,49.5354,49.1984,49.1128,49.0569
2026-09-30T22:26:00,48.7358,49.2379,49.1102,49.2433,49.594,49.6761,52.0924,50.0812,50.0772,49.8453,49.9707,49.9761,49.7699,49.9397,49.6094,49.446,49.7796,49.3195,49.1205,48.9949,48.6943
2026-09-30T22:28:00,49.1146,49.0954,49.3548,49.5427,49.8805,49.3716,52.4222,49.918,49.964,50.1598,50.0918,49.7345,49.9887,49.8677,49.9717,49.394,49.6619,49.4335,49.3287,49.0858,48.4932
2026-09-30T22:30:00,48.9019,49.0229,49.1161,49.5507,49.5616,49.9434,52.4664,49.7287,50.0672,49.9877,49.996,49.9661,50.1019,49.774,49.8722,49.4737,49.6159,49.2259,49.0447,49.0213,48.6344
2026-09-30T22:32:00,48.9622,48.8663,49.4676,49.5327,49.5823,49.7931,52.3387,50.2401,50.0261,49.9016,50.057,49.9383,49.9422,49.8056,49.7297,49.8247,49.5622,49.5256,49.1873,49.0154,48.7309
2026-09-30T22:34:00,48.9902,49.2704,49.2198,49.5449,49.3568,49.5139,52.4176,49.6365,50.3644,50.1384,50.2573,49.9767,49.7541,49.763,49.681,49.8271,49.417,49.2941,49.4659,48.8503,48.7084
2026-09-30T22:36:00,49.0045,49.4008,48.9907,49.0558,49.467,49.7338,52.3041,49.8117,49.7635,50.1164,49.9262,49.8934,49.961,50.1111,49.8376,50.0886,49.5236,49.5066,48.9162,48.9345,48.7998
2026-09-30T22:38:00,48.6991,48.915,49.1526,49.2706,49.4914,49.7153,52.3677,49.7352,49.9252,49.8719,50.1403,50.2521,49.9858,49.9589,49.7726,49.7783,49.5419,49.2274,49.4233,49.3696,48.8994
2026-09-30T22:40:00,48.8051,49.105,49.4894,49.3482,49.6847,49.7327,51.9887,49.845,50.0438,50.048,49.9893,49.8076,49.997,49.9258,49.8968,49.9762,49.5821,49.5845,49.3131,49.4506,48.8842
2026-09-30T22:42:00,49.2057,48.8869,49.0587,49.4937,49.5568,49.9063,52.4398,50.0266,49.8455,49.9951,50.1392,49.9151,49.9666,50.0873,49.815,49.7491,49.7646,49.4933,49.026,49.0601,48.8181
2026-09-30T22:44:00,48.8653,49.3865,49.4183,49.4486,49.483,49.8422,52.3512,50.1038,50.0149,50.1533,49.894,49.9761,49.9745,49.7828,49.8812,49.6577,49.5274,49.3212,49.2324,48.7958,48.9487
2026-09-30T22:46:00,48.8752,49.1275,49.4339,49.467,49.5364,49.9133,52.2636,49.9288,49.6399,49.9188,50.0084,50.0977,50.0421,50.048,49.7347,49.6262,49.6099,49.3024,49.1816,49.0458,48.5094
2026-09-30T22:48:00,48.5702,49.0973,49.1315,49.5318,49.5017,49.5509,52.4067,49.8589,50.0127,49.8922,49.8845,49.9434,49.8384,49.8683,49.6604,49.7554,49.6881,49.4853,49.0452,49.2154,48.5415
2026-09-30T22:50:00,48.8343,49.046,49.3489,49.3138,49.4953,49.8759,52.4805,49.7423,49.9125,49.8729,49.6136,50.16,49.8559,49.9033,49.8478,49.5093,49.7056,49.3144,49.0162,49.0802,48.827
2026-09-30T22:52:00,48.721,49.0218,49.4871,49.5183,49.5715,49.648,52.5854,49.829,49.6618,50.1731,49.9276,49.6646,49.7442,49.6903,49.4806,49.5883,49.4802,49.6586,49.2206,48.9422,48.7763
2026-09-30T22:54:00,48.8306,49.178,49.4299,49.1202,49.3484,49.6986,52.5973,49.8193,50.1163,49.9056,49.9174,49.9508,50.1619,49.8218,49.8209,49.7516,49.7077,49.4232,49.3682,49.2847,48.922
2026-09-30T22:56:00,48.7467,49.0104,49.277,49.3754,49.4033,49.5631,52.2277,49.6006,50.392,50.12,49.9186,49.8796,50.1395,49.684,49.6577,49.8592,49.5598,49.5322,49.2519,49.0315,48.707
2026-09-30T22:58:00,48.876,49.0677,49.2706,49.3516,49.7522,49.7144,52.4024,49.7204,49.7075,50.1021,49.9058,49.8656,50.0107,50.0962,49.7704,49.6597,49.6385,49.4985,49.2459,48.7604,48.9194
2026-09-30T23:00:00,48.6876,49.3454,49.1322,49.4492,49.564,49.7343,52.6884,49.8582,50.1102,49.9936,49.9519,50.1073,50.0076,49.8695,49.6667,49.7686,50.0847,49.3969,49.3322,48.9457,49.3268
2026-09-30T23:02:00,48.5908,48.9455,48.9547,49.5213,49.5967,49.7699,52.3116,50.1323,50.1644,50.1698,49.601,49.8566,49.9739,50.031,49.4004,49.9449,49.6246,49.6583,49.0617,48.9181,48.6481
2026-09-30T23:04:00,48.7113,48.9162,48.9742,49.6127,49.6547,49.5809,52.0027,50.0715,49.6123,49.8253,49.8126,49.8806,50.0248,50.0251,49.8586,49.5273,49.7674,49.5948,49.3531,49.3889,48.6418
2026-09-30T23:06:00,48.6872,48.9127,49.1409,49.512,49.6017,49.6413,52.4846,49.8817,49.8694,49.8948,49.8047,49.9546,49.8222,49.8761,49.8654,49.7702,49.5002,49.6988,49.0585,49.135,48.8041
2026-09-30T23:08:00,48.843,48.9256,49.1143,49.5081,49.3076,49.72,52.0868,49.6148,49.9623,49.9017,50.2916,49.722,49.9736,49.907,49.8327,49.6283,49.3233,49.5218,49.3438,49.0857,48.8406
2026-09-30T23:10:00,48.9803,49.1752,49.3361,49.3167,49.7203,49.5683,52.3662,49.7409,49.9273,50.1068,49.953,50.1309,49.8801,50.143,49.7842,50.0922,49.676,49.4061,49.0629,48.9647,49.0969
2026-09-30T23:12:00,48.6118,48.792,49.2769,49.6014,49.5111,49.5703,52.2744,49.8594,50.1212,50.2712,49.9776,49.8635,49.7712,49.6305,49.7967,49.4645,49.6747,49.3761,49.1251,49.2441,48.5374
2026-09-30T23:14:00,48.9356,49.0433,49.2701,49.4091,49.3955,49.7902,52.487,49.5857,49.966,49.9687,49.9539,50.0481,49.9204,49.8293,49.9862,49.552,49.5045,49.3459,49.1084,48.9462,49.0089
2026-09-30T23:16:00,48.6711,49.403,48.9903,49.0422,49.4587,49.5043,52.4923,49.9571,49.7858,49.9532,49.9482,50.3808,49.9692,49.9281,49.8842,49.7301,49.5633,49.2772,49.2412,49.0548,48.5926
2026-09-30T23:18:00,48.8073,48.8333,48.9736,49.3959,49.6414,49.8366,52.2182,49.6651,49.8111,49.9433,49.9773,50.0535,49.9187,50.0462,49.7058,49.7654,49.6597,49.4655,49.3075,48.8578,48.9282
2026-09-30T23:20:00,48.7175,48.9954,49.0735,49.4628,49.4962,49.5916,52.4067,49.7718,50.0022,50.0114,50.0763,49.9913,49.7644,49.9102,49.86,49.9796,49.8463,49.5417,49.3773,48.6364,48.7164
2026-09-30T23:22:00,48.6321,49.1166,49.3109,49.4922,49.6545,49.7528,52.2894,49.8013,50.0577,49.9871,50.1592,49.9192,49.909,49.7713,49.906,49.5737,49.2082,49.2877,49.1252,49.025,48.7442
2026-09-30T23:24:00,48.9904,49.0752,49.3778,49.6224,49.7258,49.839,52.2356,49.9586,49.9367,50.1052,49.912,50.0883,49.8765,50.0055,49.9943,49.887,49.5073,49.6138,48.973,49.0548,48.5861
2026-09-30T23:26:00,48.8031,48.8491,49.2263,49.3051,49.7615,50.0288,52.4402,50.0497,50.025,49.9771,49.9686,49.8142,49.8352,50.0153,49.7484,49.7612,49.4356,49.7629,49.4414,49.0184,49.0875
2026-09-30T23:28:00,48.8803,49.1968,49.2113,49.3471,49.7863,49.8153,52.4371,50.0481,49.9757,49.9232,50.062,49.7272,49.9699,50.0666,49.7782,49.9864,49.5203,49.26,49.3248,49.0066,48.8978
2026-09-30T23:30:00,48.7056,49.1141,49.2522,49.4531,49.7144,49.5871,52.2858,50.0621,50.1394,50.099,49.8354,50.0214,49.8941,49.8469,49.5787,49.3881,49.7185,49.5359,49.0157,48.9765,48.8106
2026-09-30T23:32:00,48.7126,49.1034,49.1732,49.2028,49.5046,49.7669,52.169,50.0041,50.109,50.0784,50.0835,49.9732,50.0328,49.7813,49.4548,49.5931,49.7844,49.5654,49.0699,48.9921,48.6894
2026-09-30T23:34:00,48.6177,48.9738,49.3456,49.4152,49.5254,49.3695,52.6308,49.7121,49.9493,50.1046,50.0209,50.1071,49.5972,49.7537,49.6997,49.4913,49.324,49.5363,49.0335,49.185,48.9273
2026-09-30T23:36:00,48.7387,48.8105,49.1342,49.295,49.4604,49.5741,52.306,49.839,49.934,49.9744,50.1733,50.2796,49.9449,49.8704,49.7745,49.8343,49.6626,49.4192,49.2011,49.1046,48.9472
2026-09-30T23:38:00,48.7241,49.0813,48.9502,49.3013,49.6288,49.4528,52.0713,49.9187,49.6461,49.9288,50.3002,50.0296,50.2037,50.1146,49.6839,49.6596,49.6135,49.5664,49.4361,49.1339,48.84
2026-09-30T23:40:00,48.6305,49.1734,49.1337,49.5481,49.7565,49.4721,52.5983,49.8519,50.1024,50.1183,50.2674,50.1546,50.1862,50.0072,49.6796,49.6618,49.661,49.5444,49.244,48.9104,48.6018
2026-09-30T23:42:00,48.8013,49.4672,49.2022,49.3269,49.6473,49.7982,52.316,49.5801,49.8384,49.8821,50.0823,49.8824,49.9057,49.7145,49.7136,50.0199,49.6813,49.465,49.0945,48.8337,48.9427
2026-09-30T23:44:00,48.7859,49.1049,49.2644,49.4185,49.1836,49.8235,52.5599,49.8913,49.9142,50.0088,49.9501,49.7017,49.8864,49.8788,49.9556,49.5411,49.5093,49.4035,49.2907,49.308,48.8848
2026-09-30T23:46:00,48.8859,48.8358,49.4596,49.1414,49.7584,49.8186,52.3113,49.7218,50.0207,49.9054,50.1913,49.5366,49.9529,49.4869,49.8073,49.6413,49.6823,49.2281,49.0715,48.6911,48.7197
2026-09-30T23:48:00,48.811,48.9758,49.0709,49.3636,49.6372,49.7306,51.9972,49.8013,49.8026,49.5549,50.0745,50.0208,49.7797,49.9553,49.8287,49.6116,49.5983,49.3637,49.1123,49.1671,48.5483
2026-09-30T23:50:00,49.0688,49.0483,49.1512,49.4586,49.4094,49.6213,52.5903,49.9455,49.9104,49.9473,50.1212,50.1093,49.8854,50.0532,49.7879,49.6761,49.6653,49.2843,48.9805,48.9884,48.9155
2026-09-30T23:52:00,48.7366,49.1421,49.3962,49.3417,49.551,49.6612,52.3885,49.9482,49.9629,50.1769,50.0423,50.0137,49.8244,49.8864,49.9927,49.7898,49.5691,49.3818,49.0767,48.9029,48.9384
2026-09-30T23:54:00,48.7868,49.0242,49.4054,49.3328,49.4793,49.897,52.3854,49.6381,49.9335,49.8545,49.9078,49.9367,49.6907,49.7679,50.0642,49.6533,49.4804,49.5397,49.0118,48.9777,48.9774
2026-09-30T23:56:00,48.7837,49.0615,49.182,49.447,49.656,49.6578,52.3069,49.9125,49.651,50.1076,50.2554,50.0943,49.9712,49.821,49.8464,49.9768,49.7745,49.2929,49.4441,48.909,48.6891
2026-09-30T23:58:00,48.7621,49.1053,49.1823,49.5447,49.5979,49.9188,52.0861,49.8937,50.0356,50.2019,49.6739,49.938,49.6424,49.9418,49.7102,49.7342,49.7037,49.527,49.187,49.1055,49.2474
2026-10-01T00:00:00,48.7122,49.0975,49.1437,49.5222,49.4339,49.7751,52.0729,49.9064,50.3122,49.8041,49.8989,50.1112,49.7745,49.5308,49.5477,49.7153,49.718,49.4121,49.2282,49.1754,48.7808
2026-10-01T00:02:00,48.9849,49.2345,49.1698,49.5868,49.6579,49.6665,52.2901,50.0379,49.7525,49.7354,50.1586,50.2646,49.9784,50.0313,49.5485,49.4862,49.4701,49.3424,49.2395,48.9401,48.7727
2026-10-01T00:04:00,48.7528,49.1014,49.3738,49.5251,49.7587,49.6529,52.2208,49.5917,49.6816,50.0891,50.0521,49.9741,49.8845,49.6866,49.4577,49.591,49.5082,49.0043,49.4086,48.9046,48.8435
2026-10-01T00:06:00,48.9726,49.2302,49.1622,49.5339,49.6811,49.6851,52.3328,49.7358,49.9676,49.8648,49.9431,49.9798,50.0702,49.8322,49.7438,49.6128,49.9564,49.3248,49.2788,48.777,48.7834
2026-10-01T00:08:00,48.5931,48.9172,49.3186,49.6463,49.5679,49.766,52.309,49.7993,49.9387,50.1094,50.0049,49.9047,49.8546,49.9388,49.7327,49.8139,49.33,49.5013,49.0831,48.9908,49.094
2026-10-01T00:10:00,48.93,48.9231,49.1469,49.5202,49.6831,49.6689,52.3943,49.802,49.5095,50.1262,49.8989,50.0514,49.8989,49.8221,49.6465,49.7886,49.6678,49.576,49.3116,49.0668,48.6947
2026-10-01T00:12:00,48.7787,49.0649,48.8273,49.2081,49.5125,49.7951,52.4917,50.1221,49.8086,49.9698,49.8932,49.8363,49.8695,49.8804,49.902,49.4464,49.5189,49.2319,49.4152,49.2572,48.6989
2026-10-01T00:14:00,48.6613,49.0901,49.3456,49.2303,49.4713,49.709,52.1165,50.0868,49.9261,49.9655,49.7913,50.1409,49.7156,49.7495,49.6845,49.6468,49.3174,49.2608,49.288,48.9883,48.7848
2026-10-01T00:16:00,48.9126,49.0609,49.3495,49.3805,49.3978,49.9157,52.0156,49.6489,49.7428,50.3102,49.9768,50.1161,49.6808,49.6903,49.8206,49.5947,49.5501,49.4683,49.2108,49.0062,48.7971
2026-10-01T00:18:00,48.7322,49.0385,49.3422,49.2354,49.5736,49.798,52.243,49.8422,50.1951,50.1216,50.3103,50.2345,49.8663,49.7519,49.7293,49.7961,49.0169,49.3843,49.3795,49.0003,48.8146
2026-10-01T00:20:00,48.7289,48.7395,49.339,49.333,49.6035,49.6673,52.5666,49.9272,49.9816,49.9379,49.8412,50.0133,50.0799,49.8573,49.4464,49.547,49.8246,49.2919,49.2241,48.7053,48.6776
2026-10-01T00:22:00,48.6328,49.1108,49.2894,49.4575,49.6837,49.5899,52.527,49.8182,50.0536,50.2694,49.8846,50.0076,49.8967,49.8743,49.8166,49.6519,49.533,49.4815,48.9954,48.8797,48.6878
2026-10-01T00:24:00,48.554,49.0409,49.1242,49.2438,49.3239,49.5274,52.3349,49.6617,50.0502,50.043,50.0041,49.6951,49.7973,50.0093,49.7115,49.5454,49.4196,49.4293,48.9159,49.142,48.7945
2026-10-01T00:26:00,48.6028,49.0779,48.7823,49.1844,49.572,49.8825,52.0866,49.6365,49.8993,49.9594,49.8425,49.826,50.1428,49.7087,49.5209,49.5944,49.7203,49.4722,49.1821,48.7893,48.7423
2026-10-01T00:28:00,49.1852,49.0733,49.3439,49.1273,49.46,49.5698,52.5229,49.8022,49.8962,49.8687,49.5252,50.1134,49.6204,49.7585,49.524,49.5629,49.4516,49.2879,49.4029,48.8003,48.706
2026-10-01T00:30:00,48.8327,48.917,49.1045,49.6558,49.6361,49.5249,52.2981,49.7074,49.9715,49.7237,50.0723,49.9958,49.9543,49.8423,49.7927,49.5199,49.5281,49.4526,49.2483,48.8378,48.8362
2026-10-01T00:32:00,48.5679,48.8667,49.0518,49.269,49.4976,49.7506,52.4168,49.9081,49.7888,50.0491,50.0965,49.8214,49.7206,49.8166,50.0481,49.6021,49.4894,49.4661,49.002,48.8123,48.7297
2026-10-01T00:34:00,48.873,48.9271,49.0801,49.1055,49.7528,49.4558,52.4517,49.7298,50.0704,50.1911,49.8134,50.0214,50.0085,50.0266,49.7068,49.8319,49.5292,49.2056,49.3288,49.1643,48.7434
2026-10-01T00:36:00,48.7249,49.0886,49.4304,49.169,49.6722,49.9497,52.1191,49.9226,49.9051,49.9854,50.1324,49.691,49.819,49.6275,49.7041,49.9256,49.3534,49.2847,49.0837,49.0321,48.6955
2026-10-01T00:38:00,48.6238,48.8538,49.1496,49.1686,49.1461,49.8177,52.2692,49.7432,49.8691,50.0399,49.8118,49.9338,49.8128,50.0186,49.3824,49.4298,49.7216,49.1735,49.0539,48.7848,48.3895
2026-10-01T00:40:00,48.7244,49.0699,49.2178,49.1643,49.4266,49.8871,52.2183,49.6902,50.0248,49.882,49.6559,49.7972,50.0288,49.8053,49.7318,49.735,49.3889,49.1235,49.1674,48.8705,48.7364
2026-10-01T00:42:00,48.6261,48.8511,48.9545,49.3914,49.7974,49.4504,52.4189,49.9315,49.7912,49.7715,50.0182,49.8718,49.8462,49.7601,50.0336,49.3941,49.5712,49.6358,49.1946,49.2896,48.7387
2026-10-01T00:44:00,48.7621,49.0831,49.0602,49.3541,49.5924,49.5368,52.316,49.9946,49.7138,49.9076,49.9982,49.8176,50.0433,50.0166,49.6615,49.6761,49.4118,49.3327,49.2421,48.9441,48.7656
2026-10-01T00:46:00,48.6708,49.146,49.311,49.2568,49.5906,50.037,52.1772,50.0401,50.2949,49.8967,50.0615,49.5974,50.1004,49.9306,49.8755,49.6703,49.6554,49.5221,49.2808,48.928,48.7171
2026-10-01T00:48:00,48.7458,48.9356,49.0468,49.1604,49.4928,49.5012,52.1929,49.6393,49.686,49.8645,49.9044,50.2552,49.8793,49.99,49.8229,49.6855,49.4627,49.449,49.2514,48.7568,48.8409
2026-10-01T00:50:00,48.7075,48.7259,49.0534,49.4566,49.6476,49.6204,52.43,49.9497,49.6568,49.7609,49.9904,49.7904,49.7953,49.8747,49.7019,49.5328,49.2935,49.6592,48.9589,48.9004,48.9021
2026-10-01T00:52:00,48.7203,48.8197,48.9946,49.5217,49.6206,49.3392,52.0335,49.9233,50.1324,49.8403,50.0793,49.6803,49.6329,49.6365,49.818,49.6652,49.6116,49.0781,49.4193,48.9001,49.1383
2026-10-01T00:54:00,48.7717,48.6858,49.1585,49.2155,49.7352,49.6658,52.4307,49.7023,49.767,49.9424,49.9434,49.7779,49.9635,50.0021,49.686,49.5556,49.4243,49.4253,49.1442,49.0262,48.9007
2026-10-01T00:56:00,48.6831,48.9151,49.1155,49.5673,49.4792,49.6386,52.1903,49.9572,49.9428,49.7403,50.073,49.9784,50.0641,49.9011,49.7273,49.4747,49.6471,49.5301,49.026,48.9459,48.7993
2026-10-01T00:58:00,48.7062,49.0137,49.1002,49.2401,49.6801,49.3661,52.3316,49.6974,49.8828,49.8112,49.9491,49.819,49.9191,49.6,49.5697,49.6042,49.5889,49.2088,49.4542,48.8946,48.8444
2026-10-01T01:00:00,48.4455,48.7991,49.0016,49.1565,49.2495,49.5562,52.1005,50.0622,49.8638,49.9533,49.6032,50.139,50.1104,49.6453,49.5672,49.5051,49.7072,49.1308,48.9975,48.7072,48.7648
2026-10-01T01:02:00,48.8497,48.8001,49.3273,49.3564,49.3604,49.706,52.4236,50.0084,49.9535,50.1118,49.9224,49.9583,50.1477,49.7969,49.6066,49.4361,49.4108,49.048,49.0112,48.7746,48.6944
2026-10-01T01:04:00,48.5109,48.9308,49.1515,49.4541,49.6475,49.8611,52.1906,49.6017,49.9918,49.9717,49.8548,50.0355,50.1748,49.8717,49.6666,49.6545,49.3509,49.6385,48.9697,48.7947,48.879
2026-10-01T01:06:00,48.692,48.7617,49.297,49.5103,49.2406,49.721,52.3818,50.0971,49.9472,50.0255,49.9389,50.0194,50.1383,49.9244,49.6369,49.6117,49.7911,49.1439,49.063,48.8494,48.9238
2026-10-01T01:08:00,48.5869,48.885,49.1441,49.4185,49.5834,49.4464,52.0543,49.5942,50.048,49.8705,49.9483,49.9088,49.646,49.5613,49.5566,49.9178,49.429,49.4088,48.9976,49.345,48.7342
2026-10-01T01:10:00,48.4786,48.872,49.2001,49.4834,49.4325,49.7191,52.2703,49.843,49.8071,49.9647,50.0868,49.905,49.8187,50.234,49.8311,49.7181,49.2643,49.4962,48.9064,49.1276,48.7687
2026-10-01T01:12:00,48.6428,48.8396,49.1741,49.2682,49.223,49.7782,51.9923,49.7817,49.7949,50.1396,49.6829,50.0549,49.9381,49.3672,49.5085,49.5093,49.3229,49.3596,49.2321,49.1019,48.6037
2026-10-01T01:14:00,48.7924,48.9056,49.2227,49.3153,49.4776,49.5626,52.2988,49.8223,49.7175,49.5842,50.0651,50.0173,49.8527,49.9836,49.7134,49.5948,49.4171,49.5194,49.4206,48.9109,48.6189
2026-10-01T01:16:00,48.8745,49.0768,49.242,49.1077,49.5265,49.6423,52.1774,49.8743,49.8423,49.9621,49.9121,49.8595,50.125,49.8002,49.8158,49.757,49.3392,49.2991,49.0152,48.9173,48.5374
2026-10-01T01:18:00,48.8451,48.9415,48.959,49.3962,49.3305,49.3961,52.2847,49.8126,49.7553,50.0093,49.9822,49.9277,50.0191,49.8507,49.9103,49.666,49.5327,48.8996,49.0939,49.2303,48.6277
2026-10-01T01:20:00,48.6923,48.8739,48.8721,49.4144,49.7653,49.8639,52.1857,49.67,49.7816,49.9771,49.8525,50.0183,49.9069,49.6185,49.5474,49.7393,49.6082,49.3264,49.366,48.9313,48.6686
2026-10-01T01:22:00,48.7045,49.0219,48.7977,49.3434,49.5011,49.4838,52.0903,49.9883,49.792,49.8534,50.0499,49.7131,50.2342,49.6905,49.6224,49.3925,49.3853,49.1778,49.0717,48.7705,48.3484
2026-10-01T01:24:00,48.8848,49.0491,49.2387,49.4009,49.5656,49.5011,52.6496,49.7095,49.6765,50.2026,49.847,49.9032,49.7071,49.7599,49.7869,49.6561,49.2908,49.4327,49.0214,48.6994,48.8429
2026-10-01T01:26:00,48.7549,48.8985,49.0197,49.4324,49.4325,49.5004,52.2972,49.8396,49.6751,50.0812,49.653,49.771,49.9112,49.7827,49.8326,49.6917,49.1154,49.5165,49.0614,48.9328,48.5903
2026-10-01T01:28:00,48.5405,49.0277,49.207,49.3536,49.3734,49.8406,52.2687,49.8849,49.8692,49.9373,50.079,50.0503,50.024,49.8142,49.7334,49.4307,49.4442,49.233,49.0123,48.9336,48.7164
2026-10-01T01:30:00,48.5966,48.6764,49.0961,49.3159,49.5181,49.4695,52.0139,49.5175,49.8519,49.8011,49.99,49.6752,50.0522,49.7644,49.6769,49.6226,49.5742,49.4328,48.8555,48.8431,48.7671
2026-10-01T01:32:00,48.7858,48.9601,48.9979,49.374,49.4395,49.5992,52.3903,49.7752,49.9194,50.1059,50.0494,49.6994,49.691,49.4913,49.8657,49.573,49.3857,49.2981,48.9553,49.0116,48.5653
2026-10-01T01:34:00,48.8325,48.9645,49.1199,49.3927,49.4284,49.593,52.3861,50.0409,49.9326,50.0955,49.6621,49.907,49.8479,49.7202,49.7866,49.8864,49.5446,49.4794,49.3386,49.1268,48.712
2026-10-01T01:36:00,48.6089,49.0987,49.2625,49.2448,49.71,49.4776,52.0267,49.7841,49.6573,49.8661,49.8922,49.803,49.8634,49.6058,49.3723,49.7223,49.6064,49.44,49.0724,48.9965,48.6515
2026-10-01T01:38:00,48.8755,48.7527,49.1744,49.2428,49.5726,49.6103,51.9441,49.7442,49.7066,49.9554,50.0268,49.7101,49.9147,49.6419,49.6333,49.6233,49.6475,49.381,49.2278,48.8561,48.6784
2026-10-01T01:40:00,48.79,48.9505,49.1541,49.3695,49.7116,49.8013,52.4173,49.8487,49.7374,49.7142,49.9213,49.7413,49.5647,49.7471,50.0374,49.6023,49.4903,49.303,49.1564,48.7324,48.7402
2026-10-01T01:42:00,48.8171,48.9662,49.1753,49.3167,49.5748,49.4321,51.9155,49.7194,49.8483,49.9781,49.7897,49.913,49.8453,49.8984,49.6386,49.6918,49.5771,49.2706,49.1091,48.8594,48.5943
2026-10-01T01:44:00,48.6041,48.7662,49.2353,49.3689,49.4465,49.6126,52.2103,50.0096,49.9783,49.836,49.9982,49.6427,49.7759,49.6749,49.7515,49.5152,49.348,49.2005,48.9166,48.7291,48.5509
2026-10-01T01:46:00,48.7471,48.9595,49.2348,49.5504,49.5941,49.3256,52.1088,50.0067,49.8678,49.9358,49.9239,49.6777,49.9046,49.7618,49.5544,49.6462,49.7109,49.2763,48.9356,48.9008,48.559
2026-10-01T01:48:00,48.3342,48.845,49.1766,49.1606,49.4419,49.5677,52.1284,49.7206,49.7921,49.8343,49.8668,49.9495,49.7665,49.6567,49.7663,49.488,49.7665,49.2617,49.4083,48.9516,48.7314
2026-10-01T01:50:00,48.8164,48.9751,49.0979,49.2468,49.3185,49.4452,52.3168,49.4232,50.0869,50.0087,49.8388,50.1255,50.1102,49.9389,49.3385,49.2901,49.5462,49.1199,49.173,48.8491,48.7383
2026-10-01T01:52:00,48.6316,48.9075,48.8625,49.2835,49.3159,49.73,52.0861,49.8345,49.9135,49.8419,49.754,49.8837,49.8074,49.8803,49.5464,49.4031,49.5439,49.3215,49.2791,49.0999,48.4012
2026-10-01T01:54:00,48.7082,48.9213,49.1141,49.42,49.7231,49.5436,52.159,49.8583,49.9323,49.8398,49.9967,50.0578,49.7441,49.9466,49.5633,49.7575,49.3058,49.1562,48.8996,48.85,48.6604
2026-10-01T01:56:00,48.6439,48.8385,49.0603,49.2033,49.3753,49.5839,52.0888,49.7777,49.6563,49.6546,49.9746,49.7335,49.8281,49.6066,49.4498,49.3613,49.2994,49.4627,48.9881,48.9224,48.6028
2026-10-01T01:58:00,48.6743,48.7083,49.2496,49.2999,49.3589,49.6761,51.9406,49.6445,49.8612,50.0772,49.7842,50.1127,49.9845,49.6208,49.7431,49.726,49.2857,49.4907,48.8641,49.0914,48.8293
2026-10-01T02:00:00,48.9042,49.0122,49.1328,49.0391,49.6885,49.6568,52.2933,49.6686,49.4849,49.9212,49.7308,49.8449,49.8962,49.5622,49.7362,49.4493,49.3451,49.3853,48.8772,48.8048,48.6253
2026-10-01T02:02:00,48.8089,48.8747,49.1894,49.1088,49.2055,49.5352,52.397,49.8268,49.7465,49.7537,50.0565,49.9398,49.599,49.4605,49.9517,49.5819,49.4289,49.3238,49.0779,48.8649,48.6493
2026-10-01T02:04:00,48.3625,48.8359,49.0196,49.4265,49.5695,49.5007,52.1458,49.7605,50.0992,50.0025,49.7577,50.0584,49.6711,49.9158,49.6803,49.3839,49.3605,49.2414,49.2476,49.0784,48.3987
2026-10-01T02:06:00,48.5833,49.0427,49.1621,49.344,49.5201,49.6682,52.3558,49.6901,49.4776,49.9152,49.7612,49.5983,49.8148,49.6365,49.6533,49.2516,49.5003,49.2583,49.1139,48.7741,48.5347
2026-10-01T02:08:00,48.7932,48.9741,49.0457,49.0865,49.4952,49.4784,52.2844,49.6409,49.8302,49.8926,49.7711,49.9188,49.6023,49.9365,49.5982,49.4894,49.393,49.2107,48.9801,48.9075,48.5602
2026-10-01T02:10:00,48.6057,48.9022,49.0515,49.1442,49.5341,49.8363,52.0702,49.8695,49.698,49.7982,49.691,49.7529,49.6912,49.7269,49.6095,49.8679,49.2908,49.3529,49.2035,48.621,48.4013
2026-10-01T02:12:00,48.7762,48.7061,49.0356,48.8755,49.2605,49.5139,52.3232,50.0406,49.7127,50.0525,49.8521,49.8067,49.773,49.7105,49.4391,49.5422,49.2563,49.3158,49.4826,48.6911,48.8961
2026-10-01T02:14:00,48.4885,48.8318,49.2352,49.3395,49.5954,49.7504,52.1202,49.6679,49.8974,49.9159,50.1033,49.5285,49.9556,49.819,49.6188,49.4352,49.3062,49.1515,49.3223,48.8862,48.6152
2026-10-01T02:16:00,48.661,48.9636,49.1953,49.2634,49.3918,49.4399,52.1551,49.7256,49.715,49.7961,50.0366,49.9579,49.8471,49.9212,49.68,49.7238,49.4202,49.4782,49.1658,48.8373,48.4806
2026-10-01T02:18:00,48.6727,48.902,48.9255,49.2336,49.3335,49.593,51.9733,49.7425,50.0853,49.9832,49.8495,50.0654,49.7501,49.8672,49.706,49.4904,49.4942,49.6123,48.9599,48.7521,48.9027
2026-10-01T02:20:00,48.5575,48.8634,49.0172,49.1547,49.491,49.4045,52.0083,49.7074,49.8841,50.0507,49.8479,49.9752,50.0055,49.8131,49.7841,49.5225,49.1845,49.3792,48.9179,48.963,48.5313
2026-10-01T02:22:00,48.4779,48.861,48.8961,49.2741,49.3903,49.5182,52.3822,49.8622,49.7673,49.9586,49.9093,49.7901,49.6052,49.6361,49.9462,49.5581,49.5014,49.5142,48.9761,49.0383,48.2756
2026-10-01T02:24:00,48.4975,48.5565,49.079,49.2634,49.3085,49.4533,52.5886,49.801,49.879,49.7056,49.7328,49.8662,49.7536,49.7155,49.6138,49.2931,49.4717,49.2933,49.1628,48.9804,48.9176
2026-10-01T02:26:00,48.5889,48.9059,49.2806,49.205,49.5857,49.4757,52.0896,49.5802,49.7797,50.1423,50.1192,49.8499,49.8768,49.9107,49.4993,49.4873,49.3888,48.9833,48.9638,48.7839,48.5989
2026-10-01T02:28:00,48.614,48.5371,49.1423,49.1828,49.4814,49.6319,52.1256,49.9996,49.5431,49.824,49.854,50.0426,49.7798,49.8148,49.678,49.8454,49.361,49.1219,49.0009,48.9324,48.8537
2026-10-01T02:30:00,48.291,48.6776,49.2826,49.1899,49.2994,49.4723,52.0171,49.5738,49.8053,49.7145,50.0955,49.4576,49.8723,49.6278,49.8981,49.3937,49.483,49.495,49.1559,48.7746,48.6133
2026-10-01T02:32:00,48.6682,49.0854,49.0922,49.3435,49.2423,49.5484,52.3331,49.6889,49.7187,49.7705,50.0111,49.9034,49.8507,49.6226,49.3843,49.6963,49.3418,49.3774,49.1478,48.7795,48.4749
2026-10-01T02:34:00,48.7751,48.5489,48.7213,49.4816,49.2813,49.5636,52.3032,50.0399,49.6375,49.7973,49.9712,49.8223,49.6693,49.8689,49.3896,49.6824,49.3965,49.2469,48.9639,48.826,48.7914
2026-10-01T02:36:00,48.6707,49.0287,49.1521,49.1882,49.3603,49.5403,52.0739,49.9334,49.6128,50.0767,49.729,49.6885,49.7807,49.5325,49.8887,49.7769,49.6144,49.5079,49.2515,48.5881,48.7328
2026-10-01T02:38:00,48.5246,48.9877,49.0218,49.1766,49.262,49.6175,52.3031,49.5615,49.8393,49.8868,49.8148,49.7898,49.9601,49.9199,49.7492,49.6368,49.513,49.1573,49.0537,48.8655,48.4942
2026-10-01T02:40:00,48.7488,49.1392,49.3658,49.209,49.3281,49.4106,52.2402,49.7112,49.9553,49.6556,49.854,49.7289,49.8211,49.6901,49.3634,49.6532,49.4065,49.2673,49.0501,48.7176,48.6353
2026-10-01T02:42:00,48.7451,49.1051,49.0931,49.1617,49.5719,49.4987,52.1025,49.72,49.8728,49.6377,49.8463,49.8099,49.7173,49.9709,49.4044,49.5249,49.4273,49.2727,49.2814,48.5474,48.5798
2026-10-01T02:44:00,48.4987,48.647,48.9712,49.3004,49.3539,49.8148,51.9109,49.7701,49.8255,49.8351,49.9241,49.7813,49.8573,49.6868,49.5676,49.3958,49.3376,49.3505,48.9924,48.9674,48.6055
2026-10-01T02:46:00,48.6315,49.0512,48.8926,49.2327,49.5339,49.6172,52.1983,49.932,49.7218,49.8416,50.0955,49.6542,49.8703,49.8174,49.6938,49.6015,49.2843,49.2738,49.0545,48.9229,48.6638
2026-10-01T02:48:00,48.9095,49.0141,49.3825,49.4001,49.4722,49.6503,52.3433,49.6162,49.5755,49.6206,49.9531,49.7798,49.7514,49.7505,49.766,49.4845,49.2913,49.1814,49.1845,48.8422,48.7288
2026-10-01T02:50:00,48.7877,48.8287,48.9517,49.0718,49.3293,49.3868,52.1744,49.5389,49.8135,49.7638,49.9507,49.664,49.8013,49.831,49.4101,49.5851,49.3214,49.1111,48.8451,48.8694,48.5447
2026-10-01T02:52:00,48.5756,48.9655,48.6193,49.3712,49.7288,49.5185,52.0786,49.7045,49.911,50.1747,49.7084,49.3711,49.8238,49.7082,49.6119,49.495,49.0763,49.2846,48.9535,48.8975,48.5562
2026-10-01T02:54:00,48.4931,48.5863,49.2605,49.2254,49.4447,49.7513,52.2071,49.7529,49.4392,49.9808,49.9545,49.6491,49.5534,49.7731,49.6077,49.7363,49.199,49.2264,49.1505,48.9185,48.4428
2026-10-01T02:56:00,48.4131,48.7825,49.3672,49.1163,49.3234,49.6496,52.1974,49.9158,49.6745,49.713,49.9431,49.7769,49.7726,49.5648,49.5171,49.4075,49.2984,49.1305,49.0074,48.7994,48.7795
2026-10-01T02:58:00,48.8794,48.7999,49.2812,49.3043,49.0611,49.5605,51.9183,49.8728,49.6963,50.039,50.0285,49.7371,49.6304,49.87,49.5012,49.509,49.5338,49.2153,49.1585,49.1327,48.6727
2026-10-01T03:00:00,48.7234,48.7642,48.6608,49.2565,49.3922,49.6006,52.1356,49.6245,49.686,49.8207,49.691,49.6088,49.811,49.7094,49.7124,49.4425,49.3691,49.0986,48.9958,48.9721,48.8718
2026-10-01T03:02:00,48.5787,48.9133,48.9447,49.0189,49.3055,49.4853,52.0831,49.5952,49.7979,49.9733,49.7416,49.8671,49.856,49.8578,49.7241,49.6652,49.3997,49.0474,48.8956,48.7842,48.4799
2026-10-01T03:04:00,48.5088,48.8189,49.0472,49.1716,49.4381,49.8001,51.985,49.6322,49.6033,49.9715,49.947,49.6157,49.8413,49.5103,49.6845,49.5233,49.3976,48.9766,49.0806,48.8765,48.8124
2026-10-01T03:06:00,48.6383,48.8414,48.9506,49.3105,49.5071,49.6297,52.26,49.6896,49.5695,49.8207,50.0325,49.9901,49.6753,50.0131,49.8305,49.6444,49.2481,49.3341,49.1925,49.1711,48.5609
2026-10-01T03:08:00,48.5826,49.0237,49.2216,49.3639,49.3177,49.4306,52.169,49.7841,49.9076,49.7066,49.5943,49.9709,49.762,49.6953,49.7708,49.315,49.3885,49.1847,49.1222,48.8454,48.7211
2026-10-01T03:10:00,48.435,48.7875,48.927,49.3904,49.5747,49.5346,52.232,49.6834,49.6823,50.0097,49.8088,50.0084,50.1237,49.5455,49.7165,49.4767,49.4501,48.8998,49.1439,48.7274,48.6671
2026-10-01T03:12:00,48.6862,48.972,49.0572,49.2808,49.3488,49.3027,52.0418,49.6428,49.7268,49.8334,49.8566,49.9658,50.0628,49.5644,49.6532,49.5868,49.3555,49.3343,48.728,48.9486,48.593
2026-10-01T03:14:00,48.3474,48.8117,49.3342,49.218,49.6897,49.8446,52.1737,49.6705,49.8762,50.0235,50.0861,49.8625,49.6492,49.9391,49.3668,49.4919,49.4025,49.3106,48.9692,48.8751,48.7577
2026-10-01T03:16:00,48.6299,48.729,49.1704,49.26,49.2484,49.419,52.4064,49.6904,49.8547,49.7414,49.8014,49.8052,49.7022,49.8278,49.7878,49.644,49.3335,49.1432,48.7625,49.01,48.5782
2026-10-01T03:18:00,48.4441,48.6817,49.1712,49.1923,49.5009,49.5494,52.268,49.7519,49.3546,50.0093,49.633,50.0318,49.795,49.5999,49.5542,49.4008,49.4442,49.3095,48.8584,48.5788,48.8104
2026-10-01T03:20:00,48.6762,48.6532,49.2009,49.4073,49.4585,49.5961,52.0492,49.2795,49.8785,49.6902,50.1146,49.7471,49.8557,49.5987,49.413,49.442,49.6997,49.2347,48.759,49.001,48.795
2026-10-01T03:22:00,48.4966,48.8615,49.0487,49.1142,49.3982,49.2813,52.1781,49.8573,49.6414,49.9038,49.931,49.8887,49.9839,49.7082,49.5106,49.6337,49.4619,48.9066,49.0579,48.7302,48.5589
2026-10-01T03:24:00,48.6274,49.0699,49.1072,49.1242,49.2966,49.5442,52.1812,50.1116,49.623,49.7167,49.9576,49.7488,49.792,49.4632,49.3768,49.615,49.2295,49.3391,48.9731,48.8875,48.7905
2026-10-01T03:26:00,48.4919,48.7215,49.2143,49.2256,49.3569,49.6443,51.9722,49.6977,49.5745,49.6004,49.9085,49.9793,49.7906,49.484,49.5992,49.5588,49.3737,49.3956,48.9192,48.8847,48.5577
2026-10-01T03:28:00,48.5952,48.7847,49.1132,49.0392,49.3307,49.5593,52.2445,49.86,49.7876,49.9661,49.9977,49.7776,50.0534,49.9283,49.573,49.49,49.306,49.2026,49.0924,48.8766,48.5487
2026-10-01T03:30:00,48.6788,49.014,49.1728,49.3167,49.3249,49.4615,52.3617,49.7054,49.646,49.9289,50.0513,49.5716,50.0035,49.5532,49.7423,49.518,49.2838,49.0774,48.887,48.6493,48.551
2026-10-01T03:32:00,48.7543,48.7945,49.3235,49.1798,49.2694,49.5032,52.3571,49.5871,49.755,49.9416,49.73,49.8679,49.7307,49.6659,49.5922,49.4667,49.4833,48.9827,48.8456,48.7606,48.3755
2026-10-01T03:34:00,48.4597,48.6485,49.013,48.9603,49.3228,49.4012,52.2573,49.4522,49.5043,49.5511,49.6287,49.6478,49.8336,49.5643,49.569,49.4716,49.4403,48.9957,48.901,48.8144,48.79
2026-10-01T03:36:00,48.4883,48.7062,49.1271,49.2121,49.3557,49.7557,51.9878,49.7913,50.0208,49.711,50.1254,49.8857,49.7919,49.8989,49.6333,49.1243,49.4002,49.1812,48.8111,48.9268,48.5134
2026-10-01T03:38:00,48.463,49.144,49.1952,49.4323,49.6245,49.304,52.3774,49.5348,49.5939,49.8341,49.7442,50.0361,49.6947,49.7835,49.6014,49.3855,49.3242,49.1446,49.0523,48.8028,48.7216
2026-10-01T03:40:00,48.5534,48.8648,49.2681,49.279,49.7734,49.5134,52.1509,49.7779,49.9198,49.8989,49.7923,49.7561,49.6906,49.6893,49.3806,49.3164,49.195,49.4181,49.0666,48.9757,48.5621
2026-10-01T03:42:00,48.6432,48.7011,48.7403,49.1687,49.2878,49.4024,51.897,49.7719,49.8603,49.861,49.9522,49.66,49.8324,49.6759,49.5302,49.4958,49.2214,49.1566,49.0222,48.561,48.8137
2026-10-01T03:44:00,48.7345,48.9365,49.2761,49.3021,49.4479,49.7333,52.0296,49.4879,49.8821,49.7449,49.9433,49.8766,49.642,49.675,49.4388,49.4989,49.3356,49.323,49.3011,48.8606,48.5521
2026-10-01T03:46:00,48.6086,48.8066,48.9566,49.2387,49.1949,49.3686,52.1355,49.8221,49.8194,49.739,49.9557,49.8267,49.9974,49.7581,49.5985,49.3153,49.5464,49.3486,49.2253,48.7396,48.4335
2026-10-01T03:48:00,48.7912,48.8179,48.6637,49.2974,49.1715,49.6965,52.2581,49.3921,49.7914,49.7757,49.8799,49.5997,49.5321,49.8138,49.3075,49.4745,49.4213,49.3099,49.0721,49.1546,48.7663
2026-10-01T03:50:00,48.5648,48.7953,48.9121,49.2287,49.6676,49.5921,52.0821,49.5042,49.3728,49.7643,49.6748,49.8306,49.575,49.7894,49.5615,49.3965,49.4006,49.1293,49.0129,48.7057,48.6558
2026-10-01T03:52:00,48.3367,48.7982,49.1003,49.3253,49.4336,49.677,52.1298,50.0576,49.6609,49.4747,49.4629,49.4936,49.7323,49.4235,49.3745,49.5858,49.0866,49.2047,49.1434,48.9846,48.6174
2026-10-01T03:54:00,48.3751,48.6627,49.2253,49.4279,49.286,49.6102,52.2008,49.622,49.8882,49.6373,49.8684,49.8589,49.7112,49.59,49.819,49.3638,49.2178,48.9862,48.9805,48.782,48.4613
2026-10-01T03:56:00,48.7466,48.8271,49.0996,48.9873,49.3014,49.7138,52.247,49.7435,49.9056,49.8806,49.8301,49.8329,49.8087,49.6179,49.8552,49.8458,49.3799,49.1953,49.3705,48.8844,48.6767
2026-10-01T03:58:00,48.6587,48.8311,48.9712,49.32,49.14,49.6477,52.3226,49.6493,49.6868,50.0721,49.7663,49.6973,49.8834,49.5202,49.2902,49.4925,49.2826,49.0874,48.9136,48.7273,48.5466
2026-10-01T04:00:00,48.2501,48.9339,48.9712,49.1451,49.3105,49.6111,52.1418,50.0115,49.418,49.8994,49.9336,49.343,49.8242,49.6617,49.5749,49.485,49.4138,49.141,48.9101,48.9587,48.586
2026-10-01T04:02:00,48.7098,49.2113,48.813,49.0616,49.2452,49.4679,52.342,49.7421,49.8992,50.055,49.4852,49.718,49.6325,49.738,49.436,49.7261,49.2752,49.079,48.8571,48.6131,48.575
2026-10-01T04:04:00,48.4911,48.8548,48.9395,49.2602,49.379,49.6429,52.1968,49.5908,49.917,49.6821,49.6439,49.8987,49.5425,49.5684,49.3581,49.254,49.3897,49.0507,49.2598,49.0223,48.6296
2026-10-01T04:06:00,48.4756,48.7998,48.9687,49.3556,49.0583,49.4495,52.0943,49.7267,49.8305,49.7033,49.8663,49.5853,49.8939,49.7224,49.5635,49.6411,49.2349,48.9326,49.0807,48.815,48.5228
2026-10-01T04:08:00,48.4699,48.8689,49.1354,49.047,49.1308,49.5737,51.918,49.8537,49.9361,49.6741,50.1183,49.7214,49.7113,49.6487,49.647,49.5972,49.3927,49.0804,48.9565,48.5693,48.4202
2026-10-01T04:10:00,48.5965,48.7992,48.9182,49.2166,49.2274,49.465,52.0872,49.8106,49.8751,49.6083,49.7122,49.4958,50.0202,49.3449,49.5668,49.2372,49.3445,49.2133,49.092,48.7045,48.6741
2026-10-01T04:12:00,48.4635,48.654,48.8793,49.0635,49.5855,49.5999,52.1691,49.3578,49.7051,49.8501,49.5034,49.9,49.5568,49.6561,49.6119,49.4495,49.3316,49.2487,49.1731,49.023,48.7712
2026-10-01T04:14:00,48.5863,48.4939,48.8313,49.1058,49.4285,49.6427,52.0168,49.5578,49.7321,49.7844,49.8695,49.8688,49.6866,49.2875,49.5114,49.0215,49.3088,49.5808,49.1828,48.8488,48.9
2026-10-01T04:16:00,48.4082,48.8539,49.0774,49.0739,49.2476,49.5696,52.1114,49.5721,49.6987,49.8537,49.735,49.6436,49.776,49.6388,49.5931,49.2897,49.3261,49.1224,48.7808,49.0244,48.5875
2026-10-01T04:18:00,48.6015,48.9225,49.2053,49.3297,49.2309,49.4985,51.9836,49.6227,49.7751,49.9317,49.6053,49.869,49.7749,49.5032,50.0094,49.4492,49.5138,49.1699,49.0539,48.9277,48.5745
2026-10-01T04:20:00,48.5666,48.9811,49.1633,49.5478,49.3792,49.1989,51.858,49.7369,49.5669,49.5378,49.9383,49.5092,49.4719,49.683,49.7535,49.5872,49.1607,49.2918,48.8447,48.8387,48.1029
2026-10-01T04:22:00,48.3717,48.8456,48.971,49.2346,48.7452,49.6717,52.2014,49.9698,49.6308,49.8913,49.8547,49.7205,49.7928,49.6696,49.6751,49.4363,49.3445,49.0617,48.9331,48.8238,48.6115
2026-10-01T04:24:00,48.6207,48.9257,48.8827,49.0591,49.0785,49.658,52.3635,49.7115,49.8113,49.6352,49.783,49.9659,49.7636,49.4415,49.6166,49.4644,49.4648,49.4262,49.0045,48.869,48.7146
2026-10-01T04:26:00,48.4327,48.759,48.745,49.2147,49.4415,49.5181,52.1411,49.5422,49.5907,49.9472,49.8653,49.6987,49.8083,49.5422,49.4237,49.5177,49.3197,49.2223,49.3554,48.8566,48.5916
2026-10-01T04:28:00,48.8746,48.6725,48.9743,49.1036,49.3191,49.8093,51.7786,49.8483,49.5155,49.5112,49.7405,49.7374,49.6693,49.4871,49.673,49.2684,49.4265,49.6044,48.798,48.8329,48.5831
2026-10-01T04:30:00,48.3302,48.7934,49.1443,49.3186,49.4361,49.3765,52.0546,49.5224,49.8946,49.6405,49.601,49.6641,49.9748,49.4133,49.7082,49.5814,49.2505,49.2094,48.771,48.8522,48.6367
2026-10-01T04:32:00,48.4485,48.8198,49.001,49.264,49.4395,49.6287,52.057,49.7468,49.8531,50.0072,49.7824,49.683,49.6186,49.643,49.3118,49.3034,49.4373,49.4859,49.2076,48.7014,48.7527
2026-10-01T04:34:00,48.6189,48.7154,49.2004,49.3173,49.4714,49.555,52.2242,49.6146,49.6738,49.6654,49.9044,49.8285,49.8686,49.6103,49.5342,49.4661,49.3389,49.1453,49.217,48.8252,48.1713
2026-10-01T04:36:00,48.4737,48.8332,49.0229,49.1883,49.3028,49.6986,51.954,49.7754,49.8623,49.9045,50.102,49.6236,49.6238,49.7199,49.6588,49.557,49.2365,49.1247,49.2407,48.9015,48.6731
2026-10-01T04:38:00,48.6979,49.071,48.9803,49.2301,49.0981,49.4182,52.1258,49.7587,49.6124,49.552,49.642,49.439,49.5588,49.6386,49.6467,49.689,49.36,49.0627,49.0301,48.7381,48.7251
2026-10-01T04:40:00,48.726,48.5411,48.9547,49.4896,49.5155,49.433,51.6047,49.7598,49.7738,49.7279,49.8855,49.7932,49.802,49.6164,49.544,49.52,49.2796,48.9924,48.8029,48.8296,48.4325
2026-10-01T04:42:00,48.4246,48.6813,49.0913,48.8475,48.9475,49.483,52.0293,49.8702,49.6583,49.5178,49.7932,49.7868,49.7555,49.6968,49.8864,49.3972,49.3779,49.155,48.7213,48.5946,48.4107
2026-10-01T04:44:00,48.4982,48.5904,49.1909,49.1424,49.1657,49.3337,52.0597,49.5406,49.5331,49.5447,49.7387,49.993,49.2762,49.5751,49.554,49.3164,49.6426,49.1775,48.7147,48.8064,48.36
2026-10-01T04:46:00,48.6569,48.7669,49.1478,49.0043,49.3623,49.6828,52.0065,49.4745,49.6346,49.7578,49.6804,49.7917,49.8602,49.502,49.3099,49.2996,49.0611,49.0302,48.9269,48.5042,48.5382
2026-10-01T04:48:00,48.5205,48.5156,48.8936,48.8898,49.3809,49.3786,52.0991,49.8214,49.7709,49.7055,49.7632,49.6352,49.6637,49.8702,49.4378,49.3999,49.3186,49.1814,49.0579,48.5711,48.4396
2026-10-01T04:50:00,48.4996,48.7837,49.0385,49.1862,49.2911,49.2766,51.8502,49.4287,49.7873,49.9327,49.5867,49.4937,49.609,49.6359,49.4383,49.3762,49.3773,49.1761,48.875,48.5467,48.4881
2026-10-01T04:52:00,48.6677,48.4867,49.1673,49.1466,49.5003,49.3116,51.8994,49.4024,49.6954,49.7162,49.6783,49.7102,49.7274,49.484,49.6547,49.1754,49.2076,49.1722,48.9026,48.7615,48.2766
2026-10-01T04:54:00,48.4612,48.7273,48.7292,49.2026,49.0905,49.2828,51.8214,49.6254,49.5417,49.7805,49.828,49.6406,49.7367,49.857,49.2668,49.1505,49.5337,48.9865,49.3619,48.8618,48.1656
2026-10-01T04:56:00,48.6346,48.7137,48.9528,49.2427,49.1852,49.3595,52.0362,49.3447,49.6165,49.7338,49.7123,49.7166,49.6603,49.3108,49.3858,49.1203,49.3241,49.2642,48.9648,48.438,48.4543
2026-10-01T04:58:00,48.6271,48.808,49.0544,49.244,49.1197,49.4467,52.065,49.4533,49.5775,49.6818,50.0001,49.8561,49.6686,49.614,49.2853,49.4196,49.4309,49.0663,49.0261,48.9473,48.4698
2026-10-01T05:00:00,48.2859,48.7266,48.9233,49.5263,49.2682,49.3974,52.1717,49.4956,49.6158,49.6788,49.6861,49.7571,49.6897,49.2584,49.6869,49.3458,49.3845,49.1383,49.0354,48.9379,48.4857
2026-10-01T05:02:00,48.4468,48.798,48.9305,49.3899,49.2485,49.3271,52.317,49.5052,49.7832,49.6144,49.8139,49.9396,49.8741,49.55,49.6092,49.5961,49.3056,49.4078,49.1842,49.0029,48.5251
2026-10-01T05:04:00,48.5796,48.5681,48.8204,49.2189,49.1817,49.4269,51.8697,49.5085,49.4919,49.7545,49.612,49.7296,49.7611,49.5601,49.5323,49.764,49.3719,49.3712,49.1779,48.8807,48.6015
2026-10-01T05:06:00,48.2793,48.8223,48.8048,48.9332,49.2787,49.5916,52.1178,49.7218,49.7899,49.8256,49.5643,49.5459,49.6863,49.7691,49.5236,49.3096,49.2087,49.0621,48.8558,48.5868,48.7609
2026-10-01T05:08:00,48.5472,48.5013,48.9792,49.2104,49.414,49.2668,51.7493,49.9547,49.4777,49.4959,49.7464,49.8733,49.8204,49.4878,49.5307,49.3083,49.2864,49.0289,49.3258,48.925,48.4902
2026-10-01T05:10:00,48.4963,48.9532,48.8452,49.0896,49.2152,49.4209,52.2806,49.5122,49.4821,49.5353,49.6231,49.496,49.4818,49.4817,49.5993,49.4544,49.2305,49.1839,48.9544,48.7272,48.3829
2026-10-01T05:12:00,48.6344,48.7377,48.915,49.0716,49.3045,49.4006,51.8377,49.516,49.4871,49.2625,49.5183,50.0874,49.3993,49.5891,49.635,49.3873,49.265,48.9719,48.8363,48.6337,48.3369
2026-10-01T05:14:00,48.4891,48.8348,49.0805,49.3823,49.3702,49.9063,52.0491,49.4405,49.4496,49.7427,49.8438,49.8459,49.6744,49.8104,49.5349,49.3596,49.2624,49.1443,49.0442,48.562,48.3595
2026-10-01T05:16:00,48.6939,48.6905,49.1272,49.2278,49.3326,49.6003,52.0034,49.7101,49.7941,49.866,49.5753,49.7028,49.8998,49.7202,49.7342,49.6537,49.1997,49.1296,49.1723,48.8304,48.3884
2026-10-01T05:18:00,48.5879,48.8087,48.872,49.0733,49.4265,49.527,51.8612,49.4728,49.6243,49.7091,49.7074,49.5802,49.7188,49.3035,49.3971,49.4206,49.2841,49.1117,49.0023,48.7714,48.4683
2026-10-01T05:20:00,48.7559,48.7275,49.342,48.874,49.4171,49.2237,51.7649,49.4581,49.2259,49.6233,49.6991,49.5475,49.5945,49.6736,49.4252,49.5545,49.1697,49.407,48.9415,48.5386,48.6215
2026-10-01T05:22:00,48.5479,48.5133,49.2396,49.0576,49.3666,49.8219,51.9167,49.4953,49.7346,49.3395,49.8787,49.5685,49.8824,49.7923,49.351,49.2131,49.4728,48.9386,48.9499,48.8136,48.6467
2026-10-01T05:24:00,48.5199,48.6185,49.0724,49.1968,49.4487,49.2549,52.2585,49.6855,49.6172,49.7951,49.6994,49.4195,49.565,49.6572,49.5638,49.4472,49.1637,48.9655,48.8775,48.7675,48.4947
2026-10-01T05:26:00,48.5613,48.6336,48.8517,49.0281,49.2326,49.3166,52.0073,49.5298,49.8639,49.5876,49.5646,49.7607,49.9125,49.5766,49.3324,49.5243,49.1163,49.1109,48.8986,48.556,48.6314
2026-10-01T05:28:00,48.5578,48.7103,48.9803,48.9385,49.2275,49.4551,52.1203,49.3163,49.7274,49.5322,49.3825,49.816,49.8242,49.4395,49.6363,49.4146,49.3941,49.4052,49.1261,48.7595,48.3308
2026-10-01T05:30:00,48.395,48.6836,48.8421,49.1719,49.3647,49.6866,52.1899,49.4014,50.0366,49.6921,49.6417,49.423,49.6786,49.9498,49.5138,49.4916,49.3405,49.2797,48.8284,48.6124,48.6078
2026-10-01T05:32:00,48.6548,48.6332,49.0011,49.273,49.3323,49.3428,52.3395,49.8247,49.7585,49.6735,49.5139,49.6275,49.666,49.4512,49.6746,49.2165,49.5277,49.0582,48.8193,48.6919,48.5849
2026-10-01T05:34:00,48.6666,48.5651,49.0377,49.0478,49.0666,49.227,52.1975,49.3869,49.5586,49.6968,49.9346,49.3626,49.6775,49.6199,49.2537,49.3331,49.219,49.1996,48.884,48.6457,48.5325
2026-10-01T05:36:00,48.6657,48.5243,48.9386,49.0757,49.2578,49.5412,51.9132,49.3602,49.6164,49.4879,49.9503,49.8997,49.4842,49.5898,49.2542,49.37,49.1922,49.403,49.0052,48.7622,48.6715
2026-10-01T05:38:00,48.4352,48.8304,48.8233,49.0173,49.5646,48.9618,52.0996,49.4733,49.794,49.5669,49.7228,49.4765,49.8191,49.4743,49.281,48.8976,48.9807,49.2189,48.7303,48.5177,48.4977
2026-10-01T05:40:00,48.467,48.7403,48.8782,49.39,49.0807,49.2867,51.9604,49.6696,49.8758,49.6863,49.8189,49.7454,50.1092,49.4838,49.7183,49.39,49.3011,49.2136,49.1224,48.6183,48.4734
2026-10-01T05:42:00,48.3465,48.3005,49.2551,49.1295,49.2515,49.2651,51.9629,49.642,49.835,49.726,49.7142,49.5122,49.5479,49.586,49.208,49.3119,49.2653,49.3535,48.6547,48.5081,48.6153
2026-10-01T05:44:00,48.109,49.0658,48.955,49.2435,49.3508,49.1284,52.0913,49.4333,49.609,49.6795,49.7243,49.8014,49.6488,49.7583,49.5468,49.3049,49.3285,49.0356,49.0488,48.6602,48.438
2026-10-01T05:46:00,48.6412,48.4347,48.9931,49.0235,49.3658,49.4861,51.8503,49.6531,49.8918,49.6167,49.8077,50.0516,49.3452,49.547,49.7848,49.3648,49.2357,48.94,48.4959,48.8344,48.589
2026-10-01T05:48:00,48.6867,48.8047,48.7624,48.8014,49.2939,49.6132,52.0586,49.6624,49.91,49.5967,49.6597,49.8223,49.5733,49.464,49.4291,49.4895,49.1355,49.045,48.9642,48.5798,48.4001
2026-10-01T05:50:00,48.5155,48.7501,48.796,49.0097,49.3939,49.3118,51.9879,49.5553,49.5338,49.7813,49.6398,49.4031,49.8879,49.5371,49.5132,49.4306,49.1842,48.9262,48.7696,48.6179,48.5867
2026-10-01T05:52:00,48.4304,48.7816,48.5517,48.9378,49.2639,49.2061,52.1005,49.5382,49.5854,49.5117,49.65,49.4378,49.7714,49.6178,49.4387,49.211,49.3127,48.9597,49.0673,48.8104,48.3682
2026-10-01T05:54:00,48.4444,48.9764,49.0047,49.2387,49.1637,49.4942,51.7856,49.6684,49.7754,49.6301,49.7447,49.6073,49.5863,49.6062,49.5518,49.4004,49.3165,48.9337,48.6849,48.7729,48.1094
2026-10-01T05:56:00,48.2223,48.4971,49.0209,49.1871,49.7116,49.329,51.9312,49.5476,49.4155,49.8152,49.5353,49.5412,49.6553,49.4881,49.5586,49.4869,49.3614,49.083,48.7751,48.7001,48.3064
2026-10-01T05:58:00,48.2404,48.4597,49.0571,48.8705,49.4157,49.3615,51.9263,49.5728,49.869,49.4424,49.741,49.5875,49.4625,49.2443,49.3316,49.2237,49.2428,49.2158,48.966,48.6603,48.7342
2026-10-01T06:00:00,48.3766,48.7061,48.8523,49.1856,49.3133,49.37,52.0749,49.6089,49.5246,49.8067,49.5979,49.5653,49.7367,49.4924,49.4881,49.7671,49.3764,49.0088,48.8269,48.8546,48.5311
2026-10-01T06:02:00,48.3357,48.8038,48.6633,49.2852,49.4368,49.6266,51.7872,49.6628,49.9305,49.7316,49.6512,49.8679,49.4139,49.5565,49.5525,49.3087,49.2555,49.23,49.036,48.6981,48.2963
2026-10-01T06:04:00,48.2453,48.5658,48.8284,48.9728,49.672,49.3459,51.9635,49.6644,49.4305,49.5757,49.7662,49.556,49.7805,49.4716,49.5191,49.5965,49.4108,49.1099,48.9303,48.8159,48.4151
2026-10-01T06:06:00,48.3109,48.8538,49.0796,49.1304,49.2094,49.2055,51.8902,49.5157,49.668,49.7913,49.6847,49.7241,49.4341,49.5865,49.6597,49.2743,48.9595,49.1904,49.1325,48.8136,48.4023
2026-10-01T06:08:00,48.5645,48.3883,48.917,48.974,49.4116,49.225,52.2894,49.9284,49.9191,49.8112,49.5639,49.6185,49.7735,49.6244,49.3873,49.3398,49.1193,49.1454,48.896,48.8955,48.5828
2026-10-01T06:10:00,48.4189,48.9088,48.5593,48.8687,49.1508,49.4528,52.2656,49.6847,49.669,49.6593,49.4059,49.5711,49.7869,49.6136,49.3918,49.368,49.1418,48.7958,48.8706,48.6038,48.2852
2026-10-01T06:12:00,48.4404,48.6503,48.9258,49.0847,49.2643,49.3344,51.8656,49.5452,49.6193,49.801,49.6756,49.553,49.7426,49.5557,49.5999,49.6918,49.3574,48.8894,48.7614,48.7735,48.2198
2026-10-01T06:14:00,48.3955,48.7266,48.8232,48.9486,49.2257,49.3079,51.8948,49.6347,49.5181,49.6175,49.8519,49.7837,49.6214,49.5283,49.5129,49.4001,49.0403,48.9618,49.064,48.5501,48.7137
2026-10-01T06:16:00,48.5685,48.6889,48.8264,49.0959,49.354,49.4359,52.1753,49.6306,49.5225,49.7402,49.7814,49.6418,49.4849,49.4446,49.5614,49.2361,49.503,49.1937,48.6303,48.5347,48.4793
2026-10-01T06:18:00,48.2786,48.6725,49.0334,49.1746,49.0715,49.4799,52.1244,49.4518,49.7134,49.5619,49.4675,49.833,49.79,49.4184,49.0796,49.5185,49.1424,49.1333,48.6994,48.7686,48.6281
2026-10-01T06:20:00,48.4853,48.8129,48.9432,49.2217,49.1507,49.2782,51.6772,49.4885,49.5696,49.4787,49.8155,49.6101,50.0636,49.6447,49.3483,49.3619,49.3412,49.2371,49.1208,48.6232,48.6135
2026-10-01T06:22:00,48.455,48.8327,48.8758,49.0678,49.2811,49.2656,51.9702,49.6126,49.3408,49.5721,49.591,49.802,49.6361,49.552,49.3603,49.4282,49.185,49.2204,48.8533,48.6839,48.553
2026-10-01T06:24:00,48.5303,48.456,48.923,49.065,48.9503,49.1774,52.1111,49.6044,49.5424,49.7896,49.4002,49.8556,49.5272,49.7774,49.4087,49.2843,49.2733,49.0345,49.0472,48.8099,48.4099
2026-10-01T06:26:00,48.4319,48.6882,49.1515,49.0674,49.3832,49.3553,51.8431,49.3062,49.647,49.7206,49.6968,49.8404,49.7213,49.8273,49.5623,49.224,49.3978,48.9131,48.8713,48.4941,48.5986
2026-10-01T06:28:00,48.6721,48.4807,48.7552,48.9624,48.9385,49.3362,51.9208,49.3354,49.2602,49.4145,49.6874,49.4063,49.5999,49.5741,49.5605,49.336,49.2486,49.2811,48.7902,48.6785,48.6387
2026-10-01T06:30:00,48.2703,48.7691,48.4868,48.8156,48.9736,49.3165,51.952,49.191,49.8775,49.9528,49.8388,49.607,49.6737,49.4365,49.3736,49.2355,49.2644,48.9844,48.8136,48.9475,48.4013
2026-10-01T06:32:00,48.5421,48.7382,48.8152,49.0,49.391,49.2728,52.061,49.4798,49.548,49.8636,49.391,49.5335,49.5132,49.6066,49.3562,49.3678,49.3203,49.3584,49.0282,48.4691,48.7107
2026-10-01T06:34:00,48.4492,48.5306,48.9153,48.9126,49.1576,49.2122,51.8826,49.166,49.791,49.6439,49.7726,49.6937,49.5847,49.7415,49.6514,49.2923,49.3368,49.0056,48.8047,48.7408,48.4582
2026-10-01T06:36:00,48.427,48.367,48.7483,49.0711,49.3169,49.4426,51.8687,49.607,49.4083,49.6985,49.9237,49.5973,49.442,49.6941,49.4333,49.3448,49.2938,49.0065,48.9836,48.5649,48.33
2026-10-01T06:38:00,48.4857,48.7363,48.9078,49.1545,49.2024,49.2451,52.0211,49.2985,49.5944,49.7747,49.7269,49.8022,49.5586,49.499,49.3795,49.2689,49.2429,49.203,48.8704,48.9074,48.5151
2026-10-01T06:40:00,48.1375,48.7701,48.8049,49.0699,49.1028,49.264,52.2614,49.693,49.5438,49.5204,49.5889,49.54,49.6909,49.7094,49.2221,49.4142,49.2045,49.0187,48.9973,48.562,48.3204
2026-10-01T06:42:00,48.4317,48.5651,48.7999,49.1802,49.0206,49.5342,52.1596,49.4908,49.6988,49.4786,49.6091,49.5709,49.4787,49.6868,49.5149,49.4964,48.9879,49.0476,48.8208,48.4522,48.6156
2026-10-01T06:44:00,48.466,48.7368,49.1124,48.986,49.4604,49.0801,52.1722,49.6682,49.4317,49.4525,50.0408,49.5548,49.7896,49.6105,49.485,49.3357,49.0389,48.8946,48.7667,48.8243,48.1675
2026-10-01T06:46:00,48.2934,48.7456,48.8693,48.9916,49.071,49.0887,51.8425,49.3668,49.5239,49.4923,49.4175,49.8379,49.2847,49.6569,49.3885,49.2565,49.0271,48.9118,48.8079,48.3571,48.5945
2026-10-01T06:48:00,48.4632,48.6628,48.8631,49.2166,49.2037,49.4532,51.8476,49.7923,49.4902,49.4663,49.5371,49.7641,49.8284,49.5855,49.7675,49.1833,49.094,48.9774,49.0679,48.5245,48.437
2026-10-01T06:50:00,48.2584,48.6929,48.7382,49.5022,49.3227,49.2576,52.0708,49.5189,49.4932,49.7011,49.4117,49.8489,49.7765,49.3586,49.4224,49.0483,49.2872,49.0939,48.9023,48.5824,48.4267
2026-10-01T06:52:00,48.3301,48.6268,48.7628,48.9471,49.0972,48.9459,51.8193,49.657,49.8035,49.5336,49.6407,49.8157,49.34,49.583,49.1821,49.3926,49.1668,49.0269,48.828,48.9534,48.0289
2026-10-01T06:54:00,48.2134,48.6924,48.9001,48.9299,49.2511,49.3296,51.9545,49.6972,49.4497,49.6511,49.7711,49.5349,49.7719,49.3917,49.1851,49.1631,49.2112,49.1974,48.8035,48.649,48.4244
2026-10-01T06:56:00,48.5229,48.5044,48.8401,48.8982,49.2649,49.4555,51.5886,49.5518,49.5492,49.7256,49.5142,49.6189,49.3925,49.6393,49.785,49.3659,49.4317,49.277,48.8204,48.6698,48.4536
2026-10-01T06:58:00,48.5869,48.5519,48.9718,48.909,49.2949,49.3231,51.6739,49.4587,49.6535,49.5903,49.6647,49.9584,49.3817,49.4084,49.3178,49.3286,49.1221,49.0057,48.7327,48.5392,48.7195
2026-10-01T07:00:00,48.8108,48.6287,48.8717,48.7824,49.1325,49.4407,51.9978,49.4859,49.8572,50.0678,49.598,49.4565,49.6729,49.6526,49.3035,49.3182,49.3624,49.1006,48.7281,48.7924,48.3012
2026-10-01T07:02:00,48.6619,48.6537,48.5698,48.9056,49.3161,49.6047,51.9906,49.4741,49.9313,49.4128,49.7853,49.3796,49.3103,49.3523,49.56,49.3653,49.1644,49.1033,48.7492,48.8876,48.4424
2026-10-01T07:04:00,48.5073,48.4527,48.846,48.8507,49.2974,49.0752,52.0458,49.6775,49.6638,49.8077,49.8609,49.568,49.5028,49.4449,49.4316,49.2925,49.1575,49.3004,48.8676,48.586,48.6525
2026-10-01T07:06:00,48.2503,48.6399,48.9392,49.135,48.9974,49.1128,51.7442,49.3867,49.7532,49.5959,49.6736,49.4798,49.4924,49.6114,49.4827,49.2772,49.3373,48.9432,48.7685,48.5824,48.3295
2026-10-01T07:08:00,48.5425,48.4223,48.9165,48.7479,48.9219,49.3178,51.9705,49.4884,49.2593,49.7852,49.7845,49.4775,49.7696,49.4185,49.4329,49.1999,49.0316,48.7983,48.8066,48.7473,48.3624
2026-10-01T07:10:00,48.5108,48.775,49.0775,49.1852,49.1925,49.3581,51.9065,49.3829,49.3883,49.8649,49.4841,49.692,49.7946,49.5438,49.3437,49.3788,49.4237,48.889,48.7172,48.5719,48.5374
2026-10-01T07:12:00,48.5407,48.5612,48.8626,49.1666,49.0079,49.2989,51.9918,49.6156,49.6744,49.3936,49.6083,49.5199,49.6062,49.5766,49.4117,49.355,49.5167,49.3102,48.9953,48.6563,48.7286
2026-10-01T07:14:00,48.3221,48.3786,48.8208,48.8885,48.8347,49.153,51.8633,49.4402,49.6239,49.6973,49.7082,49.4305,49.6784,49.7507,49.3872,49.2817,49.2552,49.1197,48.8517,48.7058,48.2729
2026-10-01T07:16:00,48.1449,48.5512,48.7839,49.0128,49.0986,49.1702,51.9505,49.5778,49.5233,49.5411,49.6216,49.5164,49.6365,49.4225,49.1263,49.5857,49.2393,49.1601,48.8164,48.6191,48.4248
2026-10-01T07:18:00,48.4321,48.6201,48.7164,49.1157,49.1896,49.6062,51.8007,49.4493,49.5573,49.3123,49.4838,49.3027,49.4672,49.5267,49.4402,49.4706,49.2155,49.1774,48.9259,48.3091,48.4366
2026-10-01T07:20:00,48.1817,48.7381,49.036,49.2297,49.232,49.316,51.715,49.617,49.5994,49.56,49.4156,49.3953,49.4912,49.6281,49.4166,49.1805,49.2985,49.1859,48.8808,48.6047,48.453
2026-10-01T07:22:00,48.3905,48.7227,48.6787,49.2079,49.1863,49.6587,51.6038,49.3725,49.3365,49.6041,49.6705,49.5101,49.5898,49.5328,49.2997,49.3046,49.0036,48.9546,48.754,48.5313,48.2464
2026-10-01T07:24:00,48.4572,48.6297,49.1088,48.7008,49.1582,49.3188,51.997,49.5363,49.9085,49.4817,49.3609,49.6794,49.4323,49.5214,49.3698,49.6184,49.0262,49.2594,48.906,48.6637,48.425
2026-10-01T07:26:00,48.2513,48.6397,48.8584,48.9639,48.9869,49.2245,51.8778,49.4713,49.3432,49.6162,49.777,49.5701,49.7744,49.5399,49.3468,49.1541,48.991,48.9098,48.8096,48.4725,48.3649
2026-10-01T07:28:00,48.6666,48.3398,48.8757,49.0386,49.2282,49.3533,51.9106,49.4446,49.5231,49.4578,49.4989,49.6063,49.5683,49.5227,49.3049,49.1248,49.4902,49.0925,48.9713,48.6704,48.5175
2026-10-01T07:30:00,48.5566,48.8397,48.8292,49.0983,49.3024,49.0744,51.9158,49.5543,49.4231,49.5051,49.7769,49.6602,49.5506,49.4194,49.4416,49.8101,49.1955,48.8705,48.5928,48.797,48.4835
2026-10-01T07:32:00,48.2664,48.8439,49.0309,48.9048,49.066,49.3684,51.9107,49.5736,49.7217,49.5062,49.6493,49.3995,49.6542,49.6595,48.9985,49.1255,49.2254,48.7764,48.8427,48.7212,48.4241
2026-10-01T07:34:00,48.5087,48.6188,48.9977,48.9709,49.0997,49.1634,51.6446,49.4754,49.5594,49.5604,49.4554,49.5267,49.701,49.5239,49.5927,49.368,49.1057,49.3474,48.6978,48.3819,48.3085
2026-10-01T07:36:00,48.437,48.7473,48.873,48.9298,49.3821,49.3586,51.9409,49.4232,49.812,49.783,49.4769,49.7752,49.5979,49.459,49.589,49.2119,49.1898,49.2069,48.8696,48.4294,48.3088
2026-10-01T07:38:00,48.4417,48.5268,48.8409,49.1227,49.0893,49.1182,51.9652,49.7479,49.5391,49.6607,49.69,49.6469,49.3747,49.5703,49.5004,49.1918,49.2406,48.9014,48.6795,48.5071,48.5742
2026-10-01T07:40:00,48.5426,48.6593,49.0871,48.9073,49.3093,49.2389,51.6028,49.622,49.6017,49.3792,49.5483,49.666,49.5032,49.6133,49.1821,49.6322,49.1519,48.9054,48.7564,48.5311,48.1612
2026-10-01T07:42:00,48.2315,48.6561,48.9541,48.8325,49.2267,49.2383,52.2429,49.5876,49.668,49.6418,49.6741,49.5569,49.436,49.7413,49.6226,49.4655,49.0133,49.0129,48.9394,48.6449,48.1366
2026-10-01T07:44:00,48.3959,48.4267,48.6636,49.0932,48.6922,49.4705,51.7498,49.4167,49.5235,49.5251,49.5592,49.4703,49.5692,49.326,49.3915,49.2982,49.1263,49.1899,48.8041,48.5418,48.7214
2026-10-01T07:46:00,48.6139,48.7123,48.7875,49.2396,49.216,47.776,50.3853,48.1301,49.5949,49.4957,49.275,49.6997,49.5606,49.6159,49.4417,49.4463,49.2436,49.0055,48.8037,48.3409,48.1666
2026-10-01T07:48:00,48.706,48.4926,48.7248,49.3158,49.2049,47.4955,50.0191,47.7283,49.4817,49.7061,49.6587,49.5008,49.6699,49.2711,49.3459,49.4602,49.5763,48.9023,48.6673,48.6539,48.4315
2026-10-01T07:50:00,48.5086,48.707,49.0722,49.2957,49.2666,47.6476,50.3652,48.0155,49.5161,49.7674,49.7001,49.6281,49.5554,49.6341,49.2926,49.1162,49.0991,48.8558,48.7506,48.2541,48.3857
2026-10-01T07:52:00,48.2915,48.7342,48.9742,49.0962,48.9238,47.8242,50.4464,47.8195,49.6184,49.4564,49.3649,49.6459,49.4692,49.8048,49.434,49.215,49.1842,49.0079,48.8038,48.485,48.2747
2026-10-01T07:54:00,48.626,48.5002,49.0724,48.8843,49.2834,47.7926,50.6102,48.0026,49.5525,49.5035,49.6294,49.6734,49.6805,49.457,49.3962,49.2714,48.8499,49.0379,48.6421,48.6249,48.3064
2026-10-01T07:56:00,48.315,48.6077,48.6336,49.0034,49.3953,48.0306,50.6705,48.1604,49.6116,49.874,49.5905,49.7203,49.6345,49.5162,49.2764,49.3425,49.4463,49.0611,48.7812,48.6575,48.3428
2026-10-01T07:58:00,48.3853,48.5009,48.9399,48.9551,49.1389,47.7853,50.1622,48.2051,49.8052,49.4839,49.981,49.5945,49.4812,49.5316,49.469,49.2129,49.2248,48.8128,48.9402,48.5265,48.1707
2026-10-01T08:00:00,48.385,48.4283,48.963,49.2342,48.9864,47.7138,50.2196,47.8017,49.4052,49.561,49.3708,49.6937,49.8772,49.3299,49.3991,49.2049,48.7714,48.7028,49.0875,48.6067,48.6291
2026-10-01T08:02:00,48.3983,48.7465,48.9867,48.9244,49.3666,47.9882,50.3565,47.9917,49.3668,49.8195,49.4479,49.5868,49.458,49.4172,49.5393,49.3178,49.3316,49.0026,48.9931,48.4578,48.2791
2026-10-01T08:04:00,47.8697,48.7985,48.9748,48.796,49.0092,47.772,50.2372,48.1762,49.804,49.6136,49.6332,49.5395,49.3377,49.2457,49.282,49.2675,49.3324,48.8914,48.8789,48.9078,48.6703
2026-10-01T08:06:00,48.5389,48.7569,48.4542,48.9272,49.1941,47.7861,50.5114,48.1313,49.6195,49.4159,49.5136,49.4311,49.7019,49.536,49.5867,49.3093,48.9933,48.977,48.666,48.3929,48.1374
2026-10-01T08:08:00,48.5235,48.5622,48.6495,48.8984,49.1427,47.7535,50.341,47.8845,49.6485,49.5087,49.8514,49.4333,49.1109,49.3372,49.4695,49.3253,49.249,49.109,49.0779,48.5283,48.5521
2026-10-01T08:10:00,48.4115,48.5781,49.0542,49.2173,48.9144,47.9267,50.5194,47.7873,49.4237,49.5361,49.5537,49.7248,49.7147,49.2739,48.9822,49.1553,49.2065,49.045,49.024,48.8083,48.5623
2026-10-01T08:12:00,48.2173,48.8204,48.6783,49.2487,49.3023,47.8723,50.5091,48.0686,49.5161,49.371,49.7213,49.6624,49.6304,49.437,49.5414,49.1941,48.9555,49.164,48.7802,48.5175,48.3183
2026-10-01T08:14:00,48.6184,48.665,48.7473,48.8429,49.0218,47.7631,50.1662,47.9217,49.4851,49.3851,49.5196,49.4311,49.5447,49.7066,49.6613,49.1246,49.1272,49.0765,48.7577,48.3806,48.2705
2026-10-01T08:16:00,48.2321,48.4346,48.8323,48.978,49.012,48.0118,50.3463,48.2214,49.4748,49.5962,49.5166,49.5239,49.3732,49.2693,49.2337,49.379,49.2624,49.1103,48.6061,48.8189,48.4358
2026-10-01T08:18:00,48.2234,48.5565,48.7832,49.0133,48.8328,47.5397,50.4693,48.0395,49.377,49.5439,49.7045,49.5628,49.474,49.2008,49.2077,49.335,49.1408,49.0398,48.6368,48.231,48.2713
2026-10-01T08:20:00,48.2962,48.5465,49.0062,49.1765,49.1824,47.7755,50.4197,47.9304,49.6816,49.311,49.6859,49.6052,49.4745,49.2222,49.4198,49.0987,48.9521,48.9548,48.7623,48.5868,48.2499
2026-10-01T08:22:00,48.3509,48.8451,48.7912,48.8333,49.005,47.666,50.5889,48.029,49.7303,49.6104,49.813,49.2796,49.2748,49.4844,49.4455,49.0875,49.0709,48.9013,48.8923,48.4612,48.1983
2026-10-01T08:24:00,48.2697,48.4599,48.8074,48.9594,49.2501,47.6714,50.3075,47.8205,49.8265,49.4291,49.6514,49.6289,49.3593,49.5689,49.4327,49.1467,48.8972,48.9119,48.714,48.4336,48.2245
2026-10-01T08:26:00,48.4263,48.467,48.6265,48.9873,49.3268,47.5984,50.1889,48.1508,49.1955,49.497,49.7504,49.5256,49.416,49.452,49.4646,49.1483,49.1189,48.8928,48.8555,48.6269,48.2548
2026-10-01T08:28:00,48.3401,48.6114,48.9741,48.963,49.0031,47.7707,50.6689,48.1443,49.7187,49.3413,49.8549,49.623,49.5585,49.4639,49.4487,48.9623,49.2776,48.765,49.0464,48.6337,48.2607
2026-10-01T08:30:00,48.2074,48.548,49.0201,48.9679,49.1425,47.6356,50.5999,47.9076,49.4095,49.5981,49.4646,49.5095,49.2577,49.2051,49.4447,49.1343,49.202,49.0333,48.8919,48.6825,48.5184
2026-10-01T08:32:00,48.3317,48.53,48.946,48.796,48.9821,47.5632,50.2423,48.1321,49.7099,49.4748,49.3357,49.4272,49.5353,49.6818,49.33,49.3964,49.2422,48.7498,48.9604,48.7794,48.4417
2026-10-01T08:34:00,48.3417,48.7653,48.8732,48.9944,49.192,47.9766,50.2195,47.9179,49.4367,49.5836,49.5804,49.4883,49.5472,49.4306,49.5568,49.4231,49.1187,48.9834,48.7418,48.4581,48.4227
2026-10-01T08:36:00,48.5031,48.2996,48.6378,49.1306,49.3333,47.6163,50.1941,47.7311,49.6637,49.5662,49.5359,49.4173,49.6157,49.3773,49.5675,49.2225,49.246,49.0448,48.806,48.5359,48.6122
2026-10-01T08:38:00,48.5437,48.4334,49.0366,48.7711,49.2061,47.8579,50.3626,47.7954,49.3671,49.6747,49.4389,49.543,49.5375,49.3482,49.2009,49.064,49.0603,49.1199,48.7676,48.5394,48.611
2026-10-01T08:40:00,48.5599,48.7082,48.849,49.0501,49.2698,47.7962,50.5053,47.9808,49.6554,49.3373,49.393,49.7633,49.7012,49.3204,49.2015,49.4102,49.085,48.977,48.988,48.666,48.3667
2026-10-01T08:42:00,48.5466,48.3295,48.6904,49.417,49.232,47.9896,50.2343,48.2417,49.3124,49.6281,49.6018,49.4032,49.5914,48.984,49.4779,49.2476,49.0208,48.7435,48.583,48.405,48.1911
2026-10-01T08:44:00,48.3435,48.3489,48.6687,48.6868,49.4192,47.8174,49.9587,48.0358,49.8986,49.5758,49.6193,49.6139,49.7849,49.7673,49.3987,48.9476,49.1008,48.7064,48.5614,48.7268,48.3171
2026-10-01T08:46:00,48.288,48.6505,48.9013,48.8302,49.341,47.6158,50.4567,47.896,49.475,49.486,49.7015,49.6658,49.5017,49.6169,49.1495,49.3134,48.9107,48.5403,48.5323,48.6986,48.3269
2026-10-01T08:48:00,48.3611,48.439,48.6653,48.7759,49.0914,47.7704,50.349,47.9253,49.4628,49.5454,49.6456,49.4044,49.5719,49.6017,49.1465,49.1274,49.0571,48.7964,48.7026,48.4787,48.5879
2026-10-01T08:50:00,48.387,48.8027,48.7504,48.9549,49.0893,47.7097,50.7536,48.1237,49.5199,49.2175,49.4764,49.676,49.5441,49.3928,49.4766,49.2876,48.999,48.9858,48.8891,48.6869,48.3192
2026-10-01T08:52:00,48.2558,48.56,48.8653,49.0001,49.2831,47.6897,50.3438,47.9073,49.555,49.3664,49.737,49.4899,49.7077,49.655,49.1458,49.2817,49.1982,48.9505,48.864,48.4424,48.4904
2026-10-01T08:54:00,48.3822,48.5373,48.3976,49.0749,48.8945,47.9571,50.5093,47.7341,49.2695,49.594,49.7362,49.5661,49.5372,49.4587,49.6053,49.3232,48.9251,49.1634,48.9302,48.5687,48.3186
2026-10-01T08:56:00,48.5631,48.6639,48.7416,49.1409,49.0594,47.7129,50.0872,47.8788,49.9016,49.2861,49.3419,49.6779,49.3771,49.5738,49.606,49.1908,49.0233,49.1188,48.8621,48.8,48.3145
2026-10-01T08:58:00,48.4126,48.4734,48.6033,48.7976,48.9613,47.9843,50.4868,47.9498,49.4752,49.5054,49.7296,49.5264,49.2351,49.4106,49.069,49.1651,48.9812,48.6799,48.5076,48.563,48.4138
2026-10-01T09:00:00,48.4058,48.4282,48.6257,48.9678,49.2479,47.8812,50.3536,47.7815,49.5875,49.5703,49.4511,49.3607,49.406,49.6015,49.5404,49.1851,49.1327,49.1868,48.5583,48.4869,48.3003
2026-10-01T09:02:00,48.3862,48.3092,48.8294,48.7197,49.2356,47.7191,50.2653,48.0536,49.4888,49.3774,49.6691,49.4777,49.5282,49.6222,49.1228,49.339,49.2334,49.2772,48.4833,48.6817,48.6665
2026-10-01T09:04:00,48.3877,48.5654,48.7098,48.6853,49.2995,47.539,50.0584,48.0408,49.6381,49.6488,49.6566,49.3726,49.4704,49.3671,49.2053,49.2841,48.9371,48.915,48.9801,48.5413,48.3039
2026-10-01T09:06:00,48.4467,48.3665,48.8088,49.1156,49.185,47.612,50.4638,47.8543,49.5992,49.3638,49.3582,49.7493,49.4484,49.3894,49.1382,49.1476,49.3155,49.014,48.7532,48.2682,48.4489
2026-10-01T09:08:00,48.388,48.7272,48.6893,49.017,49.0009,47.5012,50.0396,48.0235,49.4198,49.495,49.2746,49.763,49.3843,49.1395,49.1236,49.1266,49.2336,48.9984,48.8257,48.4415,48.4456
2026-10-01T09:10:00,48.312,48.7042,48.6279,48.8325,48.9526,47.6192,50.1963,47.9861,49.4005,49.2679,49.4462,49.3987,49.2099,49.4312,49.3449,49.2109,49.3059,48.6944,48.8439,48.5833,48.1655
2026-10-01T09:12:00,48.5094,48.3618,48.772,49.0156,49.0295,47.6105,50.4593,48.0821,49.3894,49.7003,49.5649,49.3254,49.5878,49.3917,49.258,49.276,49.1409,48.8123,48.6663,48.6435,48.4316
2026-10-01T09:14:00,48.5834,48.5395,48.7745,48.8113,49.3866,47.7571,50.398,48.1078,49.5837,49.3933,49.4729,49.6833,49.5234,49.3382,49.295,49.3836,48.908,48.9105,48.9237,48.707,48.1647
2026-10-01T09:16:00,48.3027,48.6025,48.7911,48.8967,49.0013,47.679,50.3505,47.9156,49.7235,49.5645,49.633,49.6014,49.4262,49.542,49.2434,49.3803,49.1888,48.8571,48.8793,48.4841,48.4437
2026-10-01T09:18:00,48.1668,48.5804,48.9531,48.8482,48.7931,47.5999,50.4021,47.8968,49.2309,49.4253,49.4454,49.2033,49.4009,49.3841,49.2537,49.1438,49.2786,48.7127,48.6626,48.7128,48.3375
2026-10-01T09:20:00,48.1049,48.6059,48.3715,48.8491,49.1638,47.5102,50.4233,47.915,49.4602,49.8914,49.6314,49.5221,49.2122,49.1716,49.2594,49.2212,49.1747,48.7793,48.675,48.6167,48.0858
2026-10-01T09:22:00,48.2966,48.6823,48.6871,48.9531,49.0962,47.7812,50.3859,47.8803,49.4052,49.4537,49.5994,49.3676,49.6657,49.0214,49.4052,49.4685,49.0998,49.0228,48.8033,48.9596,48.4593
2026-10-01T09:24:00,48.541,48.46,48.7599,48.8594,49.0322,47.6179,50.3429,47.772,49.5905,49.5227,49.6172,49.4012,49.5328,49.7825,49.4657,49.3126,49.2196,49.1247,48.9589,48.4712,48.2622
2026-10-01T09:26:00,48.3642,48.7757,48.8907,48.867,49.1793,47.8037,50.27,47.821,49.1988,49.2897,49.3731,49.7605,49.4988,49.5691,49.3662,49.1943,49.3245,48.9141,48.8751,48.5899,48.2218
2026-10-01T09:28:00,48.2444,48.6373,48.6929,49.1193,49.0327,47.8155,50.3343,47.8944,49.5399,49.4592,49.4197,49.4113,49.5002,49.437,49.5018,49.268,49.2108,49.0667,48.7267,48.7077,48.2344
2026-10-01T09:30:00,48.0398,48.0942,48.7177,49.0905,49.0165,47.0373,50.5286,48.1089,49.3434,49.5621,49.7189,49.396,49.3597,49.4494,49.4448,49.2046,49.1425,48.9777,48.8125,48.604,48.1773
2026-10-01T09:32:00,48.0255,48.4665,48.624,48.6112,49.2833,47.6027,50.4554,47.7832,49.5036,49.5443,49.5601,49.4702,49.4216,49.3926,49.7317,49.4135,48.9638,48.8964,48.5628,48.7886,48.4328
2026-10-01T09:34:00,48.2793,48.3671,48.5903,48.858,49.0065,47.656,50.2836,47.7196,49.4898,49.4854,49.6033,49.2934,49.5712,49.5568,49.3677,49.0832,48.95,48.9027,48.7859,48.6078,48.3152
2026-10-01T09:36:00,48.0558,48.4875,48.7309,48.8353,49.1315,47.8695,50.1351,47.9709,49.3308,49.3525,49.4609,49.772,49.543,49.3629,49.4861,49.2168,49.1399,48.7588,48.583,48.3078,48.4391
2026-10-01T09:38:00,48.0897,48.7389,48.5245,48.909,49.0986,47.5231,50.0042,47.8098,49.691,49.7003,49.302,49.4926,49.4167,49.5627,49.3627,49.0655,49.4087,49.0321,48.6108,48.7097,48.4282
2026-10-01T09:40:00,48.4874,48.3541,48.7596,48.8108,49.0439,47.6699,50.3713,47.7418,49.6084,49.4242,49.5626,49.474,49.4984,49.5077,49.255,49.3346,49.0054,48.9735,48.717,48.4258,47.9613
2026-10-01T09:42:00,48.1752,48.4262,48.6567,49.1028,48.9176,47.7895,50.7043,47.7533,49.5168,49.5992,49.5061,49.5142,49.5549,49.7602,49.2044,49.2786,49.0985,49.2329,48.9666,48.8253,48.389
2026-10-01T09:44:00,48.3617,48.5372,48.6795,48.797,49.1245,47.8183,50.3583,47.6607,49.5336,49.9047,49.4912,49.3307,49.65,49.2437,49.3298,49.246,48.9897,48.775,48.7774,48.3578,48.3595
2026-10-01T09:46:00,48.3734,48.3595,48.8412,48.7225,49.1033,47.5901,50.1262,47.8158,49.4752,49.5953,49.5917,49.3582,49.4355,48.9964,49.4295,49.1984,49.0439,48.8691,48.4451,48.5731,48.3207
2026-10-01T09:48:00,48.2847,48.6795,48.7073,48.8301,49.2354,47.6621,50.1765,47.5603,49.3805,49.4217,49.3324,49.5527,49.201,49.3732,49.311,49.3458,49.0622,48.8661,48.8809,48.7326,48.3337
2026-10-01T09:50:00,48.1662,48.5968,48.5542,49.1002,49.1015,47.5586,50.5817,47.6748,49.6031,49.4318,49.4194,49.2536,49.1582,49.4216,49.1549,49.351,49.0566,48.9582,49.0133,48.2718,48.3134
2026-10-01T09:52:00,48.2284,48.6226,48.6999,48.8251,48.9398,47.6596,50.0848,47.9799,49.0255,49.5577,49.5674,49.4905,49.3953,49.5239,49.4133,49.3122,48.9974,48.9702,48.7089,48.4457,48.4532
2026-10-01T09:54:00,48.0885,48.4784,48.5289,48.6248,49.2437,47.7921,50.3417,47.7056,49.4392,49.5849,49.1964,49.5811,49.502,49.6531,49.158,49.4665,49.0711,48.9583,48.8513,48.8639,48.4424
2026-10-01T09:56:00,48.5687,48.5286,48.8287,49.0357,48.8599,47.7268,50.3314,47.9708,49.6868,49.5815,49.5359,49.4964,49.4552,49.1795,49.2679,49.0593,48.8563,49.055,48.5836,48.365,48.0433
2026-10-01T09:58:00,48.4617,48.7292,48.7802,48.8538,49.1347,47.7674,50.3111,47.9211,49.1907,49.4988,49.4249,49.4459,49.4247,49.173,49.3351,49.2828,48.7319,48.6714,48.9361,48.2921,48.3958
2026-10-01T10:00:00,48.4172,48.7929,48.6724,48.7847,48.947,47.5747,50.0453,47.7098,49.3564,49.4035,49.5952,49.5817,49.4436,49.1064,49.3776,49.1406,48.7707,48.8145,48.5967,48.5102,48.3335
2026-10-01T10:02:00,48.5238,48.4076,48.7351,48.7353,48.9632,47.4812,50.2778,47.9536,49.3832,49.6772,49.4708,49.5982,49.3887,49.3682,49.5443,49.0416,49.1504,48.6483,48.6776,48.6447,48.609
2026-10-01T10:04:00,48.407,48.5398,48.6728,48.8426,49.06,47.6939,50.4786,47.7468,49.3004,49.6317,49.579,49.4065,49.4046,49.4555,49.2503,49.0772,49.0706,49.0014,48.5746,48.445,48.3669
2026-10-01T10:06:00,48.0163,48.4667,48.846,48.7614,49.1408,48.0339,50.389,47.7311,49.7741,49.5873,49.6378,49.5248,49.3191,49.3567,49.258,49.4508,49.2348,48.8502,48.7532,48.5976,48.474
2026-10-01T10:08:00,48.4161,48.3393,48.8911,48.717,48.9794,47.4549,50.233,47.9824,49.4402,49.6279,49.6311,49.4374,49.3526,49.5684,49.3939,49.3342,49.2342,48.8499,48.6119,48.5396,48.2057
2026-10-01T10:10:00,48.1808,48.3744,48.6927,48.8436,49.1119,47.7671,50.4729,47.9181,49.4654,49.5401,49.5044,49.5233,49.3473,49.3913,49.0941,49.3402,49.0769,48.9627,48.5051,48.3637,48.1873
2026-10-01T10:12:00,47.9753,48.6557,48.7998,48.8918,49.2033,47.406,50.1294,48.027,49.5372,49.4465,49.5409,49.4813,49.3595,49.2889,49.1386,49.1686,49.0114,49.0178,48.4648,48.4958,48.2081
2026-10-01T10:14:00,48.1638,48.4519,48.9284,49.1485,48.7209,47.8198,50.0377,47.6952,49.281,49.2601,49.6383,49.6989,49.1579,49.4525,49.3385,49.1002,48.9774,48.8465,48.6491,48.3513,48.2415
2026-10-01T10:16:00,48.2845,48.5151,48.5319,48.9834,48.8327,47.563,50.0955,47.5753,49.4376,49.3305,49.6528,49.4105,49.546,49.2261,49.1793,49.2374,48.9591,48.739,48.7014,48.6643,48.326
2026-10-01T10:18:00,48.3406,48.8502,48.8099,48.8036,49.0598,47.4878,50.2258,48.0775,49.4924,49.2818,49.3601,49.2328,49.7564,49.2907,49.0927,49.3973,49.0472,48.7286,48.562,48.324,48.2358
2026-10-01T10:20:00,48.2366,48.5536,48.5626,48.7915,49.0907,47.8517,50.5715,48.0319,49.233,49.4019,49.5635,49.3173,49.2224,49.1137,49.2632,49.0574,48.9707,48.6886,48.7484,48.371,48.078
2026-10-01T10:22:00,48.0929,48.2933,48.77,48.9817,48.9215,47.5426,50.5763,47.9743,49.6291,49.5304,49.4798,49.4848,49.6486,49.6827,49.332,49.1859,49.1818,48.9943,48.6831,48.4043,48.1665
2026-10-01T10:24:00,48.5033,48.4382,48.6536,48.8275,48.8546,47.7442,50.2697,47.9265,49.6319,49.4278,49.484,49.3532,49.5559,49.4271,49.4379,49.4091,48.8409,49.1183,48.5139,48.3414,47.9742
2026-10-01T10:26:00,48.4993,48.4185,48.7872,48.7826,49.2869,47.4796,50.2697,47.689,49.3771,49.6627,49.5092,49.5013,49.534,49.2814,49.0869,48.9981,48.9593,49.0562,48.698,48.4206,48.2771
2026-10-01T10:28:00,48.1557,48.6211,48.8127,48.7579,49.2863,47.4798,50.3383,47.8092,49.5407,49.5816,49.4756,49.4942,49.2054,49.1318,49.2728,49.2086,48.9525,48.9691,48.8592,48.2319,48.3189
2026-10-01T10:30:00,48.5487,48.4788,48.6906,48.8783,49.1053,47.2915,50.3391,47.798,49.5089,49.3601,49.4501,49.5018,49.5637,49.3319,49.327,49.0117,49.0208,48.9312,48.9816,48.3641,48.2836
2026-10-01T10:32:00,48.1842,48.5778,48.5724,48.9985,48.8709,47.9133,50.2813,47.819,49.4294,49.4907,49.5172,49.608,49.4226,49.2617,49.0632,49.0871,48.884,49.0156,48.5262,48.4176,48.301
2026-10-01T10:34:00,48.4822,48.2562,48.6743,49.0153,48.7895,47.7689,49.9448,47.8384,49.2699,49.3834,49.5133,49.6771,49.2899,49.5944,49.5198,48.9428,49.0382,48.9618,48.9189,48.5981,48.202
2026-10-01T10:36:00,48.1898,48.5978,48.5785,48.9129,49.0359,47.5381,50.6137,47.8769,49.7341,49.6115,49.6183,49.355,49.3307,49.3647,49.2503,48.98,49.3636,49.2266,48.7828,48.5152,48.2209
2026-10-01T10:38:00,48.1039,48.5493,48.6859,48.9589,49.1711,47.9812,50.262,47.8853,49.3729,49.4973,49.3075,49.689,49.49,49.1571,49.2684,49.3374,49.1256,48.7803,48.7863,48.5371,48.1684
2026-10-01T10:40:00,48.3078,48.3116,48.6312,48.6812,49.1667,47.8113,50.1985,47.8752,49.6282,49.2112,49.4475,49.5267,49.4952,49.2785,48.9691,49.0499,49.1767,48.7765,48.7168,48.4562,48.3907
2026-10-01T10:42:00,48.1542,48.531,48.7205,48.708,49.0694,47.7991,50.3181,47.7424,49.3119,49.2419,49.2828,49.1296,49.4549,49.3464,49.254,49.5257,49.0277,48.9779,48.4887,48.426,48.1555
2026-10-01T10:44:00,48.2729,48.3146,48.5777,48.7569,49.0539,47.4581,50.2813,47.9141,49.4174,49.6128,49.4611,49.4668,49.436,49.4764,49.3268,49.1564,49.1225,48.7456,48.8044,48.3005,48.4486
2026-10-01T10:46:00,48.1587,48.4421,48.6443,48.9373,48.732,47.5802,50.3532,47.8936,49.2262,49.622,49.7288,49.3073,49.337,49.1583,49.1622,49.1168,49.3313,48.6628,48.9579,48.4718,48.1927
2026-10-01T10:48:00,48.1743,48.5657,48.6221,48.8269,48.9878,47.6527,50.2944,47.7949,49.2797,49.5298,49.4662,49.4394,49.1065,49.3264,49.1389,48.9894,48.9412,48.7173,48.3839,48.2892,48.3775
2026-10-01T10:50:00,48.2113,48.3412,48.6672,48.5561,49.224,47.8043,50.2292,47.8839,49.2941,49.3573,49.4009,49.3487,49.4708,49.1607,49.3288,48.9967,49.0292,49.0394,48.9338,48.2518,48.3368
2026-10-01T10:52:00,48.4566,48.4721,48.8778,48.7328,49.0113,47.9785,50.3618,47.974,49.3706,49.4005,49.5775,49.4427,49.6432,49.2215,49.1191,49.209,48.7931,48.9464,48.8875,48.7425,48.0633
2026-10-01T10:54:00,48.1853,48.5931,48.6095,48.9223,48.765,47.6272,50.341,47.7373,49.4645,49.444,49.3976,49.288,49.3654,49.3846,49.215,49.2407,49.0828,48.6841,48.6816,48.6269,48.333
2026-10-01T10:56:00,48.1971,48.2705,48.6921,48.8852,49.1804,47.6299,50.2533,47.8859,49.5969,49.5742,49.7283,49.357,49.5487,49.3704,49.4759,49.0731,49.1213,48.9569,48.5454,48.4733,48.2126
2026-10-01T10:58:00,48.1719,48.367,48.4665,48.9124,49.0212,47.6627,50.2321,47.8815,49.2957,49.2913,49.4993,49.4801,49.4705,49.3929,49.0701,48.97,48.9033,49.1243,48.7609,48.3056,48.3871
2026-10-01T11:00:00,48.35,48.3998,48.7729,48.8774,49.0092,47.6823,50.4225,47.9316,49.137,49.3389,49.6419,49.7524,49.2316,49.5027,49.0315,49.3249,48.9739,49.0232,48.7626,48.3532,48.0981
2026-10-01T11:02:00,48.0568,48.1996,48.1931,48.6937,49.0195,47.5853,50.3224,47.7628,49.486,49.4916,49.377,49.2482,49.1072,49.4291,49.2409,48.8651,48.8882,48.7947,48.9033,48.6218,48.2079
2026-10-01T11:04:00,48.3381,48.2417,48.6005,48.7878,48.8032,47.8189,50.1883,48.0215,49.151,49.5636,49.5564,49.268,49.4351,49.3679,49.3448,49.0747,48.871,48.6969,48.6948,48.3745,48.2343
2026-10-01T11:06:00,47.8776,48.4227,48.4037,48.8696,49.2009,47.6841,50.2005,47.9612,49.082,49.3444,49.5919,49.3475,49.1077,49.1752,49.3173,49.2152,49.0286,48.9885,48.6866,48.5005,48.3876
2026-10-01T11:08:00,47.9643,48.8737,48.7266,49.1854,49.0337,47.8329,50.3283,47.8965,49.4084,49.4001,49.6617,49.5564,49.6428,49.115,48.9706,49.2162,49.2545,48.6821,48.5139,48.3332,48.2186
2026-10-01T11:10:00,48.3957,48.4516,48.7132,48.6093,48.7217,47.6793,50.2925,47.7243,49.423,49.4451,49.5316,49.3374,49.3884,49.5907,49.1196,49.0751,48.9206,48.9616,48.5315,48.2632,48.1213
2026-10-01T11:12:00,48.0172,48.5011,48.9436,48.9429,49.0838,47.7013,50.1909,47.5912,49.2298,49.5552,49.2188,49.6772,49.2153,49.2618,49.1093,48.9513,48.9301,48.8118,48.6232,48.5213,48.2522
2026-10-01T11:14:00,48.426,48.3967,48.5262,48.7399,48.9805,47.803,50.2633,47.7641,49.4095,49.2384,49.3677,49.3169,49.2267,49.4105,49.1111,49.0331,48.8282,48.8857,48.4989,48.7671,48.0768
2026-10-01T11:16:00,48.3566,48.5362,48.7913,48.865,48.8457,47.9533,50.2684,47.6583,49.5736,49.4093,49.3253,49.5146,49.3933,49.4136,49.2337,49.2843,49.0632,48.7881,48.6653,48.6179,48.2289
2026-10-01T11:18:00,48.125,48.4788,48.7453,48.9126,48.7998,47.4629,50.195,47.9435,49.4119,49.6459,49.6625,49.5358,49.4084,49.2984,49.1094,49.159,48.8314,48.9716,48.4122,48.6335,48.2001
2026-10-01T11:20:00,48.119,48.4752,48.679,48.8473,48.8045,47.2098,50.3771,47.8229,49.4859,49.058,49.3702,49.2695,49.3965,49.4644,49.0609,49.1976,49.0701,48.5287,48.6426,48.4529,48.1817
2026-10-01T11:22:00,48.2971,48.6356,48.7654,49.0117,49.1261,47.6083,50.1403,47.6371,49.092,49.322,49.4691,49.3899,49.3651,49.4391,49.368,49.0884,48.9742,48.6137,48.8182,48.4243,47.8314
2026-10-01T11:24:00,48.2219,48.4197,48.7615,48.8339,49.0603,47.5386,50.3551,47.6462,49.3512,49.4389,49.3729,49.5393,49.4308,49.35,49.2582,49.1922,49.0768,48.6937,48.6495,48.4097,48.1731
2026-10-01T11:26:00,48.2312,48.4495,48.4598,48.7947,49.1356,47.7154,49.9504,47.724,49.4261,49.2113,49.4427,49.6335,49.4369,49.1741,49.2788,48.8568,48.9708,48.5343,48.5696,48.1627,48.1104
2026-10-01T11:28:00,48.153,48.5949,48.7044,49.0969,49.1757,47.6279,50.3225,47.664,49.3717,49.3329,49.2694,49.552,49.2724,49.3607,49.1782,49.2549,49.0509,48.5977,48.6999,48.8407,48.3247
2026-10-01T11:30:00,48.3815,48.53,48.8833,48.7467,48.8889,47.5532,50.0214,47.6632,49.5391,49.3063,49.3122,49.5945,49.4503,49.2357,49.1254,49.0854,48.9978,48.9861,48.7058,48.3126,48.1912
2026-10-01T11:32:00,48.0152,48.3617,48.894,48.6314,48.9111,47.7393,50.2558,47.7663,49.2571,49.2804,49.5206,49.3868,49.4158,49.4054,49.0083,48.8589,49.0461,48.9687,48.6473,48.5607,47.9891
2026-10-01T11:34:00,48.1654,48.3638,48.5664,48.897,48.5887,47.5376,50.3716,47.7509,49.1975,49.4453,49.2135,49.5246,49.2518,49.5038,49.269,48.9302,48.957,48.8029,48.7273,48.2305,48.3385
2026-10-01T11:36:00,48.0671,48.1645,48.6077,48.7045,48.9837,47.8364,50.1959,48.0478,49.6616,49.6925,49.4428,49.5967,49.5592,49.4932,49.2181,49.3066,49.128,48.8672,48.5111,48.5341,48.2785
2026-10-01T11:38:00,48.0025,48.2684,48.8235,48.7874,49.096,47.5646,50.0253,47.6999,49.0195,49.4746,49.1966,49.7134,49.238,49.3281,49.0628,48.8862,48.9673,48.7138,48.9885,48.3968,47.8525
2026-10-01T11:40:00,48.2078,48.3014,48.5639,48.6987,48.8297,47.3561,50.2472,47.7988,49.3471,49.3412,49.6449,49.2874,49.283,49.5426,49.2604,49.0233,48.8511,48.7452,48.5934,48.4192,48.4288
2026-10-01T11:42:00,47.9985,48.4503,48.7366,48.9196,48.936,47.4923,50.2673,47.8964,49.3395,49.3332,49.6062,49.3567,49.342,49.5036,49.215,49.1074,48.9389,49.0499,48.6313,48.6466,48.3252
2026-10-01T11:44:00,48.2145,48.5798,48.5509,49.1087,48.8606,47.6577,50.355,47.8464,49.5422,49.612,49.2374,49.3471,49.438,49.3239,49.1828,49.17,48.8529,48.7367,48.8157,48.4799,48.4186
2026-10-01T11:46:00,47.8784,48.2606,48.4432,48.855,49.2111,47.392,50.1948,47.9963,49.1943,49.7238,49.2272,49.2614,49.0862,49.371,48.9557,49.1107,48.974,48.7224,48.5647,48.3676,48.2562
2026-10-01T11:48:00,48.0873,48.3016,48.4571,48.9652,49.1731,47.6779,49.97,47.7968,49.4279,49.5311,49.394,49.2638,49.6652,49.2942,49.0919,49.1628,49.1404,48.7598,48.7132,48.4626,48.1697
2026-10-01T11:50:00,48.1517,48.4721,48.1882,48.7917,48.7808,47.4333,50.2585,47.7339,49.3042,49.371,49.1056,49.1396,49.5639,49.1347,49.1421,49.1722,48.9186,48.7905,48.3339,48.2427,48.2289
2026-10-01T11:52:00,48.2189,48.5797,48.7287,48.7309,48.976,47.4945,50.2956,47.676,49.4143,49.4436,49.6015,49.2447,49.3445,49.0773,49.3475,49.0616,48.8652,48.6436,48.5095,48.3744,48.1453
2026-10-01T11:54:00,48.4021,48.3823,48.6255,48.5027,48.8684,47.8883,50.4585,47.4502,49.585,49.3465,49.196,49.4701,49.4603,49.3948,49.2693,49.325,48.9481,48.8939,49.0089,48.4415,47.9654
2026-10-01T11:56:00,48.4144,48.4434,48.4526,49.0635,49.1276,47.5755,50.2427,47.5175,49.3675,49.0518,49.206,49.6146,49.3756,49.011,49.0988,49.2127,48.923,48.8152,48.5916,48.2348,48.3855
2026-10-01T11:58:00,47.9241,48.3676,48.4086,48.7641,48.9491,47.5546,50.2228,47.8858,49.0415,49.3794,49.571,49.6153,49.4757,49.0757,49.0857,49.2156,49.1301,48.7333,48.5741,48.5239,48.3508
2026-10-01T12:00:00,48.1163,48.2588,48.3615,48.6914,48.7124,47.4659,50.3622,47.8371,49.2591,49.5208,49.1666,49.4445,49.2499,49.3384,49.3675,48.9119,49.0448,48.7757,48.5749,48.165,48.1678
2026-10-01T12:02:00,48.1632,48.4184,48.5819,48.6252,49.1673,47.5494,50.3622,47.7249,49.2076,49.5538,49.5522,49.3067,49.3554,49.3414,48.9797,49.0033,48.6417,48.9334,48.3221,48.3766,47.9792
2026-10-01T12:04:00,48.1616,48.3673,48.5318,48.8613,48.8928,47.7035,50.2253,47.6019,49.2794,49.3703,49.4952,49.5465,49.2969,49.3136,49.1805,49.1222,48.7931,48.6937,48.7272,48.5924,48.2183
2026-10-01T12:06:00,48.1353,48.4745,48.5099,49.0419,48.7408,47.614,50.3603,47.7143,49.1919,49.2861,49.4085,49.5299,49.3256,49.3384,49.2966,49.1237,49.037,48.8685,48.71,48.2883,48.091
2026-10-01T12:08:00,48.0732,48.6884,48.5837,48.7285,49.1195,47.6539,50.1332,47.9357,49.1989,49.2071,49.2561,49.5646,49.3299,49.4446,49.0205,48.8139,48.9862,48.7453,48.3283,48.4398,48.4794
2026-10-01T12:10:00,48.213,48.2026,48.5056,48.6728,48.6534,47.4255,50.0207,47.6988,49.2531,49.3823,49.4465,49.4263,49.3293,49.1353,49.2011,49.107,49.4472,48.7371,48.656,48.5077,48.2894
2026-10-01T12:12:00,47.8755,48.371,48.3873,48.9169,48.7169,47.2874,50.0429,48.04,49.469,49.5135,49.2838,49.4132,49.1851,49.2357,49.3478,49.2344,48.9261,48.6571,48.533,48.1608,47.9229
2026-10-01T12:14:00,48.1104,48.4631,48.7803,49.0344,48.9305,47.6768,49.9003,47.849,49.6906,49.4654,49.6032,49.4879,49.4585,49.4416,49.0116,49.0105,49.1541,48.6879,48.7977,48.2967,48.1375
2026-10-01T12:16:00,48.0611,48.5488,48.658,48.467,48.7685,47.4065,50.2603,47.8209,49.0509,49.4413,49.55,49.3829,49.416,49.8272,49.1786,49.0161,49.0223,48.7748,48.4371,48.3547,48.0013
2026-10-01T12:18:00,48.4271,48.2254,48.8734,48.6854,48.7323,47.5288,50.4274,47.7876,49.5676,49.4898,49.4247,49.2676,49.4554,49.2872,49.1057,49.0608,49.0471,48.835,48.7959,48.7416,48.2745
2026-10-01T12:20:00,48.297,48.5129,48.69,48.7694,48.8502,47.5061,50.0444,47.8741,49.1306,49.347,49.2465,49.2417,49.4317,49.2937,49.3249,48.9412,48.8621,48.8042,48.7093,48.486,48.3755
2026-10-01T12:22:00,47.9842,48.3756,48.5053,49.0372,48.7116,47.4362,50.3358,47.6249,49.0543,49.5729,49.4902,49.2714,49.1771,49.2313,49.063,48.9686,49.0505,48.6613,48.566,48.2912,48.2836
2026-10-01T12:24:00,48.1465,48.5642,48.412,48.6838,48.8956,47.5806,50.1082,48.0686,49.2329,49.2998,49.1653,49.2935,49.6474,49.3024,49.0403,49.2152,48.8835,48.8628,48.422,48.305,48.3871
2026-10-01T12:26:00,48.1756,48.4262,48.6656,48.9192,48.844,47.4064,50.1517,47.8976,49.2617,49.5131,49.1207,49.2521,49.1606,48.9579,49.4915,49.0509,49.2456,48.8564,48.4343,48.5946,48.2614
2026-10-01T12:28:00,48.4708,48.513,48.5676,48.8494,48.901,47.404,50.116,47.9164,49.1656,49.5046,49.5596,49.3768,49.2632,49.3787,49.0948,49.1869,49.0247,48.7659,48.5228,48.2511,48.1436
2026-10-01T12:30:00,47.9935,48.3719,48.6232,48.7233,49.003,47.7133,49.9711,47.748,49.1826,49.2467,49.324,49.5076,49.4915,49.1614,49.1621,49.0281,48.8939,49.0214,48.7334,48.1126,48.2234
2026-10-01T12:32:00,48.2632,48.2138,48.8185,48.9021,49.1781,47.365,50.1222,47.6382,49.2047,49.2448,49.157,49.3587,49.0792,49.403,49.2771,48.7129,48.8027,48.8113,48.9798,48.3337,48.3728
2026-10-01T12:34:00,48.4805,48.404,48.4121,48.5835,48.659,47.586,50.1941,47.639,49.5364,49.256,49.381,49.4916,49.4445,49.341,49.2535,49.1089,49.111,48.93,48.4525,48.4636,48.1669
2026-10-01T12:36:00,48.1174,48.6107,48.6168,48.8208,49.1031,47.4145,50.0857,47.7093,49.159,49.3871,49.2177,49.3911,49.3203,49.2602,49.2454,49.0124,49.0379,48.7206,48.5961,48.3788,48.2809
2026-10-01T12:38:00,48.193,48.2562,48.8815,48.9582,48.9459,47.6629,50.041,47.8782,49.229,49.4549,49.3804,49.1898,49.3807,49.2451,49.1018,49.0467,49.0578,48.8076,48.5256,48.3214,48.1354
2026-10-01T12:40:00,47.9224,48.2684,48.5198,48.4759,49.2088,47.542,50.375,47.7164,49.3083,49.3348,49.1052,49.1779,49.3841,49.1908,49.2142,49.0954,48.7245,48.5965,48.444,48.1238,47.9766
2026-10-01T12:42:00,48.1511,48.544,48.7821,48.858,48.8265,47.4059,50.3992,47.7832,49.1844,49.1855,49.6884,49.4427,49.3444,49.2685,49.1309,49.1931,49.0267,48.9857,48.3265,48.4874,48.191
2026-10-01T12:44:00,48.2868,48.468,48.2899,48.7638,49.1478,47.6644,50.0254,47.4741,49.487,49.3578,49.4265,49.2173,49.4655,49.212,49.1301,48.8728,48.941,48.8161,48.4398,48.2995,48.2251
2026-10-01T12:46:00,47.9638,48.4328,48.7188,48.7633,48.7104,47.5386,50.3282,47.7503,49.1059,49.4608,49.4061,49.5481,49.5217,49.3548,49.1234,48.7457,48.6157,48.7381,48.485,48.3745,47.9986
2026-10-01T12:48:00,47.9986,48.5276,48.6189,48.7682,49.1588,47.4397,50.222,47.5965,49.2341,49.3484,49.3139,49.2255,49.2505,49.3799,49.0293,48.8527,49.1436,48.5552,48.5307,48.1826,48.0052
2026-10-01T12:50:00,48.2958,48.4789,48.5282,48.9806,48.8387,47.7061,50.2106,47.8934,49.2959,49.3929,49.3313,48.9548,49.6281,49.3216,49.1633,49.0291,48.8134,48.6643,48.581,48.5067,48.1866
2026-10-01T12:52:00,48.1724,48.4884,48.4696,48.907,48.8505,47.6331,50.0589,47.875,49.1258,49.6049,49.2753,49.2652,49.1816,49.0778,49.1103,48.8207,49.0575,48.7345,48.2615,48.374,48.2186
2026-10-01T12:54:00,48.17,48.2825,48.5462,48.3722,48.7054,47.2073,49.9373,47.8282,49.4693,49.5446,49.2425,49.3857,49.2384,49.2839,49.1708,48.9122,49.0727,48.677,48.4773,48.3228,48.0386
2026-10-01T12:56:00,47.8771,48.3435,48.6265,48.8565,48.8565,47.781,50.0535,47.6439,48.935,49.5712,49.5064,49.5257,49.0568,49.3349,48.9009,49.215,48.8853,48.6886,48.5773,48.33,48.3728
2026-10-01T12:58:00,48.3068,48.1453,48.7017,48.3842,49.1822,47.4602,50.1033,47.7207,49.6312,49.4326,49.3313,49.4126,49.2325,49.3738,49.0559,48.9779,48.8571,48.9245,48.594,48.3294,47.9102
2026-10-01T13:00:00,48.2769,48.3058,48.6085,48.7068,48.9492,47.57,49.8946,47.4666,49.2498,49.0696,49.4339,49.3271,49.4527,49.333,49.2362,48.9361,48.9442,48.8804,48.7166,48.401,48.1156
2026-10-01T13:02:00,48.0285,48.3106,48.4909,48.9092,49.0757,47.5051,50.0523,47.8393,49.4731,49.4162,49.1506,49.0823,49.5244,49.3618,49.0718,49.0276,48.8866,48.7532,48.4215,48.4942,48.0337
2026-10-01T13:04:00,47.9647,48.5319,48.5757,48.922,48.9457,47.6721,50.387,47.7667,49.4433,49.2363,49.397,48.9617,49.2665,49.0993,48.8859,49.1287,48.9034,48.8119,48.3532,48.4012,48.4518
2026-10-01T13:06:00,48.2269,48.1694,48.6662,48.7685,48.8006,47.4085,50.1663,47.407,49.4384,49.4275,49.4101,49.4296,49.4702,49.0122,49.1672,49.1175,49.0063,48.6828,48.5535,48.4657,48.2235
2026-10-01T13:08:00,48.3983,48.098,48.5711,48.7052,48.9415,47.5413,50.0438,47.7619,49.091,49.162,49.1762,49.3492,49.3972,49.4025,48.9404,48.9913,49.0667,48.7453,48.7673,48.5792,48.0564
2026-10-01T13:10:00,48.0616,48.3712,48.4541,48.7375,48.8569,47.7996,50.1396,47.6329,49.283,49.3531,49.0138,49.1518,49.0705,49.1916,49.2079,48.8964,48.6565,48.8409,48.4915,48.3446,48.2049
2026-10-01T13:12:00,48.2658,48.2781,48.4097,48.5602,48.7543,47.5456,50.533,47.787,49.1899,49.2883,49.2708,49.0997,49.2744,49.2709,49.1576,48.9098,48.8909,48.6352,48.5079,48.0861,48.2349
2026-10-01T13:14:00,48.0794,47.9613,48.5214,48.8342,49.3342,47.3929,50.366,47.5741,49.4265,49.4223,49.2961,49.1484,49.1253,49.3786,49.3578,48.9898,48.8635,48.6404,48.5726,48.2812,48.2855
2026-10-01T13:16:00,48.2559,48.4236,48.4127,48.5231,48.8141,47.7264,50.2462,47.6968,49.4136,49.4012,49.194,49.5389,49.4432,49.0434,49.0874,49.1511,49.1411,48.9353,48.4159,48.2794,48.3138
2026-10-01T13:18:00,48.0209,48.3962,48.5091,48.8247,48.6917,47.3314,49.9884,48.0137,49.5712,49.5842,49.2375,49.1736,49.3376,49.1701,48.9636,49.1045,48.7376,48.908,48.5952,48.3005,47.9259
2026-10-01T13:20:00,48.1161,48.3498,48.6498,48.7492,48.886,47.3249,50.0397,47.7188,49.3405,49.2694,49.1036,49.1435,49.2006,49.2995,49.0817,48.8559,48.8699,48.7073,48.7581,48.3457,48.0361
2026-10-01T13:22:00,48.1127,48.418,48.2697,48.6696,48.7283,47.4241,50.0674,47.915,49.3785,49.3485,49.16,49.3493,49.3523,48.9746,48.8719,49.2098,49.0422,48.7399,48.7023,48.4854,48.4742
2026-10-01T13:24:00,47.7059,48.397,48.7245,48.7786,48.7843,47.3188,50.3246,48.0155,48.9752,49.1411,49.4123,49.4306,49.1839,48.9941,49.2889,49.2183,48.6039,48.7343,48.6209,48.3338,48.3185
2026-10-01T13:26:00,48.1623,48.422,48.5864,48.5162,49.2195,47.431,50.1236,47.904,49.3742,49.2784,48.9916,49.3081,49.4387,49.1846,48.9074,49.2023,49.2166,48.8816,48.7138,48.0864,48.0343
2026-10-01T13:28:00,47.7641,48.4969,48.6352,48.3473,48.9814,47.6724,49.9987,47.6708,49.4947,49.0924,49.3822,49.4577,49.3095,49.1558,49.1574,49.0913,49.0061,48.9761,48.3279,48.3384,48.0993
2026-10-01T13:30:00,48.3573,48.1678,48.8105,48.6037,48.7642,47.3092,50.0969,47.638,49.2843,49.2776,49.4195,49.3685,48.901,49.3833,49.1254,49.0082,48.8056,48.8638,48.4938,48.5099,47.9416
2026-10-01T13:32:00,48.3588,48.536,48.3615,48.8453,48.8008,47.3315,50.0456,47.7243,49.1657,49.3768,49.4943,49.0859,48.9682,49.193,49.1481,49.0254,48.9912,48.8114,48.252,48.3369,47.9815
2026-10-01T13:34:00,48.0811,48.1248,48.6158,48.6998,48.7817,47.2925,50.3582,47.8362,49.3518,49.1886,49.17,49.5212,49.1854,49.3271,49.4169,48.7585,48.6767,48.7846,48.2957,48.2856,48.0304
2026-10-01T13:36:00,48.2419,48.1358,48.5658,48.8153,48.7084,47.3548,50.264,47.8225,49.0249,49.0714,49.5644,49.3208,49.1701,49.2144,49.1024,49.0807,49.1132,48.9356,48.439,48.2626,48.0573
2026-10-01T13:38:00,48.3583,48.5057,48.2547,48.6586,48.8037,47.6852,50.3002,47.625,49.1116,49.3206,49.3877,49.3349,49.0896,49.1625,49.2031,49.0628,48.9651,48.5928,48.4777,48.3537,47.6623
2026-10-01T13:40:00,48.0667,48.4152,48.604,48.6516,48.8504,47.6146,50.0976,47.475,49.3288,49.0403,49.1802,49.6118,49.3075,49.3271,49.2041,49.1281,48.8949,48.8415,48.5574,48.2083,48.1642
2026-10-01T13:42:00,48.1289,48.4743,48.7162,48.935,48.7439,47.5571,50.3794,47.6216,49.1596,49.2281,49.2217,49.1779,49.5033,49.1235,49.1349,48.8552,49.195,48.5689,48.3449,48.4802,48.0117
2026-10-01T13:44:00,48.1263,48.577,48.3551,48.9759,48.7986,47.095,50.1339,47.6224,49.0518,49.6634,49.2376,49.0148,49.2493,49.3541,49.2423,48.9693,48.8109,48.6747,48.3554,48.398,48.1566
2026-10-01T13:46:00,48.3131,48.1822,48.7908,48.8937,49.0112,47.4735,50.2189,47.6507,49.4102,49.2903,49.1892,49.2627,49.1147,49.3085,49.0785,48.8802,49.2436,48.724,48.7317,48.2438,48.1773
2026-10-01T13:48:00,48.0246,48.436,48.5917,49.0661,48.5343,47.5161,50.3571,47.4174,49.3911,49.3028,49.3663,49.2006,49.1865,48.92,49.0404,48.9624,48.7551,48.9522,48.5532,48.5158,48.1605
2026-10-01T13:50:00,47.9454,48.306,48.5096,48.6466,49.0093,47.6026,50.0635,47.7691,49.1256,49.2195,49.5001,49.4578,49.3949,49.4373,49.1198,48.9668,48.9171,48.8716,48.7517,48.3385,48.1004
2026-10-01T13:52:00,48.281,48.4186,48.5701,48.609,48.8518,47.5255,50.1478,47.7024,49.4178,49.3136,49.2725,49.2446,49.3116,49.277,49.1987,49.0864,48.797,48.9037,48.3735,48.0185,48.2109
2026-10-01T13:54:00,48.2069,48.216,48.464,48.8548,49.0139,47.4144,50.0138,47.7762,49.4519,49.6125,49.3173,49.353,49.1249,49.1625,48.7385,48.7127,49.0464,48.7629,48.4282,48.4932,48.0756
2026-10-01T13:56:00,48.0203,48.2071,48.5036,48.9451,48.7966,47.7989,50.2038,47.865,49.2547,49.0973,49.4476,49.1261,49.4186,49.3271,49.0913,48.8749,48.7599,48.8052,48.4028,47.8921,47.8865
2026-10-01T13:58:00,48.2501,48.3885,48.3922,48.6481,48.8134,47.8548,49.9237,47.5449,49.2442,49.3437,49.2217,49.41,49.2537,49.0957,49.0104,48.9683,48.8494,48.7672,48.7144,48.2904,48.2163
2026-10-01T14:00:00,48.2183,48.243,48.2016,48.7187,48.9035,47.6881,49.7894,47.7804,49.2182,49.3415,49.4731,49.3369,49.3407,49.2374,48.9319,49.0413,48.8066,48.763,48.2625,48.4345,48.134
2026-10-01T14:02:00,48.074,48.268,48.6758,48.7601,48.9754,47.5652,50.0325,47.7364,49.3758,49.2161,49.3686,49.3067,49.4424,49.1896,49.09,48.8909,48.7787,48.7717,48.7033,48.0775,48.0205
2026-10-01T14:04:00,48.1397,48.4002,48.4119,48.5652,48.8324,47.5758,50.1762,47.6162,49.3066,49.235,49.2492,49.4097,49.2456,49.2887,49.1812,48.9342,48.7742,48.7366,48.5194,48.5471,48.1539
2026-10-01T14:06:00,48.1131,48.1647,48.4718,48.797,48.6561,47.3001,50.1864,47.7546,49.1653,49.275,49.2218,49.2666,49.3884,49.3031,49.4368,49.2142,48.9246,48.6812,48.6813,48.3749,48.1423
2026-10-01T14:08:00,48.2112,48.3301,48.4408,48.7907,48.8166,47.4008,50.1951,47.5474,49.0577,49.5709,49.4125,49.2458,49.291,49.1936,49.0044,48.8954,48.6881,48.7774,48.7211,48.5397,48.1257
2026-10-01T14:10:00,48.316,48.3529,48.696,48.9308,48.8094,47.5312,50.0851,47.6032,49.2791,49.4642,49.5133,49.2167,49.2564,49.4764,49.0323,48.9898,49.1713,48.6896,48.6552,48.3241,47.8809
2026-10-01T14:12:00,48.1913,48.0741,48.3142,48.9037,48.9731,47.4851,50.2518,47.877,49.3152,49.1033,49.146,49.4498,49.245,49.3734,48.9714,49.0944,48.6004,48.8124,48.5881,48.4964,47.8149
2026-10-01T14:14:00,47.9106,48.2203,48.5956,48.9506,49.0392,47.2946,50.0307,47.8965,49.3522,49.0883,49.3884,49.3768,49.3764,49.1984,49.1662,49.1474,48.9185,48.8708,48.6589,48.4347,48.0503
2026-10-01T14:16:00,48.2044,48.4679,48.4498,48.5797,48.9359,47.598,49.9941,47.7485,49.5568,48.9941,49.3595,49.3235,49.262,49.181,49.1714,48.9808,48.7956,48.8242,48.82,48.3059,48.2107
2026-10-01T14:18:00,48.2737,48.1646,48.4738,48.5946,48.8318,47.6501,49.9989,47.8817,49.5581,49.1701,49.3263,49.3989,49.0801,48.895,49.107,48.8617,48.8685,48.5901,48.4506,48.2281,48.1074
2026-10-01T14:20:00,48.2254,48.3375,48.5909,48.5286,49.0969,47.6572,50.3407,47.6795,49.1349,49.3541,49.127,49.2707,49.2097,49.1512,48.8667,49.1106,48.653,48.7123,48.4909,48.0284,48.1869
2026-10-01T14:22:00,48.0835,48.5772,48.781,48.5715,48.5424,47.4799,50.2241,47.6464,49.4988,49.2891,49.1745,49.2337,49.2617,49.3357,49.0082,48.9897,48.9515,48.6444,48.5291,48.4446,48.1578
2026-10-01T14:24:00,48.1946,48.2263,48.3004,48.5589,48.7865,47.5527,50.0241,47.5548,49.1647,49.3129,49.2136,49.4296,49.3175,49.2166,48.9921,49.2333,48.9035,48.8353,48.5921,48.2479,48.0222
2026-10-01T14:26:00,48.0267,48.4283,48.5818,48.4451,48.932,47.2417,49.9966,47.8598,49.2325,49.2249,48.8771,49.3622,49.1854,49.1513,48.8863,48.8267,48.8291,48.3926,48.6111,48.4043,47.9138
2026-10-01T14:28:00,47.9314,48.3123,48.5,48.5548,48.8199,47.3078,49.8374,47.7761,49.285,49.06,49.2717,49.2788,49.4527,49.3558,49.2961,48.9196,49.0007,48.5776,48.3521,48.6244,47.9311
2026-10-01T14:30:00,48.269,48.2202,48.4065,48.9623,48.5442,47.4755,50.1486,47.5437,49.0592,49.1091,49.5938,48.9741,49.045,49.1016,48.8667,49.0791,48.692,48.604,48.4787,48.1627,48.1149
2026-10-01T14:32:00,47.8424,48.2663,48.6143,48.8213,48.6284,47.2255,50.3741,47.7877,48.9132,49.39,49.3047,49.3237,49.4457,49.1313,49.1648,48.8917,49.0632,48.7703,48.6883,48.3613,47.8642
2026-10-01T14:34:00,48.0554,48.2784,48.5385,48.5444,48.739,47.3684,49.8848,47.6893,49.103,49.4502,49.174,48.9718,49.2265,49.327,49.2438,48.8396,48.7611,48.6178,48.5576,48.2072,47.6433
2026-10-01T14:36:00,48.2094,48.3691,48.3109,48.6374,48.7462,47.302,50.0885,47.4685,49.1792,49.3394,49.3805,49.5221,49.225,49.2276,49.1491,48.8627,48.5308,48.5136,48.2097,48.2938,48.2833
2026-10-01T14:38:00,48.1588,48.6265,48.5392,49.0566,49.1093,47.5697,50.3414,47.5828,49.0336,49.323,49.4981,49.356,49.3292,49.1661,48.9842,49.0632,48.9456,48.6067,48.6944,48.5572,47.7604
2026-10-01T14:40:00,48.1254,48.087,48.4318,48.6872,48.9362,47.5472,50.1789,47.6951,49.1034,49.306,49.2089,49.344,49.2001,49.1686,48.8172,49.012,48.7524,48.7082,48.4355,48.568,48.2589
2026-10-01T14:42:00,48.3798,48.2034,48.5684,48.6502,48.72,47.5442,49.9585,47.997,49.1938,49.3566,49.201,49.2257,49.1506,49.363,49.2351,49.0354,48.7475,48.6879,48.5885,48.1607,48.1257
2026-10-01T14:44:00,47.7951,48.1991,48.4143,48.6297,49.0957,47.2448,50.0966,47.5764,49.051,49.1458,49.0422,49.2908,49.2683,48.9682,49.0984,48.9507,48.4149,48.6378,48.3784,48.132,47.8714
2026-10-01T14:46:00,47.7205,48.1116,48.1355,48.753,48.6622,47.5665,49.9995,47.6687,49.1035,49.1685,49.2629,49.177,49.2783,48.9546,48.9358,48.7318,49.0476,48.89,48.4837,48.3325,47.9885
2026-10-01T14:48:00,48.0113,48.5756,48.5301,48.6575,48.7584,47.5115,50.1489,47.5574,49.1699,49.3409,49.2697,49.1664,49.2396,49.1545,49.0303,48.8786,48.8764,48.5874,48.3109,48.1564,48.0328
2026-10-01T14:50:00,47.9332,48.0885,48.6254,48.4381,48.692,47.5978,49.9508,47.5716,48.9733,49.2316,48.9694,49.3494,49.1225,49.2216,48.9761,48.7454,48.7028,48.86,48.5088,48.2434,48.2267
2026-10-01T14:52:00,47.7909,48.2167,48.6171,48.5173,48.8701,47.3874,50.2599,47.7261,49.2312,49.1937,49.1537,49.028,49.052,48.8333,49.0211,48.9954,49.1244,48.7125,48.7113,48.1175,47.9455
2026-10-01T14:54:00,48.1011,48.1651,48.6027,48.7877,48.79,47.3753,50.0132,47.5111,49.4408,49.2376,49.4757,49.0918,49.4853,49.0723,49.0372,49.0374,48.9801,48.8806,48.498,48.1269,48.2801
2026-10-01T14:56:00,48.0243,48.101,48.2858,48.5964,48.4787,47.4013,49.9727,47.8565,49.3158,49.2052,48.8934,49.0595,49.125,49.2301,48.7909,48.8904,48.589,48.8618,48.4056,48.1203,48.059
2026-10-01T14:58:00,47.9255,48.1911,48.4793,48.5624,48.7144,47.6805,50.0523,47.537,49.4249,49.3031,49.4442,49.1389,49.1717,49.206,49.1549,48.8842,49.108,48.4898,48.5624,48.2359,48.0062
2026-10-01T15:00:00,48.0221,48.6183,48.373,48.3775,48.9764,47.4907,50.1163,47.7417,49.4785,49.1183,49.194,49.347,49.1548,49.1671,48.8606,48.857,48.9295,48.1646,48.5313,47.9014,48.399
2026-10-01T15:02:00,48.2197,48.5078,48.7178,48.5209,48.8182,47.3049,50.1314,47.5922,49.2682,49.1541,49.2627,49.1011,49.1105,49.0175,49.0105,49.0105,48.9755,48.5216,48.5929,48.141,48.2589
2026-10-01T15:04:00,48.0356,48.1393,48.4491,48.7716,48.8106,47.5145,50.0432,47.9658,49.3473,49.2712,49.3043,49.5714,49.2491,49.1684,48.9049,49.0893,48.7206,48.6284,48.814,48.1433,48.1968
2026-10-01T15:06:00,47.9712,48.0437,48.3713,48.5575,48.7857,47.384,49.9804,47.5949,49.3528,49.3425,49.1178,49.2317,49.1224,49.2981,48.8265,49.0205,48.9122,48.5936,48.398,48.3168,47.8096
2026-10-01T15:08:00,47.9284,48.0481,48.5331,48.4941,48.7495,47.1206,49.9516,47.7783,49.2461,49.4208,48.8134,48.8078,49.4483,49.1902,48.8372,49.0622,48.8764,48.709,48.5453,48.3964,48.1319
2026-10-01T15:10:00,48.0789,48.3415,48.5099,48.6638,48.811,47.395,50.0742,47.7351,49.1715,49.2083,49.493,49.4981,49.2101,49.021,49.2625,48.7049,49.0375,48.8411,48.3964,48.2452,47.8798
2026-10-01T15:12:00,48.0624,48.0975,48.2556,48.6729,48.7066,47.4156,49.996,47.5092,49.2135,49.0795,49.301,49.1346,49.3625,49.0501,49.1374,49.0623,48.7825,48.4541,48.5706,48.0627,48.0885
2026-10-01T15:14:00,47.8002,48.1913,48.4382,48.5484,48.8263,47.5098,50.0526,47.6474,49.3796,49.3253,49.2825,49.1327,49.0075,49.0241,49.1695,48.9421,48.8997,48.4319,48.1776,48.2718,47.6446
2026-10-01T15:16:00,47.9748,48.005,48.4653,48.6974,48.5959,47.5855,50.0771,47.5864,49.0223,49.069,49.1723,49.3403,49.1553,48.8586,48.7691,48.9552,48.7448,48.7597,48.5294,48.3783,48.198
2026-10-01T15:18:00,48.1521,48.2986,48.1577,48.739,48.9223,47.5053,49.8504,47.6858,49.3339,49.2803,49.1718,48.9039,49.0492,49.3911,49.0447,49.0759,48.7662,48.4662,48.657,48.3319,48.2093
2026-10-01T15:20:00,48.0407,48.0798,48.6782,48.5917,48.8455,47.4758,50.167,47.6916,49.3862,49.1979,49.3878,49.4536,49.1397,48.9546,49.0204,49.1203,48.8428,48.7918,48.4604,47.9732,47.8942
2026-10-01T15:22:00,47.8148,47.9666,48.4147,48.8001,48.8786,47.4871,50.1066,47.5669,49.4205,49.3318,49.3189,48.8882,49.3287,49.2899,49.0232,48.6719,48.9334,48.5692,48.4116,48.1982,47.9857
2026-10-01T15:24:00,47.865,48.3051,48.6454,48.6262,48.617,47.3661,49.9998,47.5769,49.2209,49.1916,49.2187,49.2137,48.9912,49.1734,49.1723,48.9671,48.811,49.0549,48.5109,48.567,47.9068
2026-10-01T15:26:00,47.8916,48.0269,48.2925,48.4888,48.7738,47.4508,49.9734,47.6126,49.0629,49.066,49.0626,49.1424,49.3615,48.7474,49.1257,49.0213,48.7216,48.7159,48.6636,48.1375,48.0585
2026-10-01T15:28:00,47.9424,48.2028,48.4404,48.6202,48.6876,47.3399,50.2006,47.8417,49.2229,49.3375,49.1681,49.1368,49.2033,49.2825,49.0624,48.719,48.9287,48.9569,48.5086,47.9979,48.0536
2026-10-01T15:30:00,48.3137,48.2077,48.5112,48.5894,48.8549,47.0981,49.9111,47.5534,49.2422,49.2239,49.0911,49.1563,48.9869,48.9745,48.941,48.9625,49.04,48.5803,48.3675,48.2537,47.6691
2026-10-01T15:32:00,48.1165,48.3883,48.3079,48.5429,49.0465,47.4235,49.9497,47.5036,49.4155,49.1865,49.0973,49.2591,49.4381,48.9546,48.7504,49.1546,48.7887,48.8012,48.5754,48.0545,47.7791
2026-10-01T15:34:00,48.2016,48.1534,48.5007,48.463,48.9003,47.294,49.8684,47.7707,49.2697,49.1808,49.3775,49.0056,49.3219,49.3248,49.1239,48.875,48.6498,48.6458,48.2822,48.2727,47.9699
2026-10-01T15:36:00,47.986,48.279,48.3014,48.6271,48.797,47.1779,50.2488,47.5695,49.1382,49.347,49.3285,48.9079,49.4496,49.3502,48.9483,48.9959,48.862,48.4773,48.4764,48.2888,48.248
2026-10-01T15:38:00,47.6786,48.1873,48.2882,48.8296,48.6307,47.2582,49.8892,47.6221,49.2045,49.2577,49.1549,49.1834,49.0391,48.9929,48.9178,48.7445,49.0866,48.6224,48.4445,48.1823,47.9716
2026-10-01T15:40:00,48.2535,48.5073,48.3724,48.607,49.0624,47.2399,50.0295,47.7115,49.0679,49.3443,48.9954,49.3072,49.3912,48.9303,49.098,49.1524,48.7125,48.6312,48.4295,48.0311,48.0059
2026-10-01T15:42:00,48.2695,48.2217,48.6427,48.1714,48.7528,47.0493,49.8404,47.6377,49.3738,49.1301,49.4333,49.1846,49.124,48.8759,48.8312,48.7995,48.7577,48.8852,48.7048,48.4014,48.0245
2026-10-01T15:44:00,48.079,48.4301,48.2258,48.5995,48.8993,47.2518,50.2595,47.6726,49.2135,49.2368,49.143,49.2653,49.0978,49.0182,49.001,49.1069,48.6194,48.7379,48.5963,48.2124,47.9473
2026-10-01T15:46:00,48.0879,48.1392,48.1868,48.8367,48.5629,47.3126,49.8998,47.571,49.2876,49.12,49.1564,49.2372,49.0617,49.1707,49.2012,48.9769,49.0548,48.7147,48.5313,47.8304,47.921
2026-10-01T15:48:00,48.1498,48.0443,48.4017,48.7398,48.9397,47.4306,50.0105,47.6549,48.8483,49.2233,49.0721,49.145,48.94,48.8005,48.9734,48.9712,48.827,48.3976,48.3102,48.0705,48.0566
2026-10-01T15:50:00,48.1375,48.3041,48.5102,48.8597,48.7536,47.3814,50.1534,47.3841,48.9683,49.1963,49.4826,49.0474,49.1652,48.9822,49.1145,48.9636,48.7816,48.5217,48.3765,47.9717,47.8362
2026-10-01T15:52:00,48.078,47.8308,48.6549,48.464,48.8341,47.6326,49.5903,47.3664,49.0203,49.1864,49.3665,49.4719,49.0872,49.3008,48.9762,48.8473,48.9129,48.4798,48.2345,48.4042,48.045
2026-10-01T15:54:00,48.0046,48.2644,48.1246,48.7002,49.0493,47.3992,50.0993,47.6272,49.3397,49.2863,48.8692,49.3127,49.3043,48.7972,48.9748,49.0397,48.9861,48.5212,48.8228,48.3085,48.0221
2026-10-01T15:56:00,48.0767,48.3175,48.5679,48.4679,48.87,47.4808,50.4654,47.6652,49.1302,49.0972,49.2354,49.1597,48.946,48.9075,48.9751,48.8471,49.0026,48.7599,48.4478,48.3824,47.9633
2026-10-01T15:58:00,47.8397,47.9703,48.4458,48.6902,48.924,47.0119,49.8737,47.5929,49.1193,48.8708,49.1891,49.1264,49.2922,48.9204,49.2457,48.7364,49.0241,48.6066,48.5717,48.1863,47.8206
