t,yield_pct
2026-01-05T00:00:00Z,99.9773
2026-01-05T00:01:00Z,99.3875
2026-01-05T00:02:00Z,99.8033
2026-01-05T00:03:00Z,99.4088
2026-01-05T00:04:00Z,99.8709
2026-01-05T00:05:00Z,100.1945
2026-01-05T00:06:00Z,100.2798
2026-01-05T00:07:00Z,99.8749
2026-01-05T00:08:00Z,100.4849
2026-01-05T00:09:00Z,99.8766
2026-01-05T00:10:00Z,99.887
2026-01-05T00:11:00Z,99.3903
2026-01-05T00:12:00Z,100.1148
2026-01-05T00:13:00Z,99.782
2026-01-05T00:14:00Z,99.6155
2026-01-05T00:15:00Z,99.5739
2026-01-05T00:16:00Z,100.5734
2026-01-05T00:17:00Z,99.5052
2026-01-05T00:18:00Z,98.8557
2026-01-05T00:19:00Z,99.0206
2026-01-05T00:20:00Z,99.1378
2026-01-05T00:21:00Z,99.1192
2026-01-05T00:22:00Z,99.3354
2026-01-05T00:23:00Z,99.8634
2026-01-05T00:24:00Z,99.4481
2026-01-05T00:25:00Z,99.7419
2026-01-05T00:26:00Z,100.4421
2026-01-05T00:27:00Z,99.9258
2026-01-05T00:28:00Z,100.2159
2026-01-05T00:29:00Z,100.4933
2026-01-05T00:30:00Z,99.6533
2026-01-05T00:31:00Z,99.3411
2026-01-05T00:32:00Z,100.2662
2026-01-05T00:33:00Z,100.0363
2026-01-05T00:34:00Z,99.6158
2026-01-05T00:35:00Z,99.3043
2026-01-05T00:36:00Z,99.0786
2026-01-05T00:37:00Z,99.7789
2026-01-05T00:38:00Z,99.8804
2026-01-05T00:39:00Z,99.3054
2026-01-05T00:40:00Z,99.064
2026-01-05T00:41:00Z,99.4361
2026-01-05T00:42:00Z,100.3743
2026-01-05T00:43:00Z,100.2605
2026-01-05T00:44:00Z,100.4429
2026-01-05T00:45:00Z,99.9717
2026-01-05T00:46:00Z,100.1285
2026-01-05T00:47:00Z,100.0471
2026-01-05T00:48:00Z,100.478
2026-01-05T00:49:00Z,99.43
2026-01-05T00:50:00Z,100.3612
2026-01-05T00:51:00Z,99.6067
2026-01-05T00:52:00Z,99.008
2026-01-05T00:53:00Z,99.3102
2026-01-05T00:54:00Z,100.028
2026-01-05T00:55:00Z,99.8433
2026-01-05T00:56:00Z,99.4201
2026-01-05T00:57:00Z,99.7833
2026-01-05T00:58:00Z,99.9296
2026-01-05T00:59:00Z,100.4318
2026-01-05T01:00:00Z,100.0926
2026-01-05T01:01:00Z,99.9265
2026-01-05T01:02:00Z,99.9606
2026-01-05T01:03:00Z,100.3045
2026-01-05T01:04:00Z,99.2956
2026-01-05T01:05:00Z,99.2291
2026-01-05T01:06:00Z,99.6016
2026-01-05T01:07:00Z,100.4923
2026-01-05T01:08:00Z,100.3158
2026-01-05T01:09:00Z,99.5675
2026-01-05T01:10:00Z,100.6069
2026-01-05T01:11:00Z,99.9966
2026-01-05T01:12:00Z,99.9448
2026-01-05T01:13:00Z,99.3829
2026-01-05T01:14:00Z,99.8258
2026-01-05T01:15:00Z,99.9442
2026-01-05T01:16:00Z,99.5461
2026-01-05T01:17:00Z,99.865
2026-01-05T01:18:00Z,98.5094
2026-01-05T01:19:00Z,99.5251
2026-01-05T01:20:00Z,99.7877
2026-01-05T01:21:00Z,100.2019
2026-01-05T01:22:00Z,98.8529
2026-01-05T01:23:00Z,99.7668
2026-01-05T01:24:00Z,100.5083
2026-01-05T01:25:00Z,99.4995
2026-01-05T01:26:00Z,99.6661
2026-01-05T01:27:00Z,100.5757
2026-01-05T01:28:00Z,99.6631
2026-01-05T01:29:00Z,99.428
2026-01-05T01:30:00Z,99.3156
2026-01-05T01:31:00Z,100.44
2026-01-05T01:32:00Z,99.0955
2026-01-05T01:33:00Z,99.9192
2026-01-05T01:34:00Z,99.757
2026-01-05T01:35:00Z,99.4875
2026-01-05T01:36:00Z,99.7942
2026-01-05T01:37:00Z,99.5669
2026-01-05T01:38:00Z,99.8767
2026-01-05T01:39:00Z,100.0094
2026-01-05T01:40:00Z,100.1848
2026-01-05T01:41:00Z,99.7994
2026-01-05T01:42:00Z,100.1666
2026-01-05T01:43:00Z,100.2308
2026-01-05T01:44:00Z,100.0172
2026-01-05T01:45:00Z,100.0175
2026-01-05T01:46:00Z,99.774
2026-01-05T01:47:00Z,99.4725
2026-01-05T01:48:00Z,98.7573
2026-01-05T01:49:00Z,99.7154
2026-01-05T01:50:00Z,100.133
2026-01-05T01:51:00Z,99.5368
2026-01-05T01:52:00Z,100.6308
2026-01-05T01:53:00Z,99.4675
2026-01-05T01:54:00Z,99.7813
2026-01-05T01:55:00Z,99.8265
2026-01-05T01:56:00Z,100.016
2026-01-05T01:57:00Z,100.1565
2026-01-05T01:58:00Z,99.3245
2026-01-05T01:59:00Z,100.3393
2026-01-05T02:00:00Z,100.0695
2026-01-05T02:01:00Z,98.7394
2026-01-05T02:02:00Z,100.3096
2026-01-05T02:03:00Z,99.3753
2026-01-05T02:04:00Z,100.1157
2026-01-05T02:05:00Z,100.0782
2026-01-05T02:06:00Z,100.0367
2026-01-05T02:07:00Z,99.9339
2026-01-05T02:08:00Z,99.6766
2026-01-05T02:09:00Z,99.4921
2026-01-05T02:10:00Z,100.5271
2026-01-05T02:11:00Z,99.5293
2026-01-05T02:12:00Z,99.6715
2026-01-05T02:13:00Z,99.8439
2026-01-05T02:14:00Z,99.5448
2026-01-05T02:15:00Z,100.7397
2026-01-05T02:16:00Z,99.8964
2026-01-05T02:17:00Z,99.9025
2026-01-05T02:18:00Z,99.3031
2026-01-05T02:19:00Z,99.0392
2026-01-05T02:20:00Z,100.0228
2026-01-05T02:21:00Z,100.3636
2026-01-05T02:22:00Z,99.9783
2026-01-05T02:23:00Z,99.9965
2026-01-05T02:24:00Z,99.6156
2026-01-05T02:25:00Z,101.0361
2026-01-05T02:26:00Z,98.8381
2026-01-05T02:27:00Z,99.3313
2026-01-05T02:28:00Z,99.2565
2026-01-05T02:29:00Z,99.2725
2026-01-05T02:30:00Z,99.3757
2026-01-05T02:31:00Z,98.661
2026-01-05T02:32:00Z,98.6847
2026-01-05T02:33:00Z,100.4229
2026-01-05T02:34:00Z,100.1328
2026-01-05T02:35:00Z,99.9966
2026-01-05T02:36:00Z,99.7468
2026-01-05T02:37:00Z,98.9471
2026-01-05T02:38:00Z,100.5684
2026-01-05T02:39:00Z,100.6797
2026-01-05T02:40:00Z,99.4265
2026-01-05T02:41:00Z,99.9112
2026-01-05T02:42:00Z,98.8896
2026-01-05T02:43:00Z,99.8355
2026-01-05T02:44:00Z,99.9427
2026-01-05T02:45:00Z,98.8753
2026-01-05T02:46:00Z,98.7653
2026-01-05T02:47:00Z,99.45
2026-01-05T02:48:00Z,99.3386
2026-01-05T02:49:00Z,100.1524
2026-01-05T02:50:00Z,100.2708
2026-01-05T02:51:00Z,100.0223
2026-01-05T02:52:00Z,100.3036
2026-01-05T02:53:00Z,98.9471
2026-01-05T02:54:00Z,99.8174
2026-01-05T02:55:00Z,99.3372
2026-01-05T02:56:00Z,99.4391
2026-01-05T02:57:00Z,100.5425
2026-01-05T02:58:00Z,99.3226
2026-01-05T02:59:00Z,99.3673
2026-01-05T03:00:00Z,100.0539
2026-01-05T03:01:00Z,99.4341
2026-01-05T03:02:00Z,98.8473
2026-01-05T03:03:00Z,100.3637
2026-01-05T03:04:00Z,98.7177
2026-01-05T03:05:00Z,99.3351
2026-01-05T03:06:00Z,99.8466
2026-01-05T03:07:00Z,100.1533
2026-01-05T03:08:00Z,100.3525
2026-01-05T03:09:00Z,100.0597
2026-01-05T03:10:00Z,99.8792
2026-01-05T03:11:00Z,99.6543
2026-01-05T03:12:00Z,99.5299
2026-01-05T03:13:00Z,99.9097
2026-01-05T03:14:00Z,99.9906
2026-01-05T03:15:00Z,99.1723
2026-01-05T03:16:00Z,100.1712
2026-01-05T03:17:00Z,99.2598
2026-01-05T03:18:00Z,100.0493
2026-01-05T03:19:00Z,98.5759
2026-01-05T03:20:00Z,99.6612
2026-01-05T03:21:00Z,99.3315
2026-01-05T03:22:00Z,100.0953
2026-01-05T03:23:00Z,99.4559
2026-01-05T03:24:00Z,99.4613
2026-01-05T03:25:00Z,100.0881
2026-01-05T03:26:00Z,99.0499
2026-01-05T03:27:00Z,100.5117
2026-01-05T03:28:00Z,99.2151
2026-01-05T03:29:00Z,100.3544
2026-01-05T03:30:00Z,99.3142
2026-01-05T03:31:00Z,99.9724
2026-01-05T03:32:00Z,99.2515
2026-01-05T03:33:00Z,99.7409
2026-01-05T03:34:00Z,99.6697
2026-01-05T03:35:00Z,100.1105
2026-01-05T03:36:00Z,100.0337
2026-01-05T03:37:00Z,100.2542
2026-01-05T03:38:00Z,99.3766
2026-01-05T03:39:00Z,100.5805
2026-01-05T03:40:00Z,99.1374
2026-01-05T03:41:00Z,100.1937
2026-01-05T03:42:00Z,99.8732
2026-01-05T03:43:00Z,100.2384
2026-01-05T03:44:00Z,99.692
2026-01-05T03:45:00Z,99.0956
2026-01-05T03:46:00Z,99.6581
2026-01-05T03:47:00Z,99.6276
2026-01-05T03:48:00Z,99.5868
2026-01-05T03:49:00Z,100.3356
2026-01-05T03:50:00Z,99.4986
2026-01-05T03:51:00Z,100.6059
2026-01-05T03:52:00Z,98.6994
2026-01-05T03:53:00Z,99.5252
2026-01-05T03:54:00Z,100.3797
2026-01-05T03:55:00Z,99.9225
2026-01-05T03:56:00Z,99.2671
2026-01-05T03:57:00Z,99.9846
2026-01-05T03:58:00Z,100.0388
2026-01-05T03:59:00Z,99.5378
2026-01-05T04:00:00Z,99.5651
2026-01-05T04:01:00Z,99.7919
2026-01-05T04:02:00Z,99.46
2026-01-05T04:03:00Z,100.4059
2026-01-05T04:04:00Z,99.0341
2026-01-05T04:05:00Z,99.2691
2026-01-05T04:06:00Z,99.1187
2026-01-05T04:07:00Z,100.281
2026-01-05T04:08:00Z,98.9868
2026-01-05T04:09:00Z,99.0304
2026-01-05T04:10:00Z,99.7681
2026-01-05T04:11:00Z,100.2768
2026-01-05T04:12:00Z,98.8574
2026-01-05T04:13:00Z,99.8512
2026-01-05T04:14:00Z,100.5455
2026-01-05T04:15:00Z,99.5293
2026-01-05T04:16:00Z,99.8123
2026-01-05T04:17:00Z,100.3063
2026-01-05T04:18:00Z,100.185
2026-01-05T04:19:00Z,100.3828
2026-01-05T04:20:00Z,100.0902
2026-01-05T04:21:00Z,100.2902
2026-01-05T04:22:00Z,100.1473
2026-01-05T04:23:00Z,99.6736
2026-01-05T04:24:00Z,100.105
2026-01-05T04:25:00Z,99.8359
2026-01-05T04:26:00Z,100.3726
2026-01-05T04:27:00Z,98.8843
2026-01-05T04:28:00Z,99.4339
2026-01-05T04:29:00Z,99.7241
2026-01-05T04:30:00Z,99.8534
2026-01-05T04:31:00Z,99.4148
2026-01-05T04:32:00Z,99.5972
2026-01-05T04:33:00Z,100.0562
2026-01-05T04:34:00Z,99.0428
2026-01-05T04:35:00Z,100.3378
2026-01-05T04:36:00Z,99.4457
2026-01-05T04:37:00Z,98.6272
2026-01-05T04:38:00Z,99.9956
2026-01-05T04:39:00Z,99.9043
2026-01-05T04:40:00Z,99.6379
2026-01-05T04:41:00Z,99.6597
2026-01-05T04:42:00Z,99.4253
2026-01-05T04:43:00Z,99.3546
2026-01-05T04:44:00Z,100.2878
2026-01-05T04:45:00Z,100.2375
2026-01-05T04:46:00Z,99.4772
2026-01-05T04:47:00Z,99.7797
2026-01-05T04:48:00Z,99.0442
2026-01-05T04:49:00Z,100.5169
2026-01-05T04:50:00Z,99.5609
2026-01-05T04:51:00Z,100.5726
2026-01-05T04:52:00Z,99.772
2026-01-05T04:53:00Z,99.6141
2026-01-05T04:54:00Z,99.0831
2026-01-05T04:55:00Z,100.4027
2026-01-05T04:56:00Z,100.2416
2026-01-05T04:57:00Z,100.3067
2026-01-05T04:58:00Z,100.0923
2026-01-05T04:59:00Z,99.9154
2026-01-05T05:00:00Z,100.097
2026-01-05T05:01:00Z,100.2457
2026-01-05T05:02:00Z,100.0785
2026-01-05T05:03:00Z,100.7735
2026-01-05T05:04:00Z,98.5417
2026-01-05T05:05:00Z,99.6592
2026-01-05T05:06:00Z,99.9611
2026-01-05T05:07:00Z,100.2633
2026-01-05T05:08:00Z,99.5983
2026-01-05T05:09:00Z,99.0308
2026-01-05T05:10:00Z,99.6692
2026-01-05T05:11:00Z,99.2972
2026-01-05T05:12:00Z,99.2827
2026-01-05T05:13:00Z,99.4632
2026-01-05T05:14:00Z,99.0757
2026-01-05T05:15:00Z,100.2114
2026-01-05T05:16:00Z,100.061
2026-01-05T05:17:00Z,98.9678
2026-01-05T05:18:00Z,99.9838
2026-01-05T05:19:00Z,100.6368
2026-01-05T05:20:00Z,99.6302
2026-01-05T05:21:00Z,99.9172
2026-01-05T05:22:00Z,100.2443
2026-01-05T05:23:00Z,99.5239
2026-01-05T05:24:00Z,99.4616
2026-01-05T05:25:00Z,100.0458
2026-01-05T05:26:00Z,101.2823
2026-01-05T05:27:00Z,100.1648
2026-01-05T05:28:00Z,99.3254
2026-01-05T05:29:00Z,99.8714
2026-01-05T05:30:00Z,100.0828
2026-01-05T05:31:00Z,99.9368
2026-01-05T05:32:00Z,99.4782
2026-01-05T05:33:00Z,99.8997
2026-01-05T05:34:00Z,99.7538
2026-01-05T05:35:00Z,99.7173
2026-01-05T05:36:00Z,99.4584
2026-01-05T05:37:00Z,98.8902
2026-01-05T05:38:00Z,99.7345
2026-01-05T05:39:00Z,100.664
2026-01-05T05:40:00Z,98.8651
2026-01-05T05:41:00Z,99.4547
2026-01-05T05:42:00Z,100.3612
2026-01-05T05:43:00Z,100.146
2026-01-05T05:44:00Z,100.132
2026-01-05T05:45:00Z,99.7695
2026-01-05T05:46:00Z,99.6467
2026-01-05T05:47:00Z,100.0404
2026-01-05T05:48:00Z,98.2739
2026-01-05T05:49:00Z,99.5682
2026-01-05T05:50:00Z,100.4576
2026-01-05T05:51:00Z,98.9689
2026-01-05T05:52:00Z,99.3431
2026-01-05T05:53:00Z,100.2346
2026-01-05T05:54:00Z,99.734
2026-01-05T05:55:00Z,99.4745
2026-01-05T05:56:00Z,99.2294
2026-01-05T05:57:00Z,99.125
2026-01-05T05:58:00Z,100.5267
2026-01-05T05:59:00Z,99.5942
2026-01-05T06:00:00Z,99.9965
2026-01-05T06:01:00Z,99.8585
2026-01-05T06:02:00Z,99.9244
2026-01-05T06:03:00Z,100.4246
2026-01-05T06:04:00Z,99.7652
2026-01-05T06:05:00Z,99.4849
2026-01-05T06:06:00Z,100.2293
2026-01-05T06:07:00Z,100.0428
2026-01-05T06:08:00Z,100.6836
2026-01-05T06:09:00Z,99.0078
2026-01-05T06:10:00Z,100.3489
2026-01-05T06:11:00Z,99.8274
2026-01-05T06:12:00Z,99.5309
2026-01-05T06:13:00Z,99.3517
2026-01-05T06:14:00Z,99.9596
2026-01-05T06:15:00Z,99.6764
2026-01-05T06:16:00Z,99.5312
2026-01-05T06:17:00Z,99.361
2026-01-05T06:18:00Z,100.2847
2026-01-05T06:19:00Z,100.1276
2026-01-05T06:20:00Z,99.6987
2026-01-05T06:21:00Z,99.2053
2026-01-05T06:22:00Z,99.275
2026-01-05T06:23:00Z,100.2992
2026-01-05T06:24:00Z,100.0384
2026-01-05T06:25:00Z,99.9698
2026-01-05T06:26:00Z,100.0444
2026-01-05T06:27:00Z,99.1666
2026-01-05T06:28:00Z,100.751
2026-01-05T06:29:00Z,99.7124
2026-01-05T06:30:00Z,99.8016
2026-01-05T06:31:00Z,99.4815
2026-01-05T06:32:00Z,99.0101
2026-01-05T06:33:00Z,100.417
2026-01-05T06:34:00Z,99.3507
2026-01-05T06:35:00Z,100.1866
2026-01-05T06:36:00Z,99.9034
2026-01-05T06:37:00Z,99.7836
2026-01-05T06:38:00Z,99.8952
2026-01-05T06:39:00Z,100.109
2026-01-05T06:40:00Z,100.5413
2026-01-05T06:41:00Z,100.7369
2026-01-05T06:42:00Z,99.3362
2026-01-05T06:43:00Z,99.7397
2026-01-05T06:44:00Z,98.7198
2026-01-05T06:45:00Z,99.7509
2026-01-05T06:46:00Z,99.653
2026-01-05T06:47:00Z,100.059
2026-01-05T06:48:00Z,99.3069
2026-01-05T06:49:00Z,99.8778
2026-01-05T06:50:00Z,99.1218
2026-01-05T06:51:00Z,99.2971
2026-01-05T06:52:00Z,99.6491
2026-01-05T06:53:00Z,99.2267
2026-01-05T06:54:00Z,100.3172
2026-01-05T06:55:00Z,99.8807
2026-01-05T06:56:00Z,99.6796
2026-01-05T06:57:00Z,99.3336
2026-01-05T06:58:00Z,98.8221
2026-01-05T06:59:00Z,98.8378
2026-01-05T07:00:00Z,99.3091
2026-01-05T07:01:00Z,100.2228
2026-01-05T07:02:00Z,100.8835
2026-01-05T07:03:00Z,99.7934
2026-01-05T07:04:00Z,99.7321
2026-01-05T07:05:00Z,99.9263
2026-01-05T07:06:00Z,99.5177
2026-01-05T07:07:00Z,100.7715
2026-01-05T07:08:00Z,99.6648
2026-01-05T07:09:00Z,100.0599
2026-01-05T07:10:00Z,100.464
2026-01-05T07:11:00Z,99.8853
2026-01-05T07:12:00Z,99.977
2026-01-05T07:13:00Z,99.3733
2026-01-05T07:14:00Z,100.2036
2026-01-05T07:15:00Z,99.6042
2026-01-05T07:16:00Z,99.2291
2026-01-05T07:17:00Z,99.0696
2026-01-05T07:18:00Z,100.1019
2026-01-05T07:19:00Z,100.6725
2026-01-05T07:20:00Z,98.7447
2026-01-05T07:21:00Z,99.297
2026-01-05T07:22:00Z,99.5445
2026-01-05T07:23:00Z,99.3024
2026-01-05T07:24:00Z,99.7938
2026-01-05T07:25:00Z,100.5175
2026-01-05T07:26:00Z,99.4806
2026-01-05T07:27:00Z,100.0581
2026-01-05T07:28:00Z,99.0985
2026-01-05T07:29:00Z,99.3586
2026-01-05T07:30:00Z,98.6586
2026-01-05T07:31:00Z,99.4193
2026-01-05T07:32:00Z,99.279
2026-01-05T07:33:00Z,99.6997
2026-01-05T07:34:00Z,99.9315
2026-01-05T07:35:00Z,99.7958
2026-01-05T07:36:00Z,99.7984
2026-01-05T07:37:00Z,99.5133
2026-01-05T07:38:00Z,100.4343
2026-01-05T07:39:00Z,100.0277
2026-01-05T07:40:00Z,99.9
2026-01-05T07:41:00Z,99.8669
2026-01-05T07:42:00Z,100.6444
2026-01-05T07:43:00Z,99.8834
2026-01-05T07:44:00Z,99.4696
2026-01-05T07:45:00Z,100.0301
2026-01-05T07:46:00Z,99.7701
2026-01-05T07:47:00Z,99.1796
2026-01-05T07:48:00Z,100.451
2026-01-05T07:49:00Z,99.2341
2026-01-05T07:50:00Z,99.6829
2026-01-05T07:51:00Z,99.9313
2026-01-05T07:52:00Z,99.3785
2026-01-05T07:53:00Z,98.8404
2026-01-05T07:54:00Z,99.6989
2026-01-05T07:55:00Z,100.2259
2026-01-05T07:56:00Z,99.9061
2026-01-05T07:57:00Z,99.1525
2026-01-05T07:58:00Z,99.5084
2026-01-05T07:59:00Z,99.1007
2026-01-05T08:00:00Z,100.1019
2026-01-05T08:01:00Z,99.0672
2026-01-05T08:02:00Z,98.9025
2026-01-05T08:03:00Z,99.5355
2026-01-05T08:04:00Z,99.539
2026-01-05T08:05:00Z,99.6353
2026-01-05T08:06:00Z,100.0372
2026-01-05T08:07:00Z,99.3697
2026-01-05T08:08:00Z,99.9046
2026-01-05T08:09:00Z,99.8231
2026-01-05T08:10:00Z,98.6135
2026-01-05T08:11:00Z,99.619
2026-01-05T08:12:00Z,99.406
2026-01-05T08:13:00Z,99.7342
2026-01-05T08:14:00Z,99.5355
2026-01-05T08:15:00Z,99.8021
2026-01-05T08:16:00Z,99.9918
2026-01-05T08:17:00Z,99.8703
2026-01-05T08:18:00Z,99.267
2026-01-05T08:19:00Z,99.8339
2026-01-05T08:20:00Z,100.7316
2026-01-05T08:21:00Z,99.6491
2026-01-05T08:22:00Z,98.9776
2026-01-05T08:23:00Z,98.8039
2026-01-05T08:24:00Z,99.3235
2026-01-05T08:25:00Z,99.4216
2026-01-05T08:26:00Z,99.154
2026-01-05T08:27:00Z,99.8355
2026-01-05T08:28:00Z,100.4783
2026-01-05T08:29:00Z,100.104
2026-01-05T08:30:00Z,100.11
2026-01-05T08:31:00Z,100.1193
2026-01-05T08:32:00Z,98.8501
2026-01-05T08:33:00Z,99.7117
2026-01-05T08:34:00Z,100.206
2026-01-05T08:35:00Z,100.0461
2026-01-05T08:36:00Z,99.0761
2026-01-05T08:37:00Z,99.7526
2026-01-05T08:38:00Z,98.805
2026-01-05T08:39:00Z,99.2992
2026-01-05T08:40:00Z,99.7816
2026-01-05T08:41:00Z,99.2772
2026-01-05T08:42:00Z,99.0509
2026-01-05T08:43:00Z,99.5686
2026-01-05T08:44:00Z,100.8067
2026-01-05T08:45:00Z,99.7876
2026-01-05T08:46:00Z,99.2998
2026-01-05T08:47:00Z,100.8319
2026-01-05T08:48:00Z,99.5842
2026-01-05T08:49:00Z,100.0191
2026-01-05T08:50:00Z,98.5642
2026-01-05T08:51:00Z,98.526
2026-01-05T08:52:00Z,99.666
2026-01-05T08:53:00Z,99.7087
2026-01-05T08:54:00Z,99.4478
2026-01-05T08:55:00Z,99.6299
2026-01-05T08:56:00Z,100.3017
2026-01-05T08:57:00Z,100.3396
2026-01-05T08:58:00Z,99.3522
2026-01-05T08:59:00Z,99.1939
2026-01-05T09:00:00Z,99.7814
2026-01-05T09:01:00Z,98.9511
2026-01-05T09:02:00Z,99.0896
2026-01-05T09:03:00Z,99.7333
2026-01-05T09:04:00Z,100.0406
2026-01-05T09:05:00Z,100.0438
2026-01-05T09:06:00Z,99.6659
2026-01-05T09:07:00Z,100.642
2026-01-05T09:08:00Z,100.2807
2026-01-05T09:09:00Z,100.0541
2026-01-05T09:10:00Z,99.4701
2026-01-05T09:11:00Z,99.8657
2026-01-05T09:12:00Z,99.8326
2026-01-05T09:13:00Z,100.8512
2026-01-05T09:14:00Z,99.5276
2026-01-05T09:15:00Z,99.4728
2026-01-05T09:16:00Z,99.7593
2026-01-05T09:17:00Z,99.4279
2026-01-05T09:18:00Z,99.534
2026-01-05T09:19:00Z,99.5954
2026-01-05T09:20:00Z,99.9912
2026-01-05T09:21:00Z,98.3643
2026-01-05T09:22:00Z,99.7458
2026-01-05T09:23:00Z,100.476
2026-01-05T09:24:00Z,100.6106
2026-01-05T09:25:00Z,99.4672
2026-01-05T09:26:00Z,99.0495
2026-01-05T09:27:00Z,100.5729
2026-01-05T09:28:00Z,99.0241
2026-01-05T09:29:00Z,99.1506
2026-01-05T09:30:00Z,100.2907
2026-01-05T09:31:00Z,100.0467
2026-01-05T09:32:00Z,99.5327
2026-01-05T09:33:00Z,99.3287
2026-01-05T09:34:00Z,99.8836
2026-01-05T09:35:00Z,99.0139
2026-01-05T09:36:00Z,100.0363
2026-01-05T09:37:00Z,100.0751
2026-01-05T09:38:00Z,99.7316
2026-01-05T09:39:00Z,99.728
2026-01-05T09:40:00Z,99.0463
2026-01-05T09:41:00Z,100.4158
2026-01-05T09:42:00Z,99.7423
2026-01-05T09:43:00Z,100.1417
2026-01-05T09:44:00Z,99.8237
2026-01-05T09:45:00Z,100.1971
2026-01-05T09:46:00Z,99.0032
2026-01-05T09:47:00Z,100.0131
2026-01-05T09:48:00Z,99.5921
2026-01-05T09:49:00Z,99.2366
2026-01-05T09:50:00Z,99.2412
2026-01-05T09:51:00Z,98.8575
2026-01-05T09:52:00Z,99.8089
2026-01-05T09:53:00Z,99.4876
2026-01-05T09:54:00Z,100.1897
2026-01-05T09:55:00Z,100.3523
2026-01-05T09:56:00Z,99.2629
2026-01-05T09:57:00Z,99.7397
2026-01-05T09:58:00Z,99.9532
2026-01-05T09:59:00Z,99.4519
2026-01-05T10:00:00Z,99.5021
2026-01-05T10:01:00Z,99.6906
2026-01-05T10:02:00Z,100.238
2026-01-05T10:03:00Z,99.531
2026-01-05T10:04:00Z,99.7444
2026-01-05T10:05:00Z,99.0992
2026-01-05T10:06:00Z,99.4534
2026-01-05T10:07:00Z,99.7223
2026-01-05T10:08:00Z,99.4362
2026-01-05T10:09:00Z,100.0684
2026-01-05T10:10:00Z,98.9346
2026-01-05T10:11:00Z,99.8876
2026-01-05T10:12:00Z,99.2241
2026-01-05T10:13:00Z,100.0727
2026-01-05T10:14:00Z,99.1693
2026-01-05T10:15:00Z,100.1216
2026-01-05T10:16:00Z,99.2681
2026-01-05T10:17:00Z,99.8129
2026-01-05T10:18:00Z,99.5002
2026-01-05T10:19:00Z,99.6393
2026-01-05T10:20:00Z,99.346
2026-01-05T10:21:00Z,100.9231
2026-01-05T10:22:00Z,100.0084
2026-01-05T10:23:00Z,99.3618
2026-01-05T10:24:00Z,99.4608
2026-01-05T10:25:00Z,100.0828
2026-01-05T10:26:00Z,99.8299
2026-01-05T10:27:00Z,99.1618
2026-01-05T10:28:00Z,100.5859
2026-01-05T10:29:00Z,98.9378
2026-01-05T10:30:00Z,99.4681
2026-01-05T10:31:00Z,99.9103
2026-01-05T10:32:00Z,99.6523
2026-01-05T10:33:00Z,99.9678
2026-01-05T10:34:00Z,99.5093
2026-01-05T10:35:00Z,100.2719
2026-01-05T10:36:00Z,100.2174
2026-01-05T10:37:00Z,99.7118
2026-01-05T10:38:00Z,100.2652
2026-01-05T10:39:00Z,100.1046
2026-01-05T10:40:00Z,99.7666
2026-01-05T10:41:00Z,100.2389
2026-01-05T10:42:00Z,99.0436
2026-01-05T10:43:00Z,99.2286
2026-01-05T10:44:00Z,100.8658
2026-01-05T10:45:00Z,99.5899
2026-01-05T10:46:00Z,99.8844
2026-01-05T10:47:00Z,99.4797
2026-01-05T10:48:00Z,100.1193
2026-01-05T10:49:00Z,99.2592
2026-01-05T10:50:00Z,99.3775
2026-01-05T10:51:00Z,100.4978
2026-01-05T10:52:00Z,99.6045
2026-01-05T10:53:00Z,99.3896
2026-01-05T10:54:00Z,99.824
2026-01-05T10:55:00Z,99.8436
2026-01-05T10:56:00Z,100.3838
2026-01-05T10:57:00Z,100.8213
2026-01-05T10:58:00Z,100.1712
2026-01-05T10:59:00Z,99.6349
2026-01-05T11:00:00Z,99.6259
2026-01-05T11:01:00Z,100.0712
2026-01-05T11:02:00Z,100.2158
2026-01-05T11:03:00Z,99.8514
2026-01-05T11:04:00Z,99.2111
2026-01-05T11:05:00Z,99.7351
2026-01-05T11:06:00Z,99.3343
2026-01-05T11:07:00Z,98.6094
2026-01-05T11:08:00Z,100.584
2026-01-05T11:09:00Z,99.4036
2026-01-05T11:10:00Z,99.5082
2026-01-05T11:11:00Z,99.7402
2026-01-05T11:12:00Z,100.1524
2026-01-05T11:13:00Z,99.4106
2026-01-05T11:14:00Z,99.3541
2026-01-05T11:15:00Z,100.0753
2026-01-05T11:16:00Z,100.352
2026-01-05T11:17:00Z,99.6573
2026-01-05T11:18:00Z,99.7099
2026-01-05T11:19:00Z,100.2097
2026-01-05T11:20:00Z,99.5134
2026-01-05T11:21:00Z,99.8088
2026-01-05T11:22:00Z,99.6438
2026-01-05T11:23:00Z,100.4728
2026-01-05T11:24:00Z,100.9203
2026-01-05T11:25:00Z,99.8311
2026-01-05T11:26:00Z,100.7687
2026-01-05T11:27:00Z,99.8138
2026-01-05T11:28:00Z,100.7588
2026-01-05T11:29:00Z,99.9242
2026-01-05T11:30:00Z,99.8406
2026-01-05T11:31:00Z,100.1864
2026-01-05T11:32:00Z,99.8093
2026-01-05T11:33:00Z,99.6197
2026-01-05T11:34:00Z,98.9388
2026-01-05T11:35:00Z,99.3536
2026-01-05T11:36:00Z,99.5734
2026-01-05T11:37:00Z,99.8793
2026-01-05T11:38:00Z,99.9901
2026-01-05T11:39:00Z,99.9619
2026-01-05T11:40:00Z,99.6026
2026-01-05T11:41:00Z,99.8407
2026-01-05T11:42:00Z,98.8709
2026-01-05T11:43:00Z,99.7077
2026-01-05T11:44:00Z,99.0243
2026-01-05T11:45:00Z,100.0225
2026-01-05T11:46:00Z,99.8832
2026-01-05T11:47:00Z,99.6062
2026-01-05T11:48:00Z,100.539
2026-01-05T11:49:00Z,100.1018
2026-01-05T11:50:00Z,99.2222
2026-01-05T11:51:00Z,99.4222
2026-01-05T11:52:00Z,99.3488
2026-01-05T11:53:00Z,100.6002
2026-01-05T11:54:00Z,100.1838
2026-01-05T11:55:00Z,99.1851
2026-01-05T11:56:00Z,99.4064
2026-01-05T11:57:00Z,99.749
2026-01-05T11:58:00Z,99.2296
2026-01-05T11:59:00Z,100.202
2026-01-05T12:00:00Z,100.529
2026-01-05T12:01:00Z,99.189
2026-01-05T12:02:00Z,100.3353
2026-01-05T12:03:00Z,99.7165
2026-01-05T12:04:00Z,99.4932
2026-01-05T12:05:00Z,99.2391
2026-01-05T12:06:00Z,99.1621
2026-01-05T12:07:00Z,99.9195
2026-01-05T12:08:00Z,99.8414
2026-01-05T12:09:00Z,100.3472
2026-01-05T12:10:00Z,100.3858
2026-01-05T12:11:00Z,100.0767
2026-01-05T12:12:00Z,99.8338
2026-01-05T12:13:00Z,99.8179
2026-01-05T12:14:00Z,99.4896
2026-01-05T12:15:00Z,100.6472
2026-01-05T12:16:00Z,99.8358
2026-01-05T12:17:00Z,99.8241
2026-01-05T12:18:00Z,99.3058
2026-01-05T12:19:00Z,99.9673
2026-01-05T12:20:00Z,99.7272
2026-01-05T12:21:00Z,100.077
2026-01-05T12:22:00Z,99.6883
2026-01-05T12:23:00Z,99.6746
2026-01-05T12:24:00Z,98.9015
2026-01-05T12:25:00Z,100.3727
2026-01-05T12:26:00Z,99.1794
2026-01-05T12:27:00Z,100.7303
2026-01-05T12:28:00Z,99.6617
2026-01-05T12:29:00Z,99.821
2026-01-05T12:30:00Z,100.0006
2026-01-05T12:31:00Z,99.9069
2026-01-05T12:32:00Z,99.8573
2026-01-05T12:33:00Z,99.8112
2026-01-05T12:34:00Z,99.4706
2026-01-05T12:35:00Z,99.7481
2026-01-05T12:36:00Z,99.9496
2026-01-05T12:37:00Z,100.2706
2026-01-05T12:38:00Z,99.7961
2026-01-05T12:39:00Z,99.235
2026-01-05T12:40:00Z,100.2937
2026-01-05T12:41:00Z,99.5137
2026-01-05T12:42:00Z,99.3938
2026-01-05T12:43:00Z,98.9769
2026-01-05T12:44:00Z,100.7324
2026-01-05T12:45:00Z,99.8649
2026-01-05T12:46:00Z,98.8189
2026-01-05T12:47:00Z,100.1315
2026-01-05T12:48:00Z,100.1836
2026-01-05T12:49:00Z,99.6197
2026-01-05T12:50:00Z,100.3129
2026-01-05T12:51:00Z,99.2093
2026-01-05T12:52:00Z,99.138
2026-01-05T12:53:00Z,99.8669
2026-01-05T12:54:00Z,99.947
2026-01-05T12:55:00Z,100.0189
2026-01-05T12:56:00Z,99.6381
2026-01-05T12:57:00Z,99.1001
2026-01-05T12:58:00Z,99.2361
2026-01-05T12:59:00Z,100.8619
2026-01-05T13:00:00Z,100.3419
2026-01-05T13:01:00Z,99.3946
2026-01-05T13:02:00Z,99.2982
2026-01-05T13:03:00Z,99.2494
2026-01-05T13:04:00Z,99.9183
2026-01-05T13:05:00Z,99.4202
2026-01-05T13:06:00Z,99.415
2026-01-05T13:07:00Z,99.6105
2026-01-05T13:08:00Z,100.9315
2026-01-05T13:09:00Z,99.609
2026-01-05T13:10:00Z,99.0996
2026-01-05T13:11:00Z,99.4247
2026-01-05T13:12:00Z,99.8007
2026-01-05T13:13:00Z,99.4293
2026-01-05T13:14:00Z,99.6262
2026-01-05T13:15:00Z,100.2402
2026-01-05T13:16:00Z,99.6464
2026-01-05T13:17:00Z,99.7925
2026-01-05T13:18:00Z,99.5672
2026-01-05T13:19:00Z,99.2346
2026-01-05T13:20:00Z,100.4109
2026-01-05T13:21:00Z,99.2924
2026-01-05T13:22:00Z,99.7164
2026-01-05T13:23:00Z,100.1665
2026-01-05T13:24:00Z,99.5409
2026-01-05T13:25:00Z,100.1464
2026-01-05T13:26:00Z,99.0972
2026-01-05T13:27:00Z,99.1521
2026-01-05T13:28:00Z,100.1677
2026-01-05T13:29:00Z,100.2606
2026-01-05T13:30:00Z,98.8511
2026-01-05T13:31:00Z,99.0541
2026-01-05T13:32:00Z,99.3332
2026-01-05T13:33:00Z,99.172
2026-01-05T13:34:00Z,99.523
2026-01-05T13:35:00Z,99.9691
2026-01-05T13:36:00Z,99.6017
2026-01-05T13:37:00Z,99.5697
2026-01-05T13:38:00Z,99.0572
2026-01-05T13:39:00Z,100.0285
2026-01-05T13:40:00Z,99.2626
2026-01-05T13:41:00Z,99.5104
2026-01-05T13:42:00Z,99.9858
2026-01-05T13:43:00Z,99.8239
2026-01-05T13:44:00Z,99.9008
2026-01-05T13:45:00Z,99.1158
2026-01-05T13:46:00Z,98.9604
2026-01-05T13:47:00Z,99.5369
2026-01-05T13:48:00Z,99.506
2026-01-05T13:49:00Z,99.548
2026-01-05T13:50:00Z,99.7239
2026-01-05T13:51:00Z,99.8131
2026-01-05T13:52:00Z,99.5278
2026-01-05T13:53:00Z,99.8218
2026-01-05T13:54:00Z,99.1137
2026-01-05T13:55:00Z,100.4108
2026-01-05T13:56:00Z,100.0622
2026-01-05T13:57:00Z,99.1724
2026-01-05T13:58:00Z,100.1155
2026-01-05T13:59:00Z,99.9363
2026-01-05T14:00:00Z,99.0314
2026-01-05T14:01:00Z,100.1801
2026-01-05T14:02:00Z,100.166
2026-01-05T14:03:00Z,99.1275
2026-01-05T14:04:00Z,100.2406
2026-01-05T14:05:00Z,98.9845
2026-01-05T14:06:00Z,99.6937
2026-01-05T14:07:00Z,98.3687
2026-01-05T14:08:00Z,100.0407
2026-01-05T14:09:00Z,99.2913
2026-01-05T14:10:00Z,99.7274
2026-01-05T14:11:00Z,99.923
2026-01-05T14:12:00Z,99.4615
2026-01-05T14:13:00Z,98.8515
2026-01-05T14:14:00Z,99.9254
2026-01-05T14:15:00Z,100.0594
2026-01-05T14:16:00Z,99.871
2026-01-05T14:17:00Z,99.2707
2026-01-05T14:18:00Z,99.3782
2026-01-05T14:19:00Z,100.6407
2026-01-05T14:20:00Z,100.4904
2026-01-05T14:21:00Z,100.1714
2026-01-05T14:22:00Z,100.2256
2026-01-05T14:23:00Z,99.988
2026-01-05T14:24:00Z,99.7581
2026-01-05T14:25:00Z,99.5908
2026-01-05T14:26:00Z,99.6812
2026-01-05T14:27:00Z,99.0942
2026-01-05T14:28:00Z,99.4702
2026-01-05T14:29:00Z,99.8314
2026-01-05T14:30:00Z,99.2304
2026-01-05T14:31:00Z,100.7905
2026-01-05T14:32:00Z,100.6889
2026-01-05T14:33:00Z,99.4481
2026-01-05T14:34:00Z,100.4458
2026-01-05T14:35:00Z,100.0019
2026-01-05T14:36:00Z,99.4247
2026-01-05T14:37:00Z,99.9317
2026-01-05T14:38:00Z,100.4375
2026-01-05T14:39:00Z,99.7861
2026-01-05T14:40:00Z,99.5532
2026-01-05T14:41:00Z,100.5143
2026-01-05T14:42:00Z,99.1873
2026-01-05T14:43:00Z,99.7898
2026-01-05T14:44:00Z,100.4834
2026-01-05T14:45:00Z,99.2455
2026-01-05T14:46:00Z,99.7381
2026-01-05T14:47:00Z,99.9655
2026-01-05T14:48:00Z,99.5299
2026-01-05T14:49:00Z,99.3267
2026-01-05T14:50:00Z,100.1196
2026-01-05T14:51:00Z,99.8876
2026-01-05T14:52:00Z,99.4579
2026-01-05T14:53:00Z,99.3543
2026-01-05T14:54:00Z,99.3901
2026-01-05T14:55:00Z,100.2013
2026-01-05T14:56:00Z,99.1273
2026-01-05T14:57:00Z,99.5772
2026-01-05T14:58:00Z,100.2715
2026-01-05T14:59:00Z,99.8697
2026-01-05T15:00:00Z,99.653
2026-01-05T15:01:00Z,100.1643
2026-01-05T15:02:00Z,99.4249
2026-01-05T15:03:00Z,99.941
2026-01-05T15:04:00Z,100.378
2026-01-05T15:05:00Z,100.716
2026-01-05T15:06:00Z,99.3318
2026-01-05T15:07:00Z,99.5094
2026-01-05T15:08:00Z,100.2034
2026-01-05T15:09:00Z,99.7376
2026-01-05T15:10:00Z,100.2008
2026-01-05T15:11:00Z,99.9576
2026-01-05T15:12:00Z,99.7819
2026-01-05T15:13:00Z,99.5394
2026-01-05T15:14:00Z,100.2321
2026-01-05T15:15:00Z,99.7489
2026-01-05T15:16:00Z,100.411
2026-01-05T15:17:00Z,100.0817
2026-01-05T15:18:00Z,98.445
2026-01-05T15:19:00Z,100.2464
2026-01-05T15:20:00Z,100.151
2026-01-05T15:21:00Z,99.6575
2026-01-05T15:22:00Z,98.994
2026-01-05T15:23:00Z,99.4513
2026-01-05T15:24:00Z,99.0612
2026-01-05T15:25:00Z,99.823
2026-01-05T15:26:00Z,99.9049
2026-01-05T15:27:00Z,99.7309
2026-01-05T15:28:00Z,99.0366
2026-01-05T15:29:00Z,99.9423
2026-01-05T15:30:00Z,99.9892
2026-01-05T15:31:00Z,99.7051
2026-01-05T15:32:00Z,99.919
2026-01-05T15:33:00Z,99.5625
2026-01-05T15:34:00Z,99.9628
2026-01-05T15:35:00Z,99.3909
2026-01-05T15:36:00Z,99.726
2026-01-05T15:37:00Z,100.4378
2026-01-05T15:38:00Z,100.0861
2026-01-05T15:39:00Z,98.8997
2026-01-05T15:40:00Z,98.9501
2026-01-05T15:41:00Z,99.3328
2026-01-05T15:42:00Z,99.7229
2026-01-05T15:43:00Z,99.5505
2026-01-05T15:44:00Z,99.973
2026-01-05T15:45:00Z,99.1503
2026-01-05T15:46:00Z,99.8294
2026-01-05T15:47:00Z,99.7157
2026-01-05T15:48:00Z,99.1939
2026-01-05T15:49:00Z,99.4397
2026-01-05T15:50:00Z,99.4911
2026-01-05T15:51:00Z,99.7578
2026-01-05T15:52:00Z,99.6542
2026-01-05T15:53:00Z,100.4756
2026-01-05T15:54:00Z,98.8936
2026-01-05T15:55:00Z,100.5104
2026-01-05T15:56:00Z,98.912
2026-01-05T15:57:00Z,99.3159
2026-01-05T15:58:00Z,100.5967
2026-01-05T15:59:00Z,99.6608
2026-01-05T16:00:00Z,100.4065
2026-01-05T16:01:00Z,99.7279
2026-01-05T16:02:00Z,98.4999
2026-01-05T16:03:00Z,100.3351
2026-01-05T16:04:00Z,99.1132
2026-01-05T16:05:00Z,100.0316
2026-01-05T16:06:00Z,99.5548
2026-01-05T16:07:00Z,99.2541
2026-01-05T16:08:00Z,100.417
2026-01-05T16:09:00Z,100.0868
2026-01-05T16:10:00Z,100.2885
2026-01-05T16:11:00Z,99.5871
2026-01-05T16:12:00Z,99.734
2026-01-05T16:13:00Z,99.3285
2026-01-05T16:14:00Z,99.8024
2026-01-05T16:15:00Z,100.3502
2026-01-05T16:16:00Z,98.9275
2026-01-05T16:17:00Z,100.1161
2026-01-05T16:18:00Z,99.9137
2026-01-05T16:19:00Z,99.3367
2026-01-05T16:20:00Z,99.9952
2026-01-05T16:21:00Z,99.3952
2026-01-05T16:22:00Z,99.6442
2026-01-05T16:23:00Z,99.7597
2026-01-05T16:24:00Z,99.3716
2026-01-05T16:25:00Z,99.8972
2026-01-05T16:26:00Z,100.0298
2026-01-05T16:27:00Z,99.8628
2026-01-05T16:28:00Z,99.307
2026-01-05T16:29:00Z,98.8158
2026-01-05T16:30:00Z,99.4922
2026-01-05T16:31:00Z,99.1391
2026-01-05T16:32:00Z,99.3125
2026-01-05T16:33:00Z,99.7729
2026-01-05T16:34:00Z,100.0519
2026-01-05T16:35:00Z,100.2981
2026-01-05T16:36:00Z,100.1367
2026-01-05T16:37:00Z,99.8944
2026-01-05T16:38:00Z,99.5819
2026-01-05T16:39:00Z,99.969
2026-01-05T16:40:00Z,99.8781
2026-01-05T16:41:00Z,99.8578
2026-01-05T16:42:00Z,98.966
2026-01-05T16:43:00Z,99.6545
2026-01-05T16:44:00Z,100.1503
2026-01-05T16:45:00Z,99.8446
2026-01-05T16:46:00Z,100.4139
2026-01-05T16:47:00Z,99.5237
2026-01-05T16:48:00Z,99.1081
2026-01-05T16:49:00Z,99.3945
2026-01-05T16:50:00Z,99.8727
2026-01-05T16:51:00Z,99.0339
2026-01-05T16:52:00Z,99.569
2026-01-05T16:53:00Z,99.4559
2026-01-05T16:54:00Z,99.6655
2026-01-05T16:55:00Z,99.7365
2026-01-05T16:56:00Z,100.5668
2026-01-05T16:57:00Z,100.4315
2026-01-05T16:58:00Z,100.3368
2026-01-05T16:59:00Z,99.571
2026-01-05T17:00:00Z,99.8824
2026-01-05T17:01:00Z,99.0871
2026-01-05T17:02:00Z,99.196
2026-01-05T17:03:00Z,99.7258
2026-01-05T17:04:00Z,99.6346
2026-01-05T17:05:00Z,99.4666
2026-01-05T17:06:00Z,99.4818
2026-01-05T17:07:00Z,100.721
2026-01-05T17:08:00Z,98.5635
2026-01-05T17:09:00Z,99.6013
2026-01-05T17:10:00Z,100.1943
2026-01-05T17:11:00Z,99.9895
2026-01-05T17:12:00Z,99.8764
2026-01-05T17:13:00Z,100.1437
2026-01-05T17:14:00Z,99.7483
2026-01-05T17:15:00Z,99.8483
2026-01-05T17:16:00Z,99.1941
2026-01-05T17:17:00Z,99.884
2026-01-05T17:18:00Z,99.8764
2026-01-05T17:19:00Z,99.6019
2026-01-05T17:20:00Z,99.2959
2026-01-05T17:21:00Z,99.3129
2026-01-05T17:22:00Z,99.4804
2026-01-05T17:23:00Z,99.5964
2026-01-05T17:24:00Z,99.6408
2026-01-05T17:25:00Z,100.4069
2026-01-05T17:26:00Z,100.3684
2026-01-05T17:27:00Z,99.8709
2026-01-05T17:28:00Z,100.208
2026-01-05T17:29:00Z,99.7147
2026-01-05T17:30:00Z,99.7834
2026-01-05T17:31:00Z,100.5901
2026-01-05T17:32:00Z,99.5111
2026-01-05T17:33:00Z,100.6441
2026-01-05T17:34:00Z,99.5637
2026-01-05T17:35:00Z,100.2352
2026-01-05T17:36:00Z,100.0695
2026-01-05T17:37:00Z,99.9972
2026-01-05T17:38:00Z,99.9567
2026-01-05T17:39:00Z,99.4204
2026-01-05T17:40:00Z,100.1979
2026-01-05T17:41:00Z,100.1036
2026-01-05T17:42:00Z,99.9884
2026-01-05T17:43:00Z,99.6331
2026-01-05T17:44:00Z,99.4955
2026-01-05T17:45:00Z,99.8807
2026-01-05T17:46:00Z,99.8875
2026-01-05T17:47:00Z,99.484
2026-01-05T17:48:00Z,100.438
2026-01-05T17:49:00Z,99.8512
2026-01-05T17:50:00Z,99.9848
2026-01-05T17:51:00Z,99.7219
2026-01-05T17:52:00Z,99.9479
2026-01-05T17:53:00Z,99.3578
2026-01-05T17:54:00Z,100.2485
2026-01-05T17:55:00Z,100.4577
2026-01-05T17:56:00Z,100.7248
2026-01-05T17:57:00Z,99.5539
2026-01-05T17:58:00Z,99.6658
2026-01-05T17:59:00Z,100.2238
2026-01-05T18:00:00Z,100.0247
2026-01-05T18:01:00Z,99.3695
2026-01-05T18:02:00Z,99.6795
2026-01-05T18:03:00Z,100.0513
2026-01-05T18:04:00Z,98.8886
2026-01-05T18:05:00Z,99.5108
2026-01-05T18:06:00Z,99.2691
2026-01-05T18:07:00Z,98.8986
2026-01-05T18:08:00Z,99.7455
2026-01-05T18:09:00Z,99.9992
2026-01-05T18:10:00Z,99.6472
2026-01-05T18:11:00Z,100.1168
2026-01-05T18:12:00Z,100.2716
2026-01-05T18:13:00Z,101.1837
2026-01-05T18:14:00Z,99.843
2026-01-05T18:15:00Z,99.736
2026-01-05T18:16:00Z,100.0031
2026-01-05T18:17:00Z,99.7227
2026-01-05T18:18:00Z,99.7571
2026-01-05T18:19:00Z,100.6426
2026-01-05T18:20:00Z,98.9471
2026-01-05T18:21:00Z,99.9396
2026-01-05T18:22:00Z,99.6186
2026-01-05T18:23:00Z,99.4459
2026-01-05T18:24:00Z,99.2783
2026-01-05T18:25:00Z,99.4551
2026-01-05T18:26:00Z,99.4409
2026-01-05T18:27:00Z,99.6326
2026-01-05T18:28:00Z,99.0803
2026-01-05T18:29:00Z,99.3406
2026-01-05T18:30:00Z,100.2648
2026-01-05T18:31:00Z,100.1279
2026-01-05T18:32:00Z,99.6857
2026-01-05T18:33:00Z,100.0468
2026-01-05T18:34:00Z,99.0375
2026-01-05T18:35:00Z,100.6637
2026-01-05T18:36:00Z,99.8771
2026-01-05T18:37:00Z,100.0169
2026-01-05T18:38:00Z,100.7688
2026-01-05T18:39:00Z,99.7626
2026-01-05T18:40:00Z,99.4091
2026-01-05T18:41:00Z,99.1852
2026-01-05T18:42:00Z,99.6101
2026-01-05T18:43:00Z,99.2587
2026-01-05T18:44:00Z,99.6766
2026-01-05T18:45:00Z,100.1405
2026-01-05T18:46:00Z,99.5272
2026-01-05T18:47:00Z,99.0024
2026-01-05T18:48:00Z,99.7631
2026-01-05T18:49:00Z,98.926
2026-01-05T18:50:00Z,99.9815
2026-01-05T18:51:00Z,98.3891
2026-01-05T18:52:00Z,100.6324
2026-01-05T18:53:00Z,99.6077
2026-01-05T18:54:00Z,99.8075
2026-01-05T18:55:00Z,99.9191
2026-01-05T18:56:00Z,98.1903
2026-01-05T18:57:00Z,100.1866
2026-01-05T18:58:00Z,100.4004
2026-01-05T18:59:00Z,99.6852
2026-01-05T19:00:00Z,100.4363
2026-01-05T19:01:00Z,99.6412
2026-01-05T19:02:00Z,100.524
2026-01-05T19:03:00Z,99.6533
2026-01-05T19:04:00Z,99.5034
2026-01-05T19:05:00Z,99.6888
2026-01-05T19:06:00Z,99.4793
2026-01-05T19:07:00Z,98.8822
2026-01-05T19:08:00Z,99.813
2026-01-05T19:09:00Z,100.1123
2026-01-05T19:10:00Z,98.6461
2026-01-05T19:11:00Z,99.364
2026-01-05T19:12:00Z,99.3448
2026-01-05T19:13:00Z,100.5073
2026-01-05T19:14:00Z,99.8238
2026-01-05T19:15:00Z,99.72
2026-01-05T19:16:00Z,99.6821
2026-01-05T19:17:00Z,100.4041
2026-01-05T19:18:00Z,100.2207
2026-01-05T19:19:00Z,99.4955
2026-01-05T19:20:00Z,99.7798
2026-01-05T19:21:00Z,100.5725
2026-01-05T19:22:00Z,100.4309
2026-01-05T19:23:00Z,100.0593
2026-01-05T19:24:00Z,100.0744
2026-01-05T19:25:00Z,99.5239
2026-01-05T19:26:00Z,99.4197
2026-01-05T19:27:00Z,99.9075
2026-01-05T19:28:00Z,100.3282
2026-01-05T19:29:00Z,99.4829
2026-01-05T19:30:00Z,100.0792
2026-01-05T19:31:00Z,99.8575
2026-01-05T19:32:00Z,99.87
2026-01-05T19:33:00Z,99.8774
2026-01-05T19:34:00Z,100.9211
2026-01-05T19:35:00Z,99.6458
2026-01-05T19:36:00Z,99.5018
2026-01-05T19:37:00Z,99.6027
2026-01-05T19:38:00Z,100.2685
2026-01-05T19:39:00Z,99.6268
2026-01-05T19:40:00Z,100.249
2026-01-05T19:41:00Z,99.4316
2026-01-05T19:42:00Z,99.6735
2026-01-05T19:43:00Z,99.0156
2026-01-05T19:44:00Z,100.17
2026-01-05T19:45:00Z,99.7146
2026-01-05T19:46:00Z,99.4032
2026-01-05T19:47:00Z,100.0889
2026-01-05T19:48:00Z,99.6813
2026-01-05T19:49:00Z,99.9485
2026-01-05T19:50:00Z,99.6648
2026-01-05T19:51:00Z,99.5802
2026-01-05T19:52:00Z,98.9645
2026-01-05T19:53:00Z,99.5993
2026-01-05T19:54:00Z,99.7333
2026-01-05T19:55:00Z,99.7787
2026-01-05T19:56:00Z,99.9109
2026-01-05T19:57:00Z,99.7331
2026-01-05T19:58:00Z,98.8174
2026-01-05T19:59:00Z,99.5891
2026-01-05T20:00:00Z,99.9093
2026-01-05T20:01:00Z,99.8111
2026-01-05T20:02:00Z,98.7298
2026-01-05T20:03:00Z,100.1612
2026-01-05T20:04:00Z,100.2769
2026-01-05T20:05:00Z,100.1303
2026-01-05T20:06:00Z,100.8903
2026-01-05T20:07:00Z,99.8271
2026-01-05T20:08:00Z,99.6729
2026-01-05T20:09:00Z,100.0687
2026-01-05T20:10:00Z,100.8565
2026-01-05T20:11:00Z,99.8857
2026-01-05T20:12:00Z,99.769
2026-01-05T20:13:00Z,100.3384
2026-01-05T20:14:00Z,100.1815
2026-01-05T20:15:00Z,100.5261
2026-01-05T20:16:00Z,99.1933
2026-01-05T20:17:00Z,99.8656
2026-01-05T20:18:00Z,99.7394
2026-01-05T20:19:00Z,100.0213
2026-01-05T20:20:00Z,99.282
2026-01-05T20:21:00Z,99.9693
2026-01-05T20:22:00Z,100.6468
2026-01-05T20:23:00Z,99.6244
2026-01-05T20:24:00Z,99.9145
2026-01-05T20:25:00Z,98.5967
2026-01-05T20:26:00Z,101.0494
2026-01-05T20:27:00Z,99.8118
2026-01-05T20:28:00Z,99.7335
2026-01-05T20:29:00Z,99.0366
2026-01-05T20:30:00Z,98.7978
2026-01-05T20:31:00Z,99.5875
2026-01-05T20:32:00Z,100.1651
2026-01-05T20:33:00Z,99.1075
2026-01-05T20:34:00Z,99.5138
2026-01-05T20:35:00Z,98.8076
2026-01-05T20:36:00Z,99.5615
2026-01-05T20:37:00Z,99.7258
2026-01-05T20:38:00Z,99.3106
2026-01-05T20:39:00Z,99.3448
2026-01-05T20:40:00Z,99.9672
2026-01-05T20:41:00Z,99.6612
2026-01-05T20:42:00Z,100.9358
2026-01-05T20:43:00Z,100.1618
2026-01-05T20:44:00Z,98.9602
2026-01-05T20:45:00Z,99.5672
2026-01-05T20:46:00Z,99.9073
2026-01-05T20:47:00Z,99.6325
2026-01-05T20:48:00Z,99.0412
2026-01-05T20:49:00Z,100.8156
2026-01-05T20:50:00Z,99.4613
2026-01-05T20:51:00Z,99.7912
2026-01-05T20:52:00Z,100.075
2026-01-05T20:53:00Z,99.576
2026-01-05T20:54:00Z,99.7405
2026-01-05T20:55:00Z,99.1649
2026-01-05T20:56:00Z,100.0111
2026-01-05T20:57:00Z,100.8095
2026-01-05T20:58:00Z,100.2425
2026-01-05T20:59:00Z,99.3227
2026-01-05T21:00:00Z,99.3514
2026-01-05T21:01:00Z,99.5485
2026-01-05T21:02:00Z,98.9995
2026-01-05T21:03:00Z,99.6937
2026-01-05T21:04:00Z,100.2254
2026-01-05T21:05:00Z,99.458
2026-01-05T21:06:00Z,99.6304
2026-01-05T21:07:00Z,99.7265
2026-01-05T21:08:00Z,100.1801
2026-01-05T21:09:00Z,98.9411
2026-01-05T21:10:00Z,99.0798
2026-01-05T21:11:00Z,100.1825
2026-01-05T21:12:00Z,99.2429
2026-01-05T21:13:00Z,99.695
2026-01-05T21:14:00Z,99.176
2026-01-05T21:15:00Z,99.4424
2026-01-05T21:16:00Z,99.8087
2026-01-05T21:17:00Z,99.2808
2026-01-05T21:18:00Z,98.8711
2026-01-05T21:19:00Z,100.2117
2026-01-05T21:20:00Z,99.9806
2026-01-05T21:21:00Z,100.4724
2026-01-05T21:22:00Z,99.9825
2026-01-05T21:23:00Z,99.4733
2026-01-05T21:24:00Z,99.7053
2026-01-05T21:25:00Z,99.5801
2026-01-05T21:26:00Z,98.5955
2026-01-05T21:27:00Z,100.1207
2026-01-05T21:28:00Z,99.98
2026-01-05T21:29:00Z,100.1042
2026-01-05T21:30:00Z,100.1588
2026-01-05T21:31:00Z,100.1215
2026-01-05T21:32:00Z,98.8642
2026-01-05T21:33:00Z,99.4213
2026-01-05T21:34:00Z,100.0986
2026-01-05T21:35:00Z,100.677
2026-01-05T21:36:00Z,100.6918
2026-01-05T21:37:00Z,99.6488
2026-01-05T21:38:00Z,99.1389
2026-01-05T21:39:00Z,100.2717
2026-01-05T21:40:00Z,98.9637
2026-01-05T21:41:00Z,99.9092
2026-01-05T21:42:00Z,100.5967
2026-01-05T21:43:00Z,100.4664
2026-01-05T21:44:00Z,100.6816
2026-01-05T21:45:00Z,100.2825
2026-01-05T21:46:00Z,99.9644
2026-01-05T21:47:00Z,99.7447
2026-01-05T21:48:00Z,99.5545
2026-01-05T21:49:00Z,100.089
2026-01-05T21:50:00Z,100.1689
2026-01-05T21:51:00Z,98.6733
2026-01-05T21:52:00Z,100.281
2026-01-05T21:53:00Z,99.2578
2026-01-05T21:54:00Z,99.1067
2026-01-05T21:55:00Z,99.5105
2026-01-05T21:56:00Z,100.2832
2026-01-05T21:57:00Z,99.6934
2026-01-05T21:58:00Z,99.2476
2026-01-05T21:59:00Z,99.6386
2026-01-05T22:00:00Z,100.0372
2026-01-05T22:01:00Z,99.5059
2026-01-05T22:02:00Z,100.116
2026-01-05T22:03:00Z,98.8637
2026-01-05T22:04:00Z,100.111
2026-01-05T22:05:00Z,99.2384
2026-01-05T22:06:00Z,99.6242
2026-01-05T22:07:00Z,100.0108
2026-01-05T22:08:00Z,99.4027
2026-01-05T22:09:00Z,99.6833
2026-01-05T22:10:00Z,99.6024
2026-01-05T22:11:00Z,100.6658
2026-01-05T22:12:00Z,99.6487
2026-01-05T22:13:00Z,99.2787
2026-01-05T22:14:00Z,99.6651
2026-01-05T22:15:00Z,99.1653
2026-01-05T22:16:00Z,99.7498
2026-01-05T22:17:00Z,99.6584
2026-01-05T22:18:00Z,99.8831
2026-01-05T22:19:00Z,100.1787
2026-01-05T22:20:00Z,99.8568
2026-01-05T22:21:00Z,100.2305
2026-01-05T22:22:00Z,100.1452
2026-01-05T22:23:00Z,100.2848
2026-01-05T22:24:00Z,100.6205
2026-01-05T22:25:00Z,99.7056
2026-01-05T22:26:00Z,99.3142
2026-01-05T22:27:00Z,99.5004
2026-01-05T22:28:00Z,99.971
2026-01-05T22:29:00Z,99.6986
2026-01-05T22:30:00Z,100.5684
2026-01-05T22:31:00Z,99.7192
2026-01-05T22:32:00Z,99.3605
2026-01-05T22:33:00Z,100.5548
2026-01-05T22:34:00Z,99.8696
2026-01-05T22:35:00Z,99.7217
2026-01-05T22:36:00Z,99.1494
2026-01-05T22:37:00Z,99.5552
2026-01-05T22:38:00Z,99.3148
2026-01-05T22:39:00Z,99.9446
2026-01-05T22:40:00Z,98.588
2026-01-05T22:41:00Z,99.7844
2026-01-05T22:42:00Z,99.0041
2026-01-05T22:43:00Z,99.2457
2026-01-05T22:44:00Z,100.5847
2026-01-05T22:45:00Z,100.1284
2026-01-05T22:46:00Z,99.2348
2026-01-05T22:47:00Z,99.4176
2026-01-05T22:48:00Z,99.0842
2026-01-05T22:49:00Z,99.5077
2026-01-05T22:50:00Z,99.6219
2026-01-05T22:51:00Z,99.3772
2026-01-05T22:52:00Z,99.0981
2026-01-05T22:53:00Z,100.0686
2026-01-05T22:54:00Z,99.9239
2026-01-05T22:55:00Z,99.845
2026-01-05T22:56:00Z,100.2031
2026-01-05T22:57:00Z,100.1497
2026-01-05T22:58:00Z,99.846
2026-01-05T22:59:00Z,99.8118
2026-01-05T23:00:00Z,99.8542
2026-01-05T23:01:00Z,100.827
2026-01-05T23:02:00Z,99.9775
2026-01-05T23:03:00Z,99.9821
2026-01-05T23:04:00Z,99.0747
2026-01-05T23:05:00Z,99.4917
2026-01-05T23:06:00Z,100.2148
2026-01-05T23:07:00Z,100.9106
2026-01-05T23:08:00Z,98.8889
2026-01-05T23:09:00Z,99.9115
2026-01-05T23:10:00Z,99.8488
2026-01-05T23:11:00Z,99.4491
2026-01-05T23:12:00Z,99.6556
2026-01-05T23:13:00Z,99.3159
2026-01-05T23:14:00Z,100.5866
2026-01-05T23:15:00Z,99.8538
2026-01-05T23:16:00Z,100.8586
2026-01-05T23:17:00Z,99.1473
2026-01-05T23:18:00Z,100.2359
2026-01-05T23:19:00Z,100.0181
2026-01-05T23:20:00Z,100.0371
2026-01-05T23:21:00Z,99.8039
2026-01-05T23:22:00Z,99.7031
2026-01-05T23:23:00Z,100.3248
2026-01-05T23:24:00Z,98.5972
2026-01-05T23:25:00Z,100.0399
2026-01-05T23:26:00Z,99.6816
2026-01-05T23:27:00Z,99.876
2026-01-05T23:28:00Z,100.1846
2026-01-05T23:29:00Z,100.1961
2026-01-05T23:30:00Z,99.449
2026-01-05T23:31:00Z,99.0963
2026-01-05T23:32:00Z,100.2994
2026-01-05T23:33:00Z,100.5016
2026-01-05T23:34:00Z,100.0412
2026-01-05T23:35:00Z,99.8973
2026-01-05T23:36:00Z,99.8067
2026-01-05T23:37:00Z,99.3971
2026-01-05T23:38:00Z,99.4401
2026-01-05T23:39:00Z,99.3426
2026-01-05T23:40:00Z,100.2426
2026-01-05T23:41:00Z,99.6065
2026-01-05T23:42:00Z,100.3411
2026-01-05T23:43:00Z,99.7315
2026-01-05T23:44:00Z,100.2144
2026-01-05T23:45:00Z,99.8314
2026-01-05T23:46:00Z,99.429
2026-01-05T23:47:00Z,99.797
2026-01-05T23:48:00Z,99.0839
2026-01-05T23:49:00Z,99.6528
2026-01-05T23:50:00Z,99.611
2026-01-05T23:51:00Z,99.916
2026-01-05T23:52:00Z,99.4866
2026-01-05T23:53:00Z,99.9008
2026-01-05T23:54:00Z,99.9722
2026-01-05T23:55:00Z,98.5431
2026-01-05T23:56:00Z,99.4169
2026-01-05T23:57:00Z,98.579
2026-01-05T23:58:00Z,100.16
2026-01-05T23:59:00Z,99.8062
2026-01-06T00:00:00Z,100.5075
2026-01-06T00:01:00Z,100.1415
2026-01-06T00:02:00Z,99.7098
2026-01-06T00:03:00Z,99.0555
2026-01-06T00:04:00Z,100.8234
2026-01-06T00:05:00Z,98.648
2026-01-06T00:06:00Z,99.3791
2026-01-06T00:07:00Z,99.9714
2026-01-06T00:08:00Z,98.8998
2026-01-06T00:09:00Z,99.5535
2026-01-06T00:10:00Z,98.3987
2026-01-06T00:11:00Z,99.352
2026-01-06T00:12:00Z,100.0617
2026-01-06T00:13:00Z,99.9223
2026-01-06T00:14:00Z,100.5866
2026-01-06T00:15:00Z,99.6591
2026-01-06T00:16:00Z,100.4481
2026-01-06T00:17:00Z,99.8143
2026-01-06T00:18:00Z,99.9015
2026-01-06T00:19:00Z,100.7027
2026-01-06T00:20:00Z,99.9116
2026-01-06T00:21:00Z,99.9439
2026-01-06T00:22:00Z,99.7885
2026-01-06T00:23:00Z,99.7886
2026-01-06T00:24:00Z,99.3043
2026-01-06T00:25:00Z,99.8346
2026-01-06T00:26:00Z,99.4711
2026-01-06T00:27:00Z,99.6147
2026-01-06T00:28:00Z,100.0097
2026-01-06T00:29:00Z,99.6329
2026-01-06T00:30:00Z,99.9711
2026-01-06T00:31:00Z,99.7026
2026-01-06T00:32:00Z,99.8335
2026-01-06T00:33:00Z,99.7024
2026-01-06T00:34:00Z,99.6389
2026-01-06T00:35:00Z,99.9928
2026-01-06T00:36:00Z,100.0149
2026-01-06T00:37:00Z,98.9208
2026-01-06T00:38:00Z,98.7992
2026-01-06T00:39:00Z,99.6854
2026-01-06T00:40:00Z,100.583
2026-01-06T00:41:00Z,99.1422
2026-01-06T00:42:00Z,99.0728
2026-01-06T00:43:00Z,100.6664
2026-01-06T00:44:00Z,100.021
2026-01-06T00:45:00Z,100.0188
2026-01-06T00:46:00Z,100.5064
2026-01-06T00:47:00Z,100.3353
2026-01-06T00:48:00Z,100.3547
2026-01-06T00:49:00Z,100.1555
2026-01-06T00:50:00Z,98.986
2026-01-06T00:51:00Z,100.0022
2026-01-06T00:52:00Z,100.0744
2026-01-06T00:53:00Z,99.3427
2026-01-06T00:54:00Z,99.1292
2026-01-06T00:55:00Z,100.4751
2026-01-06T00:56:00Z,100.2003
2026-01-06T00:57:00Z,99.7706
2026-01-06T00:58:00Z,99.1147
2026-01-06T00:59:00Z,100.2785
2026-01-06T01:00:00Z,99.842
2026-01-06T01:01:00Z,99.3827
2026-01-06T01:02:00Z,99.697
2026-01-06T01:03:00Z,99.8971
2026-01-06T01:04:00Z,100.2237
2026-01-06T01:05:00Z,100.1527
2026-01-06T01:06:00Z,99.4682
2026-01-06T01:07:00Z,99.8412
2026-01-06T01:08:00Z,100.3606
2026-01-06T01:09:00Z,98.9817
2026-01-06T01:10:00Z,100.2112
2026-01-06T01:11:00Z,99.698
2026-01-06T01:12:00Z,99.8987
2026-01-06T01:13:00Z,99.6171
2026-01-06T01:14:00Z,100.4174
2026-01-06T01:15:00Z,100.8608
2026-01-06T01:16:00Z,99.1886
2026-01-06T01:17:00Z,99.5462
2026-01-06T01:18:00Z,100.155
2026-01-06T01:19:00Z,99.6976
2026-01-06T01:20:00Z,99.9452
2026-01-06T01:21:00Z,100.5333
2026-01-06T01:22:00Z,100.1374
2026-01-06T01:23:00Z,99.7355
2026-01-06T01:24:00Z,99.5347
2026-01-06T01:25:00Z,99.4367
2026-01-06T01:26:00Z,99.4644
2026-01-06T01:27:00Z,100.0455
2026-01-06T01:28:00Z,99.4108
2026-01-06T01:29:00Z,99.552
2026-01-06T01:30:00Z,99.7363
2026-01-06T01:31:00Z,99.6083
2026-01-06T01:32:00Z,98.9928
2026-01-06T01:33:00Z,99.4617
2026-01-06T01:34:00Z,99.5505
2026-01-06T01:35:00Z,99.8765
2026-01-06T01:36:00Z,99.0851
2026-01-06T01:37:00Z,100.1081
2026-01-06T01:38:00Z,99.2303
2026-01-06T01:39:00Z,99.8287
2026-01-06T01:40:00Z,99.6513
2026-01-06T01:41:00Z,100.1498
2026-01-06T01:42:00Z,99.5186
2026-01-06T01:43:00Z,99.1064
2026-01-06T01:44:00Z,98.9099
2026-01-06T01:45:00Z,100.0733
2026-01-06T01:46:00Z,99.9572
2026-01-06T01:47:00Z,99.5342
2026-01-06T01:48:00Z,100.0589
2026-01-06T01:49:00Z,99.9679
2026-01-06T01:50:00Z,100.4899
2026-01-06T01:51:00Z,99.2552
2026-01-06T01:52:00Z,100.0075
2026-01-06T01:53:00Z,100.1948
2026-01-06T01:54:00Z,100.4758
2026-01-06T01:55:00Z,98.8518
2026-01-06T01:56:00Z,99.4469
2026-01-06T01:57:00Z,99.577
2026-01-06T01:58:00Z,99.6453
2026-01-06T01:59:00Z,99.0897
2026-01-06T02:00:00Z,100.3436
2026-01-06T02:01:00Z,99.5287
2026-01-06T02:02:00Z,99.7584
2026-01-06T02:03:00Z,99.0552
2026-01-06T02:04:00Z,100.4013
2026-01-06T02:05:00Z,99.23
2026-01-06T02:06:00Z,100.1176
2026-01-06T02:07:00Z,99.1407
2026-01-06T02:08:00Z,99.4069
2026-01-06T02:09:00Z,99.1941
2026-01-06T02:10:00Z,100.0204
2026-01-06T02:11:00Z,99.8254
2026-01-06T02:12:00Z,99.273
2026-01-06T02:13:00Z,100.0724
2026-01-06T02:14:00Z,100.5052
2026-01-06T02:15:00Z,100.0114
2026-01-06T02:16:00Z,98.7503
2026-01-06T02:17:00Z,100.2283
2026-01-06T02:18:00Z,99.2311
2026-01-06T02:19:00Z,100.3915
2026-01-06T02:20:00Z,99.8117
2026-01-06T02:21:00Z,100.3076
2026-01-06T02:22:00Z,99.127
2026-01-06T02:23:00Z,99.2795
2026-01-06T02:24:00Z,100.1465
2026-01-06T02:25:00Z,99.6121
2026-01-06T02:26:00Z,100.7065
2026-01-06T02:27:00Z,100.2713
2026-01-06T02:28:00Z,99.4768
2026-01-06T02:29:00Z,99.5263
2026-01-06T02:30:00Z,100.1043
2026-01-06T02:31:00Z,99.7211
2026-01-06T02:32:00Z,99.4217
2026-01-06T02:33:00Z,99.964
2026-01-06T02:34:00Z,99.9132
2026-01-06T02:35:00Z,99.0303
2026-01-06T02:36:00Z,98.8724
2026-01-06T02:37:00Z,99.1126
2026-01-06T02:38:00Z,99.8029
2026-01-06T02:39:00Z,99.8745
2026-01-06T02:40:00Z,99.6296
2026-01-06T02:41:00Z,99.2116
2026-01-06T02:42:00Z,99.8412
2026-01-06T02:43:00Z,98.863
2026-01-06T02:44:00Z,99.517
2026-01-06T02:45:00Z,99.6475
2026-01-06T02:46:00Z,100.1465
2026-01-06T02:47:00Z,99.3367
2026-01-06T02:48:00Z,101.2294
2026-01-06T02:49:00Z,100.1658
2026-01-06T02:50:00Z,99.678
2026-01-06T02:51:00Z,100.0625
2026-01-06T02:52:00Z,99.8437
2026-01-06T02:53:00Z,99.8271
2026-01-06T02:54:00Z,99.3572
2026-01-06T02:55:00Z,99.3664
2026-01-06T02:56:00Z,99.7344
2026-01-06T02:57:00Z,99.2264
2026-01-06T02:58:00Z,99.8017
2026-01-06T02:59:00Z,99.5808
2026-01-06T03:00:00Z,99.749
2026-01-06T03:01:00Z,100.1
2026-01-06T03:02:00Z,100.0633
2026-01-06T03:03:00Z,99.3973
2026-01-06T03:04:00Z,100.7296
2026-01-06T03:05:00Z,99.7547
2026-01-06T03:06:00Z,99.466
2026-01-06T03:07:00Z,100.2091
2026-01-06T03:08:00Z,99.2765
2026-01-06T03:09:00Z,100.0916
2026-01-06T03:10:00Z,99.6712
2026-01-06T03:11:00Z,100.1634
2026-01-06T03:12:00Z,99.6832
2026-01-06T03:13:00Z,99.0826
2026-01-06T03:14:00Z,100.0685
2026-01-06T03:15:00Z,98.8137
2026-01-06T03:16:00Z,99.1415
2026-01-06T03:17:00Z,99.9437
2026-01-06T03:18:00Z,99.9807
2026-01-06T03:19:00Z,99.7355
2026-01-06T03:20:00Z,99.6577
2026-01-06T03:21:00Z,100.3348
2026-01-06T03:22:00Z,99.555
2026-01-06T03:23:00Z,98.6295
2026-01-06T03:24:00Z,99.8691
2026-01-06T03:25:00Z,99.0087
2026-01-06T03:26:00Z,99.7525
2026-01-06T03:27:00Z,100.236
2026-01-06T03:28:00Z,99.9502
2026-01-06T03:29:00Z,99.974
2026-01-06T03:30:00Z,100.0561
2026-01-06T03:31:00Z,99.9226
2026-01-06T03:32:00Z,100.4378
2026-01-06T03:33:00Z,99.5239
2026-01-06T03:34:00Z,99.8099
2026-01-06T03:35:00Z,99.2364
2026-01-06T03:36:00Z,99.0288
2026-01-06T03:37:00Z,99.7278
2026-01-06T03:38:00Z,99.4626
2026-01-06T03:39:00Z,100.289
2026-01-06T03:40:00Z,99.5269
2026-01-06T03:41:00Z,99.5735
2026-01-06T03:42:00Z,99.3049
2026-01-06T03:43:00Z,99.4213
2026-01-06T03:44:00Z,99.2571
2026-01-06T03:45:00Z,99.833
2026-01-06T03:46:00Z,99.4688
2026-01-06T03:47:00Z,99.4039
2026-01-06T03:48:00Z,99.8205
2026-01-06T03:49:00Z,99.3158
2026-01-06T03:50:00Z,99.3376
2026-01-06T03:51:00Z,99.2935
2026-01-06T03:52:00Z,99.3393
2026-01-06T03:53:00Z,99.15
2026-01-06T03:54:00Z,100.692
2026-01-06T03:55:00Z,99.4907
2026-01-06T03:56:00Z,99.1558
2026-01-06T03:57:00Z,100.3109
2026-01-06T03:58:00Z,99.5375
2026-01-06T03:59:00Z,99.7252
2026-01-06T04:00:00Z,99.5501
2026-01-06T04:01:00Z,99.5346
2026-01-06T04:02:00Z,100.1167
2026-01-06T04:03:00Z,100.4417
2026-01-06T04:04:00Z,100.509
2026-01-06T04:05:00Z,100.389
2026-01-06T04:06:00Z,98.9857
2026-01-06T04:07:00Z,98.8694
2026-01-06T04:08:00Z,99.3883
2026-01-06T04:09:00Z,99.3002
2026-01-06T04:10:00Z,99.5116
2026-01-06T04:11:00Z,99.1102
2026-01-06T04:12:00Z,99.7116
2026-01-06T04:13:00Z,99.2601
2026-01-06T04:14:00Z,99.462
2026-01-06T04:15:00Z,98.6722
2026-01-06T04:16:00Z,100.6816
2026-01-06T04:17:00Z,99.9334
2026-01-06T04:18:00Z,99.4162
2026-01-06T04:19:00Z,100.0031
2026-01-06T04:20:00Z,99.3331
2026-01-06T04:21:00Z,99.41
2026-01-06T04:22:00Z,99.7976
2026-01-06T04:23:00Z,100.4032
2026-01-06T04:24:00Z,99.9255
2026-01-06T04:25:00Z,99.7753
2026-01-06T04:26:00Z,100.464
2026-01-06T04:27:00Z,99.1825
2026-01-06T04:28:00Z,99.4816
2026-01-06T04:29:00Z,99.8183
2026-01-06T04:30:00Z,99.4539
2026-01-06T04:31:00Z,99.3189
2026-01-06T04:32:00Z,99.2333
2026-01-06T04:33:00Z,99.7108
2026-01-06T04:34:00Z,99.1504
2026-01-06T04:35:00Z,99.8259
2026-01-06T04:36:00Z,100.3907
2026-01-06T04:37:00Z,100.3983
2026-01-06T04:38:00Z,99.3775
2026-01-06T04:39:00Z,100.1187
2026-01-06T04:40:00Z,99.6396
2026-01-06T04:41:00Z,99.0961
2026-01-06T04:42:00Z,99.894
2026-01-06T04:43:00Z,99.7822
2026-01-06T04:44:00Z,99.5442
2026-01-06T04:45:00Z,100.3918
2026-01-06T04:46:00Z,100.1695
2026-01-06T04:47:00Z,100.6748
2026-01-06T04:48:00Z,98.8971
2026-01-06T04:49:00Z,100.4458
2026-01-06T04:50:00Z,99.4806
2026-01-06T04:51:00Z,99.749
2026-01-06T04:52:00Z,99.9062
2026-01-06T04:53:00Z,100.6354
2026-01-06T04:54:00Z,98.691
2026-01-06T04:55:00Z,100.3839
2026-01-06T04:56:00Z,100.1073
2026-01-06T04:57:00Z,99.6537
2026-01-06T04:58:00Z,99.7303
2026-01-06T04:59:00Z,100.0327
2026-01-06T05:00:00Z,100.0023
2026-01-06T05:01:00Z,100.0917
2026-01-06T05:02:00Z,100.3205
2026-01-06T05:03:00Z,99.4796
2026-01-06T05:04:00Z,100.2534
2026-01-06T05:05:00Z,99.5427
2026-01-06T05:06:00Z,99.5336
2026-01-06T05:07:00Z,99.4
2026-01-06T05:08:00Z,99.2258
2026-01-06T05:09:00Z,100.9022
2026-01-06T05:10:00Z,99.313
2026-01-06T05:11:00Z,100.1739
2026-01-06T05:12:00Z,99.5084
2026-01-06T05:13:00Z,99.7687
2026-01-06T05:14:00Z,99.2499
2026-01-06T05:15:00Z,100.0893
2026-01-06T05:16:00Z,99.6376
2026-01-06T05:17:00Z,99.2785
2026-01-06T05:18:00Z,99.4487
2026-01-06T05:19:00Z,99.534
2026-01-06T05:20:00Z,99.0177
2026-01-06T05:21:00Z,99.7783
2026-01-06T05:22:00Z,100.2819
2026-01-06T05:23:00Z,99.563
2026-01-06T05:24:00Z,99.8617
2026-01-06T05:25:00Z,99.8017
2026-01-06T05:26:00Z,99.1038
2026-01-06T05:27:00Z,99.0137
2026-01-06T05:28:00Z,100.6292
2026-01-06T05:29:00Z,99.0084
2026-01-06T05:30:00Z,99.9493
2026-01-06T05:31:00Z,99.6021
2026-01-06T05:32:00Z,99.4381
2026-01-06T05:33:00Z,100.4155
2026-01-06T05:34:00Z,100.0345
2026-01-06T05:35:00Z,100.562
2026-01-06T05:36:00Z,100.1242
2026-01-06T05:37:00Z,99.8163
2026-01-06T05:38:00Z,100.2857
2026-01-06T05:39:00Z,100.3361
2026-01-06T05:40:00Z,99.9855
2026-01-06T05:41:00Z,99.627
2026-01-06T05:42:00Z,99.6697
2026-01-06T05:43:00Z,100.0241
2026-01-06T05:44:00Z,100.2901
2026-01-06T05:45:00Z,99.7456
2026-01-06T05:46:00Z,99.5219
2026-01-06T05:47:00Z,100.3848
2026-01-06T05:48:00Z,99.8857
2026-01-06T05:49:00Z,100.0673
2026-01-06T05:50:00Z,99.9913
2026-01-06T05:51:00Z,99.8509
2026-01-06T05:52:00Z,98.8143
2026-01-06T05:53:00Z,100.3931
2026-01-06T05:54:00Z,99.8008
2026-01-06T05:55:00Z,99.9907
2026-01-06T05:56:00Z,100.4221
2026-01-06T05:57:00Z,100.8159
2026-01-06T05:58:00Z,99.9757
2026-01-06T05:59:00Z,100.2609
2026-01-06T06:00:00Z,99.4845
2026-01-06T06:01:00Z,99.7315
2026-01-06T06:02:00Z,100.0134
2026-01-06T06:03:00Z,98.8245
2026-01-06T06:04:00Z,100.4439
2026-01-06T06:05:00Z,99.9507
2026-01-06T06:06:00Z,99.2437
2026-01-06T06:07:00Z,99.7988
2026-01-06T06:08:00Z,99.3564
2026-01-06T06:09:00Z,100.0441
2026-01-06T06:10:00Z,99.8672
2026-01-06T06:11:00Z,99.5164
2026-01-06T06:12:00Z,100.1072
2026-01-06T06:13:00Z,99.8562
2026-01-06T06:14:00Z,98.9696
2026-01-06T06:15:00Z,99.1159
2026-01-06T06:16:00Z,99.1357
2026-01-06T06:17:00Z,98.9318
2026-01-06T06:18:00Z,99.9213
2026-01-06T06:19:00Z,100.1568
2026-01-06T06:20:00Z,99.5233
2026-01-06T06:21:00Z,99.4469
2026-01-06T06:22:00Z,99.5649
2026-01-06T06:23:00Z,100.4915
2026-01-06T06:24:00Z,99.8384
2026-01-06T06:25:00Z,99.2415
2026-01-06T06:26:00Z,99.4867
2026-01-06T06:27:00Z,99.8112
2026-01-06T06:28:00Z,100.0692
2026-01-06T06:29:00Z,100.024
2026-01-06T06:30:00Z,99.742
2026-01-06T06:31:00Z,99.951
2026-01-06T06:32:00Z,99.9144
2026-01-06T06:33:00Z,99.6786
2026-01-06T06:34:00Z,99.6689
2026-01-06T06:35:00Z,100.3038
2026-01-06T06:36:00Z,100.3226
2026-01-06T06:37:00Z,98.8121
2026-01-06T06:38:00Z,100.7009
2026-01-06T06:39:00Z,99.1671
2026-01-06T06:40:00Z,100.106
2026-01-06T06:41:00Z,99.9314
2026-01-06T06:42:00Z,100.1876
2026-01-06T06:43:00Z,100.2471
2026-01-06T06:44:00Z,99.7529
2026-01-06T06:45:00Z,99.5689
2026-01-06T06:46:00Z,99.448
2026-01-06T06:47:00Z,98.783
2026-01-06T06:48:00Z,100.0077
2026-01-06T06:49:00Z,100.0482
2026-01-06T06:50:00Z,100.1965
2026-01-06T06:51:00Z,100.2393
2026-01-06T06:52:00Z,99.5827
2026-01-06T06:53:00Z,99.2279
2026-01-06T06:54:00Z,98.7686
2026-01-06T06:55:00Z,100.005
2026-01-06T06:56:00Z,100.2147
2026-01-06T06:57:00Z,100.0389
2026-01-06T06:58:00Z,100.2165
2026-01-06T06:59:00Z,99.5793
2026-01-06T07:00:00Z,99.9249
2026-01-06T07:01:00Z,99.3661
2026-01-06T07:02:00Z,99.5232
2026-01-06T07:03:00Z,98.9437
2026-01-06T07:04:00Z,99.7059
2026-01-06T07:05:00Z,100.2747
2026-01-06T07:06:00Z,100.0572
2026-01-06T07:07:00Z,99.5992
2026-01-06T07:08:00Z,100.5249
2026-01-06T07:09:00Z,98.5866
2026-01-06T07:10:00Z,99.9409
2026-01-06T07:11:00Z,99.4133
2026-01-06T07:12:00Z,100.6853
2026-01-06T07:13:00Z,99.4152
2026-01-06T07:14:00Z,99.4588
2026-01-06T07:15:00Z,100.2934
2026-01-06T07:16:00Z,99.9942
2026-01-06T07:17:00Z,100.0038
2026-01-06T07:18:00Z,99.9028
2026-01-06T07:19:00Z,99.3768
2026-01-06T07:20:00Z,99.668
2026-01-06T07:21:00Z,98.8549
2026-01-06T07:22:00Z,99.3728
2026-01-06T07:23:00Z,99.042
2026-01-06T07:24:00Z,99.4344
2026-01-06T07:25:00Z,100.5512
2026-01-06T07:26:00Z,100.3244
2026-01-06T07:27:00Z,100.0965
2026-01-06T07:28:00Z,100.2762
2026-01-06T07:29:00Z,100.0757
2026-01-06T07:30:00Z,100.3775
2026-01-06T07:31:00Z,100.1965
2026-01-06T07:32:00Z,99.8018
2026-01-06T07:33:00Z,100.2782
2026-01-06T07:34:00Z,100.3396
2026-01-06T07:35:00Z,100.3583
2026-01-06T07:36:00Z,98.8489
2026-01-06T07:37:00Z,98.6507
2026-01-06T07:38:00Z,100.34
2026-01-06T07:39:00Z,99.851
2026-01-06T07:40:00Z,99.6923
2026-01-06T07:41:00Z,99.7781
2026-01-06T07:42:00Z,99.2139
2026-01-06T07:43:00Z,98.0926
2026-01-06T07:44:00Z,100.0584
2026-01-06T07:45:00Z,99.3088
2026-01-06T07:46:00Z,100.5799
2026-01-06T07:47:00Z,100.0205
2026-01-06T07:48:00Z,98.5616
2026-01-06T07:49:00Z,99.9241
2026-01-06T07:50:00Z,99.4209
2026-01-06T07:51:00Z,99.4728
2026-01-06T07:52:00Z,100.0771
2026-01-06T07:53:00Z,99.1187
2026-01-06T07:54:00Z,100.3172
2026-01-06T07:55:00Z,99.4399
2026-01-06T07:56:00Z,100.103
2026-01-06T07:57:00Z,100.6555
2026-01-06T07:58:00Z,99.4095
2026-01-06T07:59:00Z,99.8084
2026-01-06T08:00:00Z,99.2526
2026-01-06T08:01:00Z,99.5277
2026-01-06T08:02:00Z,99.7311
2026-01-06T08:03:00Z,100.1527
2026-01-06T08:04:00Z,99.7023
2026-01-06T08:05:00Z,99.5503
2026-01-06T08:06:00Z,99.6431
2026-01-06T08:07:00Z,100.006
2026-01-06T08:08:00Z,99.7968
2026-01-06T08:09:00Z,99.3629
2026-01-06T08:10:00Z,100.3952
2026-01-06T08:11:00Z,99.6218
2026-01-06T08:12:00Z,100.007
2026-01-06T08:13:00Z,99.0148
2026-01-06T08:14:00Z,99.6565
2026-01-06T08:15:00Z,99.2626
2026-01-06T08:16:00Z,100.1855
2026-01-06T08:17:00Z,100.0375
2026-01-06T08:18:00Z,99.625
2026-01-06T08:19:00Z,99.7003
2026-01-06T08:20:00Z,99.0927
2026-01-06T08:21:00Z,99.5684
2026-01-06T08:22:00Z,99.9204
2026-01-06T08:23:00Z,99.8902
2026-01-06T08:24:00Z,98.8069
2026-01-06T08:25:00Z,100.2817
2026-01-06T08:26:00Z,99.4817
2026-01-06T08:27:00Z,100.3571
2026-01-06T08:28:00Z,100.1061
2026-01-06T08:29:00Z,98.6726
2026-01-06T08:30:00Z,100.8417
2026-01-06T08:31:00Z,99.4888
2026-01-06T08:32:00Z,99.7772
2026-01-06T08:33:00Z,98.629
2026-01-06T08:34:00Z,100.534
2026-01-06T08:35:00Z,99.3264
2026-01-06T08:36:00Z,99.3737
2026-01-06T08:37:00Z,100.1674
2026-01-06T08:38:00Z,99.8437
2026-01-06T08:39:00Z,99.4951
2026-01-06T08:40:00Z,100.2016
2026-01-06T08:41:00Z,99.7453
2026-01-06T08:42:00Z,99.4066
2026-01-06T08:43:00Z,100.4709
2026-01-06T08:44:00Z,99.7653
2026-01-06T08:45:00Z,99.9735
2026-01-06T08:46:00Z,99.9739
2026-01-06T08:47:00Z,99.8175
2026-01-06T08:48:00Z,98.9745
2026-01-06T08:49:00Z,99.5765
2026-01-06T08:50:00Z,99.6308
2026-01-06T08:51:00Z,100.1685
2026-01-06T08:52:00Z,100.4077
2026-01-06T08:53:00Z,98.6712
2026-01-06T08:54:00Z,98.8858
2026-01-06T08:55:00Z,98.8909
2026-01-06T08:56:00Z,99.7594
2026-01-06T08:57:00Z,99.0205
2026-01-06T08:58:00Z,99.8935
2026-01-06T08:59:00Z,99.2843
2026-01-06T09:00:00Z,99.5018
2026-01-06T09:01:00Z,99.0246
2026-01-06T09:02:00Z,99.3872
2026-01-06T09:03:00Z,99.9396
2026-01-06T09:04:00Z,98.9394
2026-01-06T09:05:00Z,99.347
2026-01-06T09:06:00Z,100.4217
2026-01-06T09:07:00Z,100.3589
2026-01-06T09:08:00Z,99.8749
2026-01-06T09:09:00Z,99.72
2026-01-06T09:10:00Z,99.3026
2026-01-06T09:11:00Z,99.9208
2026-01-06T09:12:00Z,100.4674
2026-01-06T09:13:00Z,99.8331
2026-01-06T09:14:00Z,98.9027
2026-01-06T09:15:00Z,99.8315
2026-01-06T09:16:00Z,100.1638
2026-01-06T09:17:00Z,99.8198
2026-01-06T09:18:00Z,99.3647
2026-01-06T09:19:00Z,99.0084
2026-01-06T09:20:00Z,96.0184
2026-01-06T09:21:00Z,95.8979
2026-01-06T09:22:00Z,96.7764
2026-01-06T09:23:00Z,96.2105
2026-01-06T09:24:00Z,95.8714
2026-01-06T09:25:00Z,96.1391
2026-01-06T09:26:00Z,95.8028
2026-01-06T09:27:00Z,95.718
2026-01-06T09:28:00Z,96.6072
2026-01-06T09:29:00Z,95.9137
2026-01-06T09:30:00Z,95.8891
2026-01-06T09:31:00Z,95.8832
2026-01-06T09:32:00Z,95.5005
2026-01-06T09:33:00Z,96.0998
2026-01-06T09:34:00Z,95.3296
2026-01-06T09:35:00Z,96.2069
2026-01-06T09:36:00Z,95.0501
2026-01-06T09:37:00Z,95.4928
2026-01-06T09:38:00Z,95.3691
2026-01-06T09:39:00Z,96.2914
2026-01-06T09:40:00Z,95.4789
2026-01-06T09:41:00Z,96.1037
2026-01-06T09:42:00Z,96.3057
2026-01-06T09:43:00Z,96.0377
2026-01-06T09:44:00Z,96.1701
2026-01-06T09:45:00Z,95.7094
2026-01-06T09:46:00Z,96.2084
2026-01-06T09:47:00Z,96.3615
2026-01-06T09:48:00Z,95.6905
2026-01-06T09:49:00Z,96.1197
2026-01-06T09:50:00Z,96.1028
2026-01-06T09:51:00Z,95.7955
2026-01-06T09:52:00Z,95.8383
2026-01-06T09:53:00Z,96.2407
2026-01-06T09:54:00Z,95.9599
2026-01-06T09:55:00Z,95.3049
2026-01-06T09:56:00Z,95.7868
2026-01-06T09:57:00Z,96.1795
2026-01-06T09:58:00Z,96.62
2026-01-06T09:59:00Z,96.2189
2026-01-06T10:00:00Z,96.1721
2026-01-06T10:01:00Z,95.9469
2026-01-06T10:02:00Z,95.4273
2026-01-06T10:03:00Z,96.4291
2026-01-06T10:04:00Z,96.0052
2026-01-06T10:05:00Z,96.7582
2026-01-06T10:06:00Z,96.4061
2026-01-06T10:07:00Z,95.5227
2026-01-06T10:08:00Z,95.6251
2026-01-06T10:09:00Z,95.6623
2026-01-06T10:10:00Z,95.0373
2026-01-06T10:11:00Z,95.8199
2026-01-06T10:12:00Z,96.6258
2026-01-06T10:13:00Z,95.565
2026-01-06T10:14:00Z,96.5372
2026-01-06T10:15:00Z,96.0882
2026-01-06T10:16:00Z,95.8101
2026-01-06T10:17:00Z,95.7427
2026-01-06T10:18:00Z,96.5713
2026-01-06T10:19:00Z,95.3558
2026-01-06T10:20:00Z,96.561
2026-01-06T10:21:00Z,96.3825
2026-01-06T10:22:00Z,95.7901
2026-01-06T10:23:00Z,96.4794
2026-01-06T10:24:00Z,96.0903
2026-01-06T10:25:00Z,95.8597
2026-01-06T10:26:00Z,96.224
2026-01-06T10:27:00Z,96.2016
2026-01-06T10:28:00Z,96.7561
2026-01-06T10:29:00Z,96.0338
2026-01-06T10:30:00Z,96.1187
2026-01-06T10:31:00Z,95.3391
2026-01-06T10:32:00Z,96.2443
2026-01-06T10:33:00Z,96.3081
2026-01-06T10:34:00Z,96.4628
2026-01-06T10:35:00Z,96.3095
2026-01-06T10:36:00Z,96.3835
2026-01-06T10:37:00Z,95.9577
2026-01-06T10:38:00Z,95.2435
2026-01-06T10:39:00Z,95.5361
2026-01-06T10:40:00Z,96.7432
2026-01-06T10:41:00Z,96.4868
2026-01-06T10:42:00Z,96.4216
2026-01-06T10:43:00Z,96.0545
2026-01-06T10:44:00Z,96.1777
2026-01-06T10:45:00Z,95.8437
2026-01-06T10:46:00Z,95.1307
2026-01-06T10:47:00Z,96.5358
2026-01-06T10:48:00Z,95.8183
2026-01-06T10:49:00Z,96.1133
2026-01-06T10:50:00Z,95.8924
2026-01-06T10:51:00Z,95.5499
2026-01-06T10:52:00Z,96.8717
2026-01-06T10:53:00Z,95.5699
2026-01-06T10:54:00Z,96.5585
2026-01-06T10:55:00Z,95.9204
2026-01-06T10:56:00Z,96.0455
2026-01-06T10:57:00Z,96.0308
2026-01-06T10:58:00Z,97.0847
2026-01-06T10:59:00Z,95.5045
2026-01-06T11:00:00Z,96.6128
2026-01-06T11:01:00Z,96.8875
2026-01-06T11:02:00Z,96.0186
2026-01-06T11:03:00Z,95.5113
2026-01-06T11:04:00Z,95.7335
2026-01-06T11:05:00Z,96.6127
2026-01-06T11:06:00Z,95.9765
2026-01-06T11:07:00Z,95.4264
2026-01-06T11:08:00Z,96.2291
2026-01-06T11:09:00Z,96.7609
2026-01-06T11:10:00Z,94.8164
2026-01-06T11:11:00Z,95.784
2026-01-06T11:12:00Z,95.9298
2026-01-06T11:13:00Z,96.2295
2026-01-06T11:14:00Z,96.0755
2026-01-06T11:15:00Z,96.0914
2026-01-06T11:16:00Z,95.5336
2026-01-06T11:17:00Z,95.7963
2026-01-06T11:18:00Z,95.9842
2026-01-06T11:19:00Z,96.0356
2026-01-06T11:20:00Z,96.3891
2026-01-06T11:21:00Z,96.4106
2026-01-06T11:22:00Z,94.9416
2026-01-06T11:23:00Z,96.5167
2026-01-06T11:24:00Z,96.4688
2026-01-06T11:25:00Z,96.0202
2026-01-06T11:26:00Z,95.7504
2026-01-06T11:27:00Z,96.2376
2026-01-06T11:28:00Z,95.8446
2026-01-06T11:29:00Z,95.4491
2026-01-06T11:30:00Z,96.9413
2026-01-06T11:31:00Z,95.7115
2026-01-06T11:32:00Z,95.8883
2026-01-06T11:33:00Z,95.7114
2026-01-06T11:34:00Z,96.4965
2026-01-06T11:35:00Z,96.8215
2026-01-06T11:36:00Z,96.1276
2026-01-06T11:37:00Z,96.949
2026-01-06T11:38:00Z,95.719
2026-01-06T11:39:00Z,95.7234
2026-01-06T11:40:00Z,95.9296
2026-01-06T11:41:00Z,96.2423
2026-01-06T11:42:00Z,96.0036
2026-01-06T11:43:00Z,97.3917
2026-01-06T11:44:00Z,95.7621
2026-01-06T11:45:00Z,96.0088
2026-01-06T11:46:00Z,95.7607
2026-01-06T11:47:00Z,95.6983
2026-01-06T11:48:00Z,95.498
2026-01-06T11:49:00Z,95.4186
2026-01-06T11:50:00Z,95.5652
2026-01-06T11:51:00Z,95.9867
2026-01-06T11:52:00Z,96.2592
2026-01-06T11:53:00Z,96.2681
2026-01-06T11:54:00Z,96.2842
2026-01-06T11:55:00Z,95.9332
2026-01-06T11:56:00Z,95.702
2026-01-06T11:57:00Z,95.2039
2026-01-06T11:58:00Z,96.5394
2026-01-06T11:59:00Z,96.2086
2026-01-06T12:00:00Z,96.0238
2026-01-06T12:01:00Z,95.8477
2026-01-06T12:02:00Z,96.7069
2026-01-06T12:03:00Z,97.0898
2026-01-06T12:04:00Z,96.6634
2026-01-06T12:05:00Z,96.9807
2026-01-06T12:06:00Z,95.8511
2026-01-06T12:07:00Z,95.8607
2026-01-06T12:08:00Z,96.8508
2026-01-06T12:09:00Z,95.9529
2026-01-06T12:10:00Z,96.9935
2026-01-06T12:11:00Z,96.2142
2026-01-06T12:12:00Z,95.4137
2026-01-06T12:13:00Z,96.4575
2026-01-06T12:14:00Z,95.6593
2026-01-06T12:15:00Z,96.2801
2026-01-06T12:16:00Z,95.3086
2026-01-06T12:17:00Z,95.5742
2026-01-06T12:18:00Z,96.4991
2026-01-06T12:19:00Z,97.0166
2026-01-06T12:20:00Z,96.1686
2026-01-06T12:21:00Z,95.6758
2026-01-06T12:22:00Z,95.7773
2026-01-06T12:23:00Z,95.7284
2026-01-06T12:24:00Z,95.6048
2026-01-06T12:25:00Z,96.3606
2026-01-06T12:26:00Z,96.5493
2026-01-06T12:27:00Z,96.5065
2026-01-06T12:28:00Z,94.5798
2026-01-06T12:29:00Z,96.2824
2026-01-06T12:30:00Z,96.1206
2026-01-06T12:31:00Z,95.4607
2026-01-06T12:32:00Z,95.7395
2026-01-06T12:33:00Z,95.5889
2026-01-06T12:34:00Z,96.243
2026-01-06T12:35:00Z,95.8668
2026-01-06T12:36:00Z,96.3213
2026-01-06T12:37:00Z,96.7701
2026-01-06T12:38:00Z,96.2049
2026-01-06T12:39:00Z,96.5095
2026-01-06T12:40:00Z,96.3536
2026-01-06T12:41:00Z,96.5526
2026-01-06T12:42:00Z,94.9375
2026-01-06T12:43:00Z,96.2221
2026-01-06T12:44:00Z,95.5971
2026-01-06T12:45:00Z,96.2628
2026-01-06T12:46:00Z,94.772
2026-01-06T12:47:00Z,96.2111
2026-01-06T12:48:00Z,96.3291
2026-01-06T12:49:00Z,95.1375
2026-01-06T12:50:00Z,96.0699
2026-01-06T12:51:00Z,96.3694
2026-01-06T12:52:00Z,96.3677
2026-01-06T12:53:00Z,95.9681
2026-01-06T12:54:00Z,95.8834
2026-01-06T12:55:00Z,96.448
2026-01-06T12:56:00Z,95.8326
2026-01-06T12:57:00Z,96.5493
2026-01-06T12:58:00Z,95.8413
2026-01-06T12:59:00Z,95.7259
2026-01-06T13:00:00Z,96.0426
2026-01-06T13:01:00Z,95.9136
2026-01-06T13:02:00Z,96.1165
2026-01-06T13:03:00Z,95.7924
2026-01-06T13:04:00Z,96.6247
2026-01-06T13:05:00Z,95.0338
2026-01-06T13:06:00Z,96.6539
2026-01-06T13:07:00Z,95.8659
2026-01-06T13:08:00Z,96.4146
2026-01-06T13:09:00Z,96.1261
2026-01-06T13:10:00Z,96.2344
2026-01-06T13:11:00Z,95.4792
2026-01-06T13:12:00Z,96.4574
2026-01-06T13:13:00Z,96.3857
2026-01-06T13:14:00Z,96.8805
2026-01-06T13:15:00Z,96.2228
2026-01-06T13:16:00Z,95.9993
2026-01-06T13:17:00Z,94.9137
2026-01-06T13:18:00Z,95.131
2026-01-06T13:19:00Z,94.9903
2026-01-06T13:20:00Z,95.6062
2026-01-06T13:21:00Z,96.6721
2026-01-06T13:22:00Z,96.6907
2026-01-06T13:23:00Z,95.0111
2026-01-06T13:24:00Z,96.5377
2026-01-06T13:25:00Z,96.2509
2026-01-06T13:26:00Z,96.045
2026-01-06T13:27:00Z,95.5076
2026-01-06T13:28:00Z,95.1979
2026-01-06T13:29:00Z,96.3062
2026-01-06T13:30:00Z,96.4238
2026-01-06T13:31:00Z,96.4821
2026-01-06T13:32:00Z,96.2333
2026-01-06T13:33:00Z,96.0751
2026-01-06T13:34:00Z,95.3875
2026-01-06T13:35:00Z,96.4307
2026-01-06T13:36:00Z,96.2893
2026-01-06T13:37:00Z,95.952
2026-01-06T13:38:00Z,95.9459
2026-01-06T13:39:00Z,94.7049
2026-01-06T13:40:00Z,97.3487
2026-01-06T13:41:00Z,96.872
2026-01-06T13:42:00Z,95.756
2026-01-06T13:43:00Z,96.6023
2026-01-06T13:44:00Z,95.3542
2026-01-06T13:45:00Z,95.9687
2026-01-06T13:46:00Z,96.1839
2026-01-06T13:47:00Z,96.5054
2026-01-06T13:48:00Z,96.5253
2026-01-06T13:49:00Z,95.3119
2026-01-06T13:50:00Z,95.767
2026-01-06T13:51:00Z,96.5118
2026-01-06T13:52:00Z,95.8712
2026-01-06T13:53:00Z,95.8167
2026-01-06T13:54:00Z,95.336
2026-01-06T13:55:00Z,95.6895
2026-01-06T13:56:00Z,96.8539
2026-01-06T13:57:00Z,96.4207
2026-01-06T13:58:00Z,96.3971
2026-01-06T13:59:00Z,96.096
2026-01-06T14:00:00Z,96.2968
2026-01-06T14:01:00Z,96.1947
2026-01-06T14:02:00Z,95.8886
2026-01-06T14:03:00Z,95.7028
2026-01-06T14:04:00Z,95.4017
2026-01-06T14:05:00Z,95.9098
2026-01-06T14:06:00Z,95.4728
2026-01-06T14:07:00Z,94.8444
2026-01-06T14:08:00Z,95.6695
2026-01-06T14:09:00Z,96.2832
2026-01-06T14:10:00Z,96.0341
2026-01-06T14:11:00Z,96.7215
2026-01-06T14:12:00Z,95.7534
2026-01-06T14:13:00Z,95.9082
2026-01-06T14:14:00Z,96.0541
2026-01-06T14:15:00Z,96.224
2026-01-06T14:16:00Z,95.7462
2026-01-06T14:17:00Z,95.1156
2026-01-06T14:18:00Z,96.5711
2026-01-06T14:19:00Z,96.3526
2026-01-06T14:20:00Z,95.8878
2026-01-06T14:21:00Z,95.5365
2026-01-06T14:22:00Z,96.2281
2026-01-06T14:23:00Z,95.6928
2026-01-06T14:24:00Z,95.5066
2026-01-06T14:25:00Z,96.271
2026-01-06T14:26:00Z,96.2587
2026-01-06T14:27:00Z,95.5992
2026-01-06T14:28:00Z,96.9225
2026-01-06T14:29:00Z,96.3052
2026-01-06T14:30:00Z,96.9849
2026-01-06T14:31:00Z,95.9963
2026-01-06T14:32:00Z,96.3074
2026-01-06T14:33:00Z,96.2957
2026-01-06T14:34:00Z,95.4068
2026-01-06T14:35:00Z,96.2993
2026-01-06T14:36:00Z,96.6133
2026-01-06T14:37:00Z,95.7482
2026-01-06T14:38:00Z,95.3218
2026-01-06T14:39:00Z,96.195
2026-01-06T14:40:00Z,96.4488
2026-01-06T14:41:00Z,96.8816
2026-01-06T14:42:00Z,96.1827
2026-01-06T14:43:00Z,95.1806
2026-01-06T14:44:00Z,95.9794
2026-01-06T14:45:00Z,95.7908
2026-01-06T14:46:00Z,95.6619
2026-01-06T14:47:00Z,96.0847
2026-01-06T14:48:00Z,96.3887
2026-01-06T14:49:00Z,96.6783
2026-01-06T14:50:00Z,95.9738
2026-01-06T14:51:00Z,95.5903
2026-01-06T14:52:00Z,95.459
2026-01-06T14:53:00Z,95.3676
2026-01-06T14:54:00Z,95.5519
2026-01-06T14:55:00Z,95.9035
2026-01-06T14:56:00Z,96.0823
2026-01-06T14:57:00Z,95.7751
2026-01-06T14:58:00Z,96.5121
2026-01-06T14:59:00Z,96.2551
2026-01-06T15:00:00Z,96.5784
2026-01-06T15:01:00Z,96.4342
2026-01-06T15:02:00Z,95.803
2026-01-06T15:03:00Z,96.0778
2026-01-06T15:04:00Z,96.4021
2026-01-06T15:05:00Z,95.4508
2026-01-06T15:06:00Z,96.8177
2026-01-06T15:07:00Z,95.9329
2026-01-06T15:08:00Z,95.8427
2026-01-06T15:09:00Z,95.4501
2026-01-06T15:10:00Z,97.1416
2026-01-06T15:11:00Z,97.0619
2026-01-06T15:12:00Z,95.9866
2026-01-06T15:13:00Z,96.5212
2026-01-06T15:14:00Z,96.5449
2026-01-06T15:15:00Z,95.0311
2026-01-06T15:16:00Z,96.3525
2026-01-06T15:17:00Z,95.622
2026-01-06T15:18:00Z,95.9345
2026-01-06T15:19:00Z,95.994
2026-01-06T15:20:00Z,96.2293
2026-01-06T15:21:00Z,95.4132
2026-01-06T15:22:00Z,96.2866
2026-01-06T15:23:00Z,95.6489
2026-01-06T15:24:00Z,96.3594
2026-01-06T15:25:00Z,96.1636
2026-01-06T15:26:00Z,95.4718
2026-01-06T15:27:00Z,95.3931
2026-01-06T15:28:00Z,96.1156
2026-01-06T15:29:00Z,95.7165
2026-01-06T15:30:00Z,96.6593
2026-01-06T15:31:00Z,96.7366
2026-01-06T15:32:00Z,95.5046
2026-01-06T15:33:00Z,96.3298
2026-01-06T15:34:00Z,96.1842
2026-01-06T15:35:00Z,96.4527
2026-01-06T15:36:00Z,95.8469
2026-01-06T15:37:00Z,95.5148
2026-01-06T15:38:00Z,96.2512
2026-01-06T15:39:00Z,96.0061
2026-01-06T15:40:00Z,96.314
2026-01-06T15:41:00Z,96.2691
2026-01-06T15:42:00Z,96.2736
2026-01-06T15:43:00Z,97.1847
2026-01-06T15:44:00Z,95.7048
2026-01-06T15:45:00Z,96.2094
2026-01-06T15:46:00Z,95.7401
2026-01-06T15:47:00Z,95.7836
2026-01-06T15:48:00Z,95.5829
2026-01-06T15:49:00Z,96.0194
2026-01-06T15:50:00Z,96.0935
2026-01-06T15:51:00Z,96.4811
2026-01-06T15:52:00Z,95.9095
2026-01-06T15:53:00Z,95.8399
2026-01-06T15:54:00Z,96.7686
2026-01-06T15:55:00Z,96.8632
2026-01-06T15:56:00Z,95.9046
2026-01-06T15:57:00Z,96.0401
2026-01-06T15:58:00Z,96.2125
2026-01-06T15:59:00Z,96.7185
2026-01-06T16:00:00Z,96.4427
2026-01-06T16:01:00Z,96.2444
2026-01-06T16:02:00Z,96.072
2026-01-06T16:03:00Z,95.6841
2026-01-06T16:04:00Z,97.1534
2026-01-06T16:05:00Z,95.9571
2026-01-06T16:06:00Z,95.6852
2026-01-06T16:07:00Z,96.4736
2026-01-06T16:08:00Z,95.9874
2026-01-06T16:09:00Z,95.5272
2026-01-06T16:10:00Z,96.891
2026-01-06T16:11:00Z,95.9465
2026-01-06T16:12:00Z,96.1011
2026-01-06T16:13:00Z,96.1052
2026-01-06T16:14:00Z,96.2889
2026-01-06T16:15:00Z,96.7881
2026-01-06T16:16:00Z,95.3393
2026-01-06T16:17:00Z,96.52
2026-01-06T16:18:00Z,95.6485
2026-01-06T16:19:00Z,95.8143
2026-01-06T16:20:00Z,96.3031
2026-01-06T16:21:00Z,96.2193
2026-01-06T16:22:00Z,96.1532
2026-01-06T16:23:00Z,95.6074
2026-01-06T16:24:00Z,95.6433
2026-01-06T16:25:00Z,95.571
2026-01-06T16:26:00Z,96.5318
2026-01-06T16:27:00Z,96.4973
2026-01-06T16:28:00Z,95.7022
2026-01-06T16:29:00Z,96.675
2026-01-06T16:30:00Z,95.9622
2026-01-06T16:31:00Z,95.5779
2026-01-06T16:32:00Z,96.8841
2026-01-06T16:33:00Z,95.6195
2026-01-06T16:34:00Z,95.6084
2026-01-06T16:35:00Z,96.7055
2026-01-06T16:36:00Z,96.0333
2026-01-06T16:37:00Z,95.8696
2026-01-06T16:38:00Z,95.2361
2026-01-06T16:39:00Z,96.0242
2026-01-06T16:40:00Z,96.1787
2026-01-06T16:41:00Z,96.1864
2026-01-06T16:42:00Z,94.8969
2026-01-06T16:43:00Z,95.8453
2026-01-06T16:44:00Z,95.2632
2026-01-06T16:45:00Z,95.7204
2026-01-06T16:46:00Z,96.5652
2026-01-06T16:47:00Z,96.168
2026-01-06T16:48:00Z,96.3772
2026-01-06T16:49:00Z,95.645
2026-01-06T16:50:00Z,95.5536
2026-01-06T16:51:00Z,96.0093
2026-01-06T16:52:00Z,96.5515
2026-01-06T16:53:00Z,95.4347
2026-01-06T16:54:00Z,96.9705
2026-01-06T16:55:00Z,96.4638
2026-01-06T16:56:00Z,95.9503
2026-01-06T16:57:00Z,96.1598
2026-01-06T16:58:00Z,95.6808
2026-01-06T16:59:00Z,95.5716
2026-01-06T17:00:00Z,96.3931
2026-01-06T17:01:00Z,96.381
2026-01-06T17:02:00Z,96.5021
2026-01-06T17:03:00Z,95.7456
2026-01-06T17:04:00Z,96.0753
2026-01-06T17:05:00Z,96.5188
2026-01-06T17:06:00Z,95.6554
2026-01-06T17:07:00Z,95.9386
2026-01-06T17:08:00Z,95.4915
2026-01-06T17:09:00Z,96.006
2026-01-06T17:10:00Z,95.6396
2026-01-06T17:11:00Z,95.6553
2026-01-06T17:12:00Z,95.4606
2026-01-06T17:13:00Z,96.3756
2026-01-06T17:14:00Z,96.1922
2026-01-06T17:15:00Z,95.1855
2026-01-06T17:16:00Z,95.6454
2026-01-06T17:17:00Z,95.7237
2026-01-06T17:18:00Z,95.2655
2026-01-06T17:19:00Z,95.7493
2026-01-06T17:20:00Z,95.4602
2026-01-06T17:21:00Z,95.8571
2026-01-06T17:22:00Z,96.1997
2026-01-06T17:23:00Z,95.8409
2026-01-06T17:24:00Z,96.3324
2026-01-06T17:25:00Z,96.5126
2026-01-06T17:26:00Z,95.5449
2026-01-06T17:27:00Z,96.4571
2026-01-06T17:28:00Z,96.4538
2026-01-06T17:29:00Z,96.5834
2026-01-06T17:30:00Z,96.1316
2026-01-06T17:31:00Z,96.1529
2026-01-06T17:32:00Z,96.2052
2026-01-06T17:33:00Z,96.1742
2026-01-06T17:34:00Z,96.1034
2026-01-06T17:35:00Z,96.167
2026-01-06T17:36:00Z,95.4022
2026-01-06T17:37:00Z,96.269
2026-01-06T17:38:00Z,96.5594
2026-01-06T17:39:00Z,96.0869
2026-01-06T17:40:00Z,95.3473
2026-01-06T17:41:00Z,95.1594
2026-01-06T17:42:00Z,95.8685
2026-01-06T17:43:00Z,95.8537
2026-01-06T17:44:00Z,96.3396
2026-01-06T17:45:00Z,96.1155
2026-01-06T17:46:00Z,95.2566
2026-01-06T17:47:00Z,96.0985
2026-01-06T17:48:00Z,96.0939
2026-01-06T17:49:00Z,96.1988
2026-01-06T17:50:00Z,96.016
2026-01-06T17:51:00Z,95.965
2026-01-06T17:52:00Z,96.6063
2026-01-06T17:53:00Z,95.8932
2026-01-06T17:54:00Z,96.2214
2026-01-06T17:55:00Z,95.8248
2026-01-06T17:56:00Z,96.2102
2026-01-06T17:57:00Z,96.5735
2026-01-06T17:58:00Z,96.7284
2026-01-06T17:59:00Z,95.7623
2026-01-06T18:00:00Z,95.2216
2026-01-06T18:01:00Z,95.8355
2026-01-06T18:02:00Z,96.3149
2026-01-06T18:03:00Z,95.8047
2026-01-06T18:04:00Z,96.3138
2026-01-06T18:05:00Z,95.6551
2026-01-06T18:06:00Z,95.4601
2026-01-06T18:07:00Z,95.3359
2026-01-06T18:08:00Z,95.7513
2026-01-06T18:09:00Z,96.6125
2026-01-06T18:10:00Z,95.8046
2026-01-06T18:11:00Z,95.8923
2026-01-06T18:12:00Z,95.5137
2026-01-06T18:13:00Z,96.2102
2026-01-06T18:14:00Z,95.3161
2026-01-06T18:15:00Z,95.6796
2026-01-06T18:16:00Z,95.7085
2026-01-06T18:17:00Z,95.5019
2026-01-06T18:18:00Z,95.5724
2026-01-06T18:19:00Z,97.1948
2026-01-06T18:20:00Z,95.7677
2026-01-06T18:21:00Z,95.6852
2026-01-06T18:22:00Z,95.4408
2026-01-06T18:23:00Z,95.6581
2026-01-06T18:24:00Z,96.0215
2026-01-06T18:25:00Z,96.2545
2026-01-06T18:26:00Z,96.7204
2026-01-06T18:27:00Z,96.12
2026-01-06T18:28:00Z,95.989
2026-01-06T18:29:00Z,96.3701
2026-01-06T18:30:00Z,95.7489
2026-01-06T18:31:00Z,96.0129
2026-01-06T18:32:00Z,96.0839
2026-01-06T18:33:00Z,95.791
2026-01-06T18:34:00Z,96.2767
2026-01-06T18:35:00Z,95.9124
2026-01-06T18:36:00Z,95.755
2026-01-06T18:37:00Z,95.8666
2026-01-06T18:38:00Z,96.4547
2026-01-06T18:39:00Z,96.6962
2026-01-06T18:40:00Z,95.7193
2026-01-06T18:41:00Z,96.8917
2026-01-06T18:42:00Z,96.22
2026-01-06T18:43:00Z,95.9731
2026-01-06T18:44:00Z,95.861
2026-01-06T18:45:00Z,94.8936
2026-01-06T18:46:00Z,95.4797
2026-01-06T18:47:00Z,95.0087
2026-01-06T18:48:00Z,95.7884
2026-01-06T18:49:00Z,95.9596
2026-01-06T18:50:00Z,95.8708
2026-01-06T18:51:00Z,95.9519
2026-01-06T18:52:00Z,95.9198
2026-01-06T18:53:00Z,96.0739
2026-01-06T18:54:00Z,95.8226
2026-01-06T18:55:00Z,96.4064
2026-01-06T18:56:00Z,95.6253
2026-01-06T18:57:00Z,95.7911
2026-01-06T18:58:00Z,95.9266
2026-01-06T18:59:00Z,96.7376
2026-01-06T19:00:00Z,95.4557
2026-01-06T19:01:00Z,96.6817
2026-01-06T19:02:00Z,95.7233
2026-01-06T19:03:00Z,96.3826
2026-01-06T19:04:00Z,95.3009
2026-01-06T19:05:00Z,96.1088
2026-01-06T19:06:00Z,95.7843
2026-01-06T19:07:00Z,96.0129
2026-01-06T19:08:00Z,96.9544
2026-01-06T19:09:00Z,95.5677
2026-01-06T19:10:00Z,95.9909
2026-01-06T19:11:00Z,96.7848
2026-01-06T19:12:00Z,96.2617
2026-01-06T19:13:00Z,95.4771
2026-01-06T19:14:00Z,96.6156
2026-01-06T19:15:00Z,96.2214
2026-01-06T19:16:00Z,95.7818
2026-01-06T19:17:00Z,95.0075
2026-01-06T19:18:00Z,96.5288
2026-01-06T19:19:00Z,96.3737
2026-01-06T19:20:00Z,95.4679
2026-01-06T19:21:00Z,95.6298
2026-01-06T19:22:00Z,96.1422
2026-01-06T19:23:00Z,95.354
2026-01-06T19:24:00Z,96.138
2026-01-06T19:25:00Z,96.0152
2026-01-06T19:26:00Z,96.8809
2026-01-06T19:27:00Z,96.5019
2026-01-06T19:28:00Z,96.0768
2026-01-06T19:29:00Z,95.6986
2026-01-06T19:30:00Z,96.0394
2026-01-06T19:31:00Z,95.4987
2026-01-06T19:32:00Z,95.6909
2026-01-06T19:33:00Z,95.7991
2026-01-06T19:34:00Z,96.2036
2026-01-06T19:35:00Z,95.5937
2026-01-06T19:36:00Z,96.872
2026-01-06T19:37:00Z,95.1839
2026-01-06T19:38:00Z,96.4681
2026-01-06T19:39:00Z,96.2605
2026-01-06T19:40:00Z,95.6681
2026-01-06T19:41:00Z,95.8267
2026-01-06T19:42:00Z,96.2749
2026-01-06T19:43:00Z,95.9829
2026-01-06T19:44:00Z,95.9496
2026-01-06T19:45:00Z,95.6345
2026-01-06T19:46:00Z,96.1039
2026-01-06T19:47:00Z,96.2141
2026-01-06T19:48:00Z,96.7429
2026-01-06T19:49:00Z,96.4681
2026-01-06T19:50:00Z,95.5775
2026-01-06T19:51:00Z,95.4076
2026-01-06T19:52:00Z,95.8136
2026-01-06T19:53:00Z,97.1342
2026-01-06T19:54:00Z,96.0888
2026-01-06T19:55:00Z,95.5421
2026-01-06T19:56:00Z,95.0262
2026-01-06T19:57:00Z,95.1318
2026-01-06T19:58:00Z,95.9248
2026-01-06T19:59:00Z,97.3776
2026-01-06T20:00:00Z,95.3263
2026-01-06T20:01:00Z,95.5514
2026-01-06T20:02:00Z,96.3972
2026-01-06T20:03:00Z,95.9585
2026-01-06T20:04:00Z,96.7175
2026-01-06T20:05:00Z,96.8617
2026-01-06T20:06:00Z,95.3686
2026-01-06T20:07:00Z,96.2256
2026-01-06T20:08:00Z,95.8482
2026-01-06T20:09:00Z,95.6408
2026-01-06T20:10:00Z,95.8231
2026-01-06T20:11:00Z,95.8927
2026-01-06T20:12:00Z,95.4355
2026-01-06T20:13:00Z,95.6129
2026-01-06T20:14:00Z,96.5292
2026-01-06T20:15:00Z,96.145
2026-01-06T20:16:00Z,96.4184
2026-01-06T20:17:00Z,96.0181
2026-01-06T20:18:00Z,96.5391
2026-01-06T20:19:00Z,96.1719
2026-01-06T20:20:00Z,96.0054
2026-01-06T20:21:00Z,96.3735
2026-01-06T20:22:00Z,95.1923
2026-01-06T20:23:00Z,96.1588
2026-01-06T20:24:00Z,96.0433
2026-01-06T20:25:00Z,96.2984
2026-01-06T20:26:00Z,96.4422
2026-01-06T20:27:00Z,95.2312
2026-01-06T20:28:00Z,96.3349
2026-01-06T20:29:00Z,95.7991
2026-01-06T20:30:00Z,96.4653
2026-01-06T20:31:00Z,95.8477
2026-01-06T20:32:00Z,95.5672
2026-01-06T20:33:00Z,96.2254
2026-01-06T20:34:00Z,95.8578
2026-01-06T20:35:00Z,95.316
2026-01-06T20:36:00Z,95.7316
2026-01-06T20:37:00Z,95.2091
2026-01-06T20:38:00Z,95.9427
2026-01-06T20:39:00Z,96.1778
2026-01-06T20:40:00Z,96.0347
2026-01-06T20:41:00Z,95.996
2026-01-06T20:42:00Z,95.8952
2026-01-06T20:43:00Z,94.5629
2026-01-06T20:44:00Z,95.6559
2026-01-06T20:45:00Z,96.1386
2026-01-06T20:46:00Z,95.7882
2026-01-06T20:47:00Z,96.3857
2026-01-06T20:48:00Z,95.7467
2026-01-06T20:49:00Z,96.5433
2026-01-06T20:50:00Z,96.434
2026-01-06T20:51:00Z,96.3538
2026-01-06T20:52:00Z,96.1577
2026-01-06T20:53:00Z,95.5442
2026-01-06T20:54:00Z,95.7987
2026-01-06T20:55:00Z,96.0789
2026-01-06T20:56:00Z,96.6262
2026-01-06T20:57:00Z,95.82
2026-01-06T20:58:00Z,95.7459
2026-01-06T20:59:00Z,96.4496
2026-01-06T21:00:00Z,94.9406
2026-01-06T21:01:00Z,96.4201
2026-01-06T21:02:00Z,96.5057
2026-01-06T21:03:00Z,96.6911
2026-01-06T21:04:00Z,95.8517
2026-01-06T21:05:00Z,95.8424
2026-01-06T21:06:00Z,97.0012
2026-01-06T21:07:00Z,96.8585
2026-01-06T21:08:00Z,95.8981
2026-01-06T21:09:00Z,95.0776
2026-01-06T21:10:00Z,95.4922
2026-01-06T21:11:00Z,96.6048
2026-01-06T21:12:00Z,95.4749
2026-01-06T21:13:00Z,96.2175
2026-01-06T21:14:00Z,96.574
2026-01-06T21:15:00Z,95.7714
2026-01-06T21:16:00Z,95.4924
2026-01-06T21:17:00Z,96.9276
2026-01-06T21:18:00Z,96.015
2026-01-06T21:19:00Z,95.9722
2026-01-06T21:20:00Z,96.3227
2026-01-06T21:21:00Z,94.7245
2026-01-06T21:22:00Z,96.2741
2026-01-06T21:23:00Z,96.1766
2026-01-06T21:24:00Z,95.8274
2026-01-06T21:25:00Z,95.9461
2026-01-06T21:26:00Z,95.5361
2026-01-06T21:27:00Z,95.755
2026-01-06T21:28:00Z,95.5985
2026-01-06T21:29:00Z,95.6077
2026-01-06T21:30:00Z,95.9649
2026-01-06T21:31:00Z,96.3679
2026-01-06T21:32:00Z,96.6961
2026-01-06T21:33:00Z,95.5898
2026-01-06T21:34:00Z,96.0375
2026-01-06T21:35:00Z,96.0768
2026-01-06T21:36:00Z,96.0575
2026-01-06T21:37:00Z,95.7849
2026-01-06T21:38:00Z,95.8638
2026-01-06T21:39:00Z,95.0904
2026-01-06T21:40:00Z,95.3357
2026-01-06T21:41:00Z,96.2077
2026-01-06T21:42:00Z,95.6857
2026-01-06T21:43:00Z,96.1158
2026-01-06T21:44:00Z,95.8601
2026-01-06T21:45:00Z,97.0349
2026-01-06T21:46:00Z,95.7724
2026-01-06T21:47:00Z,95.5058
2026-01-06T21:48:00Z,95.7689
2026-01-06T21:49:00Z,95.8915
2026-01-06T21:50:00Z,96.1339
2026-01-06T21:51:00Z,95.9959
2026-01-06T21:52:00Z,95.881
2026-01-06T21:53:00Z,96.0134
2026-01-06T21:54:00Z,95.6299
2026-01-06T21:55:00Z,95.7878
2026-01-06T21:56:00Z,97.5829
2026-01-06T21:57:00Z,96.2495
2026-01-06T21:58:00Z,95.9449
2026-01-06T21:59:00Z,95.7509
2026-01-06T22:00:00Z,96.2915
2026-01-06T22:01:00Z,96.2166
2026-01-06T22:02:00Z,96.2911
2026-01-06T22:03:00Z,95.9216
2026-01-06T22:04:00Z,95.5722
2026-01-06T22:05:00Z,96.8257
2026-01-06T22:06:00Z,95.5862
2026-01-06T22:07:00Z,95.3836
2026-01-06T22:08:00Z,96.1187
2026-01-06T22:09:00Z,96.2407
2026-01-06T22:10:00Z,94.6404
2026-01-06T22:11:00Z,95.6964
2026-01-06T22:12:00Z,96.2093
2026-01-06T22:13:00Z,96.1161
2026-01-06T22:14:00Z,96.2482
2026-01-06T22:15:00Z,96.0563
2026-01-06T22:16:00Z,95.3025
2026-01-06T22:17:00Z,95.8269
2026-01-06T22:18:00Z,95.856
2026-01-06T22:19:00Z,96.2999
2026-01-06T22:20:00Z,95.8395
2026-01-06T22:21:00Z,96.3804
2026-01-06T22:22:00Z,96.0039
2026-01-06T22:23:00Z,95.671
2026-01-06T22:24:00Z,95.8979
2026-01-06T22:25:00Z,95.5045
2026-01-06T22:26:00Z,96.2994
2026-01-06T22:27:00Z,95.8648
2026-01-06T22:28:00Z,96.6527
2026-01-06T22:29:00Z,95.4867
2026-01-06T22:30:00Z,96.7049
2026-01-06T22:31:00Z,95.9905
2026-01-06T22:32:00Z,97.1676
2026-01-06T22:33:00Z,95.936
2026-01-06T22:34:00Z,96.6222
2026-01-06T22:35:00Z,96.2844
2026-01-06T22:36:00Z,95.6937
2026-01-06T22:37:00Z,95.9396
2026-01-06T22:38:00Z,95.632
2026-01-06T22:39:00Z,96.339
2026-01-06T22:40:00Z,96.3283
2026-01-06T22:41:00Z,95.902
2026-01-06T22:42:00Z,95.4151
2026-01-06T22:43:00Z,96.2448
2026-01-06T22:44:00Z,96.0142
2026-01-06T22:45:00Z,96.4388
2026-01-06T22:46:00Z,95.8873
2026-01-06T22:47:00Z,95.8518
2026-01-06T22:48:00Z,95.6904
2026-01-06T22:49:00Z,96.4651
2026-01-06T22:50:00Z,96.6921
2026-01-06T22:51:00Z,96.5077
2026-01-06T22:52:00Z,96.0467
2026-01-06T22:53:00Z,96.511
2026-01-06T22:54:00Z,96.2978
2026-01-06T22:55:00Z,96.6881
2026-01-06T22:56:00Z,95.2424
2026-01-06T22:57:00Z,95.9852
2026-01-06T22:58:00Z,95.762
2026-01-06T22:59:00Z,96.6246
2026-01-06T23:00:00Z,95.5738
2026-01-06T23:01:00Z,95.9829
2026-01-06T23:02:00Z,95.7774
2026-01-06T23:03:00Z,96.7079
2026-01-06T23:04:00Z,95.9056
2026-01-06T23:05:00Z,96.3403
2026-01-06T23:06:00Z,95.774
2026-01-06T23:07:00Z,95.4321
2026-01-06T23:08:00Z,96.0861
2026-01-06T23:09:00Z,95.8845
2026-01-06T23:10:00Z,95.2433
2026-01-06T23:11:00Z,96.1998
2026-01-06T23:12:00Z,95.604
2026-01-06T23:13:00Z,96.1637
2026-01-06T23:14:00Z,97.113
2026-01-06T23:15:00Z,96.6104
2026-01-06T23:16:00Z,95.3431
2026-01-06T23:17:00Z,95.7925
2026-01-06T23:18:00Z,95.803
2026-01-06T23:19:00Z,95.2558
2026-01-06T23:20:00Z,96.0982
2026-01-06T23:21:00Z,95.2846
2026-01-06T23:22:00Z,96.3645
2026-01-06T23:23:00Z,96.3086
2026-01-06T23:24:00Z,95.9695
2026-01-06T23:25:00Z,96.3204
2026-01-06T23:26:00Z,95.3646
2026-01-06T23:27:00Z,95.8745
2026-01-06T23:28:00Z,96.6111
2026-01-06T23:29:00Z,96.8284
2026-01-06T23:30:00Z,95.9432
2026-01-06T23:31:00Z,96.5079
2026-01-06T23:32:00Z,95.9734
2026-01-06T23:33:00Z,96.027
2026-01-06T23:34:00Z,95.0899
2026-01-06T23:35:00Z,96.8024
2026-01-06T23:36:00Z,95.4147
2026-01-06T23:37:00Z,96.2672
2026-01-06T23:38:00Z,95.4955
2026-01-06T23:39:00Z,96.4276
2026-01-06T23:40:00Z,95.7899
2026-01-06T23:41:00Z,95.6914
2026-01-06T23:42:00Z,95.9836
2026-01-06T23:43:00Z,95.9987
2026-01-06T23:44:00Z,95.7664
2026-01-06T23:45:00Z,95.4965
2026-01-06T23:46:00Z,96.3586
2026-01-06T23:47:00Z,96.1068
2026-01-06T23:48:00Z,95.9884
2026-01-06T23:49:00Z,95.9123
2026-01-06T23:50:00Z,95.7723
2026-01-06T23:51:00Z,96.2715
2026-01-06T23:52:00Z,96.918
2026-01-06T23:53:00Z,96.3961
2026-01-06T23:54:00Z,95.8064
2026-01-06T23:55:00Z,96.5325
2026-01-06T23:56:00Z,96.1895
2026-01-06T23:57:00Z,96.0579
2026-01-06T23:58:00Z,95.4052
2026-01-06T23:59:00Z,96.3961
2026-01-07T00:00:00Z,96.0032
2026-01-07T00:01:00Z,95.6849
2026-01-07T00:02:00Z,96.3992
2026-01-07T00:03:00Z,96.1427
2026-01-07T00:04:00Z,96.071
2026-01-07T00:05:00Z,95.5349
2026-01-07T00:06:00Z,96.2744
2026-01-07T00:07:00Z,96.5641
2026-01-07T00:08:00Z,96.1921
2026-01-07T00:09:00Z,96.0248
2026-01-07T00:10:00Z,95.932
2026-01-07T00:11:00Z,97.3128
2026-01-07T00:12:00Z,96.4506
2026-01-07T00:13:00Z,96.4753
2026-01-07T00:14:00Z,96.042
2026-01-07T00:15:00Z,96.2165
2026-01-07T00:16:00Z,95.9499
2026-01-07T00:17:00Z,96.6218
2026-01-07T00:18:00Z,96.1267
2026-01-07T00:19:00Z,96.8278
2026-01-07T00:20:00Z,96.219
2026-01-07T00:21:00Z,95.7635
2026-01-07T00:22:00Z,96.1676
2026-01-07T00:23:00Z,96.1593
2026-01-07T00:24:00Z,96.3156
2026-01-07T00:25:00Z,95.7843
2026-01-07T00:26:00Z,95.3825
2026-01-07T00:27:00Z,95.8383
2026-01-07T00:28:00Z,94.9027
2026-01-07T00:29:00Z,96.1592
2026-01-07T00:30:00Z,95.1727
2026-01-07T00:31:00Z,97.274
2026-01-07T00:32:00Z,96.3993
2026-01-07T00:33:00Z,95.6141
2026-01-07T00:34:00Z,95.5133
2026-01-07T00:35:00Z,95.4341
2026-01-07T00:36:00Z,96.0376
2026-01-07T00:37:00Z,96.0876
2026-01-07T00:38:00Z,95.9122
2026-01-07T00:39:00Z,96.7444
2026-01-07T00:40:00Z,95.7388
2026-01-07T00:41:00Z,96.3423
2026-01-07T00:42:00Z,95.8504
2026-01-07T00:43:00Z,95.7378
2026-01-07T00:44:00Z,96.5948
2026-01-07T00:45:00Z,96.1393
2026-01-07T00:46:00Z,95.8584
2026-01-07T00:47:00Z,95.4449
2026-01-07T00:48:00Z,95.8435
2026-01-07T00:49:00Z,95.9117
2026-01-07T00:50:00Z,95.8126
2026-01-07T00:51:00Z,95.2097
2026-01-07T00:52:00Z,95.9419
2026-01-07T00:53:00Z,96.025
2026-01-07T00:54:00Z,95.5816
2026-01-07T00:55:00Z,96.2166
2026-01-07T00:56:00Z,94.8936
2026-01-07T00:57:00Z,96.003
2026-01-07T00:58:00Z,96.5857
2026-01-07T00:59:00Z,96.8295
2026-01-07T01:00:00Z,95.6057
2026-01-07T01:01:00Z,95.0567
2026-01-07T01:02:00Z,96.9261
2026-01-07T01:03:00Z,95.9673
2026-01-07T01:04:00Z,96.344
2026-01-07T01:05:00Z,95.8141
2026-01-07T01:06:00Z,96.2718
2026-01-07T01:07:00Z,95.5523
2026-01-07T01:08:00Z,96.2587
2026-01-07T01:09:00Z,96.421
2026-01-07T01:10:00Z,96.3984
2026-01-07T01:11:00Z,96.8138
2026-01-07T01:12:00Z,96.1979
2026-01-07T01:13:00Z,96.0563
2026-01-07T01:14:00Z,95.1543
2026-01-07T01:15:00Z,95.6223
2026-01-07T01:16:00Z,96.5641
2026-01-07T01:17:00Z,96.441
2026-01-07T01:18:00Z,95.7432
2026-01-07T01:19:00Z,95.7155
2026-01-07T01:20:00Z,96.1012
2026-01-07T01:21:00Z,96.187
2026-01-07T01:22:00Z,95.8906
2026-01-07T01:23:00Z,96.0175
2026-01-07T01:24:00Z,95.8688
2026-01-07T01:25:00Z,95.7687
2026-01-07T01:26:00Z,95.1906
2026-01-07T01:27:00Z,95.851
2026-01-07T01:28:00Z,95.4948
2026-01-07T01:29:00Z,96.2198
2026-01-07T01:30:00Z,96.1814
2026-01-07T01:31:00Z,96.0058
2026-01-07T01:32:00Z,95.5744
2026-01-07T01:33:00Z,96.1715
2026-01-07T01:34:00Z,95.3403
2026-01-07T01:35:00Z,95.5994
2026-01-07T01:36:00Z,95.7893
2026-01-07T01:37:00Z,95.5332
2026-01-07T01:38:00Z,96.3001
2026-01-07T01:39:00Z,96.3716
2026-01-07T01:40:00Z,96.5614
2026-01-07T01:41:00Z,95.4046
2026-01-07T01:42:00Z,96.1313
2026-01-07T01:43:00Z,95.7295
2026-01-07T01:44:00Z,95.8425
2026-01-07T01:45:00Z,95.8982
2026-01-07T01:46:00Z,95.4205
2026-01-07T01:47:00Z,95.9872
2026-01-07T01:48:00Z,96.5519
2026-01-07T01:49:00Z,95.0084
2026-01-07T01:50:00Z,95.7232
2026-01-07T01:51:00Z,96.3834
2026-01-07T01:52:00Z,95.8911
2026-01-07T01:53:00Z,95.9223
2026-01-07T01:54:00Z,96.0033
2026-01-07T01:55:00Z,96.2971
2026-01-07T01:56:00Z,95.8857
2026-01-07T01:57:00Z,95.8505
2026-01-07T01:58:00Z,96.8329
2026-01-07T01:59:00Z,96.4658
2026-01-07T02:00:00Z,96.1931
2026-01-07T02:01:00Z,96.3052
2026-01-07T02:02:00Z,95.7927
2026-01-07T02:03:00Z,95.7079
2026-01-07T02:04:00Z,96.5957
2026-01-07T02:05:00Z,96.3072
2026-01-07T02:06:00Z,96.6434
2026-01-07T02:07:00Z,96.6192
2026-01-07T02:08:00Z,96.3559
2026-01-07T02:09:00Z,96.0333
2026-01-07T02:10:00Z,95.6952
2026-01-07T02:11:00Z,96.2687
2026-01-07T02:12:00Z,95.4057
2026-01-07T02:13:00Z,96.8976
2026-01-07T02:14:00Z,96.0199
2026-01-07T02:15:00Z,96.932
2026-01-07T02:16:00Z,96.6097
2026-01-07T02:17:00Z,95.2108
2026-01-07T02:18:00Z,96.6137
2026-01-07T02:19:00Z,95.7903
2026-01-07T02:20:00Z,95.9475
2026-01-07T02:21:00Z,95.077
2026-01-07T02:22:00Z,96.0768
2026-01-07T02:23:00Z,95.6094
2026-01-07T02:24:00Z,96.2385
2026-01-07T02:25:00Z,96.9551
2026-01-07T02:26:00Z,96.3513
2026-01-07T02:27:00Z,95.9992
2026-01-07T02:28:00Z,95.694
2026-01-07T02:29:00Z,96.2611
2026-01-07T02:30:00Z,96.0324
2026-01-07T02:31:00Z,95.4864
2026-01-07T02:32:00Z,96.1066
2026-01-07T02:33:00Z,95.9094
2026-01-07T02:34:00Z,96.762
2026-01-07T02:35:00Z,95.6963
2026-01-07T02:36:00Z,96.551
2026-01-07T02:37:00Z,96.9087
2026-01-07T02:38:00Z,95.6735
2026-01-07T02:39:00Z,96.1934
2026-01-07T02:40:00Z,96.3347
2026-01-07T02:41:00Z,96.8967
2026-01-07T02:42:00Z,95.5119
2026-01-07T02:43:00Z,96.6188
2026-01-07T02:44:00Z,95.0542
2026-01-07T02:45:00Z,96.9078
2026-01-07T02:46:00Z,96.5109
2026-01-07T02:47:00Z,96.129
2026-01-07T02:48:00Z,95.9
2026-01-07T02:49:00Z,95.4618
2026-01-07T02:50:00Z,96.8632
2026-01-07T02:51:00Z,96.4246
2026-01-07T02:52:00Z,97.0638
2026-01-07T02:53:00Z,96.0732
2026-01-07T02:54:00Z,95.6947
2026-01-07T02:55:00Z,96.886
2026-01-07T02:56:00Z,96.5893
2026-01-07T02:57:00Z,95.679
2026-01-07T02:58:00Z,95.4785
2026-01-07T02:59:00Z,97.0381
2026-01-07T03:00:00Z,95.6938
2026-01-07T03:01:00Z,96.2574
2026-01-07T03:02:00Z,95.6378
2026-01-07T03:03:00Z,96.4191
2026-01-07T03:04:00Z,96.3484
2026-01-07T03:05:00Z,96.0139
2026-01-07T03:06:00Z,95.7305
2026-01-07T03:07:00Z,95.2489
2026-01-07T03:08:00Z,96.0045
2026-01-07T03:09:00Z,95.7703
2026-01-07T03:10:00Z,95.9917
2026-01-07T03:11:00Z,96.4882
2026-01-07T03:12:00Z,95.6293
2026-01-07T03:13:00Z,96.074
2026-01-07T03:14:00Z,96.0495
2026-01-07T03:15:00Z,94.794
2026-01-07T03:16:00Z,95.7918
2026-01-07T03:17:00Z,95.7643
2026-01-07T03:18:00Z,95.3396
2026-01-07T03:19:00Z,96.1745
2026-01-07T03:20:00Z,96.2243
2026-01-07T03:21:00Z,96.0929
2026-01-07T03:22:00Z,96.6567
2026-01-07T03:23:00Z,95.8179
2026-01-07T03:24:00Z,96.4588
2026-01-07T03:25:00Z,96.1896
2026-01-07T03:26:00Z,95.7634
2026-01-07T03:27:00Z,96.3141
2026-01-07T03:28:00Z,95.9611
2026-01-07T03:29:00Z,95.8025
2026-01-07T03:30:00Z,96.5287
2026-01-07T03:31:00Z,95.7079
2026-01-07T03:32:00Z,96.1714
2026-01-07T03:33:00Z,95.9029
2026-01-07T03:34:00Z,96.8369
2026-01-07T03:35:00Z,96.7078
2026-01-07T03:36:00Z,95.7154
2026-01-07T03:37:00Z,96.3385
2026-01-07T03:38:00Z,95.4234
2026-01-07T03:39:00Z,96.0744
2026-01-07T03:40:00Z,96.3854
2026-01-07T03:41:00Z,96.2828
2026-01-07T03:42:00Z,96.1817
2026-01-07T03:43:00Z,95.8148
2026-01-07T03:44:00Z,96.1358
2026-01-07T03:45:00Z,96.2285
2026-01-07T03:46:00Z,97.3555
2026-01-07T03:47:00Z,95.9687
2026-01-07T03:48:00Z,95.8682
2026-01-07T03:49:00Z,95.9469
2026-01-07T03:50:00Z,96.0814
2026-01-07T03:51:00Z,95.6587
2026-01-07T03:52:00Z,96.3739
2026-01-07T03:53:00Z,96.8872
2026-01-07T03:54:00Z,95.4496
2026-01-07T03:55:00Z,95.5761
2026-01-07T03:56:00Z,95.0616
2026-01-07T03:57:00Z,95.8319
2026-01-07T03:58:00Z,96.0676
2026-01-07T03:59:00Z,96.2521
2026-01-07T04:00:00Z,95.9299
2026-01-07T04:01:00Z,96.4882
2026-01-07T04:02:00Z,95.6234
2026-01-07T04:03:00Z,95.6928
2026-01-07T04:04:00Z,96.3327
2026-01-07T04:05:00Z,97.4184
2026-01-07T04:06:00Z,97.0714
2026-01-07T04:07:00Z,96.0638
2026-01-07T04:08:00Z,96.9276
2026-01-07T04:09:00Z,96.1244
2026-01-07T04:10:00Z,96.0281
2026-01-07T04:11:00Z,96.9237
2026-01-07T04:12:00Z,96.2208
2026-01-07T04:13:00Z,95.4746
2026-01-07T04:14:00Z,95.5054
2026-01-07T04:15:00Z,95.5572
2026-01-07T04:16:00Z,96.8295
2026-01-07T04:17:00Z,95.804
2026-01-07T04:18:00Z,96.0633
2026-01-07T04:19:00Z,96.6076
2026-01-07T04:20:00Z,96.0159
2026-01-07T04:21:00Z,96.38
2026-01-07T04:22:00Z,95.2237
2026-01-07T04:23:00Z,94.9931
2026-01-07T04:24:00Z,95.3817
2026-01-07T04:25:00Z,95.5707
2026-01-07T04:26:00Z,96.4362
2026-01-07T04:27:00Z,96.1772
2026-01-07T04:28:00Z,95.9757
2026-01-07T04:29:00Z,95.7889
2026-01-07T04:30:00Z,96.4616
2026-01-07T04:31:00Z,95.9357
2026-01-07T04:32:00Z,96.106
2026-01-07T04:33:00Z,96.735
2026-01-07T04:34:00Z,95.5548
2026-01-07T04:35:00Z,96.0658
2026-01-07T04:36:00Z,96.2115
2026-01-07T04:37:00Z,95.8297
2026-01-07T04:38:00Z,97.0253
2026-01-07T04:39:00Z,96.2614
2026-01-07T04:40:00Z,95.3288
2026-01-07T04:41:00Z,96.0163
2026-01-07T04:42:00Z,96.3768
2026-01-07T04:43:00Z,95.5358
2026-01-07T04:44:00Z,95.6361
2026-01-07T04:45:00Z,96.9004
2026-01-07T04:46:00Z,95.7283
2026-01-07T04:47:00Z,97.0074
2026-01-07T04:48:00Z,95.4316
2026-01-07T04:49:00Z,96.1884
2026-01-07T04:50:00Z,94.6784
2026-01-07T04:51:00Z,95.5642
2026-01-07T04:52:00Z,96.5187
2026-01-07T04:53:00Z,95.4869
2026-01-07T04:54:00Z,96.2322
2026-01-07T04:55:00Z,96.2374
2026-01-07T04:56:00Z,96.6699
2026-01-07T04:57:00Z,95.5623
2026-01-07T04:58:00Z,97.0111
2026-01-07T04:59:00Z,95.2118
2026-01-07T05:00:00Z,95.4551
2026-01-07T05:01:00Z,95.4693
2026-01-07T05:02:00Z,95.4464
2026-01-07T05:03:00Z,95.8286
2026-01-07T05:04:00Z,96.5096
2026-01-07T05:05:00Z,96.5387
2026-01-07T05:06:00Z,96.0209
2026-01-07T05:07:00Z,95.646
2026-01-07T05:08:00Z,94.7004
2026-01-07T05:09:00Z,96.3006
2026-01-07T05:10:00Z,95.2742
2026-01-07T05:11:00Z,95.1836
2026-01-07T05:12:00Z,96.1898
2026-01-07T05:13:00Z,95.8674
2026-01-07T05:14:00Z,95.8744
2026-01-07T05:15:00Z,95.3666
2026-01-07T05:16:00Z,96.3962
2026-01-07T05:17:00Z,96.3688
2026-01-07T05:18:00Z,96.0167
2026-01-07T05:19:00Z,96.1267
2026-01-07T05:20:00Z,95.3771
2026-01-07T05:21:00Z,96.6844
2026-01-07T05:22:00Z,95.0801
2026-01-07T05:23:00Z,95.597
2026-01-07T05:24:00Z,95.8918
2026-01-07T05:25:00Z,96.1689
2026-01-07T05:26:00Z,95.8863
2026-01-07T05:27:00Z,96.7042
2026-01-07T05:28:00Z,95.7452
2026-01-07T05:29:00Z,95.3344
2026-01-07T05:30:00Z,96.8004
2026-01-07T05:31:00Z,96.1282
2026-01-07T05:32:00Z,96.1847
2026-01-07T05:33:00Z,95.4998
2026-01-07T05:34:00Z,95.6335
2026-01-07T05:35:00Z,95.6803
2026-01-07T05:36:00Z,95.8792
2026-01-07T05:37:00Z,95.7899
2026-01-07T05:38:00Z,95.7016
2026-01-07T05:39:00Z,96.8431
2026-01-07T05:40:00Z,96.1271
2026-01-07T05:41:00Z,95.3036
2026-01-07T05:42:00Z,96.3709
2026-01-07T05:43:00Z,95.748
2026-01-07T05:44:00Z,95.808
2026-01-07T05:45:00Z,95.2269
2026-01-07T05:46:00Z,96.7477
2026-01-07T05:47:00Z,96.3047
2026-01-07T05:48:00Z,95.6448
2026-01-07T05:49:00Z,95.5803
2026-01-07T05:50:00Z,96.2822
2026-01-07T05:51:00Z,95.7761
2026-01-07T05:52:00Z,95.8383
2026-01-07T05:53:00Z,96.3361
2026-01-07T05:54:00Z,96.0966
2026-01-07T05:55:00Z,95.9726
2026-01-07T05:56:00Z,95.535
2026-01-07T05:57:00Z,96.5676
2026-01-07T05:58:00Z,96.2551
2026-01-07T05:59:00Z,95.0035
2026-01-07T06:00:00Z,94.966
2026-01-07T06:01:00Z,96.4268
2026-01-07T06:02:00Z,96.1365
2026-01-07T06:03:00Z,95.5373
2026-01-07T06:04:00Z,95.5475
2026-01-07T06:05:00Z,96.2045
2026-01-07T06:06:00Z,95.4042
2026-01-07T06:07:00Z,96.8504
2026-01-07T06:08:00Z,95.7814
2026-01-07T06:09:00Z,95.6785
2026-01-07T06:10:00Z,96.4662
2026-01-07T06:11:00Z,96.5212
2026-01-07T06:12:00Z,95.6038
2026-01-07T06:13:00Z,96.1008
2026-01-07T06:14:00Z,96.4343
2026-01-07T06:15:00Z,96.3801
2026-01-07T06:16:00Z,95.9129
2026-01-07T06:17:00Z,95.5402
2026-01-07T06:18:00Z,96.0932
2026-01-07T06:19:00Z,95.8869
2026-01-07T06:20:00Z,96.2799
2026-01-07T06:21:00Z,96.3595
2026-01-07T06:22:00Z,96.1383
2026-01-07T06:23:00Z,95.3029
2026-01-07T06:24:00Z,96.1607
2026-01-07T06:25:00Z,95.6663
2026-01-07T06:26:00Z,95.1175
2026-01-07T06:27:00Z,96.0189
2026-01-07T06:28:00Z,95.8979
2026-01-07T06:29:00Z,96.4261
2026-01-07T06:30:00Z,96.2527
2026-01-07T06:31:00Z,96.6462
2026-01-07T06:32:00Z,95.8745
2026-01-07T06:33:00Z,96.1689
2026-01-07T06:34:00Z,95.9721
2026-01-07T06:35:00Z,96.0369
2026-01-07T06:36:00Z,94.6273
2026-01-07T06:37:00Z,96.3471
2026-01-07T06:38:00Z,96.1228
2026-01-07T06:39:00Z,96.5471
2026-01-07T06:40:00Z,96.7317
2026-01-07T06:41:00Z,96.4201
2026-01-07T06:42:00Z,96.4164
2026-01-07T06:43:00Z,96.6821
2026-01-07T06:44:00Z,95.5489
2026-01-07T06:45:00Z,96.0004
2026-01-07T06:46:00Z,95.0536
2026-01-07T06:47:00Z,95.5177
2026-01-07T06:48:00Z,96.4265
2026-01-07T06:49:00Z,95.652
2026-01-07T06:50:00Z,95.7712
2026-01-07T06:51:00Z,95.9374
2026-01-07T06:52:00Z,95.5227
2026-01-07T06:53:00Z,95.4237
2026-01-07T06:54:00Z,96.1496
2026-01-07T06:55:00Z,95.0697
2026-01-07T06:56:00Z,95.6949
2026-01-07T06:57:00Z,95.7096
2026-01-07T06:58:00Z,96.0414
2026-01-07T06:59:00Z,96.1343
2026-01-07T07:00:00Z,96.3861
2026-01-07T07:01:00Z,95.5306
2026-01-07T07:02:00Z,96.07
2026-01-07T07:03:00Z,96.0454
2026-01-07T07:04:00Z,95.8189
2026-01-07T07:05:00Z,94.9492
2026-01-07T07:06:00Z,96.889
2026-01-07T07:07:00Z,95.3412
2026-01-07T07:08:00Z,96.0706
2026-01-07T07:09:00Z,96.0643
2026-01-07T07:10:00Z,95.9126
2026-01-07T07:11:00Z,96.2879
2026-01-07T07:12:00Z,95.0806
2026-01-07T07:13:00Z,95.9894
2026-01-07T07:14:00Z,95.0784
2026-01-07T07:15:00Z,95.425
2026-01-07T07:16:00Z,96.5141
2026-01-07T07:17:00Z,96.5654
2026-01-07T07:18:00Z,96.7006
2026-01-07T07:19:00Z,97.0057
2026-01-07T07:20:00Z,96.0362
2026-01-07T07:21:00Z,95.577
2026-01-07T07:22:00Z,96.6028
2026-01-07T07:23:00Z,95.2511
2026-01-07T07:24:00Z,95.5217
2026-01-07T07:25:00Z,95.8915
2026-01-07T07:26:00Z,96.103
2026-01-07T07:27:00Z,95.5122
2026-01-07T07:28:00Z,95.8656
2026-01-07T07:29:00Z,95.9881
2026-01-07T07:30:00Z,95.9298
2026-01-07T07:31:00Z,96.5119
2026-01-07T07:32:00Z,95.8563
2026-01-07T07:33:00Z,95.5763
2026-01-07T07:34:00Z,96.0843
2026-01-07T07:35:00Z,96.8195
2026-01-07T07:36:00Z,96.1767
2026-01-07T07:37:00Z,96.039
2026-01-07T07:38:00Z,97.0287
2026-01-07T07:39:00Z,96.7321
2026-01-07T07:40:00Z,96.0793
2026-01-07T07:41:00Z,96.4112
2026-01-07T07:42:00Z,95.9546
2026-01-07T07:43:00Z,95.846
2026-01-07T07:44:00Z,95.7887
2026-01-07T07:45:00Z,96.2796
2026-01-07T07:46:00Z,96.499
2026-01-07T07:47:00Z,96.8331
2026-01-07T07:48:00Z,95.6648
2026-01-07T07:49:00Z,95.8977
2026-01-07T07:50:00Z,96.3878
2026-01-07T07:51:00Z,95.5991
2026-01-07T07:52:00Z,96.0524
2026-01-07T07:53:00Z,96.6321
2026-01-07T07:54:00Z,96.2131
2026-01-07T07:55:00Z,96.3233
2026-01-07T07:56:00Z,95.2956
2026-01-07T07:57:00Z,96.4442
2026-01-07T07:58:00Z,96.4319
2026-01-07T07:59:00Z,95.6952
2026-01-07T08:00:00Z,96.0615
2026-01-07T08:01:00Z,95.1679
2026-01-07T08:02:00Z,96.0474
2026-01-07T08:03:00Z,97.1196
2026-01-07T08:04:00Z,95.7718
2026-01-07T08:05:00Z,96.3951
2026-01-07T08:06:00Z,95.7409
2026-01-07T08:07:00Z,96.4337
2026-01-07T08:08:00Z,95.1567
2026-01-07T08:09:00Z,95.569
2026-01-07T08:10:00Z,96.406
2026-01-07T08:11:00Z,95.993
2026-01-07T08:12:00Z,96.0032
2026-01-07T08:13:00Z,95.7505
2026-01-07T08:14:00Z,96.152
2026-01-07T08:15:00Z,95.5372
2026-01-07T08:16:00Z,96.3918
2026-01-07T08:17:00Z,95.7276
2026-01-07T08:18:00Z,95.8406
2026-01-07T08:19:00Z,96.9336
2026-01-07T08:20:00Z,96.883
2026-01-07T08:21:00Z,95.9494
2026-01-07T08:22:00Z,95.4811
2026-01-07T08:23:00Z,96.8628
2026-01-07T08:24:00Z,96.8415
2026-01-07T08:25:00Z,96.0052
2026-01-07T08:26:00Z,94.915
2026-01-07T08:27:00Z,96.4915
2026-01-07T08:28:00Z,96.2273
2026-01-07T08:29:00Z,95.7469
2026-01-07T08:30:00Z,96.6424
2026-01-07T08:31:00Z,96.8253
2026-01-07T08:32:00Z,95.5608
2026-01-07T08:33:00Z,96.2505
2026-01-07T08:34:00Z,95.6198
2026-01-07T08:35:00Z,95.2509
2026-01-07T08:36:00Z,95.5919
2026-01-07T08:37:00Z,96.2929
2026-01-07T08:38:00Z,96.2351
2026-01-07T08:39:00Z,96.3843
2026-01-07T08:40:00Z,96.3738
2026-01-07T08:41:00Z,95.9257
2026-01-07T08:42:00Z,96.4159
2026-01-07T08:43:00Z,95.3536
2026-01-07T08:44:00Z,95.6661
2026-01-07T08:45:00Z,95.3126
2026-01-07T08:46:00Z,95.4585
2026-01-07T08:47:00Z,95.6974
2026-01-07T08:48:00Z,95.8968
2026-01-07T08:49:00Z,95.3926
2026-01-07T08:50:00Z,96.1139
2026-01-07T08:51:00Z,96.2171
2026-01-07T08:52:00Z,96.2391
2026-01-07T08:53:00Z,96.3681
2026-01-07T08:54:00Z,96.8167
2026-01-07T08:55:00Z,95.3719
2026-01-07T08:56:00Z,96.0125
2026-01-07T08:57:00Z,96.752
2026-01-07T08:58:00Z,96.9391
2026-01-07T08:59:00Z,96.118
2026-01-07T09:00:00Z,95.0709
2026-01-07T09:01:00Z,95.3948
2026-01-07T09:02:00Z,95.6235
2026-01-07T09:03:00Z,95.4667
2026-01-07T09:04:00Z,95.7979
2026-01-07T09:05:00Z,96.1171
2026-01-07T09:06:00Z,96.1917
2026-01-07T09:07:00Z,96.8146
2026-01-07T09:08:00Z,95.9389
2026-01-07T09:09:00Z,95.4049
2026-01-07T09:10:00Z,96.5645
2026-01-07T09:11:00Z,96.7981
2026-01-07T09:12:00Z,95.776
2026-01-07T09:13:00Z,96.1123
2026-01-07T09:14:00Z,95.6002
2026-01-07T09:15:00Z,96.1091
2026-01-07T09:16:00Z,95.4667
2026-01-07T09:17:00Z,95.639
2026-01-07T09:18:00Z,96.4902
2026-01-07T09:19:00Z,95.9633
2026-01-07T09:20:00Z,95.8995
2026-01-07T09:21:00Z,96.1063
2026-01-07T09:22:00Z,95.8689
2026-01-07T09:23:00Z,95.4816
2026-01-07T09:24:00Z,96.2541
2026-01-07T09:25:00Z,95.7842
2026-01-07T09:26:00Z,95.8876
2026-01-07T09:27:00Z,96.0495
2026-01-07T09:28:00Z,96.1819
2026-01-07T09:29:00Z,94.4316
2026-01-07T09:30:00Z,95.8696
2026-01-07T09:31:00Z,96.0383
2026-01-07T09:32:00Z,94.8686
2026-01-07T09:33:00Z,95.9671
2026-01-07T09:34:00Z,95.766
2026-01-07T09:35:00Z,95.5856
2026-01-07T09:36:00Z,95.9621
2026-01-07T09:37:00Z,96.2137
2026-01-07T09:38:00Z,95.8081
2026-01-07T09:39:00Z,96.5849
2026-01-07T09:40:00Z,95.7673
2026-01-07T09:41:00Z,96.0999
2026-01-07T09:42:00Z,96.4735
2026-01-07T09:43:00Z,96.8489
2026-01-07T09:44:00Z,96.3467
2026-01-07T09:45:00Z,95.6862
2026-01-07T09:46:00Z,96.3406
2026-01-07T09:47:00Z,96.3302
2026-01-07T09:48:00Z,95.99
2026-01-07T09:49:00Z,96.3108
2026-01-07T09:50:00Z,95.3414
2026-01-07T09:51:00Z,96.634
2026-01-07T09:52:00Z,94.8981
2026-01-07T09:53:00Z,96.6759
2026-01-07T09:54:00Z,96.0723
2026-01-07T09:55:00Z,96.3843
2026-01-07T09:56:00Z,95.4959
2026-01-07T09:57:00Z,95.5591
2026-01-07T09:58:00Z,96.3779
2026-01-07T09:59:00Z,95.6107
2026-01-07T10:00:00Z,95.5026
2026-01-07T10:01:00Z,95.3626
2026-01-07T10:02:00Z,95.8077
2026-01-07T10:03:00Z,96.0274
2026-01-07T10:04:00Z,96.1525
2026-01-07T10:05:00Z,96.57
2026-01-07T10:06:00Z,96.0647
2026-01-07T10:07:00Z,95.8737
2026-01-07T10:08:00Z,95.8379
2026-01-07T10:09:00Z,97.2804
2026-01-07T10:10:00Z,95.9205
2026-01-07T10:11:00Z,96.401
2026-01-07T10:12:00Z,95.3925
2026-01-07T10:13:00Z,95.3102
2026-01-07T10:14:00Z,95.5636
2026-01-07T10:15:00Z,96.2864
2026-01-07T10:16:00Z,96.0048
2026-01-07T10:17:00Z,95.8405
2026-01-07T10:18:00Z,95.2382
2026-01-07T10:19:00Z,95.6595
2026-01-07T10:20:00Z,96.5099
2026-01-07T10:21:00Z,95.1758
2026-01-07T10:22:00Z,95.7111
2026-01-07T10:23:00Z,96.1918
2026-01-07T10:24:00Z,95.6418
2026-01-07T10:25:00Z,95.5685
2026-01-07T10:26:00Z,95.3879
2026-01-07T10:27:00Z,96.3025
2026-01-07T10:28:00Z,96.107
2026-01-07T10:29:00Z,95.7994
2026-01-07T10:30:00Z,96.5128
2026-01-07T10:31:00Z,96.0557
2026-01-07T10:32:00Z,95.6993
2026-01-07T10:33:00Z,95.8637
2026-01-07T10:34:00Z,95.8037
2026-01-07T10:35:00Z,95.765
2026-01-07T10:36:00Z,95.6561
2026-01-07T10:37:00Z,95.9214
2026-01-07T10:38:00Z,96.1011
2026-01-07T10:39:00Z,95.8268
2026-01-07T10:40:00Z,95.0579
2026-01-07T10:41:00Z,95.7937
2026-01-07T10:42:00Z,95.9748
2026-01-07T10:43:00Z,96.0428
2026-01-07T10:44:00Z,95.6781
2026-01-07T10:45:00Z,95.6621
2026-01-07T10:46:00Z,95.8884
2026-01-07T10:47:00Z,96.2427
2026-01-07T10:48:00Z,95.275
2026-01-07T10:49:00Z,95.9906
2026-01-07T10:50:00Z,95.1003
2026-01-07T10:51:00Z,95.6383
2026-01-07T10:52:00Z,95.897
2026-01-07T10:53:00Z,95.2213
2026-01-07T10:54:00Z,96.4545
2026-01-07T10:55:00Z,96.3462
2026-01-07T10:56:00Z,95.9541
2026-01-07T10:57:00Z,96.1057
2026-01-07T10:58:00Z,96.4184
2026-01-07T10:59:00Z,95.8342
2026-01-07T11:00:00Z,96.0975
2026-01-07T11:01:00Z,95.9346
2026-01-07T11:02:00Z,96.3459
2026-01-07T11:03:00Z,96.1832
2026-01-07T11:04:00Z,95.697
2026-01-07T11:05:00Z,95.8729
2026-01-07T11:06:00Z,96.0206
2026-01-07T11:07:00Z,96.3373
2026-01-07T11:08:00Z,95.5568
2026-01-07T11:09:00Z,96.0291
2026-01-07T11:10:00Z,96.0598
2026-01-07T11:11:00Z,96.3657
2026-01-07T11:12:00Z,96.3697
2026-01-07T11:13:00Z,96.2939
2026-01-07T11:14:00Z,96.3021
2026-01-07T11:15:00Z,96.3809
2026-01-07T11:16:00Z,96.0208
2026-01-07T11:17:00Z,95.4902
2026-01-07T11:18:00Z,95.634
2026-01-07T11:19:00Z,96.3167
2026-01-07T11:20:00Z,96.2986
2026-01-07T11:21:00Z,96.0495
2026-01-07T11:22:00Z,95.5214
2026-01-07T11:23:00Z,96.6058
2026-01-07T11:24:00Z,96.7881
2026-01-07T11:25:00Z,94.9742
2026-01-07T11:26:00Z,95.186
2026-01-07T11:27:00Z,96.54
2026-01-07T11:28:00Z,96.9713
2026-01-07T11:29:00Z,95.5807
2026-01-07T11:30:00Z,95.9075
2026-01-07T11:31:00Z,96.6537
2026-01-07T11:32:00Z,95.4554
2026-01-07T11:33:00Z,95.9473
2026-01-07T11:34:00Z,95.4794
2026-01-07T11:35:00Z,95.4733
2026-01-07T11:36:00Z,95.0491
2026-01-07T11:37:00Z,96.2734
2026-01-07T11:38:00Z,95.0572
2026-01-07T11:39:00Z,95.9615
2026-01-07T11:40:00Z,95.2289
2026-01-07T11:41:00Z,96.4275
2026-01-07T11:42:00Z,96.7658
2026-01-07T11:43:00Z,95.8358
2026-01-07T11:44:00Z,96.1636
2026-01-07T11:45:00Z,95.6667
2026-01-07T11:46:00Z,97.0484
2026-01-07T11:47:00Z,96.1763
2026-01-07T11:48:00Z,95.6046
2026-01-07T11:49:00Z,96.2825
2026-01-07T11:50:00Z,95.0271
2026-01-07T11:51:00Z,95.8254
2026-01-07T11:52:00Z,95.3415
2026-01-07T11:53:00Z,95.8755
2026-01-07T11:54:00Z,95.5436
2026-01-07T11:55:00Z,96.0894
2026-01-07T11:56:00Z,95.3739
2026-01-07T11:57:00Z,95.6388
2026-01-07T11:58:00Z,95.6281
2026-01-07T11:59:00Z,95.6471
2026-01-07T12:00:00Z,96.5222
2026-01-07T12:01:00Z,95.5152
2026-01-07T12:02:00Z,96.0478
2026-01-07T12:03:00Z,96.4405
2026-01-07T12:04:00Z,96.8455
2026-01-07T12:05:00Z,95.522
2026-01-07T12:06:00Z,96.7755
2026-01-07T12:07:00Z,95.3904
2026-01-07T12:08:00Z,95.8999
2026-01-07T12:09:00Z,96.4208
2026-01-07T12:10:00Z,95.3905
2026-01-07T12:11:00Z,96.0187
2026-01-07T12:12:00Z,96.8589
2026-01-07T12:13:00Z,95.1916
2026-01-07T12:14:00Z,95.6853
2026-01-07T12:15:00Z,95.982
2026-01-07T12:16:00Z,95.7418
2026-01-07T12:17:00Z,96.4718
2026-01-07T12:18:00Z,95.7753
2026-01-07T12:19:00Z,96.2559
2026-01-07T12:20:00Z,96.2677
2026-01-07T12:21:00Z,95.8501
2026-01-07T12:22:00Z,96.308
2026-01-07T12:23:00Z,95.9947
2026-01-07T12:24:00Z,96.1398
2026-01-07T12:25:00Z,94.9692
2026-01-07T12:26:00Z,95.2375
2026-01-07T12:27:00Z,95.6827
2026-01-07T12:28:00Z,95.9148
2026-01-07T12:29:00Z,95.6058
2026-01-07T12:30:00Z,95.5798
2026-01-07T12:31:00Z,95.7882
2026-01-07T12:32:00Z,96.2809
2026-01-07T12:33:00Z,96.255
2026-01-07T12:34:00Z,95.3068
2026-01-07T12:35:00Z,96.822
2026-01-07T12:36:00Z,96.3754
2026-01-07T12:37:00Z,95.528
2026-01-07T12:38:00Z,94.8073
2026-01-07T12:39:00Z,96.4504
2026-01-07T12:40:00Z,95.8333
2026-01-07T12:41:00Z,96.9921
2026-01-07T12:42:00Z,95.4046
2026-01-07T12:43:00Z,95.8073
2026-01-07T12:44:00Z,95.3955
2026-01-07T12:45:00Z,96.0224
2026-01-07T12:46:00Z,95.7257
2026-01-07T12:47:00Z,95.9736
2026-01-07T12:48:00Z,95.9936
2026-01-07T12:49:00Z,95.5973
2026-01-07T12:50:00Z,96.1535
2026-01-07T12:51:00Z,95.7589
2026-01-07T12:52:00Z,94.5979
2026-01-07T12:53:00Z,95.4865
2026-01-07T12:54:00Z,95.3328
2026-01-07T12:55:00Z,95.7349
2026-01-07T12:56:00Z,96.2291
2026-01-07T12:57:00Z,97.2046
2026-01-07T12:58:00Z,96.4257
2026-01-07T12:59:00Z,95.9588
2026-01-07T13:00:00Z,95.8648
2026-01-07T13:01:00Z,96.4636
2026-01-07T13:02:00Z,96.5692
2026-01-07T13:03:00Z,95.7109
2026-01-07T13:04:00Z,95.7468
2026-01-07T13:05:00Z,96.7155
2026-01-07T13:06:00Z,95.8741
2026-01-07T13:07:00Z,96.1802
2026-01-07T13:08:00Z,95.9649
2026-01-07T13:09:00Z,97.2003
2026-01-07T13:10:00Z,96.4156
2026-01-07T13:11:00Z,95.7799
2026-01-07T13:12:00Z,96.2337
2026-01-07T13:13:00Z,95.5757
2026-01-07T13:14:00Z,95.8455
2026-01-07T13:15:00Z,97.0276
2026-01-07T13:16:00Z,95.1532
2026-01-07T13:17:00Z,95.2905
2026-01-07T13:18:00Z,96.6269
2026-01-07T13:19:00Z,96.0084
2026-01-07T13:20:00Z,95.5362
2026-01-07T13:21:00Z,95.5516
2026-01-07T13:22:00Z,96.0995
2026-01-07T13:23:00Z,95.6291
2026-01-07T13:24:00Z,95.5219
2026-01-07T13:25:00Z,95.3389
2026-01-07T13:26:00Z,95.8764
2026-01-07T13:27:00Z,96.7505
2026-01-07T13:28:00Z,95.8333
2026-01-07T13:29:00Z,95.1106
2026-01-07T13:30:00Z,95.8609
2026-01-07T13:31:00Z,96.2719
2026-01-07T13:32:00Z,96.1941
2026-01-07T13:33:00Z,96.0082
2026-01-07T13:34:00Z,96.0571
2026-01-07T13:35:00Z,96.3102
2026-01-07T13:36:00Z,96.0232
2026-01-07T13:37:00Z,96.1949
2026-01-07T13:38:00Z,95.1675
2026-01-07T13:39:00Z,95.9578
2026-01-07T13:40:00Z,95.8581
2026-01-07T13:41:00Z,96.7539
2026-01-07T13:42:00Z,96.1807
2026-01-07T13:43:00Z,95.8629
2026-01-07T13:44:00Z,96.4258
2026-01-07T13:45:00Z,96.2676
2026-01-07T13:46:00Z,95.3654
2026-01-07T13:47:00Z,95.6046
2026-01-07T13:48:00Z,96.0759
2026-01-07T13:49:00Z,96.5306
2026-01-07T13:50:00Z,96.215
2026-01-07T13:51:00Z,96.4807
2026-01-07T13:52:00Z,96.205
2026-01-07T13:53:00Z,95.368
2026-01-07T13:54:00Z,96.0965
2026-01-07T13:55:00Z,95.8163
2026-01-07T13:56:00Z,95.1522
2026-01-07T13:57:00Z,95.9453
2026-01-07T13:58:00Z,96.5855
2026-01-07T13:59:00Z,96.9312
2026-01-07T14:00:00Z,96.8904
2026-01-07T14:01:00Z,95.9982
2026-01-07T14:02:00Z,96.8266
2026-01-07T14:03:00Z,96.5475
2026-01-07T14:04:00Z,96.1502
2026-01-07T14:05:00Z,96.4815
2026-01-07T14:06:00Z,96.2496
2026-01-07T14:07:00Z,95.989
2026-01-07T14:08:00Z,95.7578
2026-01-07T14:09:00Z,95.3328
2026-01-07T14:10:00Z,95.9422
2026-01-07T14:11:00Z,95.3315
2026-01-07T14:12:00Z,95.9734
2026-01-07T14:13:00Z,95.555
2026-01-07T14:14:00Z,95.9211
2026-01-07T14:15:00Z,96.2399
2026-01-07T14:16:00Z,94.863
2026-01-07T14:17:00Z,96.5893
2026-01-07T14:18:00Z,96.045
2026-01-07T14:19:00Z,96.6984
2026-01-07T14:20:00Z,95.795
2026-01-07T14:21:00Z,96.369
2026-01-07T14:22:00Z,96.7156
2026-01-07T14:23:00Z,96.5246
2026-01-07T14:24:00Z,95.43
2026-01-07T14:25:00Z,96.0933
2026-01-07T14:26:00Z,96.6044
2026-01-07T14:27:00Z,96.6317
2026-01-07T14:28:00Z,95.9862
2026-01-07T14:29:00Z,96.6007
2026-01-07T14:30:00Z,95.9388
2026-01-07T14:31:00Z,95.8476
2026-01-07T14:32:00Z,96.4193
2026-01-07T14:33:00Z,95.8002
2026-01-07T14:34:00Z,95.8812
2026-01-07T14:35:00Z,96.2088
2026-01-07T14:36:00Z,95.7252
2026-01-07T14:37:00Z,96.2534
2026-01-07T14:38:00Z,95.4661
2026-01-07T14:39:00Z,95.1624
2026-01-07T14:40:00Z,95.9867
2026-01-07T14:41:00Z,95.6119
2026-01-07T14:42:00Z,96.3245
2026-01-07T14:43:00Z,96.071
2026-01-07T14:44:00Z,95.3591
2026-01-07T14:45:00Z,96.054
2026-01-07T14:46:00Z,95.0038
2026-01-07T14:47:00Z,96.7147
2026-01-07T14:48:00Z,95.5601
2026-01-07T14:49:00Z,96.8423
2026-01-07T14:50:00Z,96.1412
2026-01-07T14:51:00Z,96.4465
2026-01-07T14:52:00Z,95.9524
2026-01-07T14:53:00Z,95.7704
2026-01-07T14:54:00Z,96.5727
2026-01-07T14:55:00Z,95.1606
2026-01-07T14:56:00Z,95.6445
2026-01-07T14:57:00Z,95.6398
2026-01-07T14:58:00Z,95.4825
2026-01-07T14:59:00Z,95.4041
2026-01-07T15:00:00Z,96.6493
2026-01-07T15:01:00Z,95.9781
2026-01-07T15:02:00Z,96.7693
2026-01-07T15:03:00Z,96.1408
2026-01-07T15:04:00Z,96.7097
2026-01-07T15:05:00Z,95.7406
2026-01-07T15:06:00Z,95.5804
2026-01-07T15:07:00Z,96.2853
2026-01-07T15:08:00Z,96.8679
2026-01-07T15:09:00Z,96.3422
2026-01-07T15:10:00Z,96.4601
2026-01-07T15:11:00Z,95.8927
2026-01-07T15:12:00Z,95.589
2026-01-07T15:13:00Z,96.7079
2026-01-07T15:14:00Z,97.1935
2026-01-07T15:15:00Z,96.1226
2026-01-07T15:16:00Z,95.8017
2026-01-07T15:17:00Z,96.0072
2026-01-07T15:18:00Z,96.6273
2026-01-07T15:19:00Z,95.4759
2026-01-07T15:20:00Z,96.346
2026-01-07T15:21:00Z,96.5526
2026-01-07T15:22:00Z,96.1864
2026-01-07T15:23:00Z,95.4538
2026-01-07T15:24:00Z,96.2659
2026-01-07T15:25:00Z,96.7822
2026-01-07T15:26:00Z,96.0029
2026-01-07T15:27:00Z,96.3621
2026-01-07T15:28:00Z,96.4403
2026-01-07T15:29:00Z,95.9954
2026-01-07T15:30:00Z,96.0967
2026-01-07T15:31:00Z,95.8753
2026-01-07T15:32:00Z,95.6895
2026-01-07T15:33:00Z,96.9703
2026-01-07T15:34:00Z,96.741
2026-01-07T15:35:00Z,95.9062
2026-01-07T15:36:00Z,96.8381
2026-01-07T15:37:00Z,96.2129
2026-01-07T15:38:00Z,95.8402
2026-01-07T15:39:00Z,96.9757
2026-01-07T15:40:00Z,95.6269
2026-01-07T15:41:00Z,96.9222
2026-01-07T15:42:00Z,95.7861
2026-01-07T15:43:00Z,95.6338
2026-01-07T15:44:00Z,96.6215
2026-01-07T15:45:00Z,96.4013
2026-01-07T15:46:00Z,95.597
2026-01-07T15:47:00Z,96.0945
2026-01-07T15:48:00Z,95.909
2026-01-07T15:49:00Z,95.7785
2026-01-07T15:50:00Z,96.5673
2026-01-07T15:51:00Z,95.448
2026-01-07T15:52:00Z,95.9932
2026-01-07T15:53:00Z,95.7455
2026-01-07T15:54:00Z,95.1259
2026-01-07T15:55:00Z,96.1675
2026-01-07T15:56:00Z,96.6364
2026-01-07T15:57:00Z,94.8682
2026-01-07T15:58:00Z,96.3307
2026-01-07T15:59:00Z,95.927
2026-01-07T16:00:00Z,96.4678
2026-01-07T16:01:00Z,96.1528
2026-01-07T16:02:00Z,95.7098
2026-01-07T16:03:00Z,95.806
2026-01-07T16:04:00Z,96.5166
2026-01-07T16:05:00Z,96.5839
2026-01-07T16:06:00Z,96.1927
2026-01-07T16:07:00Z,96.8964
2026-01-07T16:08:00Z,96.4442
2026-01-07T16:09:00Z,95.7543
2026-01-07T16:10:00Z,95.6434
2026-01-07T16:11:00Z,96.4909
2026-01-07T16:12:00Z,95.0106
2026-01-07T16:13:00Z,97.1274
2026-01-07T16:14:00Z,95.4314
2026-01-07T16:15:00Z,95.8062
2026-01-07T16:16:00Z,95.844
2026-01-07T16:17:00Z,95.9796
2026-01-07T16:18:00Z,96.716
2026-01-07T16:19:00Z,96.4579
2026-01-07T16:20:00Z,95.2585
2026-01-07T16:21:00Z,96.1675
2026-01-07T16:22:00Z,95.9058
2026-01-07T16:23:00Z,95.8517
2026-01-07T16:24:00Z,95.9777
2026-01-07T16:25:00Z,95.3305
2026-01-07T16:26:00Z,95.6093
2026-01-07T16:27:00Z,96.8643
2026-01-07T16:28:00Z,95.6632
2026-01-07T16:29:00Z,96.5072
2026-01-07T16:30:00Z,96.1263
2026-01-07T16:31:00Z,95.6059
2026-01-07T16:32:00Z,95.9674
2026-01-07T16:33:00Z,95.6741
2026-01-07T16:34:00Z,94.9889
2026-01-07T16:35:00Z,95.296
2026-01-07T16:36:00Z,97.0754
2026-01-07T16:37:00Z,95.6977
2026-01-07T16:38:00Z,95.6865
2026-01-07T16:39:00Z,96.0443
2026-01-07T16:40:00Z,96.0546
2026-01-07T16:41:00Z,95.7066
2026-01-07T16:42:00Z,95.8938
2026-01-07T16:43:00Z,95.198
2026-01-07T16:44:00Z,96.0264
2026-01-07T16:45:00Z,95.5079
2026-01-07T16:46:00Z,95.049
2026-01-07T16:47:00Z,96.3826
2026-01-07T16:48:00Z,96.015
2026-01-07T16:49:00Z,96.0454
2026-01-07T16:50:00Z,96.4379
2026-01-07T16:51:00Z,95.9399
2026-01-07T16:52:00Z,97.0901
2026-01-07T16:53:00Z,95.1559
2026-01-07T16:54:00Z,95.6182
2026-01-07T16:55:00Z,94.8188
2026-01-07T16:56:00Z,94.9161
2026-01-07T16:57:00Z,95.4329
2026-01-07T16:58:00Z,94.9975
2026-01-07T16:59:00Z,96.3912
2026-01-07T17:00:00Z,95.9141
2026-01-07T17:01:00Z,95.5906
2026-01-07T17:02:00Z,95.9301
2026-01-07T17:03:00Z,95.8577
2026-01-07T17:04:00Z,95.801
2026-01-07T17:05:00Z,95.915
2026-01-07T17:06:00Z,96.5116
2026-01-07T17:07:00Z,97.5571
2026-01-07T17:08:00Z,96.6444
2026-01-07T17:09:00Z,96.4593
2026-01-07T17:10:00Z,96.2043
2026-01-07T17:11:00Z,96.2594
2026-01-07T17:12:00Z,96.3033
2026-01-07T17:13:00Z,95.2779
2026-01-07T17:14:00Z,96.5319
2026-01-07T17:15:00Z,96.4049
2026-01-07T17:16:00Z,97.0483
2026-01-07T17:17:00Z,96.088
2026-01-07T17:18:00Z,95.4733
2026-01-07T17:19:00Z,95.4513
2026-01-07T17:20:00Z,95.5135
2026-01-07T17:21:00Z,96.1649
2026-01-07T17:22:00Z,96.866
2026-01-07T17:23:00Z,95.4705
2026-01-07T17:24:00Z,95.759
2026-01-07T17:25:00Z,96.5819
2026-01-07T17:26:00Z,96.2472
2026-01-07T17:27:00Z,95.4375
2026-01-07T17:28:00Z,97.1092
2026-01-07T17:29:00Z,95.5754
2026-01-07T17:30:00Z,95.745
2026-01-07T17:31:00Z,96.2651
2026-01-07T17:32:00Z,96.3205
2026-01-07T17:33:00Z,96.0494
2026-01-07T17:34:00Z,96.7306
2026-01-07T17:35:00Z,95.7554
2026-01-07T17:36:00Z,96.6085
2026-01-07T17:37:00Z,95.9062
2026-01-07T17:38:00Z,96.3213
2026-01-07T17:39:00Z,96.0086
2026-01-07T17:40:00Z,96.2659
2026-01-07T17:41:00Z,96.1786
2026-01-07T17:42:00Z,96.0525
2026-01-07T17:43:00Z,95.4952
2026-01-07T17:44:00Z,95.2933
2026-01-07T17:45:00Z,95.394
2026-01-07T17:46:00Z,95.9254
2026-01-07T17:47:00Z,95.3403
2026-01-07T17:48:00Z,96.6086
2026-01-07T17:49:00Z,95.9685
2026-01-07T17:50:00Z,95.7277
2026-01-07T17:51:00Z,95.9231
2026-01-07T17:52:00Z,95.5347
2026-01-07T17:53:00Z,96.2802
2026-01-07T17:54:00Z,96.2362
2026-01-07T17:55:00Z,95.6257
2026-01-07T17:56:00Z,96.4166
2026-01-07T17:57:00Z,95.5581
2026-01-07T17:58:00Z,96.015
2026-01-07T17:59:00Z,95.7748
2026-01-07T18:00:00Z,95.588
2026-01-07T18:01:00Z,96.4993
2026-01-07T18:02:00Z,95.8115
2026-01-07T18:03:00Z,95.7175
2026-01-07T18:04:00Z,95.5153
2026-01-07T18:05:00Z,95.2472
2026-01-07T18:06:00Z,96.0748
2026-01-07T18:07:00Z,96.1019
2026-01-07T18:08:00Z,97.0389
2026-01-07T18:09:00Z,94.2768
2026-01-07T18:10:00Z,94.7993
2026-01-07T18:11:00Z,95.1057
2026-01-07T18:12:00Z,95.8376
2026-01-07T18:13:00Z,96.7929
2026-01-07T18:14:00Z,96.0384
2026-01-07T18:15:00Z,96.5776
2026-01-07T18:16:00Z,95.6479
2026-01-07T18:17:00Z,96.1853
2026-01-07T18:18:00Z,95.069
2026-01-07T18:19:00Z,96.6413
2026-01-07T18:20:00Z,95.514
2026-01-07T18:21:00Z,96.2443
2026-01-07T18:22:00Z,95.994
2026-01-07T18:23:00Z,95.6612
2026-01-07T18:24:00Z,96.5333
2026-01-07T18:25:00Z,96.5427
2026-01-07T18:26:00Z,96.8015
2026-01-07T18:27:00Z,95.8664
2026-01-07T18:28:00Z,96.0021
2026-01-07T18:29:00Z,96.136
2026-01-07T18:30:00Z,96.1238
2026-01-07T18:31:00Z,96.4164
2026-01-07T18:32:00Z,96.0429
2026-01-07T18:33:00Z,96.5958
2026-01-07T18:34:00Z,96.1976
2026-01-07T18:35:00Z,95.5453
2026-01-07T18:36:00Z,95.6679
2026-01-07T18:37:00Z,95.9701
2026-01-07T18:38:00Z,95.8688
2026-01-07T18:39:00Z,95.6413
2026-01-07T18:40:00Z,99.7501
2026-01-07T18:41:00Z,99.8305
2026-01-07T18:42:00Z,100.4201
2026-01-07T18:43:00Z,100.2949
2026-01-07T18:44:00Z,100.0078
2026-01-07T18:45:00Z,99.8887
2026-01-07T18:46:00Z,100.3718
2026-01-07T18:47:00Z,100.3866
2026-01-07T18:48:00Z,99.6001
2026-01-07T18:49:00Z,100.6989
2026-01-07T18:50:00Z,100.3071
2026-01-07T18:51:00Z,99.9069
2026-01-07T18:52:00Z,100.7381
2026-01-07T18:53:00Z,98.9456
2026-01-07T18:54:00Z,100.3726
2026-01-07T18:55:00Z,100.0289
2026-01-07T18:56:00Z,99.0254
2026-01-07T18:57:00Z,99.6595
2026-01-07T18:58:00Z,100.8039
2026-01-07T18:59:00Z,99.9505
2026-01-07T19:00:00Z,100.3357
2026-01-07T19:01:00Z,101.7763
2026-01-07T19:02:00Z,100.0528
2026-01-07T19:03:00Z,99.9988
2026-01-07T19:04:00Z,99.8579
2026-01-07T19:05:00Z,100.2115
2026-01-07T19:06:00Z,99.6166
2026-01-07T19:07:00Z,99.7309
2026-01-07T19:08:00Z,100.229
2026-01-07T19:09:00Z,99.6663
2026-01-07T19:10:00Z,100.0574
2026-01-07T19:11:00Z,100.2792
2026-01-07T19:12:00Z,99.6494
2026-01-07T19:13:00Z,100.2545
2026-01-07T19:14:00Z,99.6094
2026-01-07T19:15:00Z,100.0239
2026-01-07T19:16:00Z,99.63
2026-01-07T19:17:00Z,98.9414
2026-01-07T19:18:00Z,99.6793
2026-01-07T19:19:00Z,100.1508
2026-01-07T19:20:00Z,99.8725
2026-01-07T19:21:00Z,99.9953
2026-01-07T19:22:00Z,99.5318
2026-01-07T19:23:00Z,100.5669
2026-01-07T19:24:00Z,100.6827
2026-01-07T19:25:00Z,100.6776
2026-01-07T19:26:00Z,100.8368
2026-01-07T19:27:00Z,100.0783
2026-01-07T19:28:00Z,99.5117
2026-01-07T19:29:00Z,100.2429
2026-01-07T19:30:00Z,100.2827
2026-01-07T19:31:00Z,100.6008
2026-01-07T19:32:00Z,99.4469
2026-01-07T19:33:00Z,99.8174
2026-01-07T19:34:00Z,100.6603
2026-01-07T19:35:00Z,99.7466
2026-01-07T19:36:00Z,100.393
2026-01-07T19:37:00Z,100.1458
2026-01-07T19:38:00Z,99.9038
2026-01-07T19:39:00Z,99.788
2026-01-07T19:40:00Z,100.3829
2026-01-07T19:41:00Z,99.5611
2026-01-07T19:42:00Z,100.4469
2026-01-07T19:43:00Z,100.6017
2026-01-07T19:44:00Z,100.183
2026-01-07T19:45:00Z,99.4624
2026-01-07T19:46:00Z,99.3999
2026-01-07T19:47:00Z,99.3565
2026-01-07T19:48:00Z,99.5635
2026-01-07T19:49:00Z,100.3273
2026-01-07T19:50:00Z,99.6042
2026-01-07T19:51:00Z,99.7102
2026-01-07T19:52:00Z,100.1013
2026-01-07T19:53:00Z,98.6394
2026-01-07T19:54:00Z,99.9348
2026-01-07T19:55:00Z,99.5008
2026-01-07T19:56:00Z,100.2118
2026-01-07T19:57:00Z,100.5676
2026-01-07T19:58:00Z,100.6848
2026-01-07T19:59:00Z,99.2857
2026-01-07T20:00:00Z,100.2584
2026-01-07T20:01:00Z,99.8616
2026-01-07T20:02:00Z,99.7831
2026-01-07T20:03:00Z,99.9024
2026-01-07T20:04:00Z,99.6496
2026-01-07T20:05:00Z,100.0833
2026-01-07T20:06:00Z,98.9999
2026-01-07T20:07:00Z,100.1123
2026-01-07T20:08:00Z,100.1088
2026-01-07T20:09:00Z,100.1773
2026-01-07T20:10:00Z,100.7667
2026-01-07T20:11:00Z,100.0304
2026-01-07T20:12:00Z,100.1514
2026-01-07T20:13:00Z,100.3665
2026-01-07T20:14:00Z,99.5945
2026-01-07T20:15:00Z,100.4823
2026-01-07T20:16:00Z,100.5187
2026-01-07T20:17:00Z,100.1692
2026-01-07T20:18:00Z,100.1368
2026-01-07T20:19:00Z,99.0856
2026-01-07T20:20:00Z,99.4699
2026-01-07T20:21:00Z,99.5606
2026-01-07T20:22:00Z,100.3195
2026-01-07T20:23:00Z,100.439
2026-01-07T20:24:00Z,100.5972
2026-01-07T20:25:00Z,100.3468
2026-01-07T20:26:00Z,99.8924
2026-01-07T20:27:00Z,99.9833
2026-01-07T20:28:00Z,99.1993
2026-01-07T20:29:00Z,99.9943
2026-01-07T20:30:00Z,99.2144
2026-01-07T20:31:00Z,99.6329
2026-01-07T20:32:00Z,99.5462
2026-01-07T20:33:00Z,99.818
2026-01-07T20:34:00Z,100.0882
2026-01-07T20:35:00Z,100.0765
2026-01-07T20:36:00Z,100.2112
2026-01-07T20:37:00Z,99.6181
2026-01-07T20:38:00Z,100.6373
2026-01-07T20:39:00Z,100.0762
2026-01-07T20:40:00Z,99.4094
2026-01-07T20:41:00Z,99.0038
2026-01-07T20:42:00Z,99.4997
2026-01-07T20:43:00Z,99.708
2026-01-07T20:44:00Z,99.1992
2026-01-07T20:45:00Z,100.0777
2026-01-07T20:46:00Z,100.6357
2026-01-07T20:47:00Z,100.0988
2026-01-07T20:48:00Z,99.6754
2026-01-07T20:49:00Z,98.5855
2026-01-07T20:50:00Z,100.1132
2026-01-07T20:51:00Z,100.3926
2026-01-07T20:52:00Z,100.4658
2026-01-07T20:53:00Z,99.243
2026-01-07T20:54:00Z,99.6003
2026-01-07T20:55:00Z,100.1319
2026-01-07T20:56:00Z,100.2609
2026-01-07T20:57:00Z,100.6137
2026-01-07T20:58:00Z,99.4021
2026-01-07T20:59:00Z,100.0622
2026-01-07T21:00:00Z,100.1137
2026-01-07T21:01:00Z,100.1516
2026-01-07T21:02:00Z,100.8814
2026-01-07T21:03:00Z,99.3169
2026-01-07T21:04:00Z,99.415
2026-01-07T21:05:00Z,100.1719
2026-01-07T21:06:00Z,100.0286
2026-01-07T21:07:00Z,100.2827
2026-01-07T21:08:00Z,99.5089
2026-01-07T21:09:00Z,99.8057
2026-01-07T21:10:00Z,99.627
2026-01-07T21:11:00Z,99.3733
2026-01-07T21:12:00Z,100.3422
2026-01-07T21:13:00Z,100.8272
2026-01-07T21:14:00Z,100.018
2026-01-07T21:15:00Z,99.988
2026-01-07T21:16:00Z,99.3688
2026-01-07T21:17:00Z,100.1671
2026-01-07T21:18:00Z,101.1105
2026-01-07T21:19:00Z,100.1171
2026-01-07T21:20:00Z,101.1379
2026-01-07T21:21:00Z,100.3044
2026-01-07T21:22:00Z,99.5943
2026-01-07T21:23:00Z,99.3364
2026-01-07T21:24:00Z,99.7634
2026-01-07T21:25:00Z,99.3639
2026-01-07T21:26:00Z,100.1102
2026-01-07T21:27:00Z,100.6647
2026-01-07T21:28:00Z,99.847
2026-01-07T21:29:00Z,100.1179
2026-01-07T21:30:00Z,100.0327
2026-01-07T21:31:00Z,100.2656
2026-01-07T21:32:00Z,99.014
2026-01-07T21:33:00Z,100.6102
2026-01-07T21:34:00Z,100.3172
2026-01-07T21:35:00Z,99.5632
2026-01-07T21:36:00Z,100.2268
2026-01-07T21:37:00Z,99.8482
2026-01-07T21:38:00Z,100.1265
2026-01-07T21:39:00Z,99.9065
2026-01-07T21:40:00Z,100.2385
2026-01-07T21:41:00Z,101.1133
2026-01-07T21:42:00Z,100.2382
2026-01-07T21:43:00Z,99.3987
2026-01-07T21:44:00Z,99.7141
2026-01-07T21:45:00Z,99.505
2026-01-07T21:46:00Z,99.6564
2026-01-07T21:47:00Z,100.1587
2026-01-07T21:48:00Z,99.8174
2026-01-07T21:49:00Z,100.0345
2026-01-07T21:50:00Z,99.9165
2026-01-07T21:51:00Z,99.4768
2026-01-07T21:52:00Z,100.0302
2026-01-07T21:53:00Z,100.6462
2026-01-07T21:54:00Z,100.0716
2026-01-07T21:55:00Z,101.2426
2026-01-07T21:56:00Z,100.2513
2026-01-07T21:57:00Z,99.5681
2026-01-07T21:58:00Z,101.4274
2026-01-07T21:59:00Z,99.6698
2026-01-07T22:00:00Z,100.0189
2026-01-07T22:01:00Z,99.2138
2026-01-07T22:02:00Z,100.4205
2026-01-07T22:03:00Z,100.3849
2026-01-07T22:04:00Z,100.4295
2026-01-07T22:05:00Z,99.0172
2026-01-07T22:06:00Z,100.0555
2026-01-07T22:07:00Z,99.9346
2026-01-07T22:08:00Z,100.5322
2026-01-07T22:09:00Z,99.4201
2026-01-07T22:10:00Z,100.2729
2026-01-07T22:11:00Z,99.2676
2026-01-07T22:12:00Z,100.6523
2026-01-07T22:13:00Z,100.5885
2026-01-07T22:14:00Z,99.3173
2026-01-07T22:15:00Z,99.8938
2026-01-07T22:16:00Z,99.8657
2026-01-07T22:17:00Z,101.4034
2026-01-07T22:18:00Z,99.183
2026-01-07T22:19:00Z,100.3133
2026-01-07T22:20:00Z,99.4946
2026-01-07T22:21:00Z,100.4318
2026-01-07T22:22:00Z,100.351
2026-01-07T22:23:00Z,100.3736
2026-01-07T22:24:00Z,100.1434
2026-01-07T22:25:00Z,101.1198
2026-01-07T22:26:00Z,99.3486
2026-01-07T22:27:00Z,100.5875
2026-01-07T22:28:00Z,99.1002
2026-01-07T22:29:00Z,99.2249
2026-01-07T22:30:00Z,100.1234
2026-01-07T22:31:00Z,100.4763
2026-01-07T22:32:00Z,99.6798
2026-01-07T22:33:00Z,100.6055
2026-01-07T22:34:00Z,100.0799
2026-01-07T22:35:00Z,100.2852
2026-01-07T22:36:00Z,99.5742
2026-01-07T22:37:00Z,99.9955
2026-01-07T22:38:00Z,100.0538
2026-01-07T22:39:00Z,100.1771
2026-01-07T22:40:00Z,99.8359
2026-01-07T22:41:00Z,100.4452
2026-01-07T22:42:00Z,100.1516
2026-01-07T22:43:00Z,100.0812
2026-01-07T22:44:00Z,100.0251
2026-01-07T22:45:00Z,100.3867
2026-01-07T22:46:00Z,100.3187
2026-01-07T22:47:00Z,99.8315
2026-01-07T22:48:00Z,100.5701
2026-01-07T22:49:00Z,100.6189
2026-01-07T22:50:00Z,99.7536
2026-01-07T22:51:00Z,100.0656
2026-01-07T22:52:00Z,99.1872
2026-01-07T22:53:00Z,100.3287
2026-01-07T22:54:00Z,100.3109
2026-01-07T22:55:00Z,99.1746
2026-01-07T22:56:00Z,99.9186
2026-01-07T22:57:00Z,99.7655
2026-01-07T22:58:00Z,99.3105
2026-01-07T22:59:00Z,100.2259
2026-01-07T23:00:00Z,99.4488
2026-01-07T23:01:00Z,101.3146
2026-01-07T23:02:00Z,99.6432
2026-01-07T23:03:00Z,101.2344
2026-01-07T23:04:00Z,99.9672
2026-01-07T23:05:00Z,100.2072
2026-01-07T23:06:00Z,99.5527
2026-01-07T23:07:00Z,99.1211
2026-01-07T23:08:00Z,99.8028
2026-01-07T23:09:00Z,99.9357
2026-01-07T23:10:00Z,100.0846
2026-01-07T23:11:00Z,100.1653
2026-01-07T23:12:00Z,100.0141
2026-01-07T23:13:00Z,100.4584
2026-01-07T23:14:00Z,99.3479
2026-01-07T23:15:00Z,99.1649
2026-01-07T23:16:00Z,99.8275
2026-01-07T23:17:00Z,100.792
2026-01-07T23:18:00Z,99.9163
2026-01-07T23:19:00Z,100.4467
2026-01-07T23:20:00Z,100.15
2026-01-07T23:21:00Z,100.6194
2026-01-07T23:22:00Z,100.3596
2026-01-07T23:23:00Z,99.6582
2026-01-07T23:24:00Z,99.706
2026-01-07T23:25:00Z,100.8078
2026-01-07T23:26:00Z,99.3795
2026-01-07T23:27:00Z,99.5675
2026-01-07T23:28:00Z,100.1184
2026-01-07T23:29:00Z,100.5173
2026-01-07T23:30:00Z,100.158
2026-01-07T23:31:00Z,99.5548
2026-01-07T23:32:00Z,99.2346
2026-01-07T23:33:00Z,99.8968
2026-01-07T23:34:00Z,100.3105
2026-01-07T23:35:00Z,99.8188
2026-01-07T23:36:00Z,99.8787
2026-01-07T23:37:00Z,99.6739
2026-01-07T23:38:00Z,100.0703
2026-01-07T23:39:00Z,99.4579
2026-01-07T23:40:00Z,100.1667
2026-01-07T23:41:00Z,100.3063
2026-01-07T23:42:00Z,100.0599
2026-01-07T23:43:00Z,99.8763
2026-01-07T23:44:00Z,100.0912
2026-01-07T23:45:00Z,99.236
2026-01-07T23:46:00Z,99.9967
2026-01-07T23:47:00Z,100.088
2026-01-07T23:48:00Z,99.8317
2026-01-07T23:49:00Z,100.1997
2026-01-07T23:50:00Z,99.6079
2026-01-07T23:51:00Z,100.4519
2026-01-07T23:52:00Z,99.996
2026-01-07T23:53:00Z,100.1769
2026-01-07T23:54:00Z,99.4402
2026-01-07T23:55:00Z,100.2133
2026-01-07T23:56:00Z,100.0939
2026-01-07T23:57:00Z,99.9924
2026-01-07T23:58:00Z,100.4914
2026-01-07T23:59:00Z,98.7592
2026-01-08T00:00:00Z,99.7219
2026-01-08T00:01:00Z,100.9743
2026-01-08T00:02:00Z,99.8355
2026-01-08T00:03:00Z,99.9976
2026-01-08T00:04:00Z,100.071
2026-01-08T00:05:00Z,99.7497
2026-01-08T00:06:00Z,99.5695
2026-01-08T00:07:00Z,100.2371
2026-01-08T00:08:00Z,100.1507
2026-01-08T00:09:00Z,100.6107
2026-01-08T00:10:00Z,100.5368
2026-01-08T00:11:00Z,99.2682
2026-01-08T00:12:00Z,100.4441
2026-01-08T00:13:00Z,100.0615
2026-01-08T00:14:00Z,99.6486
2026-01-08T00:15:00Z,99.8969
2026-01-08T00:16:00Z,99.75
2026-01-08T00:17:00Z,100.1788
2026-01-08T00:18:00Z,99.3977
2026-01-08T00:19:00Z,100.043
2026-01-08T00:20:00Z,99.7497
2026-01-08T00:21:00Z,100.3662
2026-01-08T00:22:00Z,100.4225
2026-01-08T00:23:00Z,100.8649
2026-01-08T00:24:00Z,100.2003
2026-01-08T00:25:00Z,99.512
2026-01-08T00:26:00Z,99.6979
2026-01-08T00:27:00Z,99.6952
2026-01-08T00:28:00Z,100.4218
2026-01-08T00:29:00Z,99.637
2026-01-08T00:30:00Z,99.4908
2026-01-08T00:31:00Z,100.5572
2026-01-08T00:32:00Z,100.4798
2026-01-08T00:33:00Z,99.7514
2026-01-08T00:34:00Z,100.2519
2026-01-08T00:35:00Z,100.0814
2026-01-08T00:36:00Z,100.6108
2026-01-08T00:37:00Z,99.4042
2026-01-08T00:38:00Z,99.7029
2026-01-08T00:39:00Z,100.3965
2026-01-08T00:40:00Z,99.3215
2026-01-08T00:41:00Z,99.8631
2026-01-08T00:42:00Z,100.4551
2026-01-08T00:43:00Z,98.8587
2026-01-08T00:44:00Z,99.64
2026-01-08T00:45:00Z,100.113
2026-01-08T00:46:00Z,100.3808
2026-01-08T00:47:00Z,100.6798
2026-01-08T00:48:00Z,99.6233
2026-01-08T00:49:00Z,99.6378
2026-01-08T00:50:00Z,99.9092
2026-01-08T00:51:00Z,99.2682
2026-01-08T00:52:00Z,99.6232
2026-01-08T00:53:00Z,100.468
2026-01-08T00:54:00Z,100.3438
2026-01-08T00:55:00Z,100.2533
2026-01-08T00:56:00Z,99.7758
2026-01-08T00:57:00Z,100.5982
2026-01-08T00:58:00Z,99.2361
2026-01-08T00:59:00Z,100.4189
2026-01-08T01:00:00Z,100.0157
2026-01-08T01:01:00Z,99.2389
2026-01-08T01:02:00Z,100.1379
2026-01-08T01:03:00Z,100.0697
2026-01-08T01:04:00Z,99.7547
2026-01-08T01:05:00Z,100.0155
2026-01-08T01:06:00Z,99.5239
2026-01-08T01:07:00Z,99.1532
2026-01-08T01:08:00Z,100.33
2026-01-08T01:09:00Z,100.1061
2026-01-08T01:10:00Z,100.1511
2026-01-08T01:11:00Z,99.7614
2026-01-08T01:12:00Z,100.7386
2026-01-08T01:13:00Z,99.4698
2026-01-08T01:14:00Z,99.7211
2026-01-08T01:15:00Z,99.9279
2026-01-08T01:16:00Z,99.944
2026-01-08T01:17:00Z,100.0203
2026-01-08T01:18:00Z,100.0685
2026-01-08T01:19:00Z,100.4599
2026-01-08T01:20:00Z,99.9615
2026-01-08T01:21:00Z,99.4872
2026-01-08T01:22:00Z,100.7746
2026-01-08T01:23:00Z,98.7511
2026-01-08T01:24:00Z,99.7108
2026-01-08T01:25:00Z,100.341
2026-01-08T01:26:00Z,100.0257
2026-01-08T01:27:00Z,100.7104
2026-01-08T01:28:00Z,99.9707
2026-01-08T01:29:00Z,100.8106
2026-01-08T01:30:00Z,100.096
2026-01-08T01:31:00Z,99.9983
2026-01-08T01:32:00Z,99.9009
2026-01-08T01:33:00Z,100.1995
2026-01-08T01:34:00Z,100.4799
2026-01-08T01:35:00Z,99.6896
2026-01-08T01:36:00Z,99.7175
2026-01-08T01:37:00Z,99.6065
2026-01-08T01:38:00Z,99.5676
2026-01-08T01:39:00Z,100.1336
2026-01-08T01:40:00Z,99.6456
2026-01-08T01:41:00Z,100.2792
2026-01-08T01:42:00Z,99.7215
2026-01-08T01:43:00Z,100.787
2026-01-08T01:44:00Z,100.1224
2026-01-08T01:45:00Z,98.5895
2026-01-08T01:46:00Z,100.4071
2026-01-08T01:47:00Z,100.2264
2026-01-08T01:48:00Z,99.7861
2026-01-08T01:49:00Z,99.474
2026-01-08T01:50:00Z,99.4019
2026-01-08T01:51:00Z,100.4343
2026-01-08T01:52:00Z,99.4662
2026-01-08T01:53:00Z,100.2677
2026-01-08T01:54:00Z,99.9187
2026-01-08T01:55:00Z,99.7689
2026-01-08T01:56:00Z,99.301
2026-01-08T01:57:00Z,100.7405
2026-01-08T01:58:00Z,99.9796
2026-01-08T01:59:00Z,99.9695
2026-01-08T02:00:00Z,98.947
2026-01-08T02:01:00Z,99.521
2026-01-08T02:02:00Z,99.9152
2026-01-08T02:03:00Z,100.6007
2026-01-08T02:04:00Z,99.9385
2026-01-08T02:05:00Z,99.7665
2026-01-08T02:06:00Z,99.8782
2026-01-08T02:07:00Z,99.8644
2026-01-08T02:08:00Z,98.6743
2026-01-08T02:09:00Z,100.7268
2026-01-08T02:10:00Z,99.6091
2026-01-08T02:11:00Z,100.503
2026-01-08T02:12:00Z,100.2161
2026-01-08T02:13:00Z,99.6529
2026-01-08T02:14:00Z,99.3042
2026-01-08T02:15:00Z,99.8423
2026-01-08T02:16:00Z,100.1177
2026-01-08T02:17:00Z,99.3258
2026-01-08T02:18:00Z,100.6452
2026-01-08T02:19:00Z,99.777
2026-01-08T02:20:00Z,99.7244
2026-01-08T02:21:00Z,100.5121
2026-01-08T02:22:00Z,100.3365
2026-01-08T02:23:00Z,100.3753
2026-01-08T02:24:00Z,99.6708
2026-01-08T02:25:00Z,100.1232
2026-01-08T02:26:00Z,99.729
2026-01-08T02:27:00Z,100.2117
2026-01-08T02:28:00Z,99.429
2026-01-08T02:29:00Z,99.2883
2026-01-08T02:30:00Z,100.5379
2026-01-08T02:31:00Z,98.7498
2026-01-08T02:32:00Z,99.7996
2026-01-08T02:33:00Z,99.7105
2026-01-08T02:34:00Z,99.7775
2026-01-08T02:35:00Z,99.4741
2026-01-08T02:36:00Z,100.146
2026-01-08T02:37:00Z,99.7235
2026-01-08T02:38:00Z,99.7959
2026-01-08T02:39:00Z,100.087
2026-01-08T02:40:00Z,100.9513
2026-01-08T02:41:00Z,100.5423
2026-01-08T02:42:00Z,100.469
2026-01-08T02:43:00Z,99.9275
2026-01-08T02:44:00Z,100.0368
2026-01-08T02:45:00Z,99.8613
2026-01-08T02:46:00Z,100.9162
2026-01-08T02:47:00Z,99.9321
2026-01-08T02:48:00Z,99.9283
2026-01-08T02:49:00Z,99.5597
2026-01-08T02:50:00Z,99.7953
2026-01-08T02:51:00Z,98.9933
2026-01-08T02:52:00Z,99.6699
2026-01-08T02:53:00Z,100.6278
2026-01-08T02:54:00Z,100.4415
2026-01-08T02:55:00Z,100.4043
2026-01-08T02:56:00Z,99.1178
2026-01-08T02:57:00Z,100.4713
2026-01-08T02:58:00Z,99.4301
2026-01-08T02:59:00Z,99.9046
2026-01-08T03:00:00Z,100.2495
2026-01-08T03:01:00Z,99.7739
2026-01-08T03:02:00Z,99.907
2026-01-08T03:03:00Z,100.4622
2026-01-08T03:04:00Z,100.1958
2026-01-08T03:05:00Z,101.0847
2026-01-08T03:06:00Z,98.9542
2026-01-08T03:07:00Z,99.7698
2026-01-08T03:08:00Z,99.1262
2026-01-08T03:09:00Z,99.2506
2026-01-08T03:10:00Z,99.791
2026-01-08T03:11:00Z,100.4374
2026-01-08T03:12:00Z,100.1065
2026-01-08T03:13:00Z,100.0208
2026-01-08T03:14:00Z,100.3175
2026-01-08T03:15:00Z,99.6642
2026-01-08T03:16:00Z,99.5367
2026-01-08T03:17:00Z,100.3505
2026-01-08T03:18:00Z,99.8165
2026-01-08T03:19:00Z,99.2977
2026-01-08T03:20:00Z,100.7013
2026-01-08T03:21:00Z,99.3402
2026-01-08T03:22:00Z,100.2551
2026-01-08T03:23:00Z,99.1977
2026-01-08T03:24:00Z,99.7628
2026-01-08T03:25:00Z,100.6051
2026-01-08T03:26:00Z,99.6737
2026-01-08T03:27:00Z,100.0283
2026-01-08T03:28:00Z,100.485
2026-01-08T03:29:00Z,100.6512
2026-01-08T03:30:00Z,100.7046
2026-01-08T03:31:00Z,100.0568
2026-01-08T03:32:00Z,100.0258
2026-01-08T03:33:00Z,99.9892
2026-01-08T03:34:00Z,100.3688
2026-01-08T03:35:00Z,98.6146
2026-01-08T03:36:00Z,99.7007
2026-01-08T03:37:00Z,100.5082
2026-01-08T03:38:00Z,99.1749
2026-01-08T03:39:00Z,99.926
2026-01-08T03:40:00Z,99.7626
2026-01-08T03:41:00Z,99.2027
2026-01-08T03:42:00Z,99.983
2026-01-08T03:43:00Z,100.7557
2026-01-08T03:44:00Z,100.2522
2026-01-08T03:45:00Z,100.5427
2026-01-08T03:46:00Z,99.6571
2026-01-08T03:47:00Z,99.7372
2026-01-08T03:48:00Z,99.5454
2026-01-08T03:49:00Z,101.3347
2026-01-08T03:50:00Z,100.0186
2026-01-08T03:51:00Z,99.5218
2026-01-08T03:52:00Z,99.978
2026-01-08T03:53:00Z,99.2639
2026-01-08T03:54:00Z,100.9596
2026-01-08T03:55:00Z,100.6949
2026-01-08T03:56:00Z,100.3065
2026-01-08T03:57:00Z,100.2862
2026-01-08T03:58:00Z,100.646
2026-01-08T03:59:00Z,100.3953
2026-01-08T04:00:00Z,100.6241
2026-01-08T04:01:00Z,100.201
2026-01-08T04:02:00Z,99.5973
2026-01-08T04:03:00Z,100.7816
2026-01-08T04:04:00Z,100.2995
2026-01-08T04:05:00Z,99.8369
2026-01-08T04:06:00Z,100.299
2026-01-08T04:07:00Z,99.898
2026-01-08T04:08:00Z,99.9567
2026-01-08T04:09:00Z,100.2362
2026-01-08T04:10:00Z,99.9195
2026-01-08T04:11:00Z,99.9332
2026-01-08T04:12:00Z,99.8056
2026-01-08T04:13:00Z,99.7296
2026-01-08T04:14:00Z,99.7404
2026-01-08T04:15:00Z,99.5571
2026-01-08T04:16:00Z,99.5949
2026-01-08T04:17:00Z,99.949
2026-01-08T04:18:00Z,100.4375
2026-01-08T04:19:00Z,98.8782
2026-01-08T04:20:00Z,99.1968
2026-01-08T04:21:00Z,100.1555
2026-01-08T04:22:00Z,99.9086
2026-01-08T04:23:00Z,100.1482
2026-01-08T04:24:00Z,100.125
2026-01-08T04:25:00Z,101.0286
2026-01-08T04:26:00Z,99.4686
2026-01-08T04:27:00Z,100.7592
2026-01-08T04:28:00Z,99.8327
2026-01-08T04:29:00Z,99.1848
2026-01-08T04:30:00Z,100.0915
2026-01-08T04:31:00Z,100.0579
2026-01-08T04:32:00Z,98.9352
2026-01-08T04:33:00Z,99.9999
2026-01-08T04:34:00Z,99.6389
2026-01-08T04:35:00Z,100.7142
2026-01-08T04:36:00Z,100.1134
2026-01-08T04:37:00Z,100.1941
2026-01-08T04:38:00Z,99.2273
2026-01-08T04:39:00Z,100.1407
2026-01-08T04:40:00Z,99.7525
2026-01-08T04:41:00Z,99.7733
2026-01-08T04:42:00Z,99.7639
2026-01-08T04:43:00Z,99.4129
2026-01-08T04:44:00Z,100.4785
2026-01-08T04:45:00Z,99.2036
2026-01-08T04:46:00Z,100.3932
2026-01-08T04:47:00Z,100.4179
2026-01-08T04:48:00Z,100.5334
2026-01-08T04:49:00Z,99.2598
2026-01-08T04:50:00Z,99.3692
2026-01-08T04:51:00Z,100.3479
2026-01-08T04:52:00Z,99.9757
2026-01-08T04:53:00Z,100.3815
2026-01-08T04:54:00Z,100.2013
2026-01-08T04:55:00Z,100.8765
2026-01-08T04:56:00Z,99.5426
2026-01-08T04:57:00Z,99.8814
2026-01-08T04:58:00Z,99.6069
2026-01-08T04:59:00Z,99.3229
2026-01-08T05:00:00Z,99.6187
2026-01-08T05:01:00Z,100.3232
2026-01-08T05:02:00Z,100.5807
2026-01-08T05:03:00Z,100.6297
2026-01-08T05:04:00Z,99.122
2026-01-08T05:05:00Z,100.3811
2026-01-08T05:06:00Z,99.1965
2026-01-08T05:07:00Z,99.5969
2026-01-08T05:08:00Z,99.5858
2026-01-08T05:09:00Z,100.187
2026-01-08T05:10:00Z,99.3517
2026-01-08T05:11:00Z,99.7378
2026-01-08T05:12:00Z,100.7794
2026-01-08T05:13:00Z,100.2427
2026-01-08T05:14:00Z,101.1337
2026-01-08T05:15:00Z,99.9711
2026-01-08T05:16:00Z,101.2363
2026-01-08T05:17:00Z,100.3864
2026-01-08T05:18:00Z,99.2748
2026-01-08T05:19:00Z,100.2757
2026-01-08T05:20:00Z,99.4506
2026-01-08T05:21:00Z,99.4568
2026-01-08T05:22:00Z,100.3064
2026-01-08T05:23:00Z,101.0442
2026-01-08T05:24:00Z,100.0825
2026-01-08T05:25:00Z,100.2368
2026-01-08T05:26:00Z,100.4432
2026-01-08T05:27:00Z,99.0376
2026-01-08T05:28:00Z,99.778
2026-01-08T05:29:00Z,99.2982
2026-01-08T05:30:00Z,100.1111
2026-01-08T05:31:00Z,100.0024
2026-01-08T05:32:00Z,100.5932
2026-01-08T05:33:00Z,99.6367
2026-01-08T05:34:00Z,99.9404
2026-01-08T05:35:00Z,99.4709
2026-01-08T05:36:00Z,99.9526
2026-01-08T05:37:00Z,99.2127
2026-01-08T05:38:00Z,99.9736
2026-01-08T05:39:00Z,99.5953
2026-01-08T05:40:00Z,100.8392
2026-01-08T05:41:00Z,100.2766
2026-01-08T05:42:00Z,100.205
2026-01-08T05:43:00Z,99.9868
2026-01-08T05:44:00Z,100.7141
2026-01-08T05:45:00Z,101.1639
2026-01-08T05:46:00Z,99.9605
2026-01-08T05:47:00Z,99.6715
2026-01-08T05:48:00Z,100.2153
2026-01-08T05:49:00Z,99.611
2026-01-08T05:50:00Z,100.1461
2026-01-08T05:51:00Z,99.9529
2026-01-08T05:52:00Z,99.1989
2026-01-08T05:53:00Z,100.4148
2026-01-08T05:54:00Z,100.1823
2026-01-08T05:55:00Z,100.1805
2026-01-08T05:56:00Z,99.4413
2026-01-08T05:57:00Z,99.7158
2026-01-08T05:58:00Z,99.5551
2026-01-08T05:59:00Z,99.3094
2026-01-08T06:00:00Z,99.8742
2026-01-08T06:01:00Z,99.7245
2026-01-08T06:02:00Z,98.2491
2026-01-08T06:03:00Z,99.4391
2026-01-08T06:04:00Z,100.5181
2026-01-08T06:05:00Z,100.973
2026-01-08T06:06:00Z,100.2318
2026-01-08T06:07:00Z,100.1167
2026-01-08T06:08:00Z,100.1455
2026-01-08T06:09:00Z,100.0319
2026-01-08T06:10:00Z,100.3541
2026-01-08T06:11:00Z,99.9596
2026-01-08T06:12:00Z,100.5299
2026-01-08T06:13:00Z,99.9447
2026-01-08T06:14:00Z,99.9534
2026-01-08T06:15:00Z,100.569
2026-01-08T06:16:00Z,100.1837
2026-01-08T06:17:00Z,100.1894
2026-01-08T06:18:00Z,99.6726
2026-01-08T06:19:00Z,100.5406
2026-01-08T06:20:00Z,99.8086
2026-01-08T06:21:00Z,100.5627
2026-01-08T06:22:00Z,100.2194
2026-01-08T06:23:00Z,100.3281
2026-01-08T06:24:00Z,99.9079
2026-01-08T06:25:00Z,100.5214
2026-01-08T06:26:00Z,99.3524
2026-01-08T06:27:00Z,100.9033
2026-01-08T06:28:00Z,98.9588
2026-01-08T06:29:00Z,100.1692
2026-01-08T06:30:00Z,100.3615
2026-01-08T06:31:00Z,100.239
2026-01-08T06:32:00Z,99.4051
2026-01-08T06:33:00Z,99.1631
2026-01-08T06:34:00Z,100.1711
2026-01-08T06:35:00Z,100.0638
2026-01-08T06:36:00Z,100.4518
2026-01-08T06:37:00Z,100.0949
2026-01-08T06:38:00Z,99.5153
2026-01-08T06:39:00Z,100.3666
2026-01-08T06:40:00Z,100.5486
2026-01-08T06:41:00Z,100.1966
2026-01-08T06:42:00Z,99.9288
2026-01-08T06:43:00Z,99.2941
2026-01-08T06:44:00Z,99.7576
2026-01-08T06:45:00Z,100.2042
2026-01-08T06:46:00Z,100.1423
2026-01-08T06:47:00Z,100.4508
2026-01-08T06:48:00Z,100.6769
2026-01-08T06:49:00Z,99.1815
2026-01-08T06:50:00Z,101.1026
2026-01-08T06:51:00Z,100.7127
2026-01-08T06:52:00Z,99.8026
2026-01-08T06:53:00Z,100.8338
2026-01-08T06:54:00Z,100.621
2026-01-08T06:55:00Z,99.946
2026-01-08T06:56:00Z,100.0282
2026-01-08T06:57:00Z,99.9517
2026-01-08T06:58:00Z,99.9675
2026-01-08T06:59:00Z,100.1023
2026-01-08T07:00:00Z,100.1772
2026-01-08T07:01:00Z,99.6638
2026-01-08T07:02:00Z,98.6939
2026-01-08T07:03:00Z,99.9784
2026-01-08T07:04:00Z,100.6438
2026-01-08T07:05:00Z,100.0428
2026-01-08T07:06:00Z,100.6511
2026-01-08T07:07:00Z,99.9025
2026-01-08T07:08:00Z,100.1305
2026-01-08T07:09:00Z,99.5325
2026-01-08T07:10:00Z,100.5202
2026-01-08T07:11:00Z,99.9852
2026-01-08T07:12:00Z,99.4578
2026-01-08T07:13:00Z,100.318
2026-01-08T07:14:00Z,100.4623
2026-01-08T07:15:00Z,100.4652
2026-01-08T07:16:00Z,100.1582
2026-01-08T07:17:00Z,98.7538
2026-01-08T07:18:00Z,99.5853
2026-01-08T07:19:00Z,99.6734
2026-01-08T07:20:00Z,99.5861
2026-01-08T07:21:00Z,99.9118
2026-01-08T07:22:00Z,100.1823
2026-01-08T07:23:00Z,100.6376
2026-01-08T07:24:00Z,99.9564
2026-01-08T07:25:00Z,100.6011
2026-01-08T07:26:00Z,99.5312
2026-01-08T07:27:00Z,100.5813
2026-01-08T07:28:00Z,100.0481
2026-01-08T07:29:00Z,99.5694
2026-01-08T07:30:00Z,99.5233
2026-01-08T07:31:00Z,99.6859
2026-01-08T07:32:00Z,99.8271
2026-01-08T07:33:00Z,99.4478
2026-01-08T07:34:00Z,99.4494
2026-01-08T07:35:00Z,99.437
2026-01-08T07:36:00Z,99.5263
2026-01-08T07:37:00Z,100.4084
2026-01-08T07:38:00Z,101.2557
2026-01-08T07:39:00Z,100.0224
2026-01-08T07:40:00Z,99.5822
2026-01-08T07:41:00Z,100.1436
2026-01-08T07:42:00Z,99.8934
2026-01-08T07:43:00Z,99.4664
2026-01-08T07:44:00Z,100.7806
2026-01-08T07:45:00Z,99.9885
2026-01-08T07:46:00Z,99.585
2026-01-08T07:47:00Z,100.1275
2026-01-08T07:48:00Z,99.5982
2026-01-08T07:49:00Z,100.2681
2026-01-08T07:50:00Z,100.1035
2026-01-08T07:51:00Z,101.2314
2026-01-08T07:52:00Z,100.5778
2026-01-08T07:53:00Z,100.2175
2026-01-08T07:54:00Z,101.1086
2026-01-08T07:55:00Z,99.7227
2026-01-08T07:56:00Z,100.5165
2026-01-08T07:57:00Z,99.0127
2026-01-08T07:58:00Z,100.4428
2026-01-08T07:59:00Z,99.7091
2026-01-08T08:00:00Z,99.208
2026-01-08T08:01:00Z,99.6623
2026-01-08T08:02:00Z,99.8599
2026-01-08T08:03:00Z,99.9308
2026-01-08T08:04:00Z,98.7983
2026-01-08T08:05:00Z,99.8054
2026-01-08T08:06:00Z,100.4545
2026-01-08T08:07:00Z,100.3042
2026-01-08T08:08:00Z,100.3877
2026-01-08T08:09:00Z,99.938
2026-01-08T08:10:00Z,99.7421
2026-01-08T08:11:00Z,99.6454
2026-01-08T08:12:00Z,99.7184
2026-01-08T08:13:00Z,100.8063
2026-01-08T08:14:00Z,99.7246
2026-01-08T08:15:00Z,99.9913
2026-01-08T08:16:00Z,100.4232
2026-01-08T08:17:00Z,98.5498
2026-01-08T08:18:00Z,100.1338
2026-01-08T08:19:00Z,100.1115
2026-01-08T08:20:00Z,99.9604
2026-01-08T08:21:00Z,100.8904
2026-01-08T08:22:00Z,99.5243
2026-01-08T08:23:00Z,100.6694
2026-01-08T08:24:00Z,100.6314
2026-01-08T08:25:00Z,99.7229
2026-01-08T08:26:00Z,100.1539
2026-01-08T08:27:00Z,101.0317
2026-01-08T08:28:00Z,99.9012
2026-01-08T08:29:00Z,99.3808
2026-01-08T08:30:00Z,99.5993
2026-01-08T08:31:00Z,100.0016
2026-01-08T08:32:00Z,100.0971
2026-01-08T08:33:00Z,99.9665
2026-01-08T08:34:00Z,99.1417
2026-01-08T08:35:00Z,99.5019
2026-01-08T08:36:00Z,99.0834
2026-01-08T08:37:00Z,99.4697
2026-01-08T08:38:00Z,99.9776
2026-01-08T08:39:00Z,100.2182
2026-01-08T08:40:00Z,100.2543
2026-01-08T08:41:00Z,100.2368
2026-01-08T08:42:00Z,99.4525
2026-01-08T08:43:00Z,100.166
2026-01-08T08:44:00Z,100.0131
2026-01-08T08:45:00Z,100.0426
2026-01-08T08:46:00Z,100.1026
2026-01-08T08:47:00Z,100.0032
2026-01-08T08:48:00Z,100.4338
2026-01-08T08:49:00Z,99.6644
2026-01-08T08:50:00Z,100.0802
2026-01-08T08:51:00Z,100.1749
2026-01-08T08:52:00Z,100.3148
2026-01-08T08:53:00Z,99.3633
2026-01-08T08:54:00Z,99.5357
2026-01-08T08:55:00Z,99.9672
2026-01-08T08:56:00Z,99.6452
2026-01-08T08:57:00Z,99.6664
2026-01-08T08:58:00Z,100.4485
2026-01-08T08:59:00Z,99.6583
2026-01-08T09:00:00Z,100.7208
2026-01-08T09:01:00Z,100.9536
2026-01-08T09:02:00Z,99.7353
2026-01-08T09:03:00Z,99.5698
2026-01-08T09:04:00Z,99.5142
2026-01-08T09:05:00Z,99.8421
2026-01-08T09:06:00Z,100.1849
2026-01-08T09:07:00Z,100.3946
2026-01-08T09:08:00Z,98.5285
2026-01-08T09:09:00Z,100.5024
2026-01-08T09:10:00Z,99.9185
2026-01-08T09:11:00Z,99.8984
2026-01-08T09:12:00Z,99.5515
2026-01-08T09:13:00Z,100.8591
2026-01-08T09:14:00Z,98.5744
2026-01-08T09:15:00Z,100.5351
2026-01-08T09:16:00Z,99.6067
2026-01-08T09:17:00Z,100.0666
2026-01-08T09:18:00Z,98.7249
2026-01-08T09:19:00Z,98.227
2026-01-08T09:20:00Z,99.7839
2026-01-08T09:21:00Z,100.5817
2026-01-08T09:22:00Z,99.885
2026-01-08T09:23:00Z,99.3438
2026-01-08T09:24:00Z,100.2312
2026-01-08T09:25:00Z,100.7912
2026-01-08T09:26:00Z,98.9058
2026-01-08T09:27:00Z,99.7956
2026-01-08T09:28:00Z,100.9359
2026-01-08T09:29:00Z,99.9501
2026-01-08T09:30:00Z,99.6927
2026-01-08T09:31:00Z,100.4534
2026-01-08T09:32:00Z,100.6537
2026-01-08T09:33:00Z,99.2489
2026-01-08T09:34:00Z,99.8588
2026-01-08T09:35:00Z,100.9861
2026-01-08T09:36:00Z,100.2617
2026-01-08T09:37:00Z,99.2516
2026-01-08T09:38:00Z,100.3752
2026-01-08T09:39:00Z,100.5996
2026-01-08T09:40:00Z,99.5898
2026-01-08T09:41:00Z,99.9812
2026-01-08T09:42:00Z,100.3234
2026-01-08T09:43:00Z,101.1442
2026-01-08T09:44:00Z,100.6128
2026-01-08T09:45:00Z,99.7029
2026-01-08T09:46:00Z,100.0146
2026-01-08T09:47:00Z,99.4722
2026-01-08T09:48:00Z,99.2912
2026-01-08T09:49:00Z,100.2495
2026-01-08T09:50:00Z,100.2843
2026-01-08T09:51:00Z,100.4852
2026-01-08T09:52:00Z,100.653
2026-01-08T09:53:00Z,100.2227
2026-01-08T09:54:00Z,100.0894
2026-01-08T09:55:00Z,100.3885
2026-01-08T09:56:00Z,101.152
2026-01-08T09:57:00Z,100.4854
2026-01-08T09:58:00Z,99.6647
2026-01-08T09:59:00Z,98.8106
2026-01-08T10:00:00Z,99.1426
2026-01-08T10:01:00Z,99.6995
2026-01-08T10:02:00Z,99.9389
2026-01-08T10:03:00Z,100.0595
2026-01-08T10:04:00Z,99.8366
2026-01-08T10:05:00Z,99.5574
2026-01-08T10:06:00Z,99.3058
2026-01-08T10:07:00Z,100.1161
2026-01-08T10:08:00Z,100.9951
2026-01-08T10:09:00Z,100.248
2026-01-08T10:10:00Z,98.9983
2026-01-08T10:11:00Z,100.0104
2026-01-08T10:12:00Z,99.9588
2026-01-08T10:13:00Z,99.2119
2026-01-08T10:14:00Z,100.2579
2026-01-08T10:15:00Z,100.0542
2026-01-08T10:16:00Z,99.6383
2026-01-08T10:17:00Z,100.2667
2026-01-08T10:18:00Z,100.3153
2026-01-08T10:19:00Z,100.4204
2026-01-08T10:20:00Z,99.9186
2026-01-08T10:21:00Z,99.8636
2026-01-08T10:22:00Z,99.4515
2026-01-08T10:23:00Z,99.9489
2026-01-08T10:24:00Z,99.552
2026-01-08T10:25:00Z,100.4606
2026-01-08T10:26:00Z,101.0013
2026-01-08T10:27:00Z,100.5616
2026-01-08T10:28:00Z,100.1027
2026-01-08T10:29:00Z,99.1852
2026-01-08T10:30:00Z,99.4651
2026-01-08T10:31:00Z,99.3079
2026-01-08T10:32:00Z,100.6521
2026-01-08T10:33:00Z,100.2641
2026-01-08T10:34:00Z,99.4755
2026-01-08T10:35:00Z,99.5964
2026-01-08T10:36:00Z,100.9325
2026-01-08T10:37:00Z,99.7901
2026-01-08T10:38:00Z,100.4153
2026-01-08T10:39:00Z,99.5807
2026-01-08T10:40:00Z,100.8962
2026-01-08T10:41:00Z,100.018
2026-01-08T10:42:00Z,100.2645
2026-01-08T10:43:00Z,99.4498
2026-01-08T10:44:00Z,99.7441
2026-01-08T10:45:00Z,100.1057
2026-01-08T10:46:00Z,99.935
2026-01-08T10:47:00Z,100.2016
2026-01-08T10:48:00Z,100.3259
2026-01-08T10:49:00Z,100.5993
2026-01-08T10:50:00Z,99.7565
2026-01-08T10:51:00Z,100.26
2026-01-08T10:52:00Z,100.1336
2026-01-08T10:53:00Z,100.0638
2026-01-08T10:54:00Z,99.6177
2026-01-08T10:55:00Z,100.4575
2026-01-08T10:56:00Z,100.1894
2026-01-08T10:57:00Z,101.0835
2026-01-08T10:58:00Z,100.358
2026-01-08T10:59:00Z,99.5705
2026-01-08T11:00:00Z,99.3443
2026-01-08T11:01:00Z,99.6242
2026-01-08T11:02:00Z,100.7443
2026-01-08T11:03:00Z,100.3499
2026-01-08T11:04:00Z,99.4575
2026-01-08T11:05:00Z,99.9248
2026-01-08T11:06:00Z,100.6106
2026-01-08T11:07:00Z,101.0051
2026-01-08T11:08:00Z,100.0042
2026-01-08T11:09:00Z,100.5322
2026-01-08T11:10:00Z,98.9362
2026-01-08T11:11:00Z,100.2543
2026-01-08T11:12:00Z,100.1419
2026-01-08T11:13:00Z,99.7764
2026-01-08T11:14:00Z,99.5513
2026-01-08T11:15:00Z,100.6474
2026-01-08T11:16:00Z,100.2671
2026-01-08T11:17:00Z,100.3352
2026-01-08T11:18:00Z,100.8986
2026-01-08T11:19:00Z,99.7568
2026-01-08T11:20:00Z,99.5387
2026-01-08T11:21:00Z,99.6883
2026-01-08T11:22:00Z,100.7159
2026-01-08T11:23:00Z,100.9678
2026-01-08T11:24:00Z,99.6959
2026-01-08T11:25:00Z,100.2469
2026-01-08T11:26:00Z,100.0937
2026-01-08T11:27:00Z,100.3332
2026-01-08T11:28:00Z,100.0886
2026-01-08T11:29:00Z,100.4967
2026-01-08T11:30:00Z,98.9344
2026-01-08T11:31:00Z,100.4045
2026-01-08T11:32:00Z,99.717
2026-01-08T11:33:00Z,99.7076
2026-01-08T11:34:00Z,99.571
2026-01-08T11:35:00Z,99.9249
2026-01-08T11:36:00Z,100.0257
2026-01-08T11:37:00Z,100.3988
2026-01-08T11:38:00Z,100.069
2026-01-08T11:39:00Z,99.7634
2026-01-08T11:40:00Z,99.8511
2026-01-08T11:41:00Z,99.7604
2026-01-08T11:42:00Z,99.3061
2026-01-08T11:43:00Z,100.3252
2026-01-08T11:44:00Z,100.9299
2026-01-08T11:45:00Z,99.8663
2026-01-08T11:46:00Z,99.6227
2026-01-08T11:47:00Z,99.6265
2026-01-08T11:48:00Z,99.2173
2026-01-08T11:49:00Z,100.0626
2026-01-08T11:50:00Z,100.1133
2026-01-08T11:51:00Z,100.0527
2026-01-08T11:52:00Z,99.3711
2026-01-08T11:53:00Z,99.0676
2026-01-08T11:54:00Z,100.0674
2026-01-08T11:55:00Z,99.7074
2026-01-08T11:56:00Z,100.7005
2026-01-08T11:57:00Z,100.1424
2026-01-08T11:58:00Z,100.1178
2026-01-08T11:59:00Z,99.9894
2026-01-08T12:00:00Z,99.5905
2026-01-08T12:01:00Z,100.3787
2026-01-08T12:02:00Z,100.0482
2026-01-08T12:03:00Z,99.9745
2026-01-08T12:04:00Z,99.7306
2026-01-08T12:05:00Z,100.1277
2026-01-08T12:06:00Z,100.5122
2026-01-08T12:07:00Z,99.3882
2026-01-08T12:08:00Z,99.9172
2026-01-08T12:09:00Z,99.8806
2026-01-08T12:10:00Z,100.0246
2026-01-08T12:11:00Z,100.5061
2026-01-08T12:12:00Z,99.6723
2026-01-08T12:13:00Z,99.6771
2026-01-08T12:14:00Z,100.3069
2026-01-08T12:15:00Z,100.2774
2026-01-08T12:16:00Z,100.4045
2026-01-08T12:17:00Z,99.9668
2026-01-08T12:18:00Z,99.8405
2026-01-08T12:19:00Z,100.7696
2026-01-08T12:20:00Z,99.6472
2026-01-08T12:21:00Z,100.281
2026-01-08T12:22:00Z,99.8788
2026-01-08T12:23:00Z,99.4969
2026-01-08T12:24:00Z,99.856
2026-01-08T12:25:00Z,100.0685
2026-01-08T12:26:00Z,99.9021
2026-01-08T12:27:00Z,100.0841
2026-01-08T12:28:00Z,101.1032
2026-01-08T12:29:00Z,100.6728
2026-01-08T12:30:00Z,100.0194
2026-01-08T12:31:00Z,99.451
2026-01-08T12:32:00Z,99.6208
2026-01-08T12:33:00Z,100.2282
2026-01-08T12:34:00Z,99.7322
2026-01-08T12:35:00Z,99.0245
2026-01-08T12:36:00Z,100.4174
2026-01-08T12:37:00Z,100.2128
2026-01-08T12:38:00Z,99.6639
2026-01-08T12:39:00Z,100.4722
2026-01-08T12:40:00Z,99.841
2026-01-08T12:41:00Z,100.1234
2026-01-08T12:42:00Z,99.9991
2026-01-08T12:43:00Z,100.5082
2026-01-08T12:44:00Z,100.3396
2026-01-08T12:45:00Z,99.9579
2026-01-08T12:46:00Z,100.9043
2026-01-08T12:47:00Z,99.7384
2026-01-08T12:48:00Z,99.0391
2026-01-08T12:49:00Z,100.5001
2026-01-08T12:50:00Z,99.6298
2026-01-08T12:51:00Z,99.7822
2026-01-08T12:52:00Z,100.4068
2026-01-08T12:53:00Z,100.023
2026-01-08T12:54:00Z,100.7766
2026-01-08T12:55:00Z,99.6873
2026-01-08T12:56:00Z,100.0857
2026-01-08T12:57:00Z,99.8394
2026-01-08T12:58:00Z,100.208
2026-01-08T12:59:00Z,99.5637
2026-01-08T13:00:00Z,100.3756
2026-01-08T13:01:00Z,100.3955
2026-01-08T13:02:00Z,99.3181
2026-01-08T13:03:00Z,100.1963
2026-01-08T13:04:00Z,100.9278
2026-01-08T13:05:00Z,100.5583
2026-01-08T13:06:00Z,99.6231
2026-01-08T13:07:00Z,101.3258
2026-01-08T13:08:00Z,100.0843
2026-01-08T13:09:00Z,100.2146
2026-01-08T13:10:00Z,100.0127
2026-01-08T13:11:00Z,99.3391
2026-01-08T13:12:00Z,100.0189
2026-01-08T13:13:00Z,99.2625
2026-01-08T13:14:00Z,99.6604
2026-01-08T13:15:00Z,99.7508
2026-01-08T13:16:00Z,99.6251
2026-01-08T13:17:00Z,99.9677
2026-01-08T13:18:00Z,100.053
2026-01-08T13:19:00Z,99.6817
2026-01-08T13:20:00Z,100.2359
2026-01-08T13:21:00Z,100.2298
2026-01-08T13:22:00Z,99.8725
2026-01-08T13:23:00Z,99.5056
2026-01-08T13:24:00Z,100.159
2026-01-08T13:25:00Z,100.7395
2026-01-08T13:26:00Z,100.1619
2026-01-08T13:27:00Z,99.561
2026-01-08T13:28:00Z,100.1705
2026-01-08T13:29:00Z,99.4223
2026-01-08T13:30:00Z,100.2697
2026-01-08T13:31:00Z,100.4918
2026-01-08T13:32:00Z,100.5242
2026-01-08T13:33:00Z,100.3003
2026-01-08T13:34:00Z,100.2737
2026-01-08T13:35:00Z,99.3386
2026-01-08T13:36:00Z,100.2437
2026-01-08T13:37:00Z,100.2007
2026-01-08T13:38:00Z,99.9714
2026-01-08T13:39:00Z,99.3662
2026-01-08T13:40:00Z,100.3278
2026-01-08T13:41:00Z,99.7049
2026-01-08T13:42:00Z,100.6672
2026-01-08T13:43:00Z,99.4975
2026-01-08T13:44:00Z,99.2388
2026-01-08T13:45:00Z,99.6967
2026-01-08T13:46:00Z,101.0267
2026-01-08T13:47:00Z,100.575
2026-01-08T13:48:00Z,99.7315
2026-01-08T13:49:00Z,99.7501
2026-01-08T13:50:00Z,99.4176
2026-01-08T13:51:00Z,101.0043
2026-01-08T13:52:00Z,99.7116
2026-01-08T13:53:00Z,100.3
2026-01-08T13:54:00Z,100.2097
2026-01-08T13:55:00Z,99.2437
2026-01-08T13:56:00Z,100.6876
2026-01-08T13:57:00Z,100.6451
2026-01-08T13:58:00Z,100.3701
2026-01-08T13:59:00Z,100.0032
2026-01-08T14:00:00Z,100.6879
2026-01-08T14:01:00Z,99.1812
2026-01-08T14:02:00Z,100.287
2026-01-08T14:03:00Z,99.082
2026-01-08T14:04:00Z,99.804
2026-01-08T14:05:00Z,101.0354
2026-01-08T14:06:00Z,100.3956
2026-01-08T14:07:00Z,99.5637
2026-01-08T14:08:00Z,99.7475
2026-01-08T14:09:00Z,99.9465
2026-01-08T14:10:00Z,99.8318
2026-01-08T14:11:00Z,99.9266
2026-01-08T14:12:00Z,100.1039
2026-01-08T14:13:00Z,100.4062
2026-01-08T14:14:00Z,100.0484
2026-01-08T14:15:00Z,100.6776
2026-01-08T14:16:00Z,100.1301
2026-01-08T14:17:00Z,99.5123
2026-01-08T14:18:00Z,100.1098
2026-01-08T14:19:00Z,99.6883
2026-01-08T14:20:00Z,99.7259
2026-01-08T14:21:00Z,100.4208
2026-01-08T14:22:00Z,100.1852
2026-01-08T14:23:00Z,100.3
2026-01-08T14:24:00Z,101.0131
2026-01-08T14:25:00Z,100.8564
2026-01-08T14:26:00Z,100.1849
2026-01-08T14:27:00Z,98.8958
2026-01-08T14:28:00Z,99.1488
2026-01-08T14:29:00Z,99.2588
2026-01-08T14:30:00Z,99.8059
2026-01-08T14:31:00Z,99.424
2026-01-08T14:32:00Z,99.2776
2026-01-08T14:33:00Z,99.4768
2026-01-08T14:34:00Z,99.3702
2026-01-08T14:35:00Z,100.1155
2026-01-08T14:36:00Z,100.2236
2026-01-08T14:37:00Z,100.0009
2026-01-08T14:38:00Z,99.5787
2026-01-08T14:39:00Z,100.1648
2026-01-08T14:40:00Z,100.1083
2026-01-08T14:41:00Z,99.8951
2026-01-08T14:42:00Z,99.6661
2026-01-08T14:43:00Z,100.0899
2026-01-08T14:44:00Z,100.0016
2026-01-08T14:45:00Z,99.9214
2026-01-08T14:46:00Z,99.8331
2026-01-08T14:47:00Z,100.3715
2026-01-08T14:48:00Z,100.3658
2026-01-08T14:49:00Z,100.291
2026-01-08T14:50:00Z,100.3629
2026-01-08T14:51:00Z,99.5441
2026-01-08T14:52:00Z,100.9675
2026-01-08T14:53:00Z,100.0371
2026-01-08T14:54:00Z,99.2602
2026-01-08T14:55:00Z,99.5386
2026-01-08T14:56:00Z,99.9216
2026-01-08T14:57:00Z,100.0304
2026-01-08T14:58:00Z,100.1249
2026-01-08T14:59:00Z,98.9681
2026-01-08T15:00:00Z,99.5399
2026-01-08T15:01:00Z,99.8014
2026-01-08T15:02:00Z,99.9603
2026-01-08T15:03:00Z,99.7232
2026-01-08T15:04:00Z,99.9121
2026-01-08T15:05:00Z,99.7184
2026-01-08T15:06:00Z,100.118
2026-01-08T15:07:00Z,99.5241
2026-01-08T15:08:00Z,100.0619
2026-01-08T15:09:00Z,100.0548
2026-01-08T15:10:00Z,99.2925
2026-01-08T15:11:00Z,100.2102
2026-01-08T15:12:00Z,99.8871
2026-01-08T15:13:00Z,99.3965
2026-01-08T15:14:00Z,99.6761
2026-01-08T15:15:00Z,100.1592
2026-01-08T15:16:00Z,100.245
2026-01-08T15:17:00Z,99.799
2026-01-08T15:18:00Z,99.6211
2026-01-08T15:19:00Z,99.1831
2026-01-08T15:20:00Z,101.0257
2026-01-08T15:21:00Z,100.6753
2026-01-08T15:22:00Z,100.6757
2026-01-08T15:23:00Z,99.9188
2026-01-08T15:24:00Z,99.9148
2026-01-08T15:25:00Z,99.4388
2026-01-08T15:26:00Z,99.2093
2026-01-08T15:27:00Z,99.4992
2026-01-08T15:28:00Z,99.4435
2026-01-08T15:29:00Z,99.7251
2026-01-08T15:30:00Z,99.7739
2026-01-08T15:31:00Z,99.8782
2026-01-08T15:32:00Z,99.6387
2026-01-08T15:33:00Z,100.6512
2026-01-08T15:34:00Z,99.5755
2026-01-08T15:35:00Z,99.8325
2026-01-08T15:36:00Z,100.4858
2026-01-08T15:37:00Z,99.5372
2026-01-08T15:38:00Z,100.6828
2026-01-08T15:39:00Z,100.1103
2026-01-08T15:40:00Z,100.2125
2026-01-08T15:41:00Z,100.5481
2026-01-08T15:42:00Z,100.1293
2026-01-08T15:43:00Z,99.5306
2026-01-08T15:44:00Z,99.5386
2026-01-08T15:45:00Z,100.2161
2026-01-08T15:46:00Z,99.8776
2026-01-08T15:47:00Z,100.1565
2026-01-08T15:48:00Z,99.6448
2026-01-08T15:49:00Z,99.7544
2026-01-08T15:50:00Z,99.2992
2026-01-08T15:51:00Z,99.1232
2026-01-08T15:52:00Z,99.7288
2026-01-08T15:53:00Z,99.582
2026-01-08T15:54:00Z,99.8062
2026-01-08T15:55:00Z,100.6183
2026-01-08T15:56:00Z,100.2346
2026-01-08T15:57:00Z,99.8066
2026-01-08T15:58:00Z,99.8969
2026-01-08T15:59:00Z,99.8353
2026-01-08T16:00:00Z,100.0316
2026-01-08T16:01:00Z,99.3039
2026-01-08T16:02:00Z,99.955
2026-01-08T16:03:00Z,100.3676
2026-01-08T16:04:00Z,99.9
2026-01-08T16:05:00Z,100.2345
2026-01-08T16:06:00Z,100.68
2026-01-08T16:07:00Z,99.8416
2026-01-08T16:08:00Z,100.2735
2026-01-08T16:09:00Z,99.8217
2026-01-08T16:10:00Z,99.8022
2026-01-08T16:11:00Z,99.004
2026-01-08T16:12:00Z,100.9158
2026-01-08T16:13:00Z,100.3978
2026-01-08T16:14:00Z,99.383
2026-01-08T16:15:00Z,100.9787
2026-01-08T16:16:00Z,99.7845
2026-01-08T16:17:00Z,99.5389
2026-01-08T16:18:00Z,100.7141
2026-01-08T16:19:00Z,100.291
2026-01-08T16:20:00Z,100.5564
2026-01-08T16:21:00Z,100.2653
2026-01-08T16:22:00Z,99.8784
2026-01-08T16:23:00Z,99.7363
2026-01-08T16:24:00Z,101.1799
2026-01-08T16:25:00Z,99.9289
2026-01-08T16:26:00Z,99.6632
2026-01-08T16:27:00Z,99.8566
2026-01-08T16:28:00Z,100.3566
2026-01-08T16:29:00Z,100.0232
2026-01-08T16:30:00Z,100.2202
2026-01-08T16:31:00Z,100.1008
2026-01-08T16:32:00Z,100.7292
2026-01-08T16:33:00Z,99.9595
2026-01-08T16:34:00Z,100.1418
2026-01-08T16:35:00Z,99.6312
2026-01-08T16:36:00Z,99.4675
2026-01-08T16:37:00Z,99.8052
2026-01-08T16:38:00Z,99.8407
2026-01-08T16:39:00Z,100.0233
2026-01-08T16:40:00Z,100.1985
2026-01-08T16:41:00Z,100.3588
2026-01-08T16:42:00Z,100.324
2026-01-08T16:43:00Z,100.3984
2026-01-08T16:44:00Z,98.7695
2026-01-08T16:45:00Z,100.1969
2026-01-08T16:46:00Z,100.2339
2026-01-08T16:47:00Z,99.6013
2026-01-08T16:48:00Z,99.41
2026-01-08T16:49:00Z,99.9802
2026-01-08T16:50:00Z,100.5498
2026-01-08T16:51:00Z,99.9773
2026-01-08T16:52:00Z,100.1716
2026-01-08T16:53:00Z,99.8722
2026-01-08T16:54:00Z,100.4786
2026-01-08T16:55:00Z,99.9576
2026-01-08T16:56:00Z,100.5002
2026-01-08T16:57:00Z,99.6765
2026-01-08T16:58:00Z,99.9891
2026-01-08T16:59:00Z,99.7745
2026-01-08T17:00:00Z,99.5237
2026-01-08T17:01:00Z,99.1488
2026-01-08T17:02:00Z,100.6134
2026-01-08T17:03:00Z,99.9953
2026-01-08T17:04:00Z,99.7455
2026-01-08T17:05:00Z,99.4334
2026-01-08T17:06:00Z,99.1407
2026-01-08T17:07:00Z,99.898
2026-01-08T17:08:00Z,100.1248
2026-01-08T17:09:00Z,99.4912
2026-01-08T17:10:00Z,99.9144
2026-01-08T17:11:00Z,100.2289
2026-01-08T17:12:00Z,99.1929
2026-01-08T17:13:00Z,100.454
2026-01-08T17:14:00Z,100.7562
2026-01-08T17:15:00Z,100.5787
2026-01-08T17:16:00Z,99.6117
2026-01-08T17:17:00Z,100.7759
2026-01-08T17:18:00Z,100.3409
2026-01-08T17:19:00Z,100.3161
2026-01-08T17:20:00Z,99.7693
2026-01-08T17:21:00Z,100.5846
2026-01-08T17:22:00Z,100.6868
2026-01-08T17:23:00Z,100.6916
2026-01-08T17:24:00Z,99.7469
2026-01-08T17:25:00Z,100.1344
2026-01-08T17:26:00Z,99.2898
2026-01-08T17:27:00Z,100.1081
2026-01-08T17:28:00Z,100.2441
2026-01-08T17:29:00Z,100.3683
2026-01-08T17:30:00Z,99.9047
2026-01-08T17:31:00Z,100.2935
2026-01-08T17:32:00Z,99.0022
2026-01-08T17:33:00Z,100.3985
2026-01-08T17:34:00Z,99.4785
2026-01-08T17:35:00Z,99.4713
2026-01-08T17:36:00Z,99.8133
2026-01-08T17:37:00Z,100.6343
2026-01-08T17:38:00Z,100.0542
2026-01-08T17:39:00Z,99.8255
2026-01-08T17:40:00Z,100.3536
2026-01-08T17:41:00Z,99.5439
2026-01-08T17:42:00Z,100.6237
2026-01-08T17:43:00Z,99.7762
2026-01-08T17:44:00Z,99.6402
2026-01-08T17:45:00Z,100.1307
2026-01-08T17:46:00Z,99.4161
2026-01-08T17:47:00Z,99.8307
2026-01-08T17:48:00Z,100.0188
2026-01-08T17:49:00Z,99.5766
2026-01-08T17:50:00Z,101.0546
2026-01-08T17:51:00Z,99.9323
2026-01-08T17:52:00Z,100.0589
2026-01-08T17:53:00Z,99.7835
2026-01-08T17:54:00Z,100.4678
2026-01-08T17:55:00Z,99.8188
2026-01-08T17:56:00Z,100.0964
2026-01-08T17:57:00Z,100.1448
2026-01-08T17:58:00Z,99.7379
2026-01-08T17:59:00Z,99.8253
2026-01-08T18:00:00Z,99.6552
2026-01-08T18:01:00Z,99.5908
2026-01-08T18:02:00Z,100.2159
2026-01-08T18:03:00Z,100.8224
2026-01-08T18:04:00Z,99.8491
2026-01-08T18:05:00Z,99.222
2026-01-08T18:06:00Z,99.9365
2026-01-08T18:07:00Z,99.8511
2026-01-08T18:08:00Z,100.6709
2026-01-08T18:09:00Z,101.01
2026-01-08T18:10:00Z,99.8859
2026-01-08T18:11:00Z,99.581
2026-01-08T18:12:00Z,101.216
2026-01-08T18:13:00Z,100.015
2026-01-08T18:14:00Z,100.0137
2026-01-08T18:15:00Z,99.9751
2026-01-08T18:16:00Z,100.4717
2026-01-08T18:17:00Z,99.819
2026-01-08T18:18:00Z,101.018
2026-01-08T18:19:00Z,99.8302
2026-01-08T18:20:00Z,99.8026
2026-01-08T18:21:00Z,101.0566
2026-01-08T18:22:00Z,100.3888
2026-01-08T18:23:00Z,99.6694
2026-01-08T18:24:00Z,99.5452
2026-01-08T18:25:00Z,100.2115
2026-01-08T18:26:00Z,100.1638
2026-01-08T18:27:00Z,100.4903
2026-01-08T18:28:00Z,99.7716
2026-01-08T18:29:00Z,100.1652
2026-01-08T18:30:00Z,98.7358
2026-01-08T18:31:00Z,100.1272
2026-01-08T18:32:00Z,100.0394
2026-01-08T18:33:00Z,98.9949
2026-01-08T18:34:00Z,100.0434
2026-01-08T18:35:00Z,100.2689
2026-01-08T18:36:00Z,99.8108
2026-01-08T18:37:00Z,100.3822
2026-01-08T18:38:00Z,99.4315
2026-01-08T18:39:00Z,99.5631
2026-01-08T18:40:00Z,99.6938
2026-01-08T18:41:00Z,100.8271
2026-01-08T18:42:00Z,100.2355
2026-01-08T18:43:00Z,100.7793
2026-01-08T18:44:00Z,100.7144
2026-01-08T18:45:00Z,100.5518
2026-01-08T18:46:00Z,100.2649
2026-01-08T18:47:00Z,100.1649
2026-01-08T18:48:00Z,99.4019
2026-01-08T18:49:00Z,100.2923
2026-01-08T18:50:00Z,100.4344
2026-01-08T18:51:00Z,100.0392
2026-01-08T18:52:00Z,99.8354
2026-01-08T18:53:00Z,100.001
2026-01-08T18:54:00Z,99.5765
2026-01-08T18:55:00Z,99.709
2026-01-08T18:56:00Z,99.7721
2026-01-08T18:57:00Z,100.4332
2026-01-08T18:58:00Z,99.9737
2026-01-08T18:59:00Z,100.8015
2026-01-08T19:00:00Z,100.0308
2026-01-08T19:01:00Z,99.0222
2026-01-08T19:02:00Z,99.807
2026-01-08T19:03:00Z,99.2281
2026-01-08T19:04:00Z,101.0385
2026-01-08T19:05:00Z,100.3672
2026-01-08T19:06:00Z,99.8225
2026-01-08T19:07:00Z,99.6799
2026-01-08T19:08:00Z,99.8931
2026-01-08T19:09:00Z,100.4363
2026-01-08T19:10:00Z,100.0931
2026-01-08T19:11:00Z,100.0029
2026-01-08T19:12:00Z,100.2255
2026-01-08T19:13:00Z,100.0521
2026-01-08T19:14:00Z,100.4108
2026-01-08T19:15:00Z,99.7553
2026-01-08T19:16:00Z,100.0543
2026-01-08T19:17:00Z,99.3777
2026-01-08T19:18:00Z,100.4816
2026-01-08T19:19:00Z,100.6964
2026-01-08T19:20:00Z,99.9141
2026-01-08T19:21:00Z,99.4503
2026-01-08T19:22:00Z,100.0425
2026-01-08T19:23:00Z,99.7184
2026-01-08T19:24:00Z,99.6665
2026-01-08T19:25:00Z,100.3944
2026-01-08T19:26:00Z,99.993
2026-01-08T19:27:00Z,99.4032
2026-01-08T19:28:00Z,101.0544
2026-01-08T19:29:00Z,99.8168
2026-01-08T19:30:00Z,100.1516
2026-01-08T19:31:00Z,100.536
2026-01-08T19:32:00Z,100.0527
2026-01-08T19:33:00Z,100.3521
2026-01-08T19:34:00Z,100.5265
2026-01-08T19:35:00Z,100.4357
2026-01-08T19:36:00Z,100.4993
2026-01-08T19:37:00Z,100.0584
2026-01-08T19:38:00Z,98.9271
2026-01-08T19:39:00Z,100.1086
2026-01-08T19:40:00Z,99.895
2026-01-08T19:41:00Z,99.4468
2026-01-08T19:42:00Z,99.9211
2026-01-08T19:43:00Z,99.3763
2026-01-08T19:44:00Z,100.696
2026-01-08T19:45:00Z,99.704
2026-01-08T19:46:00Z,100.2223
2026-01-08T19:47:00Z,99.4165
2026-01-08T19:48:00Z,99.4016
2026-01-08T19:49:00Z,100.1064
2026-01-08T19:50:00Z,100.1706
2026-01-08T19:51:00Z,99.2178
2026-01-08T19:52:00Z,100.2356
2026-01-08T19:53:00Z,99.1345
2026-01-08T19:54:00Z,99.8755
2026-01-08T19:55:00Z,100.2385
2026-01-08T19:56:00Z,100.1437
2026-01-08T19:57:00Z,99.8969
2026-01-08T19:58:00Z,100.3691
2026-01-08T19:59:00Z,100.0033
2026-01-08T20:00:00Z,100.1746
2026-01-08T20:01:00Z,99.978
2026-01-08T20:02:00Z,99.9838
2026-01-08T20:03:00Z,101.2165
2026-01-08T20:04:00Z,99.9302
2026-01-08T20:05:00Z,100.2743
2026-01-08T20:06:00Z,100.795
2026-01-08T20:07:00Z,100.1262
2026-01-08T20:08:00Z,99.6209
2026-01-08T20:09:00Z,100.0573
2026-01-08T20:10:00Z,99.4546
2026-01-08T20:11:00Z,100.2658
2026-01-08T20:12:00Z,101.0203
2026-01-08T20:13:00Z,100.1902
2026-01-08T20:14:00Z,99.2353
2026-01-08T20:15:00Z,100.2105
2026-01-08T20:16:00Z,100.0233
2026-01-08T20:17:00Z,100.7371
2026-01-08T20:18:00Z,100.6762
2026-01-08T20:19:00Z,100.6493
2026-01-08T20:20:00Z,99.2363
2026-01-08T20:21:00Z,99.9165
2026-01-08T20:22:00Z,100.1276
2026-01-08T20:23:00Z,100.6878
2026-01-08T20:24:00Z,100.5622
2026-01-08T20:25:00Z,100.7423
2026-01-08T20:26:00Z,99.3697
2026-01-08T20:27:00Z,99.5659
2026-01-08T20:28:00Z,100.3259
2026-01-08T20:29:00Z,99.5646
2026-01-08T20:30:00Z,99.4213
2026-01-08T20:31:00Z,100.1839
2026-01-08T20:32:00Z,99.8611
2026-01-08T20:33:00Z,99.5327
2026-01-08T20:34:00Z,100.2468
2026-01-08T20:35:00Z,99.6819
2026-01-08T20:36:00Z,99.3758
2026-01-08T20:37:00Z,100.4983
2026-01-08T20:38:00Z,100.4181
2026-01-08T20:39:00Z,99.201
2026-01-08T20:40:00Z,99.985
2026-01-08T20:41:00Z,99.6555
2026-01-08T20:42:00Z,98.9349
2026-01-08T20:43:00Z,100.2971
2026-01-08T20:44:00Z,100.2986
2026-01-08T20:45:00Z,99.7175
2026-01-08T20:46:00Z,100.1121
2026-01-08T20:47:00Z,99.5769
2026-01-08T20:48:00Z,100.0789
2026-01-08T20:49:00Z,100.7983
2026-01-08T20:50:00Z,99.507
2026-01-08T20:51:00Z,100.4075
2026-01-08T20:52:00Z,99.7882
2026-01-08T20:53:00Z,100.244
2026-01-08T20:54:00Z,100.0678
2026-01-08T20:55:00Z,100.3188
2026-01-08T20:56:00Z,100.4859
2026-01-08T20:57:00Z,101.1188
2026-01-08T20:58:00Z,100.2582
2026-01-08T20:59:00Z,100.2111
2026-01-08T21:00:00Z,99.0313
2026-01-08T21:01:00Z,100.2782
2026-01-08T21:02:00Z,100.3292
2026-01-08T21:03:00Z,100.201
2026-01-08T21:04:00Z,99.9872
2026-01-08T21:05:00Z,100.5833
2026-01-08T21:06:00Z,99.4546
2026-01-08T21:07:00Z,100.5116
2026-01-08T21:08:00Z,99.8359
2026-01-08T21:09:00Z,100.2042
2026-01-08T21:10:00Z,100.1079
2026-01-08T21:11:00Z,100.0335
2026-01-08T21:12:00Z,101.4367
2026-01-08T21:13:00Z,99.9027
2026-01-08T21:14:00Z,98.9963
2026-01-08T21:15:00Z,100.0616
2026-01-08T21:16:00Z,99.5957
2026-01-08T21:17:00Z,99.9677
2026-01-08T21:18:00Z,100.4253
2026-01-08T21:19:00Z,100.1691
2026-01-08T21:20:00Z,99.446
2026-01-08T21:21:00Z,100.18
2026-01-08T21:22:00Z,99.8308
2026-01-08T21:23:00Z,100.3787
2026-01-08T21:24:00Z,99.6354
2026-01-08T21:25:00Z,99.7993
2026-01-08T21:26:00Z,99.442
2026-01-08T21:27:00Z,100.0502
2026-01-08T21:28:00Z,99.6502
2026-01-08T21:29:00Z,100.1716
2026-01-08T21:30:00Z,99.7964
2026-01-08T21:31:00Z,100.3231
2026-01-08T21:32:00Z,99.9367
2026-01-08T21:33:00Z,101.1794
2026-01-08T21:34:00Z,100.9272
2026-01-08T21:35:00Z,99.5187
2026-01-08T21:36:00Z,99.8944
2026-01-08T21:37:00Z,100.6133
2026-01-08T21:38:00Z,100.2149
2026-01-08T21:39:00Z,99.5545
2026-01-08T21:40:00Z,99.5841
2026-01-08T21:41:00Z,100.3494
2026-01-08T21:42:00Z,99.7018
2026-01-08T21:43:00Z,99.6397
2026-01-08T21:44:00Z,100.1239
2026-01-08T21:45:00Z,98.9427
2026-01-08T21:46:00Z,99.636
2026-01-08T21:47:00Z,99.6924
2026-01-08T21:48:00Z,99.6575
2026-01-08T21:49:00Z,100.1297
2026-01-08T21:50:00Z,100.2363
2026-01-08T21:51:00Z,100.5251
2026-01-08T21:52:00Z,99.4302
2026-01-08T21:53:00Z,99.878
2026-01-08T21:54:00Z,99.9343
2026-01-08T21:55:00Z,99.4209
2026-01-08T21:56:00Z,100.4903
2026-01-08T21:57:00Z,100.4885
2026-01-08T21:58:00Z,99.4747
2026-01-08T21:59:00Z,100.3515
2026-01-08T22:00:00Z,99.232
2026-01-08T22:01:00Z,100.1955
2026-01-08T22:02:00Z,101.095
2026-01-08T22:03:00Z,100.4784
2026-01-08T22:04:00Z,100.5004
2026-01-08T22:05:00Z,98.8371
2026-01-08T22:06:00Z,99.6278
2026-01-08T22:07:00Z,99.786
2026-01-08T22:08:00Z,99.9405
2026-01-08T22:09:00Z,100.6058
2026-01-08T22:10:00Z,100.174
2026-01-08T22:11:00Z,99.5753
2026-01-08T22:12:00Z,100.4972
2026-01-08T22:13:00Z,100.168
2026-01-08T22:14:00Z,100.068
2026-01-08T22:15:00Z,100.045
2026-01-08T22:16:00Z,100.0485
2026-01-08T22:17:00Z,99.8574
2026-01-08T22:18:00Z,100.2147
2026-01-08T22:19:00Z,100.602
2026-01-08T22:20:00Z,100.5809
2026-01-08T22:21:00Z,100.0523
2026-01-08T22:22:00Z,100.0694
2026-01-08T22:23:00Z,101.0016
2026-01-08T22:24:00Z,99.9854
2026-01-08T22:25:00Z,100.0949
2026-01-08T22:26:00Z,99.8609
2026-01-08T22:27:00Z,100.4943
2026-01-08T22:28:00Z,100.4819
2026-01-08T22:29:00Z,99.8848
2026-01-08T22:30:00Z,100.2958
2026-01-08T22:31:00Z,100.6654
2026-01-08T22:32:00Z,100.0954
2026-01-08T22:33:00Z,99.8514
2026-01-08T22:34:00Z,98.4825
2026-01-08T22:35:00Z,98.8303
2026-01-08T22:36:00Z,99.5413
2026-01-08T22:37:00Z,100.3596
2026-01-08T22:38:00Z,100.1928
2026-01-08T22:39:00Z,100.0828
2026-01-08T22:40:00Z,100.464
2026-01-08T22:41:00Z,99.8659
2026-01-08T22:42:00Z,100.1103
2026-01-08T22:43:00Z,99.4843
2026-01-08T22:44:00Z,100.2263
2026-01-08T22:45:00Z,99.6458
2026-01-08T22:46:00Z,99.5441
2026-01-08T22:47:00Z,99.1857
2026-01-08T22:48:00Z,99.9993
2026-01-08T22:49:00Z,100.2549
2026-01-08T22:50:00Z,100.24
2026-01-08T22:51:00Z,100.7156
2026-01-08T22:52:00Z,99.5909
2026-01-08T22:53:00Z,100.927
2026-01-08T22:54:00Z,99.917
2026-01-08T22:55:00Z,100.5867
2026-01-08T22:56:00Z,99.825
2026-01-08T22:57:00Z,100.0741
2026-01-08T22:58:00Z,100.1252
2026-01-08T22:59:00Z,100.1427
2026-01-08T23:00:00Z,99.4101
2026-01-08T23:01:00Z,99.5719
2026-01-08T23:02:00Z,99.5531
2026-01-08T23:03:00Z,100.8427
2026-01-08T23:04:00Z,100.3519
2026-01-08T23:05:00Z,100.3582
2026-01-08T23:06:00Z,99.9767
2026-01-08T23:07:00Z,100.3993
2026-01-08T23:08:00Z,99.662
2026-01-08T23:09:00Z,99.7168
2026-01-08T23:10:00Z,99.7339
2026-01-08T23:11:00Z,100.4171
2026-01-08T23:12:00Z,99.4972
2026-01-08T23:13:00Z,99.6101
2026-01-08T23:14:00Z,100.0606
2026-01-08T23:15:00Z,100.4321
2026-01-08T23:16:00Z,99.6374
2026-01-08T23:17:00Z,100.1588
2026-01-08T23:18:00Z,99.7398
2026-01-08T23:19:00Z,100.1021
2026-01-08T23:20:00Z,101.2906
2026-01-08T23:21:00Z,100.35
2026-01-08T23:22:00Z,99.6138
2026-01-08T23:23:00Z,99.9657
2026-01-08T23:24:00Z,99.5524
2026-01-08T23:25:00Z,100.2428
2026-01-08T23:26:00Z,99.9632
2026-01-08T23:27:00Z,100.5705
2026-01-08T23:28:00Z,100.2323
2026-01-08T23:29:00Z,99.4631
2026-01-08T23:30:00Z,100.0623
2026-01-08T23:31:00Z,100.5607
2026-01-08T23:32:00Z,99.4104
2026-01-08T23:33:00Z,99.7516
2026-01-08T23:34:00Z,100.051
2026-01-08T23:35:00Z,99.8388
2026-01-08T23:36:00Z,100.0162
2026-01-08T23:37:00Z,99.3581
2026-01-08T23:38:00Z,100.1667
2026-01-08T23:39:00Z,100.1446
2026-01-08T23:40:00Z,99.9229
2026-01-08T23:41:00Z,99.9912
2026-01-08T23:42:00Z,99.4061
2026-01-08T23:43:00Z,100.1266
2026-01-08T23:44:00Z,99.9464
2026-01-08T23:45:00Z,100.4661
2026-01-08T23:46:00Z,100.3052
2026-01-08T23:47:00Z,98.9615
2026-01-08T23:48:00Z,100.0113
2026-01-08T23:49:00Z,99.8542
2026-01-08T23:50:00Z,99.4398
2026-01-08T23:51:00Z,100.2172
2026-01-08T23:52:00Z,99.9175
2026-01-08T23:53:00Z,100.1076
2026-01-08T23:54:00Z,99.8196
2026-01-08T23:55:00Z,99.3052
2026-01-08T23:56:00Z,100.2055
2026-01-08T23:57:00Z,99.5101
2026-01-08T23:58:00Z,99.7376
2026-01-08T23:59:00Z,100.9764
2026-01-09T00:00:00Z,99.6635
2026-01-09T00:01:00Z,99.9021
2026-01-09T00:02:00Z,99.356
2026-01-09T00:03:00Z,99.9106
2026-01-09T00:04:00Z,99.6505
2026-01-09T00:05:00Z,100.158
2026-01-09T00:06:00Z,99.6354
2026-01-09T00:07:00Z,99.7667
2026-01-09T00:08:00Z,100.9424
2026-01-09T00:09:00Z,99.515
2026-01-09T00:10:00Z,99.0592
2026-01-09T00:11:00Z,100.562
2026-01-09T00:12:00Z,99.6942
2026-01-09T00:13:00Z,99.101
2026-01-09T00:14:00Z,99.6824
2026-01-09T00:15:00Z,99.498
2026-01-09T00:16:00Z,100.3427
2026-01-09T00:17:00Z,100.3063
2026-01-09T00:18:00Z,100.4128
2026-01-09T00:19:00Z,100.1232
2026-01-09T00:20:00Z,100.0557
2026-01-09T00:21:00Z,100.0545
2026-01-09T00:22:00Z,100.0008
2026-01-09T00:23:00Z,100.2248
2026-01-09T00:24:00Z,99.5983
2026-01-09T00:25:00Z,99.8446
2026-01-09T00:26:00Z,100.3746
2026-01-09T00:27:00Z,99.9465
2026-01-09T00:28:00Z,100.4669
2026-01-09T00:29:00Z,99.7451
2026-01-09T00:30:00Z,100.1734
2026-01-09T00:31:00Z,100.4389
2026-01-09T00:32:00Z,100.0501
2026-01-09T00:33:00Z,99.906
2026-01-09T00:34:00Z,99.8486
2026-01-09T00:35:00Z,100.5865
2026-01-09T00:36:00Z,101.5943
2026-01-09T00:37:00Z,99.8701
2026-01-09T00:38:00Z,99.3605
2026-01-09T00:39:00Z,100.2615
2026-01-09T00:40:00Z,100.536
2026-01-09T00:41:00Z,99.8785
2026-01-09T00:42:00Z,101.0573
2026-01-09T00:43:00Z,100.2274
2026-01-09T00:44:00Z,99.8355
2026-01-09T00:45:00Z,100.0909
2026-01-09T00:46:00Z,99.6264
2026-01-09T00:47:00Z,99.8261
2026-01-09T00:48:00Z,99.2803
2026-01-09T00:49:00Z,99.5229
2026-01-09T00:50:00Z,100.3576
2026-01-09T00:51:00Z,99.7116
2026-01-09T00:52:00Z,100.6568
2026-01-09T00:53:00Z,100.4862
2026-01-09T00:54:00Z,100.2319
2026-01-09T00:55:00Z,100.1344
2026-01-09T00:56:00Z,100.5256
2026-01-09T00:57:00Z,99.7091
2026-01-09T00:58:00Z,99.0028
2026-01-09T00:59:00Z,99.8444
2026-01-09T01:00:00Z,99.4534
2026-01-09T01:01:00Z,99.7861
2026-01-09T01:02:00Z,100.9579
2026-01-09T01:03:00Z,99.6015
2026-01-09T01:04:00Z,99.1177
2026-01-09T01:05:00Z,99.4312
2026-01-09T01:06:00Z,98.7601
2026-01-09T01:07:00Z,100.3685
2026-01-09T01:08:00Z,100.2289
2026-01-09T01:09:00Z,99.9223
2026-01-09T01:10:00Z,99.584
2026-01-09T01:11:00Z,99.6331
2026-01-09T01:12:00Z,99.6024
2026-01-09T01:13:00Z,99.8701
2026-01-09T01:14:00Z,100.2204
2026-01-09T01:15:00Z,100.2487
2026-01-09T01:16:00Z,100.3368
2026-01-09T01:17:00Z,99.2124
2026-01-09T01:18:00Z,100.0065
2026-01-09T01:19:00Z,99.8017
2026-01-09T01:20:00Z,99.7488
2026-01-09T01:21:00Z,99.1818
2026-01-09T01:22:00Z,99.8603
2026-01-09T01:23:00Z,100.3145
2026-01-09T01:24:00Z,99.6489
2026-01-09T01:25:00Z,100.1916
2026-01-09T01:26:00Z,99.5431
2026-01-09T01:27:00Z,99.4699
2026-01-09T01:28:00Z,99.8912
2026-01-09T01:29:00Z,100.8597
2026-01-09T01:30:00Z,99.5462
2026-01-09T01:31:00Z,100.3078
2026-01-09T01:32:00Z,101.7612
2026-01-09T01:33:00Z,99.7138
2026-01-09T01:34:00Z,99.9029
2026-01-09T01:35:00Z,100.2972
2026-01-09T01:36:00Z,99.9668
2026-01-09T01:37:00Z,100.2656
2026-01-09T01:38:00Z,100.1408
2026-01-09T01:39:00Z,99.3021
2026-01-09T01:40:00Z,99.7701
2026-01-09T01:41:00Z,99.6264
2026-01-09T01:42:00Z,100.9752
2026-01-09T01:43:00Z,100.3126
2026-01-09T01:44:00Z,100.1033
2026-01-09T01:45:00Z,99.7283
2026-01-09T01:46:00Z,99.6608
2026-01-09T01:47:00Z,100.1973
2026-01-09T01:48:00Z,99.8402
2026-01-09T01:49:00Z,100.579
2026-01-09T01:50:00Z,98.9873
2026-01-09T01:51:00Z,100.2365
2026-01-09T01:52:00Z,99.9403
2026-01-09T01:53:00Z,99.5196
2026-01-09T01:54:00Z,99.7791
2026-01-09T01:55:00Z,99.9225
2026-01-09T01:56:00Z,100.2684
2026-01-09T01:57:00Z,100.6114
2026-01-09T01:58:00Z,99.9004
2026-01-09T01:59:00Z,99.8917
2026-01-09T02:00:00Z,100.8213
2026-01-09T02:01:00Z,99.8724
2026-01-09T02:02:00Z,100.3823
2026-01-09T02:03:00Z,100.3574
2026-01-09T02:04:00Z,99.9486
2026-01-09T02:05:00Z,100.4438
2026-01-09T02:06:00Z,99.6546
2026-01-09T02:07:00Z,99.9625
2026-01-09T02:08:00Z,100.0886
2026-01-09T02:09:00Z,99.7603
2026-01-09T02:10:00Z,99.3764
2026-01-09T02:11:00Z,100.6132
2026-01-09T02:12:00Z,99.4064
2026-01-09T02:13:00Z,99.9911
2026-01-09T02:14:00Z,99.509
2026-01-09T02:15:00Z,99.7514
2026-01-09T02:16:00Z,99.3252
2026-01-09T02:17:00Z,99.5882
2026-01-09T02:18:00Z,100.4319
2026-01-09T02:19:00Z,100.461
2026-01-09T02:20:00Z,100.739
2026-01-09T02:21:00Z,101.3261
2026-01-09T02:22:00Z,99.333
2026-01-09T02:23:00Z,100.0734
2026-01-09T02:24:00Z,99.8895
2026-01-09T02:25:00Z,100.0141
2026-01-09T02:26:00Z,101.1422
2026-01-09T02:27:00Z,99.6425
2026-01-09T02:28:00Z,99.8055
2026-01-09T02:29:00Z,100.4169
2026-01-09T02:30:00Z,99.794
2026-01-09T02:31:00Z,100.0571
2026-01-09T02:32:00Z,99.8717
2026-01-09T02:33:00Z,99.0109
2026-01-09T02:34:00Z,99.9547
2026-01-09T02:35:00Z,99.2395
2026-01-09T02:36:00Z,100.6297
2026-01-09T02:37:00Z,100.1294
2026-01-09T02:38:00Z,99.7607
2026-01-09T02:39:00Z,99.4411
2026-01-09T02:40:00Z,98.8757
2026-01-09T02:41:00Z,100.376
2026-01-09T02:42:00Z,99.767
2026-01-09T02:43:00Z,99.3114
2026-01-09T02:44:00Z,100.384
2026-01-09T02:45:00Z,99.6791
2026-01-09T02:46:00Z,100.1934
2026-01-09T02:47:00Z,100.5264
2026-01-09T02:48:00Z,100.5988
2026-01-09T02:49:00Z,100.1714
2026-01-09T02:50:00Z,99.4235
2026-01-09T02:51:00Z,99.1958
2026-01-09T02:52:00Z,99.9599
2026-01-09T02:53:00Z,100.5933
2026-01-09T02:54:00Z,99.1531
2026-01-09T02:55:00Z,100.087
2026-01-09T02:56:00Z,100.1791
2026-01-09T02:57:00Z,99.4096
2026-01-09T02:58:00Z,100.2503
2026-01-09T02:59:00Z,100.3194
2026-01-09T03:00:00Z,99.6061
2026-01-09T03:01:00Z,99.8875
2026-01-09T03:02:00Z,99.4351
2026-01-09T03:03:00Z,100.8182
2026-01-09T03:04:00Z,100.2657
2026-01-09T03:05:00Z,99.3624
2026-01-09T03:06:00Z,99.625
2026-01-09T03:07:00Z,99.9304
2026-01-09T03:08:00Z,99.4897
2026-01-09T03:09:00Z,99.9545
2026-01-09T03:10:00Z,99.5337
2026-01-09T03:11:00Z,99.6497
2026-01-09T03:12:00Z,100.7346
2026-01-09T03:13:00Z,99.1698
2026-01-09T03:14:00Z,101.2835
2026-01-09T03:15:00Z,99.9948
2026-01-09T03:16:00Z,100.0088
2026-01-09T03:17:00Z,100.758
2026-01-09T03:18:00Z,100.4092
2026-01-09T03:19:00Z,100.4668
2026-01-09T03:20:00Z,100.0693
2026-01-09T03:21:00Z,99.8025
2026-01-09T03:22:00Z,99.9886
2026-01-09T03:23:00Z,100.3049
2026-01-09T03:24:00Z,99.9577
2026-01-09T03:25:00Z,99.3683
2026-01-09T03:26:00Z,99.27
2026-01-09T03:27:00Z,99.9043
2026-01-09T03:28:00Z,99.382
2026-01-09T03:29:00Z,100.1248
2026-01-09T03:30:00Z,99.9058
2026-01-09T03:31:00Z,100.6489
2026-01-09T03:32:00Z,100.0914
2026-01-09T03:33:00Z,100.3497
2026-01-09T03:34:00Z,99.7229
2026-01-09T03:35:00Z,98.8354
2026-01-09T03:36:00Z,99.6119
2026-01-09T03:37:00Z,100.1385
2026-01-09T03:38:00Z,99.8741
2026-01-09T03:39:00Z,100.2517
2026-01-09T03:40:00Z,100.853
2026-01-09T03:41:00Z,100.3827
2026-01-09T03:42:00Z,101.5258
2026-01-09T03:43:00Z,100.0353
2026-01-09T03:44:00Z,100.0355
2026-01-09T03:45:00Z,99.8999
2026-01-09T03:46:00Z,98.8553
2026-01-09T03:47:00Z,100.3831
2026-01-09T03:48:00Z,99.9951
2026-01-09T03:49:00Z,99.9992
2026-01-09T03:50:00Z,100.6411
2026-01-09T03:51:00Z,99.4849
2026-01-09T03:52:00Z,99.6442
2026-01-09T03:53:00Z,99.6934
2026-01-09T03:54:00Z,99.2055
2026-01-09T03:55:00Z,100.241
2026-01-09T03:56:00Z,100.2867
2026-01-09T03:57:00Z,99.3528
2026-01-09T03:58:00Z,99.1266
2026-01-09T03:59:00Z,99.8874
