t,temp,press,rate
2026-01-05T00:00:00Z,85.0325,0.60046,120.011
2026-01-05T00:01:00Z,84.9866,0.5997,119.961
2026-01-05T00:02:00Z,85.0281,0.6003,120.052
2026-01-05T00:03:00Z,84.9926,0.59971,119.986
2026-01-05T00:04:00Z,85.0302,0.60075,120.029
2026-01-05T00:05:00Z,84.9794,0.59981,119.953
2026-01-05T00:06:00Z,85.0182,0.60085,120.038
2026-01-05T00:07:00Z,84.9849,0.5995,119.939
2026-01-05T00:08:00Z,85.0264,0.60031,120.057
2026-01-05T00:09:00Z,84.9768,0.59966,119.981
2026-01-05T00:10:00Z,85.0041,0.60083,120.048
2026-01-05T00:11:00Z,84.9869,0.59914,119.975
2026-01-05T00:12:00Z,85.0165,0.60029,120.035
2026-01-05T00:13:00Z,84.9941,0.59989,119.978
2026-01-05T00:14:00Z,85.0244,0.60071,120.037
2026-01-05T00:15:00Z,84.9877,0.5997,119.963
2026-01-05T00:16:00Z,85.0363,0.60052,120.01
2026-01-05T00:17:00Z,84.9866,0.59989,119.967
2026-01-05T00:18:00Z,85.0331,0.60044,120.016
2026-01-05T00:19:00Z,84.9761,0.59935,119.969
2026-01-05T00:20:00Z,85.0203,0.60046,120.009
2026-01-05T00:21:00Z,84.9793,0.59921,119.949
2026-01-05T00:22:00Z,85.0254,0.6006,120.023
2026-01-05T00:23:00Z,84.9754,0.59952,119.991
2026-01-05T00:24:00Z,85.0212,0.60025,120.023
2026-01-05T00:25:00Z,84.9954,0.59948,119.984
2026-01-05T00:26:00Z,85.0357,0.60035,120.019
2026-01-05T00:27:00Z,84.986,0.59932,119.959
2026-01-05T00:28:00Z,85.0268,0.60077,120.046
2026-01-05T00:29:00Z,84.9804,0.59957,119.978
2026-01-05T00:30:00Z,85.0141,0.60019,119.996
2026-01-05T00:31:00Z,84.973,0.5993,119.971
2026-01-05T00:32:00Z,85.0281,0.60055,120.034
2026-01-05T00:33:00Z,84.9931,0.5996,119.987
2026-01-05T00:34:00Z,85.0218,0.60021,120.027
2026-01-05T00:35:00Z,84.9643,0.59976,119.963
2026-01-05T00:36:00Z,85.0063,0.60051,120.042
2026-01-05T00:37:00Z,84.9896,0.59951,119.944
2026-01-05T00:38:00Z,85.0258,0.60042,120.033
2026-01-05T00:39:00Z,84.9857,0.59983,119.987
2026-01-05T00:40:00Z,85.0052,0.60041,120.04
2026-01-05T00:41:00Z,84.9749,0.5995,119.991
2026-01-05T00:42:00Z,85.0134,0.60039,120.026
2026-01-05T00:43:00Z,84.9838,0.59943,119.973
2026-01-05T00:44:00Z,85.0266,0.60051,120.014
2026-01-05T00:45:00Z,84.9946,0.59973,119.955
2026-01-05T00:46:00Z,85.0227,0.60079,120.036
2026-01-05T00:47:00Z,84.9879,0.59959,119.989
2026-01-05T00:48:00Z,85.0199,0.60011,120.0
2026-01-05T00:49:00Z,84.99,0.59963,119.994
2026-01-05T00:50:00Z,85.0126,0.60036,120.038
2026-01-05T00:51:00Z,84.9865,0.59965,119.978
2026-01-05T00:52:00Z,85.0226,0.60058,120.013
2026-01-05T00:53:00Z,84.9788,0.59948,119.972
2026-01-05T00:54:00Z,85.0099,0.60073,120.042
2026-01-05T00:55:00Z,84.9941,0.59989,119.973
2026-01-05T00:56:00Z,85.0054,0.60059,120.054
2026-01-05T00:57:00Z,84.9818,0.59922,119.968
2026-01-05T00:58:00Z,85.0152,0.60015,120.025
2026-01-05T00:59:00Z,84.9791,0.5996,119.949
2026-01-05T01:00:00Z,85.0124,0.6005,120.047
2026-01-05T01:01:00Z,84.9836,0.59918,119.972
2026-01-05T01:02:00Z,85.0175,0.60025,120.028
2026-01-05T01:03:00Z,84.9793,0.5995,119.98
2026-01-05T01:04:00Z,85.0239,0.60055,120.015
2026-01-05T01:05:00Z,84.9902,0.59991,119.977
2026-01-05T01:06:00Z,85.0192,0.60028,120.045
2026-01-05T01:07:00Z,84.9808,0.59978,119.944
2026-01-05T01:08:00Z,85.0342,0.6007,120.017
2026-01-05T01:09:00Z,84.9792,0.59963,119.975
2026-01-05T01:10:00Z,85.0105,0.60034,120.032
2026-01-05T01:11:00Z,84.9873,0.59956,119.975
2026-01-05T01:12:00Z,85.0244,0.60056,120.019
2026-01-05T01:13:00Z,84.9798,0.59963,119.956
2026-01-05T01:14:00Z,85.022,0.60006,120.009
2026-01-05T01:15:00Z,84.9686,0.59954,119.949
2026-01-05T01:16:00Z,85.0101,0.60042,120.03
2026-01-05T01:17:00Z,84.9858,0.59964,119.965
2026-01-05T01:18:00Z,85.005,0.60051,120.033
2026-01-05T01:19:00Z,84.9751,0.59971,119.973
2026-01-05T01:20:00Z,85.0104,0.60027,120.023
2026-01-05T01:21:00Z,84.9856,0.59979,119.958
2026-01-05T01:22:00Z,85.0169,0.60024,120.041
2026-01-05T01:23:00Z,84.9768,0.59962,119.967
2026-01-05T01:24:00Z,85.0105,0.6001,120.01
2026-01-05T01:25:00Z,84.9861,0.59973,119.966
2026-01-05T01:26:00Z,85.0192,0.60033,120.0
2026-01-05T01:27:00Z,84.975,0.59956,119.967
2026-01-05T01:28:00Z,85.0057,0.60083,120.013
2026-01-05T01:29:00Z,84.9721,0.59957,119.957
2026-01-05T01:30:00Z,85.0144,0.60009,120.012
2026-01-05T01:31:00Z,84.9892,0.59943,119.979
2026-01-05T01:32:00Z,85.0145,0.60063,120.052
2026-01-05T01:33:00Z,84.9927,0.59971,119.968
2026-01-05T01:34:00Z,85.0053,0.60056,120.035
2026-01-05T01:35:00Z,85.0009,0.59953,119.938
2026-01-05T01:36:00Z,85.0142,0.60054,120.068
2026-01-05T01:37:00Z,84.9863,0.59975,119.951
2026-01-05T01:38:00Z,85.01,0.60057,120.029
2026-01-05T01:39:00Z,84.9813,0.59948,119.986
2026-01-05T01:40:00Z,85.0213,0.60051,120.043
2026-01-05T01:41:00Z,84.9996,0.59975,119.984
2026-01-05T01:42:00Z,85.0046,0.60052,120.049
2026-01-05T01:43:00Z,84.9857,0.59967,119.983
2026-01-05T01:44:00Z,85.0189,0.60078,119.997
2026-01-05T01:45:00Z,84.9785,0.5996,119.997
2026-01-05T01:46:00Z,85.0122,0.60031,120.055
2026-01-05T01:47:00Z,84.9832,0.59936,119.959
2026-01-05T01:48:00Z,85.007,0.60028,120.031
2026-01-05T01:49:00Z,84.9919,0.59986,119.974
2026-01-05T01:50:00Z,85.0173,0.60046,120.0
2026-01-05T01:51:00Z,84.9835,0.59947,119.959
2026-01-05T01:52:00Z,85.0153,0.60053,120.022
2026-01-05T01:53:00Z,84.9814,0.59946,119.969
2026-01-05T01:54:00Z,85.0095,0.60048,120.022
2026-01-05T01:55:00Z,84.9783,0.59947,119.953
2026-01-05T01:56:00Z,85.0054,0.60039,120.032
2026-01-05T01:57:00Z,84.9787,0.59935,119.994
2026-01-05T01:58:00Z,85.0218,0.60058,120.047
2026-01-05T01:59:00Z,84.9925,0.59979,119.97
2026-01-05T02:00:00Z,85.0175,0.60056,120.04
2026-01-05T02:01:00Z,84.9978,0.59932,119.94
2026-01-05T02:02:00Z,85.0172,0.60074,120.019
2026-01-05T02:03:00Z,84.9857,0.59967,119.96
2026-01-05T02:04:00Z,85.0199,0.60053,120.019
2026-01-05T02:05:00Z,84.987,0.59974,119.974
2026-01-05T02:06:00Z,85.0255,0.60037,120.026
2026-01-05T02:07:00Z,84.9752,0.59932,119.978
2026-01-05T02:08:00Z,85.0147,0.60046,120.022
2026-01-05T02:09:00Z,84.9744,0.59959,119.992
2026-01-05T02:10:00Z,85.0276,0.60083,120.041
2026-01-05T02:11:00Z,84.9796,0.59957,119.973
2026-01-05T02:12:00Z,85.0245,0.60043,120.024
2026-01-05T02:13:00Z,84.9802,0.59992,119.974
2026-01-05T02:14:00Z,85.016,0.6001,120.02
2026-01-05T02:15:00Z,84.99,0.59983,119.969
2026-01-05T02:16:00Z,85.0094,0.60034,120.018
2026-01-05T02:17:00Z,84.9867,0.59928,119.961
2026-01-05T02:18:00Z,85.0091,0.60003,120.013
2026-01-05T02:19:00Z,84.9744,0.59945,119.941
2026-01-05T02:20:00Z,85.0107,0.60053,120.019
2026-01-05T02:21:00Z,84.9907,0.59919,119.946
2026-01-05T02:22:00Z,85.0122,0.60012,120.038
2026-01-05T02:23:00Z,84.9827,0.59944,119.98
2026-01-05T02:24:00Z,85.0023,0.60052,120.057
2026-01-05T02:25:00Z,84.9874,0.59944,119.955
2026-01-05T02:26:00Z,85.0193,0.60045,120.035
2026-01-05T02:27:00Z,84.9792,0.59937,119.962
2026-01-05T02:28:00Z,85.0244,0.60019,120.044
2026-01-05T02:29:00Z,84.9863,0.59988,119.978
2026-01-05T02:30:00Z,85.0188,0.60035,120.038
2026-01-05T02:31:00Z,84.9767,0.60021,119.981
2026-01-05T02:32:00Z,85.0131,0.60039,120.015
2026-01-05T02:33:00Z,84.9894,0.59948,119.984
2026-01-05T02:34:00Z,85.0225,0.60034,120.04
2026-01-05T02:35:00Z,84.9808,0.59926,119.987
2026-01-05T02:36:00Z,85.018,0.60066,120.042
2026-01-05T02:37:00Z,84.9752,0.59945,119.98
2026-01-05T02:38:00Z,85.0011,0.60055,120.02
2026-01-05T02:39:00Z,84.9824,0.59951,119.998
2026-01-05T02:40:00Z,85.0096,0.60061,120.021
2026-01-05T02:41:00Z,84.971,0.59987,119.967
2026-01-05T02:42:00Z,85.0257,0.60034,120.034
2026-01-05T02:43:00Z,84.9783,0.59983,119.999
2026-01-05T02:44:00Z,85.0379,0.60029,120.021
2026-01-05T02:45:00Z,84.9795,0.59943,119.967
2026-01-05T02:46:00Z,85.0105,0.60025,120.013
2026-01-05T02:47:00Z,84.9828,0.59981,119.968
2026-01-05T02:48:00Z,85.0235,0.60036,120.023
2026-01-05T02:49:00Z,84.9748,0.59957,119.96
2026-01-05T02:50:00Z,85.0174,0.60038,120.029
2026-01-05T02:51:00Z,84.983,0.60006,119.965
2026-01-05T02:52:00Z,85.0089,0.60047,120.024
2026-01-05T02:53:00Z,84.9712,0.59954,119.951
2026-01-05T02:54:00Z,85.0249,0.60038,120.011
2026-01-05T02:55:00Z,84.971,0.59965,119.962
2026-01-05T02:56:00Z,85.0191,0.60025,120.054
2026-01-05T02:57:00Z,84.9998,0.59974,120.004
2026-01-05T02:58:00Z,85.0159,0.60046,120.053
2026-01-05T02:59:00Z,84.9868,0.59987,119.965
2026-01-05T03:00:00Z,85.0078,0.60024,120.007
2026-01-05T03:01:00Z,84.9774,0.59914,119.955
2026-01-05T03:02:00Z,85.0202,0.60045,120.034
2026-01-05T03:03:00Z,84.9652,0.59969,119.978
2026-01-05T03:04:00Z,85.0152,0.60032,120.008
2026-01-05T03:05:00Z,84.972,0.5995,119.968
2026-01-05T03:06:00Z,85.0153,0.60045,120.017
2026-01-05T03:07:00Z,84.9868,0.59931,119.968
2026-01-05T03:08:00Z,85.0191,0.60043,120.052
2026-01-05T03:09:00Z,84.9763,0.59977,119.97
2026-01-05T03:10:00Z,85.0339,0.6004,120.001
2026-01-05T03:11:00Z,84.9934,0.59969,119.963
2026-01-05T03:12:00Z,85.011,0.60041,120.03
2026-01-05T03:13:00Z,84.9722,0.59975,119.961
2026-01-05T03:14:00Z,85.0162,0.60058,120.024
2026-01-05T03:15:00Z,84.9876,0.5997,119.991
2026-01-05T03:16:00Z,85.0156,0.60033,120.028
2026-01-05T03:17:00Z,84.9862,0.59978,119.987
2026-01-05T03:18:00Z,85.0109,0.60046,120.027
2026-01-05T03:19:00Z,84.9873,0.59972,119.957
2026-01-05T03:20:00Z,85.0026,0.60043,120.0
2026-01-05T03:21:00Z,84.9815,0.59956,119.97
2026-01-05T03:22:00Z,85.0001,0.60051,120.048
2026-01-05T03:23:00Z,84.9858,0.59959,119.948
2026-01-05T03:24:00Z,85.0119,0.60025,120.039
2026-01-05T03:25:00Z,84.9877,0.59952,119.961
2026-01-05T03:26:00Z,85.0235,0.60029,120.026
2026-01-05T03:27:00Z,84.984,0.5997,119.973
2026-01-05T03:28:00Z,85.0131,0.60059,120.03
2026-01-05T03:29:00Z,84.9747,0.59949,119.98
2026-01-05T03:30:00Z,85.01,0.60028,120.029
2026-01-05T03:31:00Z,84.9815,0.59971,119.965
2026-01-05T03:32:00Z,85.021,0.60042,120.035
2026-01-05T03:33:00Z,84.9789,0.59936,119.968
2026-01-05T03:34:00Z,85.0181,0.60033,120.016
2026-01-05T03:35:00Z,84.9968,0.59964,119.959
2026-01-05T03:36:00Z,85.0134,0.60038,120.029
2026-01-05T03:37:00Z,84.9839,0.59966,119.966
2026-01-05T03:38:00Z,85.0231,0.59995,120.026
2026-01-05T03:39:00Z,84.9901,0.59977,119.963
2026-01-05T03:40:00Z,85.015,0.60065,120.02
2026-01-05T03:41:00Z,84.9819,0.5995,119.958
2026-01-05T03:42:00Z,85.0118,0.60044,120.018
2026-01-05T03:43:00Z,84.9635,0.5995,119.943
2026-01-05T03:44:00Z,85.0113,0.60087,120.048
2026-01-05T03:45:00Z,84.9752,0.59968,119.947
2026-01-05T03:46:00Z,85.0084,0.6001,120.033
2026-01-05T03:47:00Z,84.9877,0.59976,120.004
2026-01-05T03:48:00Z,85.0092,0.60043,120.046
2026-01-05T03:49:00Z,84.9838,0.5996,119.997
2026-01-05T03:50:00Z,85.0164,0.60045,120.012
2026-01-05T03:51:00Z,84.9842,0.59954,119.971
2026-01-05T03:52:00Z,85.0203,0.60057,120.021
2026-01-05T03:53:00Z,84.9793,0.59976,119.948
2026-01-05T03:54:00Z,85.007,0.60043,120.025
2026-01-05T03:55:00Z,84.984,0.59971,119.99
2026-01-05T03:56:00Z,85.0148,0.60032,120.026
2026-01-05T03:57:00Z,84.9913,0.59956,119.949
2026-01-05T03:58:00Z,85.0078,0.60038,120.023
2026-01-05T03:59:00Z,84.9817,0.59944,119.987
2026-01-05T04:00:00Z,85.0113,0.60067,120.048
2026-01-05T04:01:00Z,84.9761,0.59949,119.968
2026-01-05T04:02:00Z,85.0079,0.60052,120.017
2026-01-05T04:03:00Z,84.9843,0.5995,119.995
2026-01-05T04:04:00Z,85.0207,0.60065,120.043
2026-01-05T04:05:00Z,84.9918,0.59959,119.985
2026-01-05T04:06:00Z,85.0181,0.60033,119.996
2026-01-05T04:07:00Z,85.0012,0.59951,119.962
2026-01-05T04:08:00Z,85.0218,0.60034,120.029
2026-01-05T04:09:00Z,84.9713,0.59957,119.976
2026-01-05T04:10:00Z,85.0201,0.60074,120.045
2026-01-05T04:11:00Z,84.9937,0.59923,120.003
2026-01-05T04:12:00Z,85.0221,0.60036,120.036
2026-01-05T04:13:00Z,84.995,0.59951,119.965
2026-01-05T04:14:00Z,85.0259,0.60057,120.034
2026-01-05T04:15:00Z,84.9797,0.59958,119.949
2026-01-05T04:16:00Z,85.0205,0.60027,120.05
2026-01-05T04:17:00Z,84.981,0.59943,119.969
2026-01-05T04:18:00Z,85.0172,0.60043,120.017
2026-01-05T04:19:00Z,84.9821,0.5997,119.969
2026-01-05T04:20:00Z,85.0129,0.60016,120.028
2026-01-05T04:21:00Z,84.9785,0.59976,119.975
2026-01-05T04:22:00Z,85.0171,0.6007,120.033
2026-01-05T04:23:00Z,84.9927,0.59971,119.997
2026-01-05T04:24:00Z,85.0154,0.60073,120.028
2026-01-05T04:25:00Z,84.9855,0.59951,119.992
2026-01-05T04:26:00Z,85.0089,0.60057,120.0
2026-01-05T04:27:00Z,84.9849,0.59933,119.949
2026-01-05T04:28:00Z,85.0106,0.6006,120.017
2026-01-05T04:29:00Z,84.9735,0.59993,119.957
2026-01-05T04:30:00Z,85.0077,0.6006,120.043
2026-01-05T04:31:00Z,84.9746,0.59974,119.99
2026-01-05T04:32:00Z,85.0241,0.60068,120.007
2026-01-05T04:33:00Z,84.9807,0.59976,119.954
2026-01-05T04:34:00Z,85.0122,0.6,120.049
2026-01-05T04:35:00Z,84.9844,0.59976,119.975
2026-01-05T04:36:00Z,85.0023,0.60064,120.03
2026-01-05T04:37:00Z,84.9814,0.59994,119.953
2026-01-05T04:38:00Z,85.0073,0.60003,120.01
2026-01-05T04:39:00Z,84.9939,0.60022,119.974
2026-01-05T04:40:00Z,85.0175,0.6005,119.987
2026-01-05T04:41:00Z,84.978,0.59962,119.976
2026-01-05T04:42:00Z,85.0288,0.60081,120.019
2026-01-05T04:43:00Z,84.987,0.59964,119.956
2026-01-05T04:44:00Z,85.0227,0.60054,120.068
2026-01-05T04:45:00Z,84.9843,0.59946,119.938
2026-01-05T04:46:00Z,85.0159,0.60023,120.064
2026-01-05T04:47:00Z,84.9842,0.59926,119.999
2026-01-05T04:48:00Z,85.0121,0.60065,120.014
2026-01-05T04:49:00Z,84.9742,0.59982,119.956
2026-01-05T04:50:00Z,85.0074,0.60068,120.027
2026-01-05T04:51:00Z,84.9772,0.59953,119.971
2026-01-05T04:52:00Z,85.0101,0.60035,120.023
2026-01-05T04:53:00Z,84.9754,0.59972,119.975
2026-01-05T04:54:00Z,85.0103,0.60052,120.012
2026-01-05T04:55:00Z,84.9873,0.59941,119.957
2026-01-05T04:56:00Z,85.0236,0.60047,120.036
2026-01-05T04:57:00Z,84.9903,0.59946,119.971
2026-01-05T04:58:00Z,85.0122,0.6008,120.019
2026-01-05T04:59:00Z,84.9792,0.59962,119.963
2026-01-05T05:00:00Z,85.0223,0.60031,120.033
2026-01-05T05:01:00Z,84.989,0.59936,119.961
2026-01-05T05:02:00Z,85.0208,0.60024,120.025
2026-01-05T05:03:00Z,84.9854,0.59965,119.967
2026-01-05T05:04:00Z,85.0067,0.60014,120.058
2026-01-05T05:05:00Z,84.9869,0.59992,119.965
2026-01-05T05:06:00Z,85.0367,0.60042,120.017
2026-01-05T05:07:00Z,84.9872,0.5996,119.98
2026-01-05T05:08:00Z,85.0266,0.60029,120.015
2026-01-05T05:09:00Z,84.9802,0.5997,119.952
2026-01-05T05:10:00Z,85.0254,0.60083,120.03
2026-01-05T05:11:00Z,84.9744,0.5997,119.98
2026-01-05T05:12:00Z,85.0155,0.60039,120.029
2026-01-05T05:13:00Z,84.9774,0.59948,119.959
2026-01-05T05:14:00Z,85.0221,0.60029,120.032
2026-01-05T05:15:00Z,84.9728,0.59961,119.946
2026-01-05T05:16:00Z,85.022,0.59996,120.023
2026-01-05T05:17:00Z,84.9991,0.59954,119.954
2026-01-05T05:18:00Z,85.0136,0.60058,120.019
2026-01-05T05:19:00Z,84.9895,0.60015,119.941
2026-01-05T05:20:00Z,85.0131,0.60006,120.013
2026-01-05T05:21:00Z,84.9693,0.59983,119.958
2026-01-05T05:22:00Z,85.0068,0.60074,120.048
2026-01-05T05:23:00Z,84.9892,0.59924,119.969
2026-01-05T05:24:00Z,85.035,0.60064,120.035
2026-01-05T05:25:00Z,84.9885,0.59984,119.986
2026-01-05T05:26:00Z,85.0224,0.6004,120.032
2026-01-05T05:27:00Z,84.9861,0.59936,119.966
2026-01-05T05:28:00Z,85.01,0.60042,120.025
2026-01-05T05:29:00Z,84.9812,0.59973,119.972
2026-01-05T05:30:00Z,85.0101,0.60023,120.018
2026-01-05T05:31:00Z,84.9756,0.5995,119.95
2026-01-05T05:32:00Z,85.0195,0.6002,120.044
2026-01-05T05:33:00Z,84.9689,0.59992,119.966
2026-01-05T05:34:00Z,85.0242,0.60025,120.04
2026-01-05T05:35:00Z,84.9898,0.59921,119.964
2026-01-05T05:36:00Z,85.0177,0.60056,120.024
2026-01-05T05:37:00Z,84.9782,0.59986,119.98
2026-01-05T05:38:00Z,85.0327,0.60071,120.012
2026-01-05T05:39:00Z,84.9818,0.59944,119.97
2026-01-05T05:40:00Z,85.0249,0.60038,120.067
2026-01-05T05:41:00Z,84.9914,0.59991,119.977
2026-01-05T05:42:00Z,85.0169,0.60079,120.051
2026-01-05T05:43:00Z,84.9844,0.59975,119.961
2026-01-05T05:44:00Z,84.9987,0.60051,120.026
2026-01-05T05:45:00Z,84.9745,0.59954,119.981
2026-01-05T05:46:00Z,85.0292,0.60036,120.035
2026-01-05T05:47:00Z,84.9794,0.59942,119.968
2026-01-05T05:48:00Z,85.0035,0.60057,120.037
2026-01-05T05:49:00Z,84.9802,0.59942,119.971
2026-01-05T05:50:00Z,84.9967,0.60064,120.051
2026-01-05T05:51:00Z,84.9616,0.59948,119.991
2026-01-05T05:52:00Z,85.0125,0.60054,120.034
2026-01-05T05:53:00Z,84.9862,0.59961,120.0
2026-01-05T05:54:00Z,85.0231,0.60034,120.059
2026-01-05T05:55:00Z,84.9699,0.59977,119.951
2026-01-05T05:56:00Z,85.016,0.60053,120.031
2026-01-05T05:57:00Z,84.9637,0.59964,119.978
2026-01-05T05:58:00Z,85.0193,0.60014,120.054
2026-01-05T05:59:00Z,84.9838,0.59942,119.991
2026-01-05T06:00:00Z,85.0028,0.60053,120.033
2026-01-05T06:01:00Z,84.984,0.5994,119.945
2026-01-05T06:02:00Z,85.0167,0.60047,119.995
2026-01-05T06:03:00Z,84.9783,0.59944,119.971
2026-01-05T06:04:00Z,85.0285,0.59982,120.031
2026-01-05T06:05:00Z,84.9991,0.59961,119.959
2026-01-05T06:06:00Z,85.0148,0.60007,120.05
2026-01-05T06:07:00Z,84.9704,0.59947,119.959
2026-01-05T06:08:00Z,85.026,0.60004,120.022
2026-01-05T06:09:00Z,84.9695,0.59976,119.964
2026-01-05T06:10:00Z,85.0112,0.60051,120.044
2026-01-05T06:11:00Z,84.9862,0.59957,119.959
2026-01-05T06:12:00Z,85.0202,0.60046,120.044
2026-01-05T06:13:00Z,85.0025,0.5995,119.971
2026-01-05T06:14:00Z,85.017,0.60052,120.035
2026-01-05T06:15:00Z,84.9981,0.59961,119.965
2026-01-05T06:16:00Z,85.0271,0.60018,120.026
2026-01-05T06:17:00Z,84.9923,0.5993,119.963
2026-01-05T06:18:00Z,85.0084,0.60013,120.043
2026-01-05T06:19:00Z,84.9821,0.59948,119.943
2026-01-05T06:20:00Z,85.0314,0.60048,120.041
2026-01-05T06:21:00Z,84.9801,0.59924,119.972
2026-01-05T06:22:00Z,85.0143,0.59983,120.003
2026-01-05T06:23:00Z,84.9833,0.59949,119.966
2026-01-05T06:24:00Z,85.0133,0.60037,120.018
2026-01-05T06:25:00Z,84.996,0.59937,120.014
2026-01-05T06:26:00Z,85.0166,0.60012,120.046
2026-01-05T06:27:00Z,84.9818,0.59998,119.995
2026-01-05T06:28:00Z,85.0092,0.60019,120.029
2026-01-05T06:29:00Z,84.9907,0.59943,119.948
2026-01-05T06:30:00Z,85.0149,0.60022,120.037
2026-01-05T06:31:00Z,84.9877,0.59997,119.971
2026-01-05T06:32:00Z,85.0061,0.60048,120.058
2026-01-05T06:33:00Z,84.9688,0.59979,119.98
2026-01-05T06:34:00Z,85.0041,0.60041,119.999
2026-01-05T06:35:00Z,84.9843,0.59927,119.993
2026-01-05T06:36:00Z,85.0106,0.60033,120.031
2026-01-05T06:37:00Z,84.9858,0.59945,119.963
2026-01-05T06:38:00Z,85.0264,0.6005,120.035
2026-01-05T06:39:00Z,84.9964,0.5994,119.972
2026-01-05T06:40:00Z,85.0051,0.6003,120.032
2026-01-05T06:41:00Z,84.9684,0.5997,119.952
2026-01-05T06:42:00Z,85.0031,0.6001,120.011
2026-01-05T06:43:00Z,84.9728,0.59964,119.999
2026-01-05T06:44:00Z,85.0211,0.60065,120.007
2026-01-05T06:45:00Z,84.9747,0.5995,120.002
2026-01-05T06:46:00Z,85.0104,0.60012,120.018
2026-01-05T06:47:00Z,84.9685,0.5998,119.974
2026-01-05T06:48:00Z,85.0255,0.60049,120.051
2026-01-05T06:49:00Z,84.9908,0.59954,119.977
2026-01-05T06:50:00Z,85.0263,0.60034,120.025
2026-01-05T06:51:00Z,84.9844,0.59929,119.988
2026-01-05T06:52:00Z,85.0174,0.60011,120.029
2026-01-05T06:53:00Z,84.9826,0.59967,119.993
2026-01-05T06:54:00Z,85.0122,0.60048,120.036
2026-01-05T06:55:00Z,84.9797,0.59968,119.958
2026-01-05T06:56:00Z,85.0078,0.60045,120.026
2026-01-05T06:57:00Z,84.9892,0.59951,119.949
2026-01-05T06:58:00Z,85.0152,0.60044,120.018
2026-01-05T06:59:00Z,84.9875,0.59954,119.973
2026-01-05T07:00:00Z,85.0169,0.60033,120.0
2026-01-05T07:01:00Z,84.9898,0.59974,119.993
2026-01-05T07:02:00Z,85.019,0.60052,120.04
2026-01-05T07:03:00Z,84.9937,0.5997,119.988
2026-01-05T07:04:00Z,85.0282,0.60027,120.034
2026-01-05T07:05:00Z,84.993,0.59937,119.984
2026-01-05T07:06:00Z,85.0091,0.60079,120.037
2026-01-05T07:07:00Z,84.9711,0.59971,119.966
2026-01-05T07:08:00Z,85.021,0.59995,120.003
2026-01-05T07:09:00Z,84.9958,0.59956,119.976
2026-01-05T07:10:00Z,85.013,0.60034,120.025
2026-01-05T07:11:00Z,84.9796,0.59997,119.988
2026-01-05T07:12:00Z,85.0092,0.60044,120.048
2026-01-05T07:13:00Z,84.9691,0.59957,120.006
2026-01-05T07:14:00Z,85.02,0.60087,120.045
2026-01-05T07:15:00Z,84.9886,0.59931,119.955
2026-01-05T07:16:00Z,85.0052,0.60046,120.024
2026-01-05T07:17:00Z,84.9935,0.59964,119.982
2026-01-05T07:18:00Z,85.0003,0.60053,120.023
2026-01-05T07:19:00Z,84.9935,0.59937,119.982
2026-01-05T07:20:00Z,85.0004,0.6003,120.041
2026-01-05T07:21:00Z,84.9967,0.59966,119.963
2026-01-05T07:22:00Z,85.012,0.60044,120.017
2026-01-05T07:23:00Z,84.9795,0.5996,119.973
2026-01-05T07:24:00Z,85.0386,0.6003,120.024
2026-01-05T07:25:00Z,84.9821,0.59947,119.951
2026-01-05T07:26:00Z,85.0381,0.60046,120.035
2026-01-05T07:27:00Z,84.9897,0.59918,119.972
2026-01-05T07:28:00Z,85.0076,0.60013,120.055
2026-01-05T07:29:00Z,84.9693,0.59957,119.961
2026-01-05T07:30:00Z,85.0256,0.59992,120.009
2026-01-05T07:31:00Z,84.9898,0.5995,119.966
2026-01-05T07:32:00Z,85.0193,0.60037,120.058
2026-01-05T07:33:00Z,84.9829,0.59957,119.963
2026-01-05T07:34:00Z,85.0198,0.60051,120.012
2026-01-05T07:35:00Z,84.9906,0.59977,120.005
2026-01-05T07:36:00Z,85.0175,0.60006,120.019
2026-01-05T07:37:00Z,85.0,0.59961,119.991
2026-01-05T07:38:00Z,85.0231,0.60008,120.024
2026-01-05T07:39:00Z,84.9826,0.59959,119.983
2026-01-05T07:40:00Z,85.0165,0.60043,120.044
2026-01-05T07:41:00Z,84.9874,0.59949,119.973
2026-01-05T07:42:00Z,85.0225,0.60051,120.038
2026-01-05T07:43:00Z,85.004,0.5997,119.975
2026-01-05T07:44:00Z,85.013,0.60026,119.986
2026-01-05T07:45:00Z,84.9974,0.59932,119.959
2026-01-05T07:46:00Z,85.0087,0.60043,120.06
2026-01-05T07:47:00Z,84.9859,0.59951,119.963
2026-01-05T07:48:00Z,85.0085,0.60025,120.05
2026-01-05T07:49:00Z,84.9844,0.59975,119.97
2026-01-05T07:50:00Z,85.0026,0.60048,120.029
2026-01-05T07:51:00Z,84.9659,0.59951,119.973
2026-01-05T07:52:00Z,85.0081,0.6004,120.032
2026-01-05T07:53:00Z,84.9761,0.59993,119.968
2026-01-05T07:54:00Z,85.0084,0.60041,120.048
2026-01-05T07:55:00Z,84.9894,0.59956,119.972
2026-01-05T07:56:00Z,85.0257,0.60043,120.053
2026-01-05T07:57:00Z,84.9852,0.59924,119.978
2026-01-05T07:58:00Z,85.0087,0.6006,120.031
2026-01-05T07:59:00Z,84.9883,0.59939,119.989
2026-01-05T08:00:00Z,85.0198,0.60062,120.019
2026-01-05T08:01:00Z,84.9862,0.59973,119.953
2026-01-05T08:02:00Z,85.0305,0.60027,120.025
2026-01-05T08:03:00Z,84.9808,0.60014,119.969
2026-01-05T08:04:00Z,85.0102,0.60028,120.008
2026-01-05T08:05:00Z,84.9736,0.59933,119.984
2026-01-05T08:06:00Z,84.9948,0.60051,120.026
2026-01-05T08:07:00Z,84.9771,0.59964,119.961
2026-01-05T08:08:00Z,85.0212,0.60028,120.05
2026-01-05T08:09:00Z,84.9796,0.59955,119.984
2026-01-05T08:10:00Z,84.9896,0.60047,120.028
2026-01-05T08:11:00Z,84.9814,0.59947,119.986
2026-01-05T08:12:00Z,85.0239,0.60013,120.027
2026-01-05T08:13:00Z,84.9716,0.59937,119.967
2026-01-05T08:14:00Z,85.0106,0.6004,120.019
2026-01-05T08:15:00Z,84.9729,0.59958,119.959
2026-01-05T08:16:00Z,85.0332,0.60068,120.049
2026-01-05T08:17:00Z,85.0024,0.59952,119.982
2026-01-05T08:18:00Z,85.0023,0.60034,120.048
2026-01-05T08:19:00Z,84.9783,0.59949,119.97
2026-01-05T08:20:00Z,85.0229,0.60072,120.036
2026-01-05T08:21:00Z,84.965,0.59942,119.983
2026-01-05T08:22:00Z,85.0086,0.60017,120.031
2026-01-05T08:23:00Z,84.9741,0.59976,119.965
2026-01-05T08:24:00Z,85.0034,0.6003,120.061
2026-01-05T08:25:00Z,84.9917,0.59954,119.97
2026-01-05T08:26:00Z,85.023,0.60042,120.017
2026-01-05T08:27:00Z,84.9777,0.59944,119.961
2026-01-05T08:28:00Z,85.0188,0.60048,120.019
2026-01-05T08:29:00Z,84.9791,0.59967,119.966
2026-01-05T08:30:00Z,85.0012,0.60028,120.019
2026-01-05T08:31:00Z,84.9872,0.59912,119.988
2026-01-05T08:32:00Z,85.0054,0.60039,120.031
2026-01-05T08:33:00Z,84.9704,0.59958,119.95
2026-01-05T08:34:00Z,85.0143,0.60033,120.049
2026-01-05T08:35:00Z,84.9816,0.59986,119.964
2026-01-05T08:36:00Z,85.0212,0.60077,120.028
2026-01-05T08:37:00Z,84.9743,0.59977,119.942
2026-01-05T08:38:00Z,85.0236,0.60019,120.004
2026-01-05T08:39:00Z,84.975,0.59934,119.959
2026-01-05T08:40:00Z,85.0019,0.60061,120.039
2026-01-05T08:41:00Z,84.9925,0.59959,119.973
2026-01-05T08:42:00Z,85.0143,0.60064,120.057
2026-01-05T08:43:00Z,84.9951,0.5998,119.958
2026-01-05T08:44:00Z,85.0256,0.60055,120.044
2026-01-05T08:45:00Z,84.9938,0.59992,119.986
2026-01-05T08:46:00Z,85.0216,0.60006,120.03
2026-01-05T08:47:00Z,84.986,0.59974,119.965
2026-01-05T08:48:00Z,85.0194,0.60056,120.031
2026-01-05T08:49:00Z,84.9984,0.59944,119.987
2026-01-05T08:50:00Z,85.0133,0.60019,120.031
2026-01-05T08:51:00Z,84.9947,0.59971,119.977
2026-01-05T08:52:00Z,85.0288,0.60043,120.02
2026-01-05T08:53:00Z,84.9809,0.5997,119.973
2026-01-05T08:54:00Z,85.0186,0.60031,120.033
2026-01-05T08:55:00Z,84.9837,0.59973,120.018
2026-01-05T08:56:00Z,85.0209,0.5999,120.023
2026-01-05T08:57:00Z,84.9905,0.59984,119.954
2026-01-05T08:58:00Z,85.0284,0.6004,120.047
2026-01-05T08:59:00Z,84.9885,0.59978,119.951
2026-01-05T09:00:00Z,85.0214,0.60051,120.023
2026-01-05T09:01:00Z,84.9984,0.59955,119.969
2026-01-05T09:02:00Z,85.0106,0.60053,120.031
2026-01-05T09:03:00Z,85.0024,0.59978,119.99
2026-01-05T09:04:00Z,85.002,0.60044,120.051
2026-01-05T09:05:00Z,84.9903,0.59961,119.963
2026-01-05T09:06:00Z,85.0249,0.60043,120.0
2026-01-05T09:07:00Z,84.9821,0.59946,119.975
2026-01-05T09:08:00Z,84.9962,0.60063,120.045
2026-01-05T09:09:00Z,84.9978,0.59938,119.98
2026-01-05T09:10:00Z,85.0201,0.60026,120.027
2026-01-05T09:11:00Z,84.9873,0.5998,119.958
2026-01-05T09:12:00Z,85.0173,0.60063,120.024
2026-01-05T09:13:00Z,84.9829,0.59983,119.95
2026-01-05T09:14:00Z,85.021,0.60055,120.022
2026-01-05T09:15:00Z,84.9796,0.59951,119.95
2026-01-05T09:16:00Z,85.0101,0.60063,120.001
2026-01-05T09:17:00Z,84.9737,0.59982,119.967
2026-01-05T09:18:00Z,85.0142,0.60038,120.022
2026-01-05T09:19:00Z,84.9886,0.59994,119.999
2026-01-05T09:20:00Z,85.0072,0.60046,120.013
2026-01-05T09:21:00Z,84.9818,0.59991,119.954
2026-01-05T09:22:00Z,85.0132,0.60055,120.025
2026-01-05T09:23:00Z,84.9843,0.59919,119.983
2026-01-05T09:24:00Z,85.0189,0.60029,120.046
2026-01-05T09:25:00Z,84.9843,0.59991,119.973
2026-01-05T09:26:00Z,85.0255,0.60046,120.034
2026-01-05T09:27:00Z,84.9916,0.59963,119.991
2026-01-05T09:28:00Z,85.0305,0.60054,120.009
2026-01-05T09:29:00Z,84.9677,0.59951,119.975
2026-01-05T09:30:00Z,85.0038,0.6006,120.045
2026-01-05T09:31:00Z,84.995,0.60007,119.945
2026-01-05T09:32:00Z,85.0181,0.60008,120.052
2026-01-05T09:33:00Z,84.9896,0.59965,119.965
2026-01-05T09:34:00Z,85.0147,0.60008,120.034
2026-01-05T09:35:00Z,84.9755,0.59967,119.976
2026-01-05T09:36:00Z,85.0239,0.60051,120.031
2026-01-05T09:37:00Z,84.9907,0.59977,119.962
2026-01-05T09:38:00Z,85.0037,0.60044,120.044
2026-01-05T09:39:00Z,84.9816,0.59961,119.981
2026-01-05T09:40:00Z,85.0246,0.60068,120.03
2026-01-05T09:41:00Z,84.9736,0.59929,119.961
2026-01-05T09:42:00Z,85.0085,0.60053,120.046
2026-01-05T09:43:00Z,84.9941,0.59941,119.968
2026-01-05T09:44:00Z,85.0209,0.60002,120.024
2026-01-05T09:45:00Z,84.9955,0.59933,119.988
2026-01-05T09:46:00Z,85.008,0.60048,120.031
2026-01-05T09:47:00Z,84.9933,0.59946,119.951
2026-01-05T09:48:00Z,85.0059,0.60096,120.022
2026-01-05T09:49:00Z,84.9894,0.59946,119.971
2026-01-05T09:50:00Z,85.0158,0.60039,120.044
2026-01-05T09:51:00Z,84.9672,0.59936,119.958
2026-01-05T09:52:00Z,85.0138,0.60052,120.014
2026-01-05T09:53:00Z,84.993,0.59953,119.979
2026-01-05T09:54:00Z,85.0195,0.60039,120.019
2026-01-05T09:55:00Z,84.968,0.59938,119.964
2026-01-05T09:56:00Z,85.0268,0.60028,120.012
2026-01-05T09:57:00Z,84.9863,0.5997,119.984
2026-01-05T09:58:00Z,85.0282,0.60017,120.043
2026-01-05T09:59:00Z,84.987,0.59906,119.937
2026-01-05T10:00:00Z,85.0072,0.60045,120.032
2026-01-05T10:01:00Z,84.9882,0.59954,119.949
2026-01-05T10:02:00Z,85.0125,0.60035,120.022
2026-01-05T10:03:00Z,84.9873,0.59977,119.954
2026-01-05T10:04:00Z,85.0184,0.60021,120.018
2026-01-05T10:05:00Z,84.9962,0.59963,119.982
2026-01-05T10:06:00Z,85.0112,0.60047,119.999
2026-01-05T10:07:00Z,84.9862,0.60001,119.995
2026-01-05T10:08:00Z,85.0337,0.60032,120.047
2026-01-05T10:09:00Z,84.9907,0.59998,119.994
2026-01-05T10:10:00Z,85.0139,0.60073,120.042
2026-01-05T10:11:00Z,84.9641,0.59969,119.95
2026-01-05T10:12:00Z,85.0133,0.60058,120.048
2026-01-05T10:13:00Z,84.9767,0.5998,119.934
2026-01-05T10:14:00Z,85.005,0.6002,120.061
2026-01-05T10:15:00Z,84.9904,0.59949,119.983
2026-01-05T10:16:00Z,85.0192,0.60052,119.998
2026-01-05T10:17:00Z,84.9922,0.59968,119.967
2026-01-05T10:18:00Z,85.0144,0.60032,120.032
2026-01-05T10:19:00Z,84.9835,0.59936,119.977
2026-01-05T10:20:00Z,85.0184,0.60038,120.022
2026-01-05T10:21:00Z,84.976,0.59954,119.977
2026-01-05T10:22:00Z,85.0276,0.60052,120.029
2026-01-05T10:23:00Z,84.9837,0.59929,119.978
2026-01-05T10:24:00Z,85.0114,0.60076,120.025
2026-01-05T10:25:00Z,84.9892,0.59945,119.988
2026-01-05T10:26:00Z,85.0177,0.60043,120.058
2026-01-05T10:27:00Z,84.9812,0.59962,119.97
2026-01-05T10:28:00Z,85.0267,0.6006,120.022
2026-01-05T10:29:00Z,84.9714,0.59949,119.962
2026-01-05T10:30:00Z,85.0117,0.60016,120.035
2026-01-05T10:31:00Z,84.9927,0.59945,119.98
2026-01-05T10:32:00Z,85.0098,0.60036,120.033
2026-01-05T10:33:00Z,84.9913,0.59976,119.949
2026-01-05T10:34:00Z,85.0184,0.6003,120.035
2026-01-05T10:35:00Z,84.9912,0.59965,119.968
2026-01-05T10:36:00Z,85.0269,0.60025,120.031
2026-01-05T10:37:00Z,84.9861,0.59951,119.965
2026-01-05T10:38:00Z,85.023,0.60057,120.051
2026-01-05T10:39:00Z,84.9803,0.59966,119.971
2026-01-05T10:40:00Z,84.9976,0.60056,120.013
2026-01-05T10:41:00Z,84.9803,0.59934,119.971
2026-01-05T10:42:00Z,85.015,0.60064,120.035
2026-01-05T10:43:00Z,85.0063,0.59982,119.973
2026-01-05T10:44:00Z,85.0259,0.60027,120.046
2026-01-05T10:45:00Z,84.967,0.59967,119.989
2026-01-05T10:46:00Z,85.0177,0.60027,120.036
2026-01-05T10:47:00Z,84.9815,0.59935,119.971
2026-01-05T10:48:00Z,85.025,0.60042,120.057
2026-01-05T10:49:00Z,84.9844,0.59937,119.973
2026-01-05T10:50:00Z,85.0224,0.60045,120.018
2026-01-05T10:51:00Z,84.9796,0.59982,119.964
2026-01-05T10:52:00Z,85.0196,0.60005,120.045
2026-01-05T10:53:00Z,84.979,0.59936,119.978
2026-01-05T10:54:00Z,85.0213,0.60061,120.003
2026-01-05T10:55:00Z,84.9921,0.59964,119.989
2026-01-05T10:56:00Z,85.0099,0.60047,120.047
2026-01-05T10:57:00Z,84.9894,0.59939,119.96
2026-01-05T10:58:00Z,85.0139,0.60024,120.012
2026-01-05T10:59:00Z,84.9955,0.59966,119.976
2026-01-05T11:00:00Z,85.0184,0.60026,120.021
2026-01-05T11:01:00Z,84.9678,0.60002,119.981
2026-01-05T11:02:00Z,85.0165,0.60037,120.046
2026-01-05T11:03:00Z,84.9749,0.59999,119.958
2026-01-05T11:04:00Z,85.023,0.60033,120.054
2026-01-05T11:05:00Z,84.9782,0.59946,119.985
2026-01-05T11:06:00Z,85.011,0.60044,120.021
2026-01-05T11:07:00Z,84.979,0.59941,119.968
2026-01-05T11:08:00Z,85.0189,0.60048,120.064
2026-01-05T11:09:00Z,84.9879,0.59947,119.981
2026-01-05T11:10:00Z,85.0228,0.60057,120.001
2026-01-05T11:11:00Z,84.974,0.59986,119.979
2026-01-05T11:12:00Z,85.0088,0.60061,120.013
2026-01-05T11:13:00Z,84.9944,0.59992,119.98
2026-01-05T11:14:00Z,85.0123,0.60069,120.012
2026-01-05T11:15:00Z,84.9745,0.59975,119.963
2026-01-05T11:16:00Z,85.0155,0.60039,120.036
2026-01-05T11:17:00Z,84.9812,0.59926,119.971
2026-01-05T11:18:00Z,85.0073,0.60052,120.041
2026-01-05T11:19:00Z,84.9807,0.59937,119.954
2026-01-05T11:20:00Z,85.0117,0.60016,120.044
2026-01-05T11:21:00Z,84.9807,0.59969,119.976
2026-01-05T11:22:00Z,85.0247,0.60057,120.051
2026-01-05T11:23:00Z,84.9982,0.59946,119.957
2026-01-05T11:24:00Z,85.0175,0.60012,120.022
2026-01-05T11:25:00Z,84.9928,0.59977,119.966
2026-01-05T11:26:00Z,85.024,0.60018,120.006
2026-01-05T11:27:00Z,84.9875,0.59951,119.995
2026-01-05T11:28:00Z,85.0244,0.60013,120.035
2026-01-05T11:29:00Z,84.9759,0.59983,119.968
2026-01-05T11:30:00Z,85.0077,0.60074,120.019
2026-01-05T11:31:00Z,84.9821,0.59939,119.967
2026-01-05T11:32:00Z,85.0068,0.60036,120.046
2026-01-05T11:33:00Z,84.9883,0.59982,119.974
2026-01-05T11:34:00Z,85.0297,0.60038,120.012
2026-01-05T11:35:00Z,84.9753,0.5996,119.964
2026-01-05T11:36:00Z,85.0129,0.60065,120.045
2026-01-05T11:37:00Z,84.9756,0.59968,120.001
2026-01-05T11:38:00Z,85.0186,0.60064,120.024
2026-01-05T11:39:00Z,84.98,0.59976,119.981
2026-01-05T11:40:00Z,85.0009,0.60021,120.032
2026-01-05T11:41:00Z,84.9846,0.5996,119.958
2026-01-05T11:42:00Z,85.0117,0.60036,120.036
2026-01-05T11:43:00Z,84.989,0.5995,119.976
2026-01-05T11:44:00Z,85.0134,0.60021,120.045
2026-01-05T11:45:00Z,84.9846,0.59963,119.973
2026-01-05T11:46:00Z,85.023,0.60046,120.045
2026-01-05T11:47:00Z,84.9615,0.5993,119.973
2026-01-05T11:48:00Z,85.0107,0.6003,120.019
2026-01-05T11:49:00Z,84.979,0.59966,119.957
2026-01-05T11:50:00Z,85.0088,0.60055,120.019
2026-01-05T11:51:00Z,84.9903,0.5994,119.971
2026-01-05T11:52:00Z,85.0164,0.60017,120.01
2026-01-05T11:53:00Z,84.9832,0.59914,119.959
2026-01-05T11:54:00Z,85.0141,0.60009,120.021
2026-01-05T11:55:00Z,84.982,0.6,119.976
2026-01-05T11:56:00Z,84.9995,0.6005,120.035
2026-01-05T11:57:00Z,84.9757,0.59986,119.959
2026-01-05T11:58:00Z,85.0346,0.60032,120.006
2026-01-05T11:59:00Z,84.9694,0.59949,119.966
2026-01-05T12:00:00Z,85.0098,0.60045,120.048
2026-01-05T12:01:00Z,84.9891,0.59962,119.953
2026-01-05T12:02:00Z,85.0161,0.60056,120.021
2026-01-05T12:03:00Z,84.996,0.59957,119.944
2026-01-05T12:04:00Z,85.0132,0.60057,120.037
2026-01-05T12:05:00Z,84.9907,0.59918,119.981
2026-01-05T12:06:00Z,85.0174,0.60048,120.03
2026-01-05T12:07:00Z,84.9781,0.59955,119.969
2026-01-05T12:08:00Z,85.0085,0.60037,120.026
2026-01-05T12:09:00Z,84.9804,0.59995,119.965
2026-01-05T12:10:00Z,85.0034,0.60045,120.024
2026-01-05T12:11:00Z,84.9909,0.5994,119.944
2026-01-05T12:12:00Z,85.0145,0.60063,120.025
2026-01-05T12:13:00Z,84.9929,0.59973,119.959
2026-01-05T12:14:00Z,85.0276,0.60056,120.033
2026-01-05T12:15:00Z,84.9774,0.5998,119.959
2026-01-05T12:16:00Z,85.0174,0.60034,120.023
2026-01-05T12:17:00Z,84.9894,0.59966,119.972
2026-01-05T12:18:00Z,85.0149,0.60045,120.036
2026-01-05T12:19:00Z,84.9922,0.59965,119.948
2026-01-05T12:20:00Z,85.0197,0.60048,120.049
2026-01-05T12:21:00Z,84.9898,0.59918,119.951
2026-01-05T12:22:00Z,85.0159,0.60067,120.008
2026-01-05T12:23:00Z,84.9802,0.59956,119.987
2026-01-05T12:24:00Z,85.0132,0.60049,120.014
2026-01-05T12:25:00Z,84.9762,0.59979,119.959
2026-01-05T12:26:00Z,85.0123,0.60049,120.038
2026-01-05T12:27:00Z,84.982,0.59952,119.961
2026-01-05T12:28:00Z,85.0313,0.60076,120.045
2026-01-05T12:29:00Z,84.9814,0.59967,119.962
2026-01-05T12:30:00Z,85.0203,0.60032,120.019
2026-01-05T12:31:00Z,84.9718,0.59993,119.965
2026-01-05T12:32:00Z,85.0075,0.60075,120.054
2026-01-05T12:33:00Z,84.9867,0.59942,119.941
2026-01-05T12:34:00Z,85.0136,0.60065,120.024
2026-01-05T12:35:00Z,84.9785,0.59937,119.972
2026-01-05T12:36:00Z,84.99,0.60063,120.036
2026-01-05T12:37:00Z,84.973,0.59925,119.956
2026-01-05T12:38:00Z,85.0085,0.60025,120.055
2026-01-05T12:39:00Z,84.986,0.59992,119.984
2026-01-05T12:40:00Z,85.03,0.60027,120.04
2026-01-05T12:41:00Z,84.9795,0.59944,119.97
2026-01-05T12:42:00Z,85.003,0.60073,120.029
2026-01-05T12:43:00Z,84.9819,0.59964,119.953
2026-01-05T12:44:00Z,85.0194,0.60036,120.041
2026-01-05T12:45:00Z,84.9796,0.59931,119.955
2026-01-05T12:46:00Z,85.0165,0.60025,120.012
2026-01-05T12:47:00Z,84.9994,0.59962,119.988
2026-01-05T12:48:00Z,85.015,0.60005,120.015
2026-01-05T12:49:00Z,84.9819,0.59975,119.967
2026-01-05T12:50:00Z,85.0191,0.60022,120.041
2026-01-05T12:51:00Z,84.9637,0.59951,119.968
2026-01-05T12:52:00Z,85.027,0.60066,120.043
2026-01-05T12:53:00Z,84.9939,0.59954,120.0
2026-01-05T12:54:00Z,85.014,0.60033,120.02
2026-01-05T12:55:00Z,84.9735,0.59977,119.964
2026-01-05T12:56:00Z,85.0063,0.60039,120.02
2026-01-05T12:57:00Z,84.9919,0.59951,119.993
2026-01-05T12:58:00Z,85.0171,0.60069,120.031
2026-01-05T12:59:00Z,84.9838,0.59952,119.995
2026-01-05T13:00:00Z,85.0194,0.60032,120.012
2026-01-05T13:01:00Z,84.983,0.59959,119.961
2026-01-05T13:02:00Z,85.0237,0.60039,120.027
2026-01-05T13:03:00Z,84.9984,0.59979,119.966
2026-01-05T13:04:00Z,85.0098,0.60024,120.046
2026-01-05T13:05:00Z,84.9741,0.59943,119.965
2026-01-05T13:06:00Z,85.0183,0.60037,120.033
2026-01-05T13:07:00Z,84.9781,0.59994,119.987
2026-01-05T13:08:00Z,85.0096,0.60054,120.046
2026-01-05T13:09:00Z,84.9953,0.59959,119.963
2026-01-05T13:10:00Z,85.0131,0.60042,120.02
2026-01-05T13:11:00Z,84.987,0.59967,119.966
2026-01-05T13:12:00Z,85.0075,0.60033,120.045
2026-01-05T13:13:00Z,84.9716,0.60003,119.971
2026-01-05T13:14:00Z,85.0165,0.60039,120.012
2026-01-05T13:15:00Z,84.9771,0.59986,119.995
2026-01-05T13:16:00Z,85.0132,0.60058,120.007
2026-01-05T13:17:00Z,84.9792,0.59976,119.971
2026-01-05T13:18:00Z,85.0096,0.6006,120.051
2026-01-05T13:19:00Z,84.9743,0.5998,119.946
2026-01-05T13:20:00Z,85.0196,0.60049,120.053
2026-01-05T13:21:00Z,84.9814,0.59937,119.941
2026-01-05T13:22:00Z,85.0007,0.60044,120.011
2026-01-05T13:23:00Z,84.9791,0.59967,119.947
2026-01-05T13:24:00Z,85.0161,0.60044,120.034
2026-01-05T13:25:00Z,84.9879,0.59973,119.982
2026-01-05T13:26:00Z,85.0132,0.60013,120.029
2026-01-05T13:27:00Z,84.9805,0.59945,119.985
2026-01-05T13:28:00Z,85.0199,0.60047,120.019
2026-01-05T13:29:00Z,84.9771,0.59957,119.965
2026-01-05T13:30:00Z,85.0129,0.60031,120.021
2026-01-05T13:31:00Z,84.9911,0.59932,119.979
2026-01-05T13:32:00Z,85.0152,0.60035,120.051
2026-01-05T13:33:00Z,84.9836,0.59986,119.94
2026-01-05T13:34:00Z,85.0005,0.60073,120.033
2026-01-05T13:35:00Z,84.9924,0.5998,119.975
2026-01-05T13:36:00Z,85.0216,0.60083,120.029
2026-01-05T13:37:00Z,84.9865,0.59972,119.989
2026-01-05T13:38:00Z,85.0239,0.60016,120.025
2026-01-05T13:39:00Z,84.9854,0.59964,119.94
2026-01-05T13:40:00Z,85.0162,0.60088,120.009
2026-01-05T13:41:00Z,84.9822,0.59931,119.977
2026-01-05T13:42:00Z,85.0319,0.60063,120.029
2026-01-05T13:43:00Z,84.9851,0.5996,119.983
2026-01-05T13:44:00Z,85.0196,0.60021,120.017
2026-01-05T13:45:00Z,84.9746,0.60007,119.956
2026-01-05T13:46:00Z,85.0077,0.60059,120.027
2026-01-05T13:47:00Z,84.977,0.59963,119.959
2026-01-05T13:48:00Z,85.0111,0.60029,120.062
2026-01-05T13:49:00Z,84.9942,0.59941,119.975
2026-01-05T13:50:00Z,85.0038,0.60039,120.031
2026-01-05T13:51:00Z,84.9898,0.59966,119.978
2026-01-05T13:52:00Z,85.0098,0.60064,120.036
2026-01-05T13:53:00Z,84.998,0.59964,119.982
2026-01-05T13:54:00Z,85.023,0.6006,120.05
2026-01-05T13:55:00Z,84.988,0.59985,119.965
2026-01-05T13:56:00Z,85.0195,0.6002,120.039
2026-01-05T13:57:00Z,84.9802,0.59964,119.978
2026-01-05T13:58:00Z,85.0122,0.60024,120.012
2026-01-05T13:59:00Z,84.9822,0.59959,119.985
2026-01-05T14:00:00Z,85.0122,0.60045,119.999
2026-01-05T14:01:00Z,84.9839,0.59918,119.986
2026-01-05T14:02:00Z,85.0136,0.60043,120.044
2026-01-05T14:03:00Z,84.9957,0.59972,119.962
2026-01-05T14:04:00Z,85.0113,0.6003,120.016
2026-01-05T14:05:00Z,84.9947,0.59998,119.961
2026-01-05T14:06:00Z,85.0213,0.60051,120.049
2026-01-05T14:07:00Z,84.9854,0.59938,119.966
2026-01-05T14:08:00Z,85.0078,0.60038,120.049
2026-01-05T14:09:00Z,84.9952,0.59975,119.973
2026-01-05T14:10:00Z,84.999,0.60011,120.015
2026-01-05T14:11:00Z,84.984,0.59949,119.979
2026-01-05T14:12:00Z,85.0244,0.60052,120.048
2026-01-05T14:13:00Z,84.9722,0.59982,119.965
2026-01-05T14:14:00Z,85.0094,0.60025,120.042
2026-01-05T14:15:00Z,84.9836,0.59978,119.975
2026-01-05T14:16:00Z,85.0258,0.60018,120.021
2026-01-05T14:17:00Z,84.9814,0.59969,119.996
2026-01-05T14:18:00Z,85.0052,0.59993,120.022
2026-01-05T14:19:00Z,84.9996,0.59947,119.975
2026-01-05T14:20:00Z,85.0181,0.60031,120.029
2026-01-05T14:21:00Z,84.9958,0.5995,119.977
2026-01-05T14:22:00Z,85.0162,0.60039,120.018
2026-01-05T14:23:00Z,84.9892,0.59971,119.946
2026-01-05T14:24:00Z,85.0128,0.60044,120.051
2026-01-05T14:25:00Z,84.9856,0.59962,119.956
2026-01-05T14:26:00Z,85.0123,0.6005,120.042
2026-01-05T14:27:00Z,84.9842,0.5995,119.956
2026-01-05T14:28:00Z,85.0179,0.60055,120.035
2026-01-05T14:29:00Z,84.9736,0.59956,119.963
2026-01-05T14:30:00Z,85.019,0.60034,120.051
2026-01-05T14:31:00Z,84.9957,0.59937,119.993
2026-01-05T14:32:00Z,85.0096,0.60058,120.009
2026-01-05T14:33:00Z,84.9917,0.59963,119.969
2026-01-05T14:34:00Z,85.0076,0.60029,120.04
2026-01-05T14:35:00Z,84.9729,0.59935,119.951
2026-01-05T14:36:00Z,85.0195,0.60031,120.054
2026-01-05T14:37:00Z,84.9838,0.59964,119.953
2026-01-05T14:38:00Z,85.0166,0.60069,120.047
2026-01-05T14:39:00Z,84.9767,0.59966,119.966
2026-01-05T14:40:00Z,85.006,0.60055,120.053
2026-01-05T14:41:00Z,84.9902,0.59941,119.976
2026-01-05T14:42:00Z,85.0199,0.60081,120.034
2026-01-05T14:43:00Z,84.9929,0.59933,119.973
2026-01-05T14:44:00Z,85.0133,0.60034,120.045
2026-01-05T14:45:00Z,84.9898,0.59948,119.969
2026-01-05T14:46:00Z,85.0211,0.60042,120.053
2026-01-05T14:47:00Z,84.9812,0.59969,119.966
2026-01-05T14:48:00Z,85.0207,0.6005,120.026
2026-01-05T14:49:00Z,84.9777,0.59959,119.968
2026-01-05T14:50:00Z,85.0234,0.60031,120.033
2026-01-05T14:51:00Z,84.9929,0.59995,119.998
2026-01-05T14:52:00Z,85.0291,0.60029,120.043
2026-01-05T14:53:00Z,84.974,0.5998,119.959
2026-01-05T14:54:00Z,85.0152,0.60042,119.996
2026-01-05T14:55:00Z,84.9838,0.59986,119.979
2026-01-05T14:56:00Z,85.0142,0.60062,120.006
2026-01-05T14:57:00Z,84.977,0.59952,119.95
2026-01-05T14:58:00Z,85.0212,0.60063,120.016
2026-01-05T14:59:00Z,84.9873,0.59975,119.951
2026-01-05T15:00:00Z,85.0227,0.60031,120.053
2026-01-05T15:01:00Z,84.987,0.59988,119.983
2026-01-05T15:02:00Z,85.0186,0.6004,119.994
2026-01-05T15:03:00Z,84.9809,0.59987,119.959
2026-01-05T15:04:00Z,85.0198,0.60067,120.027
2026-01-05T15:05:00Z,84.9884,0.59965,119.948
2026-01-05T15:06:00Z,85.0118,0.60025,120.055
2026-01-05T15:07:00Z,84.9757,0.59965,119.977
2026-01-05T15:08:00Z,85.0284,0.6003,120.018
2026-01-05T15:09:00Z,84.9765,0.59941,119.945
2026-01-05T15:10:00Z,85.0002,0.60055,120.031
2026-01-05T15:11:00Z,84.9859,0.59987,119.98
2026-01-05T15:12:00Z,85.0245,0.60071,120.019
2026-01-05T15:13:00Z,84.9786,0.59976,119.945
2026-01-05T15:14:00Z,85.0222,0.60053,120.044
2026-01-05T15:15:00Z,84.9958,0.59942,119.981
2026-01-05T15:16:00Z,85.0129,0.60029,120.036
2026-01-05T15:17:00Z,84.983,0.59973,119.977
2026-01-05T15:18:00Z,85.0103,0.60072,120.062
2026-01-05T15:19:00Z,84.9902,0.59963,119.971
2026-01-05T15:20:00Z,85.0183,0.60034,120.008
2026-01-05T15:21:00Z,84.9818,0.59968,119.966
2026-01-05T15:22:00Z,85.0213,0.60036,120.029
2026-01-05T15:23:00Z,84.9824,0.59951,119.971
2026-01-05T15:24:00Z,85.0115,0.60044,120.018
2026-01-05T15:25:00Z,84.9809,0.59946,119.99
2026-01-05T15:26:00Z,85.0166,0.60079,120.025
2026-01-05T15:27:00Z,84.9695,0.59933,119.939
2026-01-05T15:28:00Z,85.0167,0.60085,120.053
2026-01-05T15:29:00Z,84.9895,0.59977,119.969
2026-01-05T15:30:00Z,85.0163,0.60038,120.017
2026-01-05T15:31:00Z,84.9879,0.59937,119.998
2026-01-05T15:32:00Z,85.0264,0.60052,120.034
2026-01-05T15:33:00Z,84.9812,0.59938,119.951
2026-01-05T15:34:00Z,85.0209,0.60046,120.035
2026-01-05T15:35:00Z,84.9936,0.5998,119.971
2026-01-05T15:36:00Z,85.0132,0.6001,120.022
2026-01-05T15:37:00Z,84.9706,0.59973,119.964
2026-01-05T15:38:00Z,85.0217,0.60018,120.044
2026-01-05T15:39:00Z,84.975,0.59928,119.955
2026-01-05T15:40:00Z,85.0192,0.59998,120.022
2026-01-05T15:41:00Z,84.9929,0.59924,119.95
2026-01-05T15:42:00Z,85.0067,0.6007,120.015
2026-01-05T15:43:00Z,84.9865,0.5996,119.959
2026-01-05T15:44:00Z,85.0171,0.60052,120.033
2026-01-05T15:45:00Z,84.9611,0.59971,119.99
2026-01-05T15:46:00Z,85.0077,0.60048,120.037
2026-01-05T15:47:00Z,84.9712,0.59979,119.976
2026-01-05T15:48:00Z,85.0279,0.60055,120.042
2026-01-05T15:49:00Z,84.9842,0.59983,119.957
2026-01-05T15:50:00Z,85.033,0.60037,120.035
2026-01-05T15:51:00Z,84.9872,0.59962,119.975
2026-01-05T15:52:00Z,85.023,0.60036,120.042
2026-01-05T15:53:00Z,84.9711,0.59994,119.976
2026-01-05T15:54:00Z,85.0139,0.60015,120.023
2026-01-05T15:55:00Z,84.9873,0.5993,119.962
2026-01-05T15:56:00Z,85.0079,0.60038,120.035
2026-01-05T15:57:00Z,84.9835,0.59945,119.972
2026-01-05T15:58:00Z,85.0088,0.60026,120.053
2026-01-05T15:59:00Z,84.9754,0.59973,119.96
2026-01-05T16:00:00Z,85.0087,0.60029,120.002
2026-01-05T16:01:00Z,84.9681,0.59939,119.974
2026-01-05T16:02:00Z,85.013,0.60065,120.026
2026-01-05T16:03:00Z,84.9786,0.59973,119.982
2026-01-05T16:04:00Z,85.0218,0.60043,120.033
2026-01-05T16:05:00Z,84.9895,0.59931,119.968
2026-01-05T16:06:00Z,85.0079,0.60037,120.048
2026-01-05T16:07:00Z,84.9842,0.59993,119.953
2026-01-05T16:08:00Z,85.0016,0.60019,120.006
2026-01-05T16:09:00Z,84.9863,0.59987,119.97
2026-01-05T16:10:00Z,85.0083,0.60043,120.036
2026-01-05T16:11:00Z,84.9875,0.59983,119.989
2026-01-05T16:12:00Z,85.0002,0.60027,120.018
2026-01-05T16:13:00Z,84.9836,0.59945,119.964
2026-01-05T16:14:00Z,85.0278,0.60042,119.994
2026-01-05T16:15:00Z,84.9862,0.59947,119.963
2026-01-05T16:16:00Z,85.0358,0.60003,120.051
2026-01-05T16:17:00Z,84.9854,0.59945,119.962
2026-01-05T16:18:00Z,85.0112,0.60017,120.025
2026-01-05T16:19:00Z,84.983,0.59948,119.94
2026-01-05T16:20:00Z,85.0157,0.60037,120.04
2026-01-05T16:21:00Z,84.9896,0.59931,119.957
2026-01-05T16:22:00Z,85.0227,0.60048,120.049
2026-01-05T16:23:00Z,84.9635,0.59965,119.958
2026-01-05T16:24:00Z,85.0129,0.60029,120.039
2026-01-05T16:25:00Z,84.9865,0.59991,119.968
2026-01-05T16:26:00Z,85.0109,0.60027,120.029
2026-01-05T16:27:00Z,84.9839,0.59987,119.982
2026-01-05T16:28:00Z,85.029,0.60071,120.039
2026-01-05T16:29:00Z,85.0,0.59947,119.948
2026-01-05T16:30:00Z,85.0321,0.60058,120.027
2026-01-05T16:31:00Z,84.9776,0.59953,119.985
2026-01-05T16:32:00Z,85.0051,0.60072,120.005
2026-01-05T16:33:00Z,84.9881,0.59972,119.939
2026-01-05T16:34:00Z,85.0242,0.6006,120.034
2026-01-05T16:35:00Z,84.9836,0.5997,119.998
2026-01-05T16:36:00Z,85.0042,0.60068,120.057
2026-01-05T16:37:00Z,84.9994,0.59946,119.968
2026-01-05T16:38:00Z,85.0091,0.60034,120.032
2026-01-05T16:39:00Z,84.9894,0.59959,119.941
2026-01-05T16:40:00Z,85.0145,0.6006,120.052
2026-01-05T16:41:00Z,84.9836,0.59981,119.973
2026-01-05T16:42:00Z,85.0187,0.60057,120.035
2026-01-05T16:43:00Z,84.9692,0.59959,119.958
2026-01-05T16:44:00Z,85.015,0.6003,120.034
2026-01-05T16:45:00Z,84.9696,0.59944,120.003
2026-01-05T16:46:00Z,85.017,0.60069,120.016
2026-01-05T16:47:00Z,84.9836,0.59943,119.957
2026-01-05T16:48:00Z,85.0192,0.60013,120.035
2026-01-05T16:49:00Z,84.9779,0.59943,119.966
2026-01-05T16:50:00Z,85.0092,0.6004,120.009
2026-01-05T16:51:00Z,84.9793,0.59976,119.942
2026-01-05T16:52:00Z,85.0194,0.60039,120.048
2026-01-05T16:53:00Z,84.9939,0.59972,119.967
2026-01-05T16:54:00Z,85.0211,0.60043,120.033
2026-01-05T16:55:00Z,84.9917,0.59992,119.963
2026-01-05T16:56:00Z,85.0204,0.60053,119.992
2026-01-05T16:57:00Z,84.9813,0.59986,119.948
2026-01-05T16:58:00Z,85.0137,0.60027,120.024
2026-01-05T16:59:00Z,84.9838,0.59978,119.991
2026-01-05T17:00:00Z,85.0199,0.60034,120.037
2026-01-05T17:01:00Z,84.9892,0.59975,119.934
2026-01-05T17:02:00Z,85.0237,0.60053,120.037
2026-01-05T17:03:00Z,84.9909,0.59944,119.985
2026-01-05T17:04:00Z,85.0138,0.60019,120.026
2026-01-05T17:05:00Z,84.9907,0.59977,119.972
2026-01-05T17:06:00Z,85.0106,0.60037,120.026
2026-01-05T17:07:00Z,84.9949,0.5995,119.965
2026-01-05T17:08:00Z,85.0291,0.60026,120.028
2026-01-05T17:09:00Z,84.9795,0.59957,119.988
2026-01-05T17:10:00Z,85.0063,0.60034,120.021
2026-01-05T17:11:00Z,84.9825,0.59949,119.963
2026-01-05T17:12:00Z,85.0309,0.60021,120.042
2026-01-05T17:13:00Z,84.9818,0.59964,119.944
2026-01-05T17:14:00Z,85.0221,0.60046,120.034
2026-01-05T17:15:00Z,84.9805,0.59929,119.981
2026-01-05T17:16:00Z,84.9978,0.60047,120.052
2026-01-05T17:17:00Z,84.9807,0.59964,119.972
2026-01-05T17:18:00Z,85.0174,0.6001,120.018
2026-01-05T17:19:00Z,84.9863,0.59978,119.939
2026-01-05T17:20:00Z,85.0129,0.60017,120.042
2026-01-05T17:21:00Z,84.9994,0.59998,119.996
2026-01-05T17:22:00Z,85.0096,0.60039,120.048
2026-01-05T17:23:00Z,84.9841,0.59949,119.965
2026-01-05T17:24:00Z,85.0276,0.60028,120.014
2026-01-05T17:25:00Z,84.9941,0.59992,119.965
2026-01-05T17:26:00Z,85.0176,0.60021,120.048
2026-01-05T17:27:00Z,84.9793,0.59955,119.965
2026-01-05T17:28:00Z,84.9973,0.60028,120.041
2026-01-05T17:29:00Z,84.9977,0.59937,119.985
2026-01-05T17:30:00Z,85.0182,0.60009,120.018
2026-01-05T17:31:00Z,84.9956,0.59966,119.96
2026-01-05T17:32:00Z,85.0171,0.60033,120.028
2026-01-05T17:33:00Z,84.9823,0.59959,119.973
2026-01-05T17:34:00Z,85.0133,0.60042,120.033
2026-01-05T17:35:00Z,84.9813,0.59957,119.975
2026-01-05T17:36:00Z,85.0214,0.60036,120.017
2026-01-05T17:37:00Z,84.9846,0.59968,119.965
2026-01-05T17:38:00Z,85.0169,0.60042,120.039
2026-01-05T17:39:00Z,84.9829,0.59945,119.957
2026-01-05T17:40:00Z,85.0209,0.60025,120.036
2026-01-05T17:41:00Z,84.9908,0.59923,119.955
2026-01-05T17:42:00Z,85.0288,0.60057,120.022
2026-01-05T17:43:00Z,84.9746,0.59957,119.982
2026-01-05T17:44:00Z,84.998,0.60023,120.029
2026-01-05T17:45:00Z,84.9838,0.59974,119.983
2026-01-05T17:46:00Z,85.0042,0.60019,120.023
2026-01-05T17:47:00Z,84.9925,0.59984,119.965
2026-01-05T17:48:00Z,85.0236,0.60028,120.013
2026-01-05T17:49:00Z,84.9825,0.59914,119.977
2026-01-05T17:50:00Z,85.0243,0.60031,120.002
2026-01-05T17:51:00Z,84.9826,0.59925,119.966
2026-01-05T17:52:00Z,85.0201,0.6004,120.043
2026-01-05T17:53:00Z,84.9786,0.59943,119.958
2026-01-05T17:54:00Z,85.0192,0.60043,120.023
2026-01-05T17:55:00Z,84.979,0.59984,119.986
2026-01-05T17:56:00Z,85.0115,0.59989,120.052
2026-01-05T17:57:00Z,84.9877,0.59955,119.976
2026-01-05T17:58:00Z,84.9919,0.6006,120.034
2026-01-05T17:59:00Z,84.9984,0.5996,119.941
2026-01-05T18:00:00Z,85.0104,0.60035,120.024
2026-01-05T18:01:00Z,84.9795,0.59938,119.979
2026-01-05T18:02:00Z,85.0068,0.60051,120.007
2026-01-05T18:03:00Z,84.9781,0.59967,119.953
2026-01-05T18:04:00Z,85.0169,0.60023,119.996
2026-01-05T18:05:00Z,84.9933,0.59971,119.972
2026-01-05T18:06:00Z,85.0125,0.60072,120.03
2026-01-05T18:07:00Z,84.9938,0.59941,119.965
2026-01-05T18:08:00Z,85.0238,0.60042,120.058
2026-01-05T18:09:00Z,84.991,0.59927,119.984
2026-01-05T18:10:00Z,85.0102,0.60037,120.036
2026-01-05T18:11:00Z,84.9843,0.59959,119.984
2026-01-05T18:12:00Z,85.0321,0.60086,120.029
2026-01-05T18:13:00Z,84.9779,0.59976,119.96
2026-01-05T18:14:00Z,85.0123,0.60033,120.071
2026-01-05T18:15:00Z,84.9856,0.59972,119.994
2026-01-05T18:16:00Z,85.022,0.60062,120.023
2026-01-05T18:17:00Z,84.973,0.5991,119.965
2026-01-05T18:18:00Z,85.0021,0.60062,120.04
2026-01-05T18:19:00Z,84.9904,0.59979,119.977
2026-01-05T18:20:00Z,85.0273,0.6006,120.045
2026-01-05T18:21:00Z,84.9887,0.59971,119.973
2026-01-05T18:22:00Z,85.0208,0.60025,120.053
2026-01-05T18:23:00Z,84.9896,0.5995,119.978
2026-01-05T18:24:00Z,85.0207,0.60051,120.056
2026-01-05T18:25:00Z,84.9999,0.59964,119.973
2026-01-05T18:26:00Z,85.0266,0.60092,120.03
2026-01-05T18:27:00Z,85.0,0.59975,119.961
2026-01-05T18:28:00Z,85.0103,0.60074,120.021
2026-01-05T18:29:00Z,84.9596,0.59975,119.949
2026-01-05T18:30:00Z,85.0149,0.60009,120.04
2026-01-05T18:31:00Z,84.9902,0.59962,119.974
2026-01-05T18:32:00Z,85.027,0.60053,120.039
2026-01-05T18:33:00Z,84.9763,0.59951,119.957
2026-01-05T18:34:00Z,85.0057,0.60035,120.04
2026-01-05T18:35:00Z,84.9805,0.59929,119.961
2026-01-05T18:36:00Z,85.0202,0.60072,120.031
2026-01-05T18:37:00Z,84.9775,0.59934,119.967
2026-01-05T18:38:00Z,85.0218,0.60032,120.017
2026-01-05T18:39:00Z,84.9756,0.59931,119.973
2026-01-05T18:40:00Z,85.008,0.60069,120.025
2026-01-05T18:41:00Z,84.9904,0.59912,119.974
2026-01-05T18:42:00Z,85.0181,0.60047,120.045
2026-01-05T18:43:00Z,84.9801,0.59925,119.97
2026-01-05T18:44:00Z,85.0143,0.60071,120.018
2026-01-05T18:45:00Z,84.9792,0.59961,119.957
2026-01-05T18:46:00Z,85.0206,0.60022,120.026
2026-01-05T18:47:00Z,84.9941,0.59984,119.961
2026-01-05T18:48:00Z,85.0216,0.59995,120.034
2026-01-05T18:49:00Z,84.9764,0.5994,119.954
2026-01-05T18:50:00Z,84.9997,0.60041,120.034
2026-01-05T18:51:00Z,85.0007,0.59968,119.948
2026-01-05T18:52:00Z,85.0077,0.60055,120.032
2026-01-05T18:53:00Z,84.9749,0.60008,119.952
2026-01-05T18:54:00Z,85.0002,0.60032,120.065
2026-01-05T18:55:00Z,84.9916,0.59949,119.952
2026-01-05T18:56:00Z,85.0178,0.60058,120.025
2026-01-05T18:57:00Z,84.9841,0.59967,119.949
2026-01-05T18:58:00Z,85.0235,0.60086,120.048
2026-01-05T18:59:00Z,84.9876,0.59948,119.973
2026-01-05T19:00:00Z,85.0089,0.60023,120.039
2026-01-05T19:01:00Z,84.9821,0.59943,119.988
2026-01-05T19:02:00Z,85.0191,0.60045,120.009
2026-01-05T19:03:00Z,84.9759,0.59935,119.958
2026-01-05T19:04:00Z,85.0127,0.60055,120.053
2026-01-05T19:05:00Z,84.9896,0.59966,119.967
2026-01-05T19:06:00Z,85.0089,0.60064,120.026
2026-01-05T19:07:00Z,84.986,0.59971,119.971
2026-01-05T19:08:00Z,85.0213,0.60054,120.042
2026-01-05T19:09:00Z,84.9893,0.59965,119.941
2026-01-05T19:10:00Z,85.0196,0.60029,120.022
2026-01-05T19:11:00Z,84.9916,0.59976,119.962
2026-01-05T19:12:00Z,85.0032,0.60017,120.036
2026-01-05T19:13:00Z,84.9907,0.59935,119.989
2026-01-05T19:14:00Z,85.0089,0.60039,120.026
2026-01-05T19:15:00Z,84.9907,0.59965,119.997
2026-01-05T19:16:00Z,85.0286,0.60053,120.043
2026-01-05T19:17:00Z,84.9919,0.5994,119.969
2026-01-05T19:18:00Z,85.0179,0.60031,119.995
2026-01-05T19:19:00Z,84.9853,0.59952,119.982
2026-01-05T19:20:00Z,85.0167,0.60025,120.028
2026-01-05T19:21:00Z,84.9893,0.59902,119.96
2026-01-05T19:22:00Z,85.0075,0.60068,120.034
2026-01-05T19:23:00Z,84.9861,0.59975,119.982
2026-01-05T19:24:00Z,85.0276,0.60041,120.037
2026-01-05T19:25:00Z,84.9739,0.59936,119.969
2026-01-05T19:26:00Z,85.0183,0.60043,120.034
2026-01-05T19:27:00Z,84.9901,0.59982,119.969
2026-01-05T19:28:00Z,85.0143,0.60064,120.024
2026-01-05T19:29:00Z,84.9809,0.59939,119.992
2026-01-05T19:30:00Z,85.0107,0.60024,120.042
2026-01-05T19:31:00Z,84.9696,0.59982,119.973
2026-01-05T19:32:00Z,85.0209,0.60051,120.036
2026-01-05T19:33:00Z,84.9786,0.59978,119.976
2026-01-05T19:34:00Z,85.0172,0.60047,120.031
2026-01-05T19:35:00Z,84.9829,0.59934,119.97
2026-01-05T19:36:00Z,85.0209,0.60081,120.036
2026-01-05T19:37:00Z,84.9764,0.59951,119.965
2026-01-05T19:38:00Z,85.01,0.60002,120.011
2026-01-05T19:39:00Z,84.9778,0.60003,119.952
2026-01-05T19:40:00Z,85.0099,0.6008,120.013
2026-01-05T19:41:00Z,84.9852,0.59942,119.976
2026-01-05T19:42:00Z,85.0196,0.60052,120.021
2026-01-05T19:43:00Z,84.9766,0.59942,119.97
2026-01-05T19:44:00Z,85.0151,0.60012,120.001
2026-01-05T19:45:00Z,84.993,0.59956,119.963
2026-01-05T19:46:00Z,85.0024,0.60039,120.018
2026-01-05T19:47:00Z,84.9806,0.59974,119.958
2026-01-05T19:48:00Z,85.019,0.60039,120.047
2026-01-05T19:49:00Z,84.9736,0.59982,119.96
2026-01-05T19:50:00Z,85.0139,0.60025,120.051
2026-01-05T19:51:00Z,84.9901,0.59952,119.975
2026-01-05T19:52:00Z,85.0194,0.6005,120.028
2026-01-05T19:53:00Z,84.9912,0.59977,119.96
2026-01-05T19:54:00Z,85.0104,0.6001,120.008
2026-01-05T19:55:00Z,84.9894,0.60009,119.988
2026-01-05T19:56:00Z,85.0185,0.60041,120.037
2026-01-05T19:57:00Z,84.9719,0.60011,119.973
2026-01-05T19:58:00Z,85.0224,0.60047,120.024
2026-01-05T19:59:00Z,84.9745,0.5998,119.956
2026-01-05T20:00:00Z,85.0251,0.60029,120.013
2026-01-05T20:01:00Z,84.979,0.59957,119.963
2026-01-05T20:02:00Z,85.0229,0.60001,120.031
2026-01-05T20:03:00Z,84.9795,0.59963,119.979
2026-01-05T20:04:00Z,85.015,0.60044,120.029
2026-01-05T20:05:00Z,84.9875,0.59951,119.968
2026-01-05T20:06:00Z,84.9997,0.60034,120.043
2026-01-05T20:07:00Z,84.98,0.59948,119.942
2026-01-05T20:08:00Z,85.0179,0.6006,120.031
2026-01-05T20:09:00Z,84.9882,0.59999,119.946
2026-01-05T20:10:00Z,85.0141,0.60047,120.002
2026-01-05T20:11:00Z,84.9776,0.59931,119.953
2026-01-05T20:12:00Z,85.0148,0.6006,120.012
2026-01-05T20:13:00Z,84.972,0.59941,119.984
2026-01-05T20:14:00Z,85.0224,0.60038,120.015
2026-01-05T20:15:00Z,84.9774,0.5996,119.992
2026-01-05T20:16:00Z,85.0069,0.60051,120.041
2026-01-05T20:17:00Z,84.9737,0.59947,119.955
2026-01-05T20:18:00Z,85.0322,0.60044,120.048
2026-01-05T20:19:00Z,84.9883,0.59977,119.934
2026-01-05T20:20:00Z,85.0235,0.60039,120.044
2026-01-05T20:21:00Z,85.0089,0.59983,119.944
2026-01-05T20:22:00Z,85.0082,0.60064,120.014
2026-01-05T20:23:00Z,84.9732,0.59951,119.992
2026-01-05T20:24:00Z,85.0133,0.60054,120.053
2026-01-05T20:25:00Z,84.9839,0.59959,119.984
2026-01-05T20:26:00Z,85.0195,0.60018,120.054
2026-01-05T20:27:00Z,84.9865,0.5998,119.945
2026-01-05T20:28:00Z,85.0182,0.60013,120.024
2026-01-05T20:29:00Z,84.9773,0.59954,119.978
2026-01-05T20:30:00Z,85.0119,0.60051,120.027
2026-01-05T20:31:00Z,84.988,0.5996,119.965
2026-01-05T20:32:00Z,85.0187,0.60033,120.022
2026-01-05T20:33:00Z,84.9828,0.59947,119.96
2026-01-05T20:34:00Z,85.0193,0.60047,120.05
2026-01-05T20:35:00Z,84.9966,0.59963,119.933
2026-01-05T20:36:00Z,85.0058,0.60053,120.048
2026-01-05T20:37:00Z,84.9951,0.5999,119.996
2026-01-05T20:38:00Z,85.0138,0.60065,120.028
2026-01-05T20:39:00Z,84.9711,0.5996,119.973
2026-01-05T20:40:00Z,85.0238,0.60081,120.001
2026-01-05T20:41:00Z,84.982,0.59945,119.954
2026-01-05T20:42:00Z,85.0275,0.60044,120.044
2026-01-05T20:43:00Z,84.9913,0.59956,119.95
2026-01-05T20:44:00Z,85.0221,0.60023,120.067
2026-01-05T20:45:00Z,84.9738,0.59978,119.952
2026-01-05T20:46:00Z,85.0199,0.60041,120.039
2026-01-05T20:47:00Z,84.9881,0.59962,119.987
2026-01-05T20:48:00Z,84.9977,0.60047,120.02
2026-01-05T20:49:00Z,84.985,0.59976,119.97
2026-01-05T20:50:00Z,85.0282,0.60037,120.047
2026-01-05T20:51:00Z,84.9882,0.59954,119.971
2026-01-05T20:52:00Z,85.0252,0.60072,120.044
2026-01-05T20:53:00Z,84.9772,0.59952,119.992
2026-01-05T20:54:00Z,85.0177,0.60062,120.023
2026-01-05T20:55:00Z,84.993,0.59957,119.955
2026-01-05T20:56:00Z,85.0219,0.60069,120.021
2026-01-05T20:57:00Z,84.9845,0.59932,119.98
2026-01-05T20:58:00Z,85.0126,0.60049,120.012
2026-01-05T20:59:00Z,84.9784,0.59949,119.974
2026-01-05T21:00:00Z,85.0155,0.60027,120.016
2026-01-05T21:01:00Z,84.9862,0.59975,119.962
2026-01-05T21:02:00Z,85.0064,0.60057,120.03
2026-01-05T21:03:00Z,84.9858,0.5997,119.993
2026-01-05T21:04:00Z,85.0162,0.60042,120.029
2026-01-05T21:05:00Z,84.9862,0.59977,119.972
2026-01-05T21:06:00Z,85.0055,0.60061,120.047
2026-01-05T21:07:00Z,84.9968,0.59957,119.962
2026-01-05T21:08:00Z,85.0288,0.60039,120.046
2026-01-05T21:09:00Z,84.9825,0.59932,119.961
2026-01-05T21:10:00Z,85.0051,0.6002,120.025
2026-01-05T21:11:00Z,84.9911,0.59981,119.973
2026-01-05T21:12:00Z,85.02,0.60036,120.022
2026-01-05T21:13:00Z,84.9919,0.59996,119.96
2026-01-05T21:14:00Z,85.0265,0.60045,120.029
2026-01-05T21:15:00Z,84.9876,0.59961,119.967
2026-01-05T21:16:00Z,85.0203,0.60066,120.023
2026-01-05T21:17:00Z,84.9831,0.59959,119.983
2026-01-05T21:18:00Z,85.0112,0.6008,120.009
2026-01-05T21:19:00Z,84.9903,0.59964,119.982
2026-01-05T21:20:00Z,85.0043,0.60053,120.027
2026-01-05T21:21:00Z,84.9844,0.59947,119.953
2026-01-05T21:22:00Z,85.0219,0.60044,120.032
2026-01-05T21:23:00Z,84.9787,0.59942,119.963
2026-01-05T21:24:00Z,85.0119,0.60069,120.011
2026-01-05T21:25:00Z,84.9672,0.59966,119.993
2026-01-05T21:26:00Z,85.0239,0.60055,120.05
2026-01-05T21:27:00Z,84.975,0.59928,119.964
2026-01-05T21:28:00Z,85.0251,0.60056,120.055
2026-01-05T21:29:00Z,84.9871,0.59969,119.977
2026-01-05T21:30:00Z,85.0028,0.6006,120.009
2026-01-05T21:31:00Z,84.9784,0.59949,119.985
2026-01-05T21:32:00Z,85.0166,0.6002,120.023
2026-01-05T21:33:00Z,84.9852,0.59985,120.007
2026-01-05T21:34:00Z,85.0193,0.60053,120.044
2026-01-05T21:35:00Z,84.9773,0.5997,119.996
2026-01-05T21:36:00Z,85.0043,0.60051,120.029
2026-01-05T21:37:00Z,84.9704,0.59949,120.001
2026-01-05T21:38:00Z,85.0191,0.60064,120.012
2026-01-05T21:39:00Z,84.993,0.59916,119.978
2026-01-05T21:40:00Z,85.0271,0.60023,120.02
2026-01-05T21:41:00Z,84.967,0.59944,119.973
2026-01-05T21:42:00Z,85.0313,0.60044,120.042
2026-01-05T21:43:00Z,84.9822,0.59964,119.967
2026-01-05T21:44:00Z,85.0193,0.6003,120.045
2026-01-05T21:45:00Z,84.9867,0.59952,119.965
2026-01-05T21:46:00Z,85.0158,0.60042,120.048
2026-01-05T21:47:00Z,84.9881,0.59983,119.952
2026-01-05T21:48:00Z,85.0222,0.60015,120.054
2026-01-05T21:49:00Z,84.9827,0.59955,119.962
2026-01-05T21:50:00Z,85.0182,0.60038,120.05
2026-01-05T21:51:00Z,84.9748,0.59987,119.964
2026-01-05T21:52:00Z,85.0158,0.60037,120.061
2026-01-05T21:53:00Z,84.9965,0.59975,119.969
2026-01-05T21:54:00Z,85.0238,0.60031,120.033
2026-01-05T21:55:00Z,84.9896,0.59957,119.983
2026-01-05T21:56:00Z,85.0129,0.60032,120.031
2026-01-05T21:57:00Z,84.9767,0.59943,119.964
2026-01-05T21:58:00Z,85.0113,0.60034,120.045
2026-01-05T21:59:00Z,84.9814,0.59955,119.956
2026-01-05T22:00:00Z,85.0053,0.60014,120.034
2026-01-05T22:01:00Z,84.9819,0.59963,119.986
2026-01-05T22:02:00Z,85.0171,0.60022,120.009
2026-01-05T22:03:00Z,84.9783,0.59959,119.984
2026-01-05T22:04:00Z,85.0007,0.60053,120.032
2026-01-05T22:05:00Z,84.9805,0.59918,119.977
2026-01-05T22:06:00Z,85.0089,0.60022,120.045
2026-01-05T22:07:00Z,84.9762,0.59945,119.969
2026-01-05T22:08:00Z,85.0319,0.60055,120.007
2026-01-05T22:09:00Z,84.9769,0.59975,119.979
2026-01-05T22:10:00Z,85.0094,0.60056,120.024
2026-01-05T22:11:00Z,84.9954,0.6,119.94
2026-01-05T22:12:00Z,85.0046,0.60094,120.051
2026-01-05T22:13:00Z,84.9775,0.5996,119.998
2026-01-05T22:14:00Z,85.0259,0.60005,120.035
2026-01-05T22:15:00Z,84.9605,0.59919,119.954
2026-01-05T22:16:00Z,85.0325,0.60015,120.026
2026-01-05T22:17:00Z,84.9819,0.59948,119.977
2026-01-05T22:18:00Z,85.008,0.60047,120.043
2026-01-05T22:19:00Z,84.9871,0.5996,119.994
2026-01-05T22:20:00Z,85.0209,0.60063,120.017
2026-01-05T22:21:00Z,84.9791,0.59952,119.976
2026-01-05T22:22:00Z,85.0271,0.60055,119.991
2026-01-05T22:23:00Z,84.9688,0.59953,119.96
2026-01-05T22:24:00Z,85.0053,0.60019,120.028
2026-01-05T22:25:00Z,84.9937,0.59992,119.971
2026-01-05T22:26:00Z,85.0228,0.60032,120.028
2026-01-05T22:27:00Z,84.9777,0.59928,119.946
2026-01-05T22:28:00Z,85.0145,0.6005,120.031
2026-01-05T22:29:00Z,84.9804,0.59962,119.974
2026-01-05T22:30:00Z,85.0103,0.60038,120.054
2026-01-05T22:31:00Z,84.987,0.5994,119.96
2026-01-05T22:32:00Z,85.0207,0.60075,119.996
2026-01-05T22:33:00Z,84.9796,0.59953,119.958
2026-01-05T22:34:00Z,85.0182,0.60029,120.043
2026-01-05T22:35:00Z,84.9903,0.5998,119.965
2026-01-05T22:36:00Z,85.0101,0.60014,120.033
2026-01-05T22:37:00Z,84.9874,0.59961,119.976
2026-01-05T22:38:00Z,85.026,0.60026,120.042
2026-01-05T22:39:00Z,84.9868,0.59954,119.982
2026-01-05T22:40:00Z,85.0031,0.60074,120.052
2026-01-05T22:41:00Z,84.9819,0.59957,119.968
2026-01-05T22:42:00Z,85.0131,0.60054,120.015
2026-01-05T22:43:00Z,84.9735,0.59981,119.973
2026-01-05T22:44:00Z,85.0118,0.60053,120.018
2026-01-05T22:45:00Z,84.9849,0.59947,119.963
2026-01-05T22:46:00Z,85.0132,0.60057,120.015
2026-01-05T22:47:00Z,84.9808,0.5999,119.956
2026-01-05T22:48:00Z,85.0239,0.60063,120.011
2026-01-05T22:49:00Z,84.996,0.59935,119.982
2026-01-05T22:50:00Z,85.0193,0.6005,120.047
2026-01-05T22:51:00Z,84.9871,0.59948,119.99
2026-01-05T22:52:00Z,85.0206,0.60036,120.038
2026-01-05T22:53:00Z,84.9905,0.59969,119.952
2026-01-05T22:54:00Z,85.0224,0.60068,120.026
2026-01-05T22:55:00Z,84.9871,0.59972,119.958
2026-01-05T22:56:00Z,85.0144,0.60004,120.024
2026-01-05T22:57:00Z,84.975,0.59951,119.982
2026-01-05T22:58:00Z,85.0232,0.60016,120.036
2026-01-05T22:59:00Z,84.9871,0.59957,119.971
2026-01-05T23:00:00Z,85.0221,0.60037,120.039
2026-01-05T23:01:00Z,84.9832,0.59962,119.971
2026-01-05T23:02:00Z,85.0195,0.60047,120.03
2026-01-05T23:03:00Z,84.995,0.59967,119.957
2026-01-05T23:04:00Z,85.0236,0.60081,120.023
2026-01-05T23:05:00Z,84.9928,0.59991,119.98
2026-01-05T23:06:00Z,85.0152,0.60034,120.027
2026-01-05T23:07:00Z,84.9842,0.5996,119.98
2026-01-05T23:08:00Z,85.0276,0.60032,120.013
2026-01-05T23:09:00Z,84.9976,0.59914,119.974
2026-01-05T23:10:00Z,85.0207,0.60059,120.009
2026-01-05T23:11:00Z,84.9841,0.59951,119.945
2026-01-05T23:12:00Z,85.0045,0.60088,120.059
2026-01-05T23:13:00Z,84.9689,0.5996,119.957
2026-01-05T23:14:00Z,85.0215,0.60018,120.055
2026-01-05T23:15:00Z,85.002,0.59933,119.973
2026-01-05T23:16:00Z,85.0267,0.60073,120.029
2026-01-05T23:17:00Z,84.9795,0.59948,119.956
2026-01-05T23:18:00Z,85.0247,0.60061,120.014
2026-01-05T23:19:00Z,84.9832,0.59981,119.957
2026-01-05T23:20:00Z,85.0181,0.60039,120.053
2026-01-05T23:21:00Z,84.9875,0.59976,119.958
2026-01-05T23:22:00Z,85.0217,0.60021,120.024
2026-01-05T23:23:00Z,84.9729,0.5996,119.958
2026-01-05T23:24:00Z,85.0174,0.60082,120.006
2026-01-05T23:25:00Z,84.9888,0.59942,119.984
2026-01-05T23:26:00Z,85.006,0.60049,120.038
2026-01-05T23:27:00Z,84.986,0.59939,119.961
2026-01-05T23:28:00Z,85.0092,0.60049,120.035
2026-01-05T23:29:00Z,84.9844,0.59939,119.966
2026-01-05T23:30:00Z,85.0145,0.60035,120.038
2026-01-05T23:31:00Z,84.9776,0.5998,119.974
2026-01-05T23:32:00Z,85.0232,0.60045,120.039
2026-01-05T23:33:00Z,84.9724,0.59944,119.949
2026-01-05T23:34:00Z,85.0277,0.60042,120.035
2026-01-05T23:35:00Z,84.9686,0.59966,119.959
2026-01-05T23:36:00Z,85.0125,0.6001,120.062
2026-01-05T23:37:00Z,84.9917,0.59998,119.983
2026-01-05T23:38:00Z,85.0262,0.60057,120.023
2026-01-05T23:39:00Z,84.9788,0.5994,119.958
2026-01-05T23:40:00Z,85.002,0.60047,120.036
2026-01-05T23:41:00Z,84.9798,0.59967,119.956
2026-01-05T23:42:00Z,85.0246,0.60011,120.015
2026-01-05T23:43:00Z,84.9978,0.59972,119.956
2026-01-05T23:44:00Z,85.0232,0.60035,120.039
2026-01-05T23:45:00Z,84.9928,0.59971,119.969
2026-01-05T23:46:00Z,85.0104,0.60032,120.022
2026-01-05T23:47:00Z,84.9646,0.59942,119.963
2026-01-05T23:48:00Z,85.0096,0.60048,120.037
2026-01-05T23:49:00Z,84.9858,0.59946,119.973
2026-01-05T23:50:00Z,85.0091,0.60048,120.029
2026-01-05T23:51:00Z,84.9817,0.59963,120.018
2026-01-05T23:52:00Z,85.0112,0.60053,120.015
2026-01-05T23:53:00Z,84.9759,0.59942,119.978
2026-01-05T23:54:00Z,85.0058,0.60044,120.042
2026-01-05T23:55:00Z,84.9773,0.59965,119.954
2026-01-05T23:56:00Z,85.021,0.60016,120.025
2026-01-05T23:57:00Z,84.977,0.59974,119.984
2026-01-05T23:58:00Z,85.0128,0.60011,120.037
2026-01-05T23:59:00Z,85.007,0.59965,119.974
2026-01-06T00:00:00Z,85.0185,0.60041,120.011
2026-01-06T00:01:00Z,84.9803,0.59969,119.981
2026-01-06T00:02:00Z,85.0108,0.6002,120.019
2026-01-06T00:03:00Z,84.9866,0.5996,119.976
2026-01-06T00:04:00Z,85.0173,0.60043,120.031
2026-01-06T00:05:00Z,84.9762,0.59965,119.992
2026-01-06T00:06:00Z,85.012,0.60039,120.022
2026-01-06T00:07:00Z,84.9916,0.59957,119.957
2026-01-06T00:08:00Z,85.0253,0.60013,120.03
2026-01-06T00:09:00Z,84.9767,0.5996,119.956
2026-01-06T00:10:00Z,85.0157,0.60014,120.028
2026-01-06T00:11:00Z,84.9865,0.59987,119.953
2026-01-06T00:12:00Z,85.021,0.60026,120.002
2026-01-06T00:13:00Z,84.9862,0.59979,119.983
2026-01-06T00:14:00Z,85.0235,0.60044,120.037
2026-01-06T00:15:00Z,84.9696,0.59955,119.969
2026-01-06T00:16:00Z,85.0086,0.60035,120.015
2026-01-06T00:17:00Z,84.9874,0.59947,119.978
2026-01-06T00:18:00Z,85.0171,0.60012,119.999
2026-01-06T00:19:00Z,84.9827,0.59975,119.959
2026-01-06T00:20:00Z,85.0254,0.60036,120.055
2026-01-06T00:21:00Z,84.9823,0.59973,119.986
2026-01-06T00:22:00Z,85.0208,0.60003,120.039
2026-01-06T00:23:00Z,84.9901,0.59964,119.976
2026-01-06T00:24:00Z,85.0198,0.60036,120.053
2026-01-06T00:25:00Z,84.993,0.59977,119.975
2026-01-06T00:26:00Z,85.0263,0.60056,120.028
2026-01-06T00:27:00Z,84.9808,0.59966,119.992
2026-01-06T00:28:00Z,85.0139,0.60028,120.069
2026-01-06T00:29:00Z,84.9837,0.59989,119.958
2026-01-06T00:30:00Z,85.0009,0.60027,120.031
2026-01-06T00:31:00Z,84.9993,0.59976,119.951
2026-01-06T00:32:00Z,85.0207,0.60045,120.019
2026-01-06T00:33:00Z,84.9698,0.59978,119.966
2026-01-06T00:34:00Z,85.0198,0.60084,120.032
2026-01-06T00:35:00Z,84.9863,0.59977,119.939
2026-01-06T00:36:00Z,85.0315,0.60031,120.034
2026-01-06T00:37:00Z,84.9909,0.59939,119.98
2026-01-06T00:38:00Z,85.0174,0.60029,120.039
2026-01-06T00:39:00Z,84.994,0.59959,119.985
2026-01-06T00:40:00Z,85.0189,0.60041,120.043
2026-01-06T00:41:00Z,84.9835,0.59965,119.954
2026-01-06T00:42:00Z,85.0138,0.60007,120.04
2026-01-06T00:43:00Z,84.9745,0.59961,119.973
2026-01-06T00:44:00Z,85.0159,0.6004,120.006
2026-01-06T00:45:00Z,84.9862,0.59901,119.976
2026-01-06T00:46:00Z,85.0169,0.60017,120.03
2026-01-06T00:47:00Z,84.984,0.59937,119.972
2026-01-06T00:48:00Z,85.0254,0.60032,120.027
2026-01-06T00:49:00Z,84.9868,0.59962,119.979
2026-01-06T00:50:00Z,85.0179,0.60036,120.008
2026-01-06T00:51:00Z,84.9934,0.59999,119.982
2026-01-06T00:52:00Z,85.0054,0.60048,120.025
2026-01-06T00:53:00Z,84.9801,0.59965,119.951
2026-01-06T00:54:00Z,85.0237,0.60049,120.025
2026-01-06T00:55:00Z,84.9793,0.59968,119.973
2026-01-06T00:56:00Z,85.0141,0.60052,120.034
2026-01-06T00:57:00Z,84.9835,0.59921,119.973
2026-01-06T00:58:00Z,85.0232,0.60062,120.04
2026-01-06T00:59:00Z,84.9813,0.59929,119.971
2026-01-06T01:00:00Z,85.0294,0.60043,120.025
2026-01-06T01:01:00Z,84.9853,0.59964,119.985
2026-01-06T01:02:00Z,85.0209,0.60054,120.049
2026-01-06T01:03:00Z,84.9907,0.5997,119.955
2026-01-06T01:04:00Z,85.0177,0.60025,120.018
2026-01-06T01:05:00Z,84.9804,0.59957,119.962
2026-01-06T01:06:00Z,85.0117,0.60079,120.019
2026-01-06T01:07:00Z,84.9937,0.59954,119.969
2026-01-06T01:08:00Z,85.0134,0.60065,120.051
2026-01-06T01:09:00Z,84.9741,0.59963,119.968
2026-01-06T01:10:00Z,85.0229,0.60059,120.02
2026-01-06T01:11:00Z,84.975,0.59959,119.992
2026-01-06T01:12:00Z,85.0167,0.60051,120.019
2026-01-06T01:13:00Z,84.969,0.5996,119.951
2026-01-06T01:14:00Z,85.0377,0.60055,120.016
2026-01-06T01:15:00Z,84.9762,0.59953,119.984
2026-01-06T01:16:00Z,85.0128,0.60056,120.077
2026-01-06T01:17:00Z,84.9948,0.59953,119.978
2026-01-06T01:18:00Z,85.011,0.60043,120.037
2026-01-06T01:19:00Z,85.0015,0.59945,119.993
2026-01-06T01:20:00Z,85.0151,0.60039,120.03
2026-01-06T01:21:00Z,84.9926,0.59923,119.975
2026-01-06T01:22:00Z,84.9983,0.6003,120.037
2026-01-06T01:23:00Z,84.9887,0.59961,119.976
2026-01-06T01:24:00Z,85.0123,0.60032,120.031
2026-01-06T01:25:00Z,84.986,0.59971,119.983
2026-01-06T01:26:00Z,85.0168,0.60033,120.054
2026-01-06T01:27:00Z,84.9789,0.59947,119.982
2026-01-06T01:28:00Z,85.0038,0.60053,120.026
2026-01-06T01:29:00Z,84.9879,0.5998,119.969
2026-01-06T01:30:00Z,85.0165,0.60039,120.043
2026-01-06T01:31:00Z,84.9723,0.59981,119.965
2026-01-06T01:32:00Z,85.0214,0.60061,120.043
2026-01-06T01:33:00Z,84.9694,0.59976,119.968
2026-01-06T01:34:00Z,85.0139,0.60034,120.022
2026-01-06T01:35:00Z,84.977,0.59973,119.964
2026-01-06T01:36:00Z,85.007,0.60061,120.018
2026-01-06T01:37:00Z,84.9851,0.59953,119.95
2026-01-06T01:38:00Z,85.0145,0.60035,120.057
2026-01-06T01:39:00Z,85.0002,0.59921,119.95
2026-01-06T01:40:00Z,85.0291,0.60027,120.026
2026-01-06T01:41:00Z,84.9852,0.59948,119.943
2026-01-06T01:42:00Z,85.0165,0.60053,120.016
2026-01-06T01:43:00Z,84.9831,0.59978,119.943
2026-01-06T01:44:00Z,85.0165,0.60053,120.046
2026-01-06T01:45:00Z,84.9809,0.59955,119.952
2026-01-06T01:46:00Z,85.0325,0.60058,120.008
2026-01-06T01:47:00Z,84.9822,0.59971,119.982
2026-01-06T01:48:00Z,85.0141,0.60029,120.029
2026-01-06T01:49:00Z,84.9859,0.59936,119.962
2026-01-06T01:50:00Z,85.0059,0.60066,120.002
2026-01-06T01:51:00Z,84.9756,0.59921,119.984
2026-01-06T01:52:00Z,85.0211,0.6005,120.023
2026-01-06T01:53:00Z,84.9894,0.59972,119.983
2026-01-06T01:54:00Z,85.0109,0.60028,120.029
2026-01-06T01:55:00Z,84.9811,0.59972,119.962
2026-01-06T01:56:00Z,85.0097,0.60072,120.02
2026-01-06T01:57:00Z,84.989,0.59976,119.962
2026-01-06T01:58:00Z,85.0257,0.6002,120.038
2026-01-06T01:59:00Z,84.9777,0.5996,119.979
2026-01-06T02:00:00Z,85.0185,0.60031,120.041
2026-01-06T02:01:00Z,84.9951,0.59986,119.949
2026-01-06T02:02:00Z,85.0143,0.60045,120.022
2026-01-06T02:03:00Z,84.9658,0.59986,119.941
2026-01-06T02:04:00Z,85.0152,0.60067,120.01
2026-01-06T02:05:00Z,85.0052,0.59926,119.978
2026-01-06T02:06:00Z,85.0164,0.60063,120.027
2026-01-06T02:07:00Z,84.9845,0.59923,119.965
2026-01-06T02:08:00Z,85.0166,0.60037,120.026
2026-01-06T02:09:00Z,84.9955,0.59945,119.964
2026-01-06T02:10:00Z,85.0213,0.60038,120.01
2026-01-06T02:11:00Z,84.994,0.59959,119.959
2026-01-06T02:12:00Z,85.0226,0.60026,120.026
2026-01-06T02:13:00Z,84.9781,0.59978,119.957
2026-01-06T02:14:00Z,85.0257,0.60013,120.047
2026-01-06T02:15:00Z,84.9858,0.59904,119.942
2026-01-06T02:16:00Z,85.0286,0.60038,120.017
2026-01-06T02:17:00Z,84.9947,0.59932,120.011
2026-01-06T02:18:00Z,85.0257,0.60056,120.032
2026-01-06T02:19:00Z,84.9915,0.6,119.987
2026-01-06T02:20:00Z,85.0151,0.60067,120.023
2026-01-06T02:21:00Z,84.9795,0.59949,119.968
2026-01-06T02:22:00Z,85.0223,0.60043,119.994
2026-01-06T02:23:00Z,84.9914,0.5995,119.972
2026-01-06T02:24:00Z,85.0123,0.60075,120.018
2026-01-06T02:25:00Z,84.999,0.59974,119.96
2026-01-06T02:26:00Z,85.0073,0.60031,120.017
2026-01-06T02:27:00Z,84.9767,0.59974,119.989
2026-01-06T02:28:00Z,85.007,0.60027,120.011
2026-01-06T02:29:00Z,84.975,0.59949,119.963
2026-01-06T02:30:00Z,85.0152,0.60056,120.018
2026-01-06T02:31:00Z,84.9753,0.59946,119.974
2026-01-06T02:32:00Z,84.9986,0.60058,120.036
2026-01-06T02:33:00Z,84.9939,0.59959,120.001
2026-01-06T02:34:00Z,85.0191,0.60066,120.02
2026-01-06T02:35:00Z,84.9918,0.59964,119.97
2026-01-06T02:36:00Z,85.0218,0.60013,120.016
2026-01-06T02:37:00Z,84.9882,0.59932,119.968
2026-01-06T02:38:00Z,85.0162,0.60043,120.004
2026-01-06T02:39:00Z,84.9929,0.60012,119.98
2026-01-06T02:40:00Z,85.0041,0.60024,120.033
2026-01-06T02:41:00Z,84.9768,0.59993,119.97
2026-01-06T02:42:00Z,85.0142,0.60051,120.041
2026-01-06T02:43:00Z,84.9912,0.59981,119.961
2026-01-06T02:44:00Z,85.015,0.60023,120.03
2026-01-06T02:45:00Z,84.9911,0.5992,119.983
2026-01-06T02:46:00Z,85.0174,0.60059,120.038
2026-01-06T02:47:00Z,84.9926,0.59977,119.989
2026-01-06T02:48:00Z,85.0234,0.60039,120.039
2026-01-06T02:49:00Z,84.9927,0.59941,119.963
2026-01-06T02:50:00Z,85.0267,0.60014,120.045
2026-01-06T02:51:00Z,84.9691,0.59947,119.96
2026-01-06T02:52:00Z,85.0273,0.60042,120.035
2026-01-06T02:53:00Z,84.9817,0.59924,119.956
2026-01-06T02:54:00Z,85.0225,0.60046,120.02
2026-01-06T02:55:00Z,84.985,0.59992,119.964
2026-01-06T02:56:00Z,85.0162,0.60045,120.026
2026-01-06T02:57:00Z,84.9823,0.59923,119.97
2026-01-06T02:58:00Z,85.027,0.60022,120.012
2026-01-06T02:59:00Z,84.9739,0.59935,119.939
2026-01-06T03:00:00Z,85.0249,0.60054,120.036
2026-01-06T03:01:00Z,84.9883,0.59919,119.968
2026-01-06T03:02:00Z,85.0027,0.60023,120.032
2026-01-06T03:03:00Z,84.9663,0.59952,119.965
2026-01-06T03:04:00Z,85.0083,0.60051,120.014
2026-01-06T03:05:00Z,84.9922,0.59944,119.964
2026-01-06T03:06:00Z,85.0204,0.60066,120.039
2026-01-06T03:07:00Z,84.988,0.59963,119.979
2026-01-06T03:08:00Z,85.0171,0.60058,120.015
2026-01-06T03:09:00Z,84.9914,0.59954,119.981
2026-01-06T03:10:00Z,85.0206,0.60034,120.028
2026-01-06T03:11:00Z,84.9831,0.5997,119.969
2026-01-06T03:12:00Z,85.0153,0.60032,120.054
2026-01-06T03:13:00Z,84.9856,0.59948,119.995
2026-01-06T03:14:00Z,85.0056,0.59999,120.032
2026-01-06T03:15:00Z,84.9916,0.59938,119.997
2026-01-06T03:16:00Z,84.9896,0.60064,120.004
2026-01-06T03:17:00Z,84.987,0.59963,119.97
2026-01-06T03:18:00Z,85.0121,0.60052,120.037
2026-01-06T03:19:00Z,84.9835,0.60005,119.983
2026-01-06T03:20:00Z,85.0072,0.60054,120.043
2026-01-06T03:21:00Z,84.983,0.59954,119.968
2026-01-06T03:22:00Z,85.0129,0.60065,120.045
2026-01-06T03:23:00Z,84.9955,0.59991,119.981
2026-01-06T03:24:00Z,85.0256,0.60013,120.028
2026-01-06T03:25:00Z,84.9847,0.59951,119.965
2026-01-06T03:26:00Z,85.0046,0.6002,120.048
2026-01-06T03:27:00Z,84.9706,0.59924,119.944
2026-01-06T03:28:00Z,85.0144,0.60053,120.017
2026-01-06T03:29:00Z,84.9917,0.59968,119.96
2026-01-06T03:30:00Z,85.0072,0.60037,120.041
2026-01-06T03:31:00Z,84.984,0.59941,119.972
2026-01-06T03:32:00Z,85.0229,0.60067,120.032
2026-01-06T03:33:00Z,84.9856,0.59956,119.97
2026-01-06T03:34:00Z,85.0149,0.60076,120.051
2026-01-06T03:35:00Z,84.9943,0.5995,119.972
2026-01-06T03:36:00Z,85.009,0.60054,120.051
2026-01-06T03:37:00Z,84.9755,0.59977,119.97
2026-01-06T03:38:00Z,85.0166,0.60026,120.042
2026-01-06T03:39:00Z,84.987,0.59974,119.95
2026-01-06T03:40:00Z,85.014,0.60019,120.042
2026-01-06T03:41:00Z,84.9762,0.6,119.971
2026-01-06T03:42:00Z,85.0104,0.60084,120.052
2026-01-06T03:43:00Z,84.9777,0.59965,119.975
2026-01-06T03:44:00Z,85.0258,0.60047,119.995
2026-01-06T03:45:00Z,84.9751,0.59996,119.966
2026-01-06T03:46:00Z,85.0156,0.60059,120.022
2026-01-06T03:47:00Z,84.9874,0.59973,119.952
2026-01-06T03:48:00Z,85.0222,0.60045,120.043
2026-01-06T03:49:00Z,84.98,0.59973,119.971
2026-01-06T03:50:00Z,84.9989,0.60064,120.05
2026-01-06T03:51:00Z,84.9753,0.59931,119.975
2026-01-06T03:52:00Z,85.0115,0.60041,120.015
2026-01-06T03:53:00Z,84.9859,0.59964,119.965
2026-01-06T03:54:00Z,85.0082,0.60063,120.023
2026-01-06T03:55:00Z,84.9843,0.59957,119.977
2026-01-06T03:56:00Z,85.0264,0.60042,120.04
2026-01-06T03:57:00Z,85.0059,0.59957,119.991
2026-01-06T03:58:00Z,85.0143,0.60039,120.045
2026-01-06T03:59:00Z,84.9842,0.59963,119.997
2026-01-06T04:00:00Z,85.0123,0.60052,120.038
2026-01-06T04:01:00Z,84.9764,0.60006,119.959
2026-01-06T04:02:00Z,85.0289,0.6003,120.02
2026-01-06T04:03:00Z,84.9779,0.59949,119.962
2026-01-06T04:04:00Z,85.0189,0.60041,120.019
2026-01-06T04:05:00Z,84.9788,0.59932,119.971
2026-01-06T04:06:00Z,85.0217,0.60037,120.056
2026-01-06T04:07:00Z,84.9884,0.59965,119.975
2026-01-06T04:08:00Z,85.0073,0.60035,120.006
2026-01-06T04:09:00Z,84.9911,0.59972,119.964
2026-01-06T04:10:00Z,85.0199,0.60015,120.034
2026-01-06T04:11:00Z,84.976,0.59952,119.99
2026-01-06T04:12:00Z,85.0216,0.60024,120.03
2026-01-06T04:13:00Z,84.9925,0.59958,119.965
2026-01-06T04:14:00Z,85.0189,0.60026,120.06
2026-01-06T04:15:00Z,84.9698,0.59952,119.959
2026-01-06T04:16:00Z,85.0171,0.60064,120.036
2026-01-06T04:17:00Z,84.9889,0.59953,119.961
2026-01-06T04:18:00Z,85.0195,0.6005,120.045
2026-01-06T04:19:00Z,84.9833,0.59969,119.978
2026-01-06T04:20:00Z,85.0022,0.60056,120.03
2026-01-06T04:21:00Z,84.9811,0.59968,119.977
2026-01-06T04:22:00Z,85.0098,0.6003,120.037
2026-01-06T04:23:00Z,84.9987,0.5995,119.97
2026-01-06T04:24:00Z,85.0135,0.60045,120.055
2026-01-06T04:25:00Z,84.9752,0.59947,119.964
2026-01-06T04:26:00Z,85.0188,0.60037,120.054
2026-01-06T04:27:00Z,84.9853,0.59911,119.96
2026-01-06T04:28:00Z,85.0152,0.60057,120.022
2026-01-06T04:29:00Z,84.9821,0.59966,119.97
2026-01-06T04:30:00Z,85.0206,0.60044,120.028
2026-01-06T04:31:00Z,84.9783,0.59959,119.987
2026-01-06T04:32:00Z,85.0138,0.60029,120.018
2026-01-06T04:33:00Z,84.9936,0.59978,119.956
2026-01-06T04:34:00Z,85.0185,0.60031,120.032
2026-01-06T04:35:00Z,84.9867,0.59954,119.974
2026-01-06T04:36:00Z,85.0191,0.60061,119.999
2026-01-06T04:37:00Z,84.9791,0.59963,119.954
2026-01-06T04:38:00Z,85.0066,0.6003,120.015
2026-01-06T04:39:00Z,84.9892,0.5995,119.973
2026-01-06T04:40:00Z,85.0395,0.60012,120.02
2026-01-06T04:41:00Z,84.9833,0.5997,119.989
2026-01-06T04:42:00Z,85.0029,0.60042,120.025
2026-01-06T04:43:00Z,84.9793,0.59951,120.006
2026-01-06T04:44:00Z,85.008,0.6003,120.005
2026-01-06T04:45:00Z,84.9874,0.59959,119.982
2026-01-06T04:46:00Z,85.0132,0.60043,120.041
2026-01-06T04:47:00Z,84.9825,0.5996,119.948
2026-01-06T04:48:00Z,85.0024,0.60037,120.036
2026-01-06T04:49:00Z,84.9818,0.59981,119.975
2026-01-06T04:50:00Z,85.0069,0.60035,120.039
2026-01-06T04:51:00Z,84.9899,0.59955,119.98
2026-01-06T04:52:00Z,85.0115,0.60028,120.028
2026-01-06T04:53:00Z,84.9757,0.59937,119.986
2026-01-06T04:54:00Z,85.0141,0.60004,120.041
2026-01-06T04:55:00Z,84.9908,0.59953,119.973
2026-01-06T04:56:00Z,85.0184,0.60017,119.993
2026-01-06T04:57:00Z,84.9838,0.59964,119.977
2026-01-06T04:58:00Z,85.0267,0.59977,120.027
2026-01-06T04:59:00Z,84.9781,0.59956,119.974
2026-01-06T05:00:00Z,85.0053,0.60046,119.996
2026-01-06T05:01:00Z,84.9904,0.59927,119.965
2026-01-06T05:02:00Z,85.0184,0.6007,120.014
2026-01-06T05:03:00Z,84.9872,0.59961,119.971
2026-01-06T05:04:00Z,85.0116,0.60029,120.032
2026-01-06T05:05:00Z,84.9743,0.59966,119.94
2026-01-06T05:06:00Z,85.01,0.6,120.014
2026-01-06T05:07:00Z,84.979,0.59988,119.964
2026-01-06T05:08:00Z,85.0242,0.60017,120.063
2026-01-06T05:09:00Z,84.9826,0.59953,119.951
2026-01-06T05:10:00Z,85.0284,0.60016,120.011
2026-01-06T05:11:00Z,84.9815,0.59973,119.966
2026-01-06T05:12:00Z,85.0094,0.60005,120.016
2026-01-06T05:13:00Z,84.9975,0.5994,119.974
2026-01-06T05:14:00Z,85.0286,0.60046,120.04
2026-01-06T05:15:00Z,84.9758,0.59925,119.96
2026-01-06T05:16:00Z,85.0155,0.60038,120.01
2026-01-06T05:17:00Z,84.9817,0.59949,119.969
2026-01-06T05:18:00Z,85.0122,0.60038,120.056
2026-01-06T05:19:00Z,84.9799,0.59951,119.957
2026-01-06T05:20:00Z,85.0148,0.60014,120.05
2026-01-06T05:21:00Z,84.9805,0.59932,119.988
2026-01-06T05:22:00Z,85.0155,0.6007,120.035
2026-01-06T05:23:00Z,84.9882,0.59956,119.971
2026-01-06T05:24:00Z,85.0138,0.60021,120.027
2026-01-06T05:25:00Z,84.9812,0.59959,119.993
2026-01-06T05:26:00Z,85.0104,0.60042,120.022
2026-01-06T05:27:00Z,84.9739,0.60016,119.96
2026-01-06T05:28:00Z,85.0172,0.60047,120.024
2026-01-06T05:29:00Z,84.9887,0.59955,119.968
2026-01-06T05:30:00Z,85.0172,0.60008,120.003
2026-01-06T05:31:00Z,84.9905,0.5999,120.006
2026-01-06T05:32:00Z,85.0152,0.60064,120.075
2026-01-06T05:33:00Z,84.9917,0.59996,119.996
2026-01-06T05:34:00Z,85.0127,0.60032,120.008
2026-01-06T05:35:00Z,84.9824,0.59978,119.982
2026-01-06T05:36:00Z,85.0172,0.60043,120.027
2026-01-06T05:37:00Z,84.9874,0.59937,119.957
2026-01-06T05:38:00Z,85.0221,0.60057,120.027
2026-01-06T05:39:00Z,84.9759,0.59974,119.981
2026-01-06T05:40:00Z,85.0109,0.6006,120.021
2026-01-06T05:41:00Z,84.9818,0.59985,119.972
2026-01-06T05:42:00Z,85.0211,0.60005,120.009
2026-01-06T05:43:00Z,84.992,0.59977,119.984
2026-01-06T05:44:00Z,85.0246,0.60031,120.028
2026-01-06T05:45:00Z,84.9944,0.59973,119.96
2026-01-06T05:46:00Z,85.0257,0.60016,120.018
2026-01-06T05:47:00Z,84.9764,0.59982,119.952
2026-01-06T05:48:00Z,85.013,0.60036,120.059
2026-01-06T05:49:00Z,84.9672,0.59973,119.965
2026-01-06T05:50:00Z,85.0179,0.60025,120.052
2026-01-06T05:51:00Z,84.9766,0.59976,119.996
2026-01-06T05:52:00Z,85.0209,0.6006,120.029
2026-01-06T05:53:00Z,84.9854,0.5993,119.956
2026-01-06T05:54:00Z,85.0163,0.60028,120.044
2026-01-06T05:55:00Z,84.9748,0.59964,119.959
2026-01-06T05:56:00Z,85.0129,0.60036,120.029
2026-01-06T05:57:00Z,84.9968,0.59948,119.963
2026-01-06T05:58:00Z,85.0163,0.60042,120.027
2026-01-06T05:59:00Z,84.9725,0.59973,119.962
2026-01-06T06:00:00Z,85.0278,0.60011,120.021
2026-01-06T06:01:00Z,84.9888,0.59951,119.966
2026-01-06T06:02:00Z,85.0169,0.60029,120.043
2026-01-06T06:03:00Z,84.9808,0.59943,119.975
2026-01-06T06:04:00Z,85.0089,0.60032,120.028
2026-01-06T06:05:00Z,84.9823,0.5997,119.987
2026-01-06T06:06:00Z,85.0027,0.60048,120.035
2026-01-06T06:07:00Z,84.9832,0.59949,119.989
2026-01-06T06:08:00Z,85.0106,0.60048,120.036
2026-01-06T06:09:00Z,84.97,0.59936,119.979
2026-01-06T06:10:00Z,85.0125,0.60036,120.018
2026-01-06T06:11:00Z,84.9797,0.59956,119.968
2026-01-06T06:12:00Z,85.017,0.60034,120.049
2026-01-06T06:13:00Z,84.9801,0.59925,119.954
2026-01-06T06:14:00Z,85.0161,0.60069,120.015
2026-01-06T06:15:00Z,84.976,0.59963,119.961
2026-01-06T06:16:00Z,85.0104,0.5998,120.037
2026-01-06T06:17:00Z,84.9797,0.59971,119.969
2026-01-06T06:18:00Z,85.0337,0.60021,120.04
2026-01-06T06:19:00Z,84.9953,0.59953,119.954
2026-01-06T06:20:00Z,85.0059,0.59993,120.044
2026-01-06T06:21:00Z,84.9852,0.59947,119.953
2026-01-06T06:22:00Z,85.0141,0.60056,120.022
2026-01-06T06:23:00Z,84.9812,0.59952,119.957
2026-01-06T06:24:00Z,85.0259,0.60044,120.039
2026-01-06T06:25:00Z,84.9745,0.59976,119.978
2026-01-06T06:26:00Z,85.0047,0.60056,120.02
2026-01-06T06:27:00Z,84.9829,0.5998,119.947
2026-01-06T06:28:00Z,85.0121,0.60023,120.037
2026-01-06T06:29:00Z,84.9844,0.60001,119.98
2026-01-06T06:30:00Z,85.0164,0.60037,120.014
2026-01-06T06:31:00Z,84.9954,0.59969,119.958
2026-01-06T06:32:00Z,85.0135,0.60022,120.023
2026-01-06T06:33:00Z,84.9788,0.5994,119.941
2026-01-06T06:34:00Z,85.0085,0.60008,120.032
2026-01-06T06:35:00Z,84.9794,0.59981,119.98
2026-01-06T06:36:00Z,85.0028,0.60035,120.025
2026-01-06T06:37:00Z,84.9845,0.59973,120.0
2026-01-06T06:38:00Z,85.0147,0.6003,120.024
2026-01-06T06:39:00Z,84.9891,0.59954,119.974
2026-01-06T06:40:00Z,85.015,0.60062,120.026
2026-01-06T06:41:00Z,84.9924,0.59969,119.949
2026-01-06T06:42:00Z,85.0179,0.60088,120.033
2026-01-06T06:43:00Z,84.9785,0.59921,119.987
2026-01-06T06:44:00Z,85.0237,0.60046,120.049
2026-01-06T06:45:00Z,84.9826,0.59963,119.981
2026-01-06T06:46:00Z,85.0056,0.60052,120.002
2026-01-06T06:47:00Z,84.981,0.59975,119.971
2026-01-06T06:48:00Z,85.0258,0.60036,120.003
2026-01-06T06:49:00Z,84.9881,0.59991,119.973
2026-01-06T06:50:00Z,85.014,0.60023,120.046
2026-01-06T06:51:00Z,84.9868,0.59967,119.939
2026-01-06T06:52:00Z,85.0234,0.60053,120.027
2026-01-06T06:53:00Z,84.9836,0.59967,119.979
2026-01-06T06:54:00Z,85.0122,0.60037,120.01
2026-01-06T06:55:00Z,84.9789,0.59946,119.964
2026-01-06T06:56:00Z,85.0275,0.60037,120.019
2026-01-06T06:57:00Z,84.9791,0.59963,119.989
2026-01-06T06:58:00Z,85.021,0.6003,120.044
2026-01-06T06:59:00Z,84.9898,0.59935,119.98
2026-01-06T07:00:00Z,85.0099,0.60048,120.024
2026-01-06T07:01:00Z,84.9824,0.5994,119.94
2026-01-06T07:02:00Z,85.026,0.60062,120.025
2026-01-06T07:03:00Z,84.9758,0.59963,119.964
2026-01-06T07:04:00Z,85.0047,0.60027,120.008
2026-01-06T07:05:00Z,84.9889,0.59992,119.977
2026-01-06T07:06:00Z,85.0187,0.60102,120.036
2026-01-06T07:07:00Z,85.0058,0.59982,119.993
2026-01-06T07:08:00Z,85.0178,0.60017,120.036
2026-01-06T07:09:00Z,84.9871,0.59978,119.962
2026-01-06T07:10:00Z,85.0062,0.6006,120.015
2026-01-06T07:11:00Z,84.9716,0.59923,119.977
2026-01-06T07:12:00Z,85.0113,0.60062,120.012
2026-01-06T07:13:00Z,84.9848,0.59951,119.986
2026-01-06T07:14:00Z,85.0278,0.60041,120.022
2026-01-06T07:15:00Z,84.9841,0.59936,119.963
2026-01-06T07:16:00Z,85.0177,0.60048,120.025
2026-01-06T07:17:00Z,84.9768,0.59964,119.982
2026-01-06T07:18:00Z,85.0075,0.60067,120.025
2026-01-06T07:19:00Z,84.9833,0.60005,119.968
2026-01-06T07:20:00Z,85.0258,0.60008,120.027
2026-01-06T07:21:00Z,84.9807,0.5997,119.98
2026-01-06T07:22:00Z,85.0169,0.60062,120.044
2026-01-06T07:23:00Z,84.9936,0.59932,119.976
2026-01-06T07:24:00Z,85.0039,0.60032,120.048
2026-01-06T07:25:00Z,84.9866,0.59965,119.979
2026-01-06T07:26:00Z,85.012,0.60026,120.002
2026-01-06T07:27:00Z,84.9718,0.60003,119.956
2026-01-06T07:28:00Z,85.0202,0.60054,120.017
2026-01-06T07:29:00Z,84.9756,0.59956,119.977
2026-01-06T07:30:00Z,85.017,0.60038,120.011
2026-01-06T07:31:00Z,84.9731,0.59978,119.941
2026-01-06T07:32:00Z,85.011,0.60032,120.067
2026-01-06T07:33:00Z,84.9924,0.59943,119.984
2026-01-06T07:34:00Z,85.0115,0.60063,120.039
2026-01-06T07:35:00Z,84.9876,0.59987,119.975
2026-01-06T07:36:00Z,85.0183,0.60062,120.053
2026-01-06T07:37:00Z,84.9826,0.59961,119.993
2026-01-06T07:38:00Z,85.0146,0.60033,120.053
2026-01-06T07:39:00Z,84.9738,0.59969,119.976
2026-01-06T07:40:00Z,85.0138,0.6004,120.074
2026-01-06T07:41:00Z,84.9794,0.59965,119.967
2026-01-06T07:42:00Z,85.0031,0.6005,120.039
2026-01-06T07:43:00Z,85.0012,0.59955,119.975
2026-01-06T07:44:00Z,85.0189,0.60036,120.031
2026-01-06T07:45:00Z,84.9899,0.59981,119.975
2026-01-06T07:46:00Z,85.005,0.60027,120.035
2026-01-06T07:47:00Z,84.9776,0.59962,119.962
2026-01-06T07:48:00Z,85.0309,0.60063,120.043
2026-01-06T07:49:00Z,84.9766,0.59978,119.98
2026-01-06T07:50:00Z,85.0208,0.60042,120.024
2026-01-06T07:51:00Z,84.9921,0.59967,119.964
2026-01-06T07:52:00Z,85.0124,0.60063,120.058
2026-01-06T07:53:00Z,84.9676,0.59932,119.984
2026-01-06T07:54:00Z,85.0173,0.60074,120.026
2026-01-06T07:55:00Z,84.9808,0.59953,119.971
2026-01-06T07:56:00Z,85.0136,0.60024,120.009
2026-01-06T07:57:00Z,84.9766,0.5996,119.963
2026-01-06T07:58:00Z,85.0058,0.6002,120.037
2026-01-06T07:59:00Z,84.9908,0.60001,119.956
2026-01-06T08:00:00Z,85.015,0.60014,120.002
2026-01-06T08:01:00Z,84.9841,0.6,119.979
2026-01-06T08:02:00Z,85.0166,0.60028,120.021
2026-01-06T08:03:00Z,84.9876,0.59992,119.98
2026-01-06T08:04:00Z,85.021,0.60014,120.023
2026-01-06T08:05:00Z,84.9831,0.59959,119.965
2026-01-06T08:06:00Z,85.0116,0.60019,120.025
2026-01-06T08:07:00Z,84.9763,0.59957,119.968
2026-01-06T08:08:00Z,85.0327,0.60027,120.055
2026-01-06T08:09:00Z,84.9819,0.59951,119.973
2026-01-06T08:10:00Z,85.0105,0.60052,120.037
2026-01-06T08:11:00Z,84.9909,0.59947,119.965
2026-01-06T08:12:00Z,85.0091,0.60086,120.063
2026-01-06T08:13:00Z,84.9925,0.59989,119.952
2026-01-06T08:14:00Z,85.0154,0.60062,120.031
2026-01-06T08:15:00Z,84.969,0.59999,119.95
2026-01-06T08:16:00Z,85.0178,0.60059,120.049
2026-01-06T08:17:00Z,84.9713,0.59968,119.966
2026-01-06T08:18:00Z,85.0108,0.60043,120.05
2026-01-06T08:19:00Z,84.9878,0.59979,119.942
2026-01-06T08:20:00Z,85.0018,0.60059,120.042
2026-01-06T08:21:00Z,85.0012,0.5993,119.989
2026-01-06T08:22:00Z,85.0147,0.60021,120.046
2026-01-06T08:23:00Z,84.9827,0.59935,119.972
2026-01-06T08:24:00Z,85.008,0.60043,120.039
2026-01-06T08:25:00Z,84.9884,0.59937,119.946
2026-01-06T08:26:00Z,85.0332,0.60057,120.021
2026-01-06T08:27:00Z,84.9777,0.59959,119.996
2026-01-06T08:28:00Z,85.0088,0.60032,120.027
2026-01-06T08:29:00Z,84.9854,0.59906,119.968
2026-01-06T08:30:00Z,85.0102,0.60033,120.034
2026-01-06T08:31:00Z,84.9877,0.59987,119.987
2026-01-06T08:32:00Z,85.0118,0.60078,120.036
2026-01-06T08:33:00Z,84.9851,0.59975,119.962
2026-01-06T08:34:00Z,85.023,0.59996,120.044
2026-01-06T08:35:00Z,84.9904,0.60021,119.973
2026-01-06T08:36:00Z,85.0193,0.60042,120.025
2026-01-06T08:37:00Z,84.9888,0.59922,119.968
2026-01-06T08:38:00Z,85.0099,0.60028,120.025
2026-01-06T08:39:00Z,84.9825,0.59939,119.967
2026-01-06T08:40:00Z,85.0115,0.60051,120.02
2026-01-06T08:41:00Z,84.9793,0.59997,119.956
2026-01-06T08:42:00Z,85.021,0.60028,120.034
2026-01-06T08:43:00Z,84.9752,0.59994,119.959
2026-01-06T08:44:00Z,85.0159,0.60045,119.996
2026-01-06T08:45:00Z,84.9826,0.59967,119.977
2026-01-06T08:46:00Z,85.0332,0.60024,120.026
2026-01-06T08:47:00Z,84.988,0.59935,119.967
2026-01-06T08:48:00Z,85.0098,0.60029,120.018
2026-01-06T08:49:00Z,84.9869,0.59996,119.953
2026-01-06T08:50:00Z,85.0178,0.60029,120.048
2026-01-06T08:51:00Z,84.9872,0.59987,120.009
2026-01-06T08:52:00Z,85.0164,0.60036,120.027
2026-01-06T08:53:00Z,84.9952,0.59986,119.99
2026-01-06T08:54:00Z,85.0053,0.60091,120.029
2026-01-06T08:55:00Z,84.9945,0.59956,119.946
2026-01-06T08:56:00Z,85.0074,0.60018,120.05
2026-01-06T08:57:00Z,84.9823,0.59953,119.98
2026-01-06T08:58:00Z,85.0266,0.60081,120.019
2026-01-06T08:59:00Z,84.9793,0.59949,119.971
2026-01-06T09:00:00Z,85.0252,0.60015,120.045
2026-01-06T09:01:00Z,84.9775,0.59963,119.971
2026-01-06T09:02:00Z,85.0273,0.60058,120.04
2026-01-06T09:03:00Z,84.9914,0.59966,119.983
2026-01-06T09:04:00Z,85.0052,0.60055,120.012
2026-01-06T09:05:00Z,84.9923,0.59974,119.972
2026-01-06T09:06:00Z,85.0259,0.60037,120.043
2026-01-06T09:07:00Z,84.9881,0.59964,119.985
2026-01-06T09:08:00Z,85.0158,0.60049,120.03
2026-01-06T09:09:00Z,84.9796,0.59956,119.991
2026-01-06T09:10:00Z,85.0094,0.60047,120.018
2026-01-06T09:11:00Z,84.9771,0.59987,119.96
2026-01-06T09:12:00Z,85.0199,0.6003,120.048
2026-01-06T09:13:00Z,84.994,0.59968,119.978
2026-01-06T09:14:00Z,85.0219,0.60027,120.047
2026-01-06T09:15:00Z,84.9874,0.59931,119.973
2026-01-06T09:16:00Z,85.0269,0.60046,120.034
2026-01-06T09:17:00Z,84.9863,0.59984,119.966
2026-01-06T09:18:00Z,85.0138,0.60067,120.03
2026-01-06T09:19:00Z,84.9891,0.59953,119.968
2026-01-06T09:20:00Z,85.0206,0.60048,120.042
2026-01-06T09:21:00Z,84.9998,0.59982,119.947
2026-01-06T09:22:00Z,85.0099,0.60044,120.002
2026-01-06T09:23:00Z,84.9865,0.59963,119.995
2026-01-06T09:24:00Z,85.0183,0.60018,120.038
2026-01-06T09:25:00Z,84.9872,0.59988,119.976
2026-01-06T09:26:00Z,85.0234,0.60061,120.034
2026-01-06T09:27:00Z,84.9909,0.59981,119.97
2026-01-06T09:28:00Z,85.0234,0.60039,120.027
2026-01-06T09:29:00Z,84.9796,0.59938,119.968
2026-01-06T09:30:00Z,85.022,0.60081,120.01
2026-01-06T09:31:00Z,84.9739,0.59984,119.947
2026-01-06T09:32:00Z,85.0133,0.60044,120.042
2026-01-06T09:33:00Z,84.9876,0.59996,119.986
2026-01-06T09:34:00Z,85.0131,0.60053,120.031
2026-01-06T09:35:00Z,84.9814,0.59981,119.967
2026-01-06T09:36:00Z,85.0154,0.60081,120.042
2026-01-06T09:37:00Z,84.9706,0.59985,119.983
2026-01-06T09:38:00Z,85.0195,0.60034,120.009
2026-01-06T09:39:00Z,84.9735,0.59945,119.946
2026-01-06T09:40:00Z,85.0212,0.6002,120.039
2026-01-06T09:41:00Z,84.9846,0.59946,119.947
2026-01-06T09:42:00Z,85.0163,0.60042,120.018
2026-01-06T09:43:00Z,84.9843,0.59972,119.976
2026-01-06T09:44:00Z,85.018,0.60035,120.026
2026-01-06T09:45:00Z,84.9852,0.59967,119.95
2026-01-06T09:46:00Z,85.0191,0.60046,120.009
2026-01-06T09:47:00Z,84.9812,0.59973,119.987
2026-01-06T09:48:00Z,85.0369,0.60056,120.025
2026-01-06T09:49:00Z,84.9838,0.59951,119.962
2026-01-06T09:50:00Z,85.014,0.60015,120.042
2026-01-06T09:51:00Z,84.9762,0.59971,119.926
2026-01-06T09:52:00Z,85.0036,0.6003,120.02
2026-01-06T09:53:00Z,84.9845,0.59939,119.948
2026-01-06T09:54:00Z,85.0128,0.59997,120.039
2026-01-06T09:55:00Z,84.9874,0.59935,119.956
2026-01-06T09:56:00Z,85.0254,0.60047,120.018
2026-01-06T09:57:00Z,84.9819,0.59988,119.95
2026-01-06T09:58:00Z,85.0281,0.60043,120.028
2026-01-06T09:59:00Z,84.9727,0.59971,119.949
2026-01-06T10:00:00Z,84.995,0.60055,120.014
2026-01-06T10:01:00Z,84.9792,0.59953,119.955
2026-01-06T10:02:00Z,85.0055,0.60056,120.063
2026-01-06T10:03:00Z,84.9769,0.59959,119.96
2026-01-06T10:04:00Z,85.0061,0.60021,120.005
2026-01-06T10:05:00Z,84.9831,0.59973,119.966
2026-01-06T10:06:00Z,85.011,0.60036,120.048
2026-01-06T10:07:00Z,84.9762,0.59942,119.972
2026-01-06T10:08:00Z,85.0031,0.59998,120.034
2026-01-06T10:09:00Z,84.985,0.59949,119.963
2026-01-06T10:10:00Z,85.0132,0.60018,120.028
2026-01-06T10:11:00Z,84.9814,0.59948,119.957
2026-01-06T10:12:00Z,84.998,0.60057,120.023
2026-01-06T10:13:00Z,84.9869,0.59952,119.944
2026-01-06T10:14:00Z,85.0202,0.60055,120.026
2026-01-06T10:15:00Z,84.9786,0.5999,119.962
2026-01-06T10:16:00Z,85.01,0.60027,120.037
2026-01-06T10:17:00Z,84.9824,0.59976,119.971
2026-01-06T10:18:00Z,85.0306,0.60102,120.027
2026-01-06T10:19:00Z,84.9938,0.59953,119.961
2026-01-06T10:20:00Z,85.0089,0.60058,120.03
2026-01-06T10:21:00Z,84.988,0.5999,119.969
2026-01-06T10:22:00Z,85.0337,0.6002,120.024
2026-01-06T10:23:00Z,84.9774,0.59991,119.989
2026-01-06T10:24:00Z,85.0115,0.60042,120.009
2026-01-06T10:25:00Z,84.9965,0.59941,119.986
2026-01-06T10:26:00Z,85.0118,0.60036,120.058
2026-01-06T10:27:00Z,84.993,0.59968,119.978
2026-01-06T10:28:00Z,85.01,0.60031,120.033
2026-01-06T10:29:00Z,84.988,0.59957,119.968
2026-01-06T10:30:00Z,85.0129,0.60034,120.018
2026-01-06T10:31:00Z,84.9925,0.5997,119.963
2026-01-06T10:32:00Z,85.0167,0.60061,120.04
2026-01-06T10:33:00Z,84.9937,0.59991,119.977
2026-01-06T10:34:00Z,85.0215,0.60035,120.04
2026-01-06T10:35:00Z,84.9835,0.59957,119.991
2026-01-06T10:36:00Z,85.0107,0.5999,120.036
2026-01-06T10:37:00Z,84.9998,0.59976,119.972
2026-01-06T10:38:00Z,85.0124,0.60022,120.01
2026-01-06T10:39:00Z,84.9728,0.59972,120.003
2026-01-06T10:40:00Z,85.0073,0.60018,120.045
2026-01-06T10:41:00Z,84.9857,0.59974,119.955
2026-01-06T10:42:00Z,85.0138,0.60041,120.021
2026-01-06T10:43:00Z,84.9808,0.59977,119.957
2026-01-06T10:44:00Z,85.0235,0.6005,120.029
2026-01-06T10:45:00Z,84.9965,0.59965,119.98
2026-01-06T10:46:00Z,85.0114,0.6001,120.037
2026-01-06T10:47:00Z,84.9776,0.59957,119.962
2026-01-06T10:48:00Z,85.0228,0.60063,120.011
2026-01-06T10:49:00Z,84.999,0.59936,119.979
2026-01-06T10:50:00Z,85.02,0.60037,120.025
2026-01-06T10:51:00Z,84.9912,0.59967,119.953
2026-01-06T10:52:00Z,85.0183,0.60044,120.019
2026-01-06T10:53:00Z,84.974,0.59944,119.974
2026-01-06T10:54:00Z,85.013,0.60012,120.055
2026-01-06T10:55:00Z,84.9804,0.59967,119.965
2026-01-06T10:56:00Z,85.0185,0.6003,120.035
2026-01-06T10:57:00Z,84.9886,0.59942,119.968
2026-01-06T10:58:00Z,85.0116,0.60063,120.031
2026-01-06T10:59:00Z,84.977,0.59963,119.986
2026-01-06T11:00:00Z,85.0287,0.60053,120.014
2026-01-06T11:01:00Z,84.9826,0.59965,119.978
2026-01-06T11:02:00Z,85.017,0.60055,120.025
2026-01-06T11:03:00Z,84.9802,0.59936,119.983
2026-01-06T11:04:00Z,85.0173,0.60089,120.043
2026-01-06T11:05:00Z,84.9906,0.59946,119.968
2026-01-06T11:06:00Z,85.0197,0.60054,120.019
2026-01-06T11:07:00Z,84.979,0.59971,119.97
2026-01-06T11:08:00Z,85.0164,0.60026,120.032
2026-01-06T11:09:00Z,84.9738,0.59936,119.995
2026-01-06T11:10:00Z,85.0198,0.60045,120.035
2026-01-06T11:11:00Z,84.9836,0.59959,119.972
2026-01-06T11:12:00Z,85.0093,0.60041,120.051
2026-01-06T11:13:00Z,84.9821,0.60027,119.952
2026-01-06T11:14:00Z,85.0043,0.60052,120.035
2026-01-06T11:15:00Z,84.9793,0.59939,119.961
2026-01-06T11:16:00Z,85.0183,0.60008,120.058
2026-01-06T11:17:00Z,84.9848,0.59956,119.973
2026-01-06T11:18:00Z,85.0207,0.60021,120.027
2026-01-06T11:19:00Z,84.9957,0.5997,119.973
2026-01-06T11:20:00Z,85.0173,0.60043,120.033
2026-01-06T11:21:00Z,84.9869,0.59972,119.962
2026-01-06T11:22:00Z,85.0224,0.6006,120.035
2026-01-06T11:23:00Z,84.9844,0.59925,119.943
2026-01-06T11:24:00Z,85.0267,0.6004,120.023
2026-01-06T11:25:00Z,84.9897,0.59958,119.935
2026-01-06T11:26:00Z,85.015,0.60003,120.021
2026-01-06T11:27:00Z,84.9801,0.59988,119.96
2026-01-06T11:28:00Z,85.018,0.60049,120.057
2026-01-06T11:29:00Z,84.9833,0.59982,119.961
2026-01-06T11:30:00Z,85.0193,0.60059,120.05
2026-01-06T11:31:00Z,84.9769,0.59954,119.974
2026-01-06T11:32:00Z,84.999,0.60016,120.046
2026-01-06T11:33:00Z,84.9854,0.5998,119.979
2026-01-06T11:34:00Z,85.02,0.60028,120.039
2026-01-06T11:35:00Z,84.9881,0.59945,119.961
2026-01-06T11:36:00Z,85.0209,0.60047,120.047
2026-01-06T11:37:00Z,84.9886,0.6,119.978
2026-01-06T11:38:00Z,85.0109,0.60021,120.033
2026-01-06T11:39:00Z,84.9885,0.59976,119.975
2026-01-06T11:40:00Z,85.0013,0.60037,120.024
2026-01-06T11:41:00Z,84.9914,0.59997,119.929
2026-01-06T11:42:00Z,85.0152,0.60043,120.046
2026-01-06T11:43:00Z,84.9854,0.59973,119.961
2026-01-06T11:44:00Z,85.0225,0.60017,120.006
2026-01-06T11:45:00Z,84.9791,0.5993,119.976
2026-01-06T11:46:00Z,85.0128,0.60066,120.038
2026-01-06T11:47:00Z,84.9782,0.59985,119.982
2026-01-06T11:48:00Z,85.0166,0.60066,120.018
2026-01-06T11:49:00Z,84.9931,0.59975,119.973
2026-01-06T11:50:00Z,85.0333,0.60063,120.006
2026-01-06T11:51:00Z,84.997,0.59941,119.974
2026-01-06T11:52:00Z,85.012,0.60058,120.037
2026-01-06T11:53:00Z,84.9794,0.5992,119.982
2026-01-06T11:54:00Z,85.0219,0.60035,120.036
2026-01-06T11:55:00Z,84.9836,0.59966,119.976
2026-01-06T11:56:00Z,85.0081,0.60075,120.024
2026-01-06T11:57:00Z,84.9783,0.59958,119.985
2026-01-06T11:58:00Z,85.0156,0.60043,120.04
2026-01-06T11:59:00Z,84.9667,0.5996,119.978
2026-01-06T12:00:00Z,85.0044,0.60052,120.025
2026-01-06T12:01:00Z,84.9859,0.59959,119.989
2026-01-06T12:02:00Z,85.0326,0.5999,120.019
2026-01-06T12:03:00Z,84.9869,0.5996,119.979
2026-01-06T12:04:00Z,85.0241,0.60034,120.011
2026-01-06T12:05:00Z,84.9809,0.59934,119.972
2026-01-06T12:06:00Z,85.0256,0.60059,120.038
2026-01-06T12:07:00Z,84.9842,0.59957,119.979
2026-01-06T12:08:00Z,85.0292,0.60052,120.021
2026-01-06T12:09:00Z,84.9746,0.59948,119.963
2026-01-06T12:10:00Z,85.018,0.60058,120.044
2026-01-06T12:11:00Z,84.9831,0.59949,119.978
2026-01-06T12:12:00Z,85.0257,0.60025,120.038
2026-01-06T12:13:00Z,84.9865,0.59934,119.938
2026-01-06T12:14:00Z,85.0274,0.60081,120.027
2026-01-06T12:15:00Z,84.9752,0.59973,119.984
2026-01-06T12:16:00Z,85.0071,0.60037,120.018
2026-01-06T12:17:00Z,84.9805,0.59964,119.952
2026-01-06T12:18:00Z,85.0344,0.60027,120.027
2026-01-06T12:19:00Z,84.9844,0.59929,119.991
2026-01-06T12:20:00Z,85.0066,0.60086,120.042
2026-01-06T12:21:00Z,84.9833,0.59987,119.977
2026-01-06T12:22:00Z,85.0158,0.60061,120.036
2026-01-06T12:23:00Z,84.9752,0.5996,119.981
2026-01-06T12:24:00Z,85.0177,0.60053,119.999
2026-01-06T12:25:00Z,84.9893,0.59949,119.966
2026-01-06T12:26:00Z,85.0187,0.60015,120.047
2026-01-06T12:27:00Z,84.98,0.59936,119.961
2026-01-06T12:28:00Z,85.0201,0.60034,120.011
2026-01-06T12:29:00Z,84.978,0.59999,119.962
2026-01-06T12:30:00Z,85.013,0.60063,120.0
2026-01-06T12:31:00Z,84.9891,0.59948,119.957
2026-01-06T12:32:00Z,85.0106,0.60027,120.023
2026-01-06T12:33:00Z,84.9824,0.59978,119.96
2026-01-06T12:34:00Z,85.0158,0.60062,120.01
2026-01-06T12:35:00Z,84.9798,0.5997,119.958
2026-01-06T12:36:00Z,85.0266,0.60037,120.032
2026-01-06T12:37:00Z,84.9827,0.59913,119.964
2026-01-06T12:38:00Z,85.0172,0.60025,120.054
2026-01-06T12:39:00Z,84.989,0.5996,119.974
2026-01-06T12:40:00Z,85.0136,0.60031,120.024
2026-01-06T12:41:00Z,84.9708,0.59968,119.973
2026-01-06T12:42:00Z,85.0188,0.60036,120.021
2026-01-06T12:43:00Z,84.9821,0.59984,119.946
2026-01-06T12:44:00Z,85.0013,0.60008,120.029
2026-01-06T12:45:00Z,84.9831,0.5996,119.979
2026-01-06T12:46:00Z,85.0094,0.60016,120.042
2026-01-06T12:47:00Z,84.9906,0.59939,119.985
2026-01-06T12:48:00Z,84.9991,0.60044,120.027
2026-01-06T12:49:00Z,84.9963,0.59967,119.975
2026-01-06T12:50:00Z,85.0003,0.60011,120.014
2026-01-06T12:51:00Z,84.9827,0.59934,119.997
2026-01-06T12:52:00Z,85.021,0.60039,120.028
2026-01-06T12:53:00Z,84.9958,0.5996,119.97
2026-01-06T12:54:00Z,85.0072,0.60024,120.021
2026-01-06T12:55:00Z,84.9612,0.59945,119.956
2026-01-06T12:56:00Z,85.0167,0.6005,120.04
2026-01-06T12:57:00Z,84.9817,0.5993,119.976
2026-01-06T12:58:00Z,85.0171,0.60042,120.023
2026-01-06T12:59:00Z,84.9925,0.59983,119.963
2026-01-06T13:00:00Z,85.0264,0.60037,120.033
2026-01-06T13:01:00Z,84.984,0.59955,119.961
2026-01-06T13:02:00Z,85.0128,0.60029,120.015
2026-01-06T13:03:00Z,84.9827,0.5996,120.01
2026-01-06T13:04:00Z,85.03,0.60051,120.033
2026-01-06T13:05:00Z,84.9721,0.60006,119.973
2026-01-06T13:06:00Z,84.9981,0.60023,120.027
2026-01-06T13:07:00Z,84.9939,0.59988,119.986
2026-01-06T13:08:00Z,85.0175,0.60036,120.01
2026-01-06T13:09:00Z,84.9913,0.5993,119.984
2026-01-06T13:10:00Z,85.0116,0.60033,120.029
2026-01-06T13:11:00Z,84.9869,0.59983,119.958
2026-01-06T13:12:00Z,85.0051,0.60058,120.048
2026-01-06T13:13:00Z,84.9825,0.59955,119.994
2026-01-06T13:14:00Z,85.0146,0.60057,120.016
2026-01-06T13:15:00Z,84.9774,0.59952,119.968
2026-01-06T13:16:00Z,85.014,0.60028,120.013
2026-01-06T13:17:00Z,84.9654,0.60001,119.953
2026-01-06T13:18:00Z,85.0147,0.60047,120.027
2026-01-06T13:19:00Z,84.9714,0.59976,119.987
2026-01-06T13:20:00Z,85.0042,0.60049,120.025
2026-01-06T13:21:00Z,84.9873,0.59974,119.954
2026-01-06T13:22:00Z,84.9968,0.6002,120.013
2026-01-06T13:23:00Z,84.9732,0.59961,119.946
2026-01-06T13:24:00Z,85.0266,0.60085,120.038
2026-01-06T13:25:00Z,84.9842,0.59956,119.976
2026-01-06T13:26:00Z,85.0202,0.60035,119.998
2026-01-06T13:27:00Z,84.9852,0.59993,119.945
2026-01-06T13:28:00Z,85.0184,0.60056,120.037
2026-01-06T13:29:00Z,84.9877,0.59934,119.966
2026-01-06T13:30:00Z,85.0058,0.60069,120.043
2026-01-06T13:31:00Z,84.9809,0.59968,119.955
2026-01-06T13:32:00Z,85.0165,0.60042,120.026
2026-01-06T13:33:00Z,85.0013,0.59954,119.97
2026-01-06T13:34:00Z,85.0132,0.60078,120.06
2026-01-06T13:35:00Z,84.9856,0.59952,119.968
2026-01-06T13:36:00Z,85.0292,0.60028,120.031
2026-01-06T13:37:00Z,84.988,0.59968,119.961
2026-01-06T13:38:00Z,85.0047,0.60061,120.025
2026-01-06T13:39:00Z,84.9669,0.60005,119.964
2026-01-06T13:40:00Z,85.0252,0.60051,120.009
2026-01-06T13:41:00Z,84.9798,0.59953,119.975
2026-01-06T13:42:00Z,85.0242,0.60033,120.047
2026-01-06T13:43:00Z,84.9945,0.59935,119.954
2026-01-06T13:44:00Z,85.0123,0.60024,120.019
2026-01-06T13:45:00Z,84.9812,0.59933,119.952
2026-01-06T13:46:00Z,85.0252,0.60055,120.022
2026-01-06T13:47:00Z,84.9863,0.59962,119.977
2026-01-06T13:48:00Z,84.9998,0.60043,120.014
2026-01-06T13:49:00Z,84.9739,0.59959,119.947
2026-01-06T13:50:00Z,85.0122,0.60026,120.013
2026-01-06T13:51:00Z,84.9845,0.59927,119.97
2026-01-06T13:52:00Z,85.0155,0.6004,120.032
2026-01-06T13:53:00Z,84.9904,0.59967,119.957
2026-01-06T13:54:00Z,85.0141,0.60021,120.039
2026-01-06T13:55:00Z,84.9748,0.59971,119.965
2026-01-06T13:56:00Z,85.0229,0.6003,120.018
2026-01-06T13:57:00Z,84.9847,0.59955,119.952
2026-01-06T13:58:00Z,85.0148,0.60026,120.014
2026-01-06T13:59:00Z,84.9942,0.59967,119.962
2026-01-06T14:00:00Z,85.0201,0.60038,120.061
2026-01-06T14:01:00Z,84.9856,0.59965,119.988
2026-01-06T14:02:00Z,85.0142,0.60052,120.035
2026-01-06T14:03:00Z,84.9898,0.59965,119.963
2026-01-06T14:04:00Z,85.01,0.60014,120.039
2026-01-06T14:05:00Z,84.9842,0.5994,119.985
2026-01-06T14:06:00Z,85.0206,0.60048,120.032
2026-01-06T14:07:00Z,84.9955,0.59958,119.97
2026-01-06T14:08:00Z,85.0172,0.60065,120.017
2026-01-06T14:09:00Z,84.9752,0.59988,119.959
2026-01-06T14:10:00Z,85.0153,0.60027,120.038
2026-01-06T14:11:00Z,84.9808,0.5996,119.982
2026-01-06T14:12:00Z,85.0283,0.6003,120.067
2026-01-06T14:13:00Z,84.984,0.59943,119.962
2026-01-06T14:14:00Z,85.0038,0.60063,120.041
2026-01-06T14:15:00Z,84.9809,0.59975,119.991
2026-01-06T14:16:00Z,85.016,0.60029,120.024
2026-01-06T14:17:00Z,84.9771,0.59995,119.978
2026-01-06T14:18:00Z,85.0211,0.60011,120.029
2026-01-06T14:19:00Z,84.9819,0.59942,119.966
2026-01-06T14:20:00Z,85.009,0.60039,120.036
2026-01-06T14:21:00Z,84.9855,0.59944,119.967
2026-01-06T14:22:00Z,85.0196,0.60054,120.046
2026-01-06T14:23:00Z,84.9842,0.59952,119.968
2026-01-06T14:24:00Z,85.022,0.60051,120.038
2026-01-06T14:25:00Z,84.9712,0.59935,119.979
2026-01-06T14:26:00Z,85.025,0.60057,120.032
2026-01-06T14:27:00Z,84.9857,0.59952,119.97
2026-01-06T14:28:00Z,85.017,0.59998,120.015
2026-01-06T14:29:00Z,84.9705,0.59953,119.969
2026-01-06T14:30:00Z,85.0249,0.60067,120.068
2026-01-06T14:31:00Z,84.9823,0.59935,119.967
2026-01-06T14:32:00Z,85.0225,0.6004,120.027
2026-01-06T14:33:00Z,84.9784,0.59983,119.99
2026-01-06T14:34:00Z,85.0212,0.60011,120.029
2026-01-06T14:35:00Z,84.9855,0.59992,119.987
2026-01-06T14:36:00Z,85.008,0.60042,120.05
2026-01-06T14:37:00Z,84.9949,0.59978,119.933
2026-01-06T14:38:00Z,85.0096,0.60031,120.039
2026-01-06T14:39:00Z,84.9904,0.59945,120.001
2026-01-06T14:40:00Z,85.0077,0.60074,120.047
2026-01-06T14:41:00Z,84.9951,0.59959,119.972
2026-01-06T14:42:00Z,85.0196,0.60054,120.021
2026-01-06T14:43:00Z,84.9882,0.60001,119.948
2026-01-06T14:44:00Z,85.0168,0.60051,120.04
2026-01-06T14:45:00Z,84.9878,0.59925,119.976
2026-01-06T14:46:00Z,85.0121,0.60022,120.016
2026-01-06T14:47:00Z,84.9738,0.5993,119.977
2026-01-06T14:48:00Z,85.0291,0.60035,120.07
2026-01-06T14:49:00Z,84.9862,0.59957,119.95
2026-01-06T14:50:00Z,85.0089,0.60013,119.996
2026-01-06T14:51:00Z,85.0032,0.59968,119.986
2026-01-06T14:52:00Z,85.0256,0.60021,120.029
2026-01-06T14:53:00Z,84.9747,0.59909,119.953
2026-01-06T14:54:00Z,85.0003,0.60038,119.998
2026-01-06T14:55:00Z,84.988,0.59973,119.982
2026-01-06T14:56:00Z,85.022,0.60049,120.05
2026-01-06T14:57:00Z,84.9928,0.59971,119.972
2026-01-06T14:58:00Z,85.025,0.60022,120.047
2026-01-06T14:59:00Z,84.9794,0.59983,119.981
2026-01-06T15:00:00Z,85.0168,0.60064,120.039
2026-01-06T15:01:00Z,84.988,0.59934,119.982
2026-01-06T15:02:00Z,85.0055,0.60019,120.026
2026-01-06T15:03:00Z,84.9827,0.59951,119.985
2026-01-06T15:04:00Z,85.0113,0.60046,120.017
2026-01-06T15:05:00Z,84.9876,0.59932,119.964
2026-01-06T15:06:00Z,85.0152,0.60003,120.052
2026-01-06T15:07:00Z,84.9804,0.59967,119.963
2026-01-06T15:08:00Z,85.0107,0.6005,120.045
2026-01-06T15:09:00Z,84.9818,0.59963,119.992
2026-01-06T15:10:00Z,85.0131,0.60041,120.0
2026-01-06T15:11:00Z,84.9835,0.5998,119.99
2026-01-06T15:12:00Z,85.012,0.60047,120.01
2026-01-06T15:13:00Z,84.9841,0.59938,120.001
2026-01-06T15:14:00Z,85.0182,0.60042,120.027
2026-01-06T15:15:00Z,84.986,0.59947,119.964
2026-01-06T15:16:00Z,85.0132,0.6003,120.039
2026-01-06T15:17:00Z,84.9877,0.59977,119.951
2026-01-06T15:18:00Z,85.0232,0.60051,120.061
2026-01-06T15:19:00Z,84.9878,0.59954,119.956
2026-01-06T15:20:00Z,85.0096,0.60058,120.032
2026-01-06T15:21:00Z,84.9929,0.59909,119.962
2026-01-06T15:22:00Z,85.0156,0.6006,120.012
2026-01-06T15:23:00Z,84.9889,0.59955,119.941
2026-01-06T15:24:00Z,85.0074,0.60021,120.038
2026-01-06T15:25:00Z,84.9832,0.59952,119.982
2026-01-06T15:26:00Z,85.0049,0.60055,120.035
2026-01-06T15:27:00Z,84.9852,0.59961,119.98
2026-01-06T15:28:00Z,85.0113,0.6,120.015
2026-01-06T15:29:00Z,84.9901,0.59934,119.973
2026-01-06T15:30:00Z,85.01,0.60014,120.048
2026-01-06T15:31:00Z,84.9781,0.59991,119.983
2026-01-06T15:32:00Z,85.0238,0.60025,120.026
2026-01-06T15:33:00Z,84.9885,0.59936,119.961
2026-01-06T15:34:00Z,85.0159,0.60044,119.993
2026-01-06T15:35:00Z,84.9834,0.59964,119.956
2026-01-06T15:36:00Z,85.0106,0.60048,120.035
2026-01-06T15:37:00Z,84.9815,0.59951,119.961
2026-01-06T15:38:00Z,85.0142,0.60066,120.029
2026-01-06T15:39:00Z,84.9742,0.59995,119.978
2026-01-06T15:40:00Z,85.0069,0.60054,120.034
2026-01-06T15:41:00Z,84.989,0.59974,119.986
2026-01-06T15:42:00Z,85.011,0.60025,120.014
2026-01-06T15:43:00Z,85.0037,0.59976,119.985
2026-01-06T15:44:00Z,85.0212,0.60034,120.035
2026-01-06T15:45:00Z,84.9695,0.59937,119.961
2026-01-06T15:46:00Z,85.0174,0.60036,120.034
2026-01-06T15:47:00Z,84.9773,0.59948,119.962
2026-01-06T15:48:00Z,85.0217,0.60015,120.028
2026-01-06T15:49:00Z,84.9818,0.59957,119.954
2026-01-06T15:50:00Z,85.0208,0.60026,120.029
2026-01-06T15:51:00Z,84.9868,0.59972,119.96
2026-01-06T15:52:00Z,85.0212,0.60054,120.019
2026-01-06T15:53:00Z,84.9952,0.59963,119.962
2026-01-06T15:54:00Z,85.0089,0.6008,120.014
2026-01-06T15:55:00Z,84.9786,0.59967,119.97
2026-01-06T15:56:00Z,85.0092,0.60012,120.025
2026-01-06T15:57:00Z,84.9706,0.59945,119.972
2026-01-06T15:58:00Z,85.0077,0.60013,120.048
2026-01-06T15:59:00Z,84.9872,0.5994,119.982
2026-01-06T16:00:00Z,85.013,0.60072,120.004
2026-01-06T16:01:00Z,84.9641,0.5995,119.963
2026-01-06T16:02:00Z,85.0236,0.60024,120.041
2026-01-06T16:03:00Z,84.993,0.59969,119.968
2026-01-06T16:04:00Z,85.0214,0.60042,120.021
2026-01-06T16:05:00Z,84.9654,0.59943,119.944
2026-01-06T16:06:00Z,85.022,0.60004,120.034
2026-01-06T16:07:00Z,85.0066,0.5995,119.943
2026-01-06T16:08:00Z,85.0058,0.60024,120.031
2026-01-06T16:09:00Z,84.9882,0.59967,119.977
2026-01-06T16:10:00Z,85.0261,0.60008,120.023
2026-01-06T16:11:00Z,84.9876,0.59934,119.954
2026-01-06T16:12:00Z,85.0151,0.60044,120.024
2026-01-06T16:13:00Z,84.9826,0.59953,119.983
2026-01-06T16:14:00Z,85.0121,0.60002,120.007
2026-01-06T16:15:00Z,84.9724,0.59941,119.942
2026-01-06T16:16:00Z,85.0283,0.60032,120.016
2026-01-06T16:17:00Z,84.9828,0.59984,119.985
2026-01-06T16:18:00Z,85.0183,0.60057,120.049
2026-01-06T16:19:00Z,84.9827,0.59933,119.958
2026-01-06T16:20:00Z,85.0277,0.60041,120.029
2026-01-06T16:21:00Z,84.9859,0.59951,119.976
2026-01-06T16:22:00Z,85.0126,0.60084,120.04
2026-01-06T16:23:00Z,84.9884,0.59974,119.966
2026-01-06T16:24:00Z,85.0138,0.60053,120.039
2026-01-06T16:25:00Z,84.9873,0.59955,119.969
2026-01-06T16:26:00Z,85.013,0.60072,120.028
2026-01-06T16:27:00Z,84.9866,0.59957,119.998
2026-01-06T16:28:00Z,85.0128,0.60043,120.015
2026-01-06T16:29:00Z,84.9838,0.59972,119.961
2026-01-06T16:30:00Z,84.9897,0.6002,120.027
2026-01-06T16:31:00Z,84.986,0.59909,119.977
2026-01-06T16:32:00Z,85.0155,0.59987,120.033
2026-01-06T16:33:00Z,84.9862,0.59954,119.951
2026-01-06T16:34:00Z,85.0306,0.60065,120.037
2026-01-06T16:35:00Z,84.9871,0.59992,119.968
2026-01-06T16:36:00Z,85.0081,0.60065,120.039
2026-01-06T16:37:00Z,84.9907,0.59967,119.969
2026-01-06T16:38:00Z,85.0122,0.6004,120.025
2026-01-06T16:39:00Z,84.9923,0.59955,119.984
2026-01-06T16:40:00Z,85.0115,0.6005,120.02
2026-01-06T16:41:00Z,84.9925,0.59957,119.982
2026-01-06T16:42:00Z,85.0189,0.6002,120.018
2026-01-06T16:43:00Z,84.9734,0.59971,119.977
2026-01-06T16:44:00Z,85.0186,0.6002,120.033
2026-01-06T16:45:00Z,84.9802,0.59978,119.95
2026-01-06T16:46:00Z,85.0118,0.60033,120.037
2026-01-06T16:47:00Z,84.983,0.59951,119.969
2026-01-06T16:48:00Z,85.0149,0.60077,120.009
2026-01-06T16:49:00Z,84.9702,0.59968,119.994
2026-01-06T16:50:00Z,85.0187,0.60067,120.038
2026-01-06T16:51:00Z,84.9801,0.59944,119.988
2026-01-06T16:52:00Z,85.0005,0.6004,120.032
2026-01-06T16:53:00Z,84.9821,0.59926,119.953
2026-01-06T16:54:00Z,85.0221,0.60038,120.048
2026-01-06T16:55:00Z,84.9899,0.59951,119.978
2026-01-06T16:56:00Z,85.0178,0.60056,120.026
2026-01-06T16:57:00Z,84.9888,0.5996,119.962
2026-01-06T16:58:00Z,85.022,0.60023,120.035
2026-01-06T16:59:00Z,84.9883,0.59948,119.934
2026-01-06T17:00:00Z,85.0124,0.60049,120.045
2026-01-06T17:01:00Z,84.975,0.59971,119.987
2026-01-06T17:02:00Z,85.0077,0.60037,120.007
2026-01-06T17:03:00Z,84.9705,0.59962,119.985
2026-01-06T17:04:00Z,85.0108,0.60038,120.016
2026-01-06T17:05:00Z,84.9867,0.59974,119.97
2026-01-06T17:06:00Z,85.0259,0.60005,120.039
2026-01-06T17:07:00Z,84.9789,0.59967,119.968
2026-01-06T17:08:00Z,85.0149,0.59996,120.024
2026-01-06T17:09:00Z,84.969,0.59962,119.97
2026-01-06T17:10:00Z,85.0036,0.60042,120.041
2026-01-06T17:11:00Z,84.99,0.59977,119.957
2026-01-06T17:12:00Z,85.0096,0.60048,120.037
2026-01-06T17:13:00Z,84.973,0.59954,119.963
2026-01-06T17:14:00Z,85.0249,0.60052,120.02
2026-01-06T17:15:00Z,84.9902,0.59957,119.97
2026-01-06T17:16:00Z,85.0138,0.60012,120.034
2026-01-06T17:17:00Z,84.9834,0.59956,119.998
2026-01-06T17:18:00Z,85.0103,0.6003,120.028
2026-01-06T17:19:00Z,84.9737,0.59976,119.974
2026-01-06T17:20:00Z,85.0033,0.6003,120.021
2026-01-06T17:21:00Z,84.9747,0.5994,119.965
2026-01-06T17:22:00Z,85.0102,0.60023,120.036
2026-01-06T17:23:00Z,84.9955,0.59926,119.976
2026-01-06T17:24:00Z,85.0333,0.60018,120.011
2026-01-06T17:25:00Z,84.9733,0.5994,120.005
2026-01-06T17:26:00Z,85.0159,0.60058,120.042
2026-01-06T17:27:00Z,84.9944,0.59987,119.975
2026-01-06T17:28:00Z,85.0196,0.60039,120.023
2026-01-06T17:29:00Z,84.997,0.59958,120.0
2026-01-06T17:30:00Z,85.0191,0.60046,120.046
2026-01-06T17:31:00Z,84.9827,0.59966,119.968
2026-01-06T17:32:00Z,85.0254,0.60043,120.024
2026-01-06T17:33:00Z,84.9652,0.5995,119.958
2026-01-06T17:34:00Z,85.0171,0.60026,120.039
2026-01-06T17:35:00Z,84.9748,0.59964,119.969
2026-01-06T17:36:00Z,85.007,0.60046,120.017
2026-01-06T17:37:00Z,84.9855,0.59989,119.972
2026-01-06T17:38:00Z,85.0083,0.60061,120.045
2026-01-06T17:39:00Z,84.9751,0.59964,119.953
2026-01-06T17:40:00Z,85.0266,0.60018,120.025
2026-01-06T17:41:00Z,84.9735,0.59941,119.992
2026-01-06T17:42:00Z,85.0314,0.60004,120.017
2026-01-06T17:43:00Z,84.9977,0.59953,119.959
2026-01-06T17:44:00Z,85.0206,0.6005,120.013
2026-01-06T17:45:00Z,84.9837,0.59961,119.97
2026-01-06T17:46:00Z,85.0116,0.60004,120.042
2026-01-06T17:47:00Z,84.9852,0.59967,119.991
2026-01-06T17:48:00Z,85.0174,0.60046,120.043
2026-01-06T17:49:00Z,85.0023,0.59958,119.97
2026-01-06T17:50:00Z,85.0121,0.60016,120.02
2026-01-06T17:51:00Z,84.9867,0.59987,119.991
2026-01-06T17:52:00Z,85.0147,0.60023,120.054
2026-01-06T17:53:00Z,84.9876,0.5996,119.969
2026-01-06T17:54:00Z,85.0297,0.6008,120.041
2026-01-06T17:55:00Z,84.9785,0.59982,119.985
2026-01-06T17:56:00Z,85.0237,0.6006,120.035
2026-01-06T17:57:00Z,84.9876,0.59936,119.985
2026-01-06T17:58:00Z,85.0125,0.60028,120.027
2026-01-06T17:59:00Z,84.9778,0.59983,119.973
2026-01-06T18:00:00Z,85.0007,0.60048,120.004
2026-01-06T18:01:00Z,84.9761,0.59948,120.0
2026-01-06T18:02:00Z,85.0208,0.60047,120.034
2026-01-06T18:03:00Z,84.9922,0.59953,119.964
2026-01-06T18:04:00Z,85.0085,0.60036,120.038
2026-01-06T18:05:00Z,85.002,0.6,119.975
2026-01-06T18:06:00Z,85.0184,0.60074,120.037
2026-01-06T18:07:00Z,84.9913,0.59974,119.961
2026-01-06T18:08:00Z,85.0193,0.60028,120.039
2026-01-06T18:09:00Z,84.9774,0.59973,119.968
2026-01-06T18:10:00Z,85.0289,0.60031,120.039
2026-01-06T18:11:00Z,85.0031,0.59956,119.988
2026-01-06T18:12:00Z,85.0178,0.60029,120.024
2026-01-06T18:13:00Z,84.9876,0.59978,119.95
2026-01-06T18:14:00Z,85.0149,0.60011,120.021
2026-01-06T18:15:00Z,84.9764,0.59959,119.974
2026-01-06T18:16:00Z,84.9972,0.6007,120.018
2026-01-06T18:17:00Z,84.9779,0.59986,119.972
2026-01-06T18:18:00Z,85.0096,0.60032,120.043
2026-01-06T18:19:00Z,84.9949,0.59955,119.985
2026-01-06T18:20:00Z,85.015,0.60043,120.047
2026-01-06T18:21:00Z,84.9776,0.59956,119.945
2026-01-06T18:22:00Z,85.0118,0.60043,120.029
2026-01-06T18:23:00Z,84.982,0.59933,119.959
2026-01-06T18:24:00Z,85.006,0.6005,120.03
2026-01-06T18:25:00Z,84.9778,0.59975,119.955
2026-01-06T18:26:00Z,85.0346,0.60073,120.041
2026-01-06T18:27:00Z,84.9756,0.59925,119.987
2026-01-06T18:28:00Z,85.032,0.60042,120.032
2026-01-06T18:29:00Z,84.987,0.5996,119.944
2026-01-06T18:30:00Z,85.012,0.60027,120.02
2026-01-06T18:31:00Z,84.9845,0.5995,119.949
2026-01-06T18:32:00Z,85.0237,0.6009,120.023
2026-01-06T18:33:00Z,84.9738,0.59978,119.961
2026-01-06T18:34:00Z,85.0242,0.59998,120.02
2026-01-06T18:35:00Z,84.9859,0.59977,119.944
2026-01-06T18:36:00Z,85.0179,0.6005,120.006
2026-01-06T18:37:00Z,84.9821,0.59971,119.974
2026-01-06T18:38:00Z,85.019,0.60053,120.035
2026-01-06T18:39:00Z,84.9881,0.59918,119.99
2026-01-06T18:40:00Z,85.0105,0.6003,120.006
2026-01-06T18:41:00Z,84.9918,0.59957,119.953
2026-01-06T18:42:00Z,85.0138,0.6004,120.009
2026-01-06T18:43:00Z,84.9896,0.5996,119.972
2026-01-06T18:44:00Z,85.0231,0.60016,120.035
2026-01-06T18:45:00Z,84.9914,0.59959,119.972
2026-01-06T18:46:00Z,85.0192,0.60051,120.043
2026-01-06T18:47:00Z,84.9793,0.59979,119.965
2026-01-06T18:48:00Z,85.0153,0.6005,120.018
2026-01-06T18:49:00Z,84.9788,0.59964,119.969
2026-01-06T18:50:00Z,85.0144,0.60038,120.033
2026-01-06T18:51:00Z,84.9641,0.5994,119.965
2026-01-06T18:52:00Z,85.022,0.60013,120.02
2026-01-06T18:53:00Z,84.994,0.59962,119.972
2026-01-06T18:54:00Z,85.0169,0.60077,120.033
2026-01-06T18:55:00Z,84.9867,0.59956,119.967
2026-01-06T18:56:00Z,85.0134,0.60025,120.045
2026-01-06T18:57:00Z,84.9822,0.59965,119.971
2026-01-06T18:58:00Z,85.0226,0.60042,120.03
2026-01-06T18:59:00Z,84.9792,0.59983,119.975
2026-01-06T19:00:00Z,85.0172,0.60066,120.061
2026-01-06T19:01:00Z,84.9788,0.59939,119.936
2026-01-06T19:02:00Z,85.0116,0.60081,120.035
2026-01-06T19:03:00Z,84.9785,0.59959,119.995
2026-01-06T19:04:00Z,85.005,0.60042,120.052
2026-01-06T19:05:00Z,84.9816,0.59968,119.978
2026-01-06T19:06:00Z,85.0148,0.60019,120.025
2026-01-06T19:07:00Z,84.9873,0.59966,119.957
2026-01-06T19:08:00Z,85.0156,0.60042,120.028
2026-01-06T19:09:00Z,84.9722,0.59943,119.972
2026-01-06T19:10:00Z,85.029,0.60036,119.997
2026-01-06T19:11:00Z,84.9926,0.59933,119.963
2026-01-06T19:12:00Z,85.02,0.6003,120.028
2026-01-06T19:13:00Z,84.9787,0.59927,119.99
2026-01-06T19:14:00Z,85.0077,0.60043,120.006
2026-01-06T19:15:00Z,84.9875,0.59946,119.978
2026-01-06T19:16:00Z,85.0196,0.60042,119.994
2026-01-06T19:17:00Z,84.972,0.59948,119.995
2026-01-06T19:18:00Z,85.0054,0.60035,120.035
2026-01-06T19:19:00Z,84.9796,0.59979,119.95
2026-01-06T19:20:00Z,85.0225,0.60064,120.034
2026-01-06T19:21:00Z,84.9842,0.59946,119.969
2026-01-06T19:22:00Z,85.0193,0.6006,120.02
2026-01-06T19:23:00Z,84.9762,0.59969,119.972
2026-01-06T19:24:00Z,85.0074,0.60026,120.026
2026-01-06T19:25:00Z,84.9826,0.59983,119.939
2026-01-06T19:26:00Z,85.0131,0.6003,120.026
2026-01-06T19:27:00Z,84.9765,0.59948,119.918
2026-01-06T19:28:00Z,85.0188,0.6008,120.037
2026-01-06T19:29:00Z,84.9906,0.5995,119.971
2026-01-06T19:30:00Z,85.0138,0.60049,120.006
2026-01-06T19:31:00Z,84.9942,0.59927,119.977
2026-01-06T19:32:00Z,85.0174,0.60024,120.04
2026-01-06T19:33:00Z,84.9899,0.5997,119.973
2026-01-06T19:34:00Z,85.0174,0.60048,120.047
2026-01-06T19:35:00Z,84.989,0.5995,119.981
2026-01-06T19:36:00Z,85.0235,0.60044,120.043
2026-01-06T19:37:00Z,84.9773,0.59951,119.977
2026-01-06T19:38:00Z,85.0111,0.6003,120.039
2026-01-06T19:39:00Z,84.9725,0.59952,119.993
2026-01-06T19:40:00Z,85.0254,0.60038,120.017
2026-01-06T19:41:00Z,84.9772,0.59968,119.968
2026-01-06T19:42:00Z,85.018,0.60022,120.029
2026-01-06T19:43:00Z,84.9761,0.59953,119.968
2026-01-06T19:44:00Z,85.024,0.60037,120.038
2026-01-06T19:45:00Z,84.9929,0.59939,119.973
2026-01-06T19:46:00Z,85.0128,0.60024,120.032
2026-01-06T19:47:00Z,84.9817,0.59948,119.975
2026-01-06T19:48:00Z,85.0084,0.60024,120.03
2026-01-06T19:49:00Z,84.9884,0.59938,119.97
2026-01-06T19:50:00Z,85.0137,0.60001,120.03
2026-01-06T19:51:00Z,84.9679,0.59949,119.985
2026-01-06T19:52:00Z,85.0138,0.60051,120.054
2026-01-06T19:53:00Z,84.99,0.59966,119.976
2026-01-06T19:54:00Z,85.0205,0.60049,120.055
2026-01-06T19:55:00Z,84.9803,0.59933,119.966
2026-01-06T19:56:00Z,85.0216,0.60042,120.029
2026-01-06T19:57:00Z,84.9814,0.59963,119.964
2026-01-06T19:58:00Z,85.0149,0.60057,120.018
2026-01-06T19:59:00Z,84.984,0.59978,119.955
2026-01-06T20:00:00Z,85.013,0.60045,120.037
2026-01-06T20:01:00Z,84.9822,0.59949,119.991
2026-01-06T20:02:00Z,85.0161,0.60016,120.06
2026-01-06T20:03:00Z,84.9816,0.59927,119.962
2026-01-06T20:04:00Z,85.0267,0.60044,120.03
2026-01-06T20:05:00Z,84.9845,0.5996,119.962
2026-01-06T20:06:00Z,85.0232,0.60054,120.025
2026-01-06T20:07:00Z,84.9831,0.59958,119.986
2026-01-06T20:08:00Z,85.0149,0.60074,120.02
2026-01-06T20:09:00Z,84.9969,0.59965,119.968
2026-01-06T20:10:00Z,85.0215,0.60049,120.017
2026-01-06T20:11:00Z,84.9912,0.59916,119.971
2026-01-06T20:12:00Z,85.0228,0.60031,120.045
2026-01-06T20:13:00Z,84.9746,0.59954,119.972
2026-01-06T20:14:00Z,85.035,0.60057,120.053
2026-01-06T20:15:00Z,84.9923,0.59924,119.977
2026-01-06T20:16:00Z,85.0277,0.6006,120.053
2026-01-06T20:17:00Z,84.9735,0.59934,119.984
2026-01-06T20:18:00Z,85.0113,0.60056,120.016
2026-01-06T20:19:00Z,84.9781,0.59943,119.975
2026-01-06T20:20:00Z,85.0135,0.60042,120.015
2026-01-06T20:21:00Z,84.9802,0.59988,119.965
2026-01-06T20:22:00Z,85.0181,0.60024,120.026
2026-01-06T20:23:00Z,84.9869,0.59934,119.976
2026-01-06T20:24:00Z,85.0083,0.60041,120.032
2026-01-06T20:25:00Z,84.996,0.60001,119.987
2026-01-06T20:26:00Z,85.0134,0.60076,120.037
2026-01-06T20:27:00Z,84.9675,0.59961,119.989
2026-01-06T20:28:00Z,85.0275,0.60014,120.048
2026-01-06T20:29:00Z,84.9863,0.5997,119.981
2026-01-06T20:30:00Z,85.0204,0.60035,120.042
2026-01-06T20:31:00Z,84.9784,0.59945,119.984
2026-01-06T20:32:00Z,85.0195,0.60044,120.01
2026-01-06T20:33:00Z,84.9859,0.59956,119.959
2026-01-06T20:34:00Z,85.0017,0.60053,120.05
2026-01-06T20:35:00Z,84.9796,0.59939,119.958
2026-01-06T20:36:00Z,85.0179,0.6004,120.017
2026-01-06T20:37:00Z,84.9805,0.59957,119.986
2026-01-06T20:38:00Z,85.0169,0.60041,120.028
2026-01-06T20:39:00Z,84.9938,0.59991,119.972
2026-01-06T20:40:00Z,85.024,0.60023,120.029
2026-01-06T20:41:00Z,84.9931,0.59944,119.951
2026-01-06T20:42:00Z,85.0095,0.60043,120.045
2026-01-06T20:43:00Z,84.9749,0.59965,119.962
2026-01-06T20:44:00Z,85.0192,0.60059,120.03
2026-01-06T20:45:00Z,84.9812,0.59942,119.948
2026-01-06T20:46:00Z,85.009,0.6001,120.045
2026-01-06T20:47:00Z,84.9902,0.59979,119.972
2026-01-06T20:48:00Z,85.014,0.60037,120.045
2026-01-06T20:49:00Z,84.9966,0.59978,119.97
2026-01-06T20:50:00Z,85.006,0.60033,120.045
2026-01-06T20:51:00Z,84.981,0.59951,119.951
2026-01-06T20:52:00Z,85.0206,0.6003,120.022
2026-01-06T20:53:00Z,84.9879,0.59961,119.973
2026-01-06T20:54:00Z,85.0192,0.6006,120.056
2026-01-06T20:55:00Z,84.9828,0.59962,119.945
2026-01-06T20:56:00Z,85.0253,0.60077,120.01
2026-01-06T20:57:00Z,84.9777,0.59958,119.963
2026-01-06T20:58:00Z,85.0216,0.6006,120.039
2026-01-06T20:59:00Z,84.9985,0.59942,119.921
2026-01-06T21:00:00Z,85.0319,0.60057,120.045
2026-01-06T21:01:00Z,84.9797,0.59948,119.978
2026-01-06T21:02:00Z,85.0215,0.60066,120.017
2026-01-06T21:03:00Z,84.9958,0.5993,119.953
2026-01-06T21:04:00Z,85.0189,0.60032,120.001
2026-01-06T21:05:00Z,84.9784,0.59933,119.955
2026-01-06T21:06:00Z,85.0214,0.60049,120.05
2026-01-06T21:07:00Z,84.997,0.59937,119.988
2026-01-06T21:08:00Z,85.0059,0.60045,120.008
2026-01-06T21:09:00Z,84.975,0.59983,119.953
2026-01-06T21:10:00Z,85.0143,0.60055,120.03
2026-01-06T21:11:00Z,84.9817,0.59961,119.999
2026-01-06T21:12:00Z,85.0254,0.6005,120.056
2026-01-06T21:13:00Z,84.9892,0.59963,119.95
2026-01-06T21:14:00Z,85.0027,0.60047,120.03
2026-01-06T21:15:00Z,84.9984,0.59953,119.976
2026-01-06T21:16:00Z,85.0229,0.60039,120.053
2026-01-06T21:17:00Z,84.9799,0.59978,119.997
2026-01-06T21:18:00Z,85.0071,0.60079,120.027
2026-01-06T21:19:00Z,84.994,0.59975,119.95
2026-01-06T21:20:00Z,85.0165,0.60027,120.034
2026-01-06T21:21:00Z,84.9879,0.59918,119.986
2026-01-06T21:22:00Z,85.013,0.60008,120.006
2026-01-06T21:23:00Z,84.9758,0.59962,120.007
2026-01-06T21:24:00Z,85.0127,0.60038,120.03
2026-01-06T21:25:00Z,84.9769,0.59938,119.957
2026-01-06T21:26:00Z,85.0224,0.60074,120.027
2026-01-06T21:27:00Z,84.998,0.59991,119.972
2026-01-06T21:28:00Z,85.0149,0.60046,120.023
2026-01-06T21:29:00Z,84.9939,0.59967,119.994
2026-01-06T21:30:00Z,85.0209,0.60041,120.025
2026-01-06T21:31:00Z,85.0029,0.59989,119.984
2026-01-06T21:32:00Z,85.0276,0.60015,120.013
2026-01-06T21:33:00Z,84.9863,0.59973,119.973
2026-01-06T21:34:00Z,85.0164,0.60068,120.025
2026-01-06T21:35:00Z,84.9739,0.59961,119.964
2026-01-06T21:36:00Z,85.0137,0.60036,120.028
2026-01-06T21:37:00Z,84.9974,0.59943,119.973
2026-01-06T21:38:00Z,85.0141,0.60056,120.05
2026-01-06T21:39:00Z,84.9751,0.59954,119.979
2026-01-06T21:40:00Z,85.0076,0.60019,120.041
2026-01-06T21:41:00Z,84.9774,0.59965,119.979
2026-01-06T21:42:00Z,85.0276,0.6003,120.023
2026-01-06T21:43:00Z,84.991,0.59947,119.984
2026-01-06T21:44:00Z,85.012,0.60081,120.058
2026-01-06T21:45:00Z,84.9719,0.59978,119.975
2026-01-06T21:46:00Z,84.9994,0.5999,120.009
2026-01-06T21:47:00Z,84.9807,0.59962,119.959
2026-01-06T21:48:00Z,85.0184,0.60065,120.02
2026-01-06T21:49:00Z,84.9941,0.59971,119.991
2026-01-06T21:50:00Z,85.0204,0.60053,120.05
2026-01-06T21:51:00Z,84.9832,0.5996,119.949
2026-01-06T21:52:00Z,85.0109,0.60049,120.032
2026-01-06T21:53:00Z,84.986,0.59941,119.972
2026-01-06T21:54:00Z,85.0242,0.6004,119.996
2026-01-06T21:55:00Z,84.9803,0.59942,119.958
2026-01-06T21:56:00Z,85.0114,0.60049,120.033
2026-01-06T21:57:00Z,84.9783,0.59945,119.966
2026-01-06T21:58:00Z,85.0239,0.60026,120.063
2026-01-06T21:59:00Z,84.9947,0.59956,119.941
2026-01-06T22:00:00Z,85.0227,0.60048,120.03
2026-01-06T22:01:00Z,84.9844,0.59975,119.941
2026-01-06T22:02:00Z,85.0128,0.60049,120.055
2026-01-06T22:03:00Z,84.9574,0.59984,119.958
2026-01-06T22:04:00Z,85.0071,0.60041,120.033
2026-01-06T22:05:00Z,84.9763,0.5999,119.947
2026-01-06T22:06:00Z,85.0198,0.60067,120.025
2026-01-06T22:07:00Z,84.9792,0.59976,119.98
2026-01-06T22:08:00Z,85.0194,0.60051,120.023
2026-01-06T22:09:00Z,84.9737,0.59956,119.964
2026-01-06T22:10:00Z,85.0023,0.60031,120.025
2026-01-06T22:11:00Z,84.9669,0.59932,119.987
2026-01-06T22:12:00Z,85.0136,0.60052,120.031
2026-01-06T22:13:00Z,84.9839,0.59952,120.003
2026-01-06T22:14:00Z,85.0054,0.60021,120.02
2026-01-06T22:15:00Z,84.9881,0.59983,119.976
2026-01-06T22:16:00Z,85.0223,0.60024,120.029
2026-01-06T22:17:00Z,84.9817,0.59927,119.941
2026-01-06T22:18:00Z,85.0193,0.60033,120.043
2026-01-06T22:19:00Z,84.9968,0.59931,119.968
2026-01-06T22:20:00Z,85.0155,0.60025,120.026
2026-01-06T22:21:00Z,84.9883,0.59965,119.96
2026-01-06T22:22:00Z,85.0148,0.60034,120.036
2026-01-06T22:23:00Z,84.9888,0.59946,119.961
2026-01-06T22:24:00Z,85.0013,0.60029,120.042
2026-01-06T22:25:00Z,84.978,0.59981,119.976
2026-01-06T22:26:00Z,85.0217,0.60037,120.032
2026-01-06T22:27:00Z,84.9892,0.59983,119.998
2026-01-06T22:28:00Z,85.0149,0.60026,120.039
2026-01-06T22:29:00Z,84.9713,0.5995,119.968
2026-01-06T22:30:00Z,85.0181,0.6002,120.003
2026-01-06T22:31:00Z,84.9986,0.59981,119.973
2026-01-06T22:32:00Z,85.0188,0.60023,120.019
2026-01-06T22:33:00Z,84.9789,0.59979,119.924
2026-01-06T22:34:00Z,85.0176,0.60038,120.064
2026-01-06T22:35:00Z,84.9798,0.59991,119.962
2026-01-06T22:36:00Z,85.0162,0.60045,120.02
2026-01-06T22:37:00Z,84.9776,0.59963,119.985
2026-01-06T22:38:00Z,85.0157,0.60028,120.009
2026-01-06T22:39:00Z,84.9898,0.59937,119.958
2026-01-06T22:40:00Z,85.0198,0.60045,120.048
2026-01-06T22:41:00Z,84.9915,0.59939,119.985
2026-01-06T22:42:00Z,85.0035,0.60061,120.033
2026-01-06T22:43:00Z,84.9817,0.59943,119.979
2026-01-06T22:44:00Z,85.0175,0.60044,120.031
2026-01-06T22:45:00Z,84.9779,0.59983,119.994
2026-01-06T22:46:00Z,85.0242,0.60046,120.011
2026-01-06T22:47:00Z,85.0043,0.6001,119.961
2026-01-06T22:48:00Z,85.0087,0.60036,120.01
2026-01-06T22:49:00Z,84.9888,0.59942,119.962
2026-01-06T22:50:00Z,85.0245,0.6007,120.035
2026-01-06T22:51:00Z,84.9821,0.59986,119.955
2026-01-06T22:52:00Z,85.0108,0.60052,120.066
2026-01-06T22:53:00Z,84.9807,0.59956,119.977
2026-01-06T22:54:00Z,85.0259,0.6002,120.016
2026-01-06T22:55:00Z,84.9819,0.59954,119.957
2026-01-06T22:56:00Z,85.0131,0.6,120.019
2026-01-06T22:57:00Z,84.9891,0.59941,119.973
2026-01-06T22:58:00Z,85.0189,0.59995,120.044
2026-01-06T22:59:00Z,84.9775,0.59952,119.955
2026-01-06T23:00:00Z,85.0124,0.60009,120.049
2026-01-06T23:01:00Z,84.9831,0.59939,119.94
2026-01-06T23:02:00Z,85.0218,0.60051,120.014
2026-01-06T23:03:00Z,84.9885,0.59973,119.952
2026-01-06T23:04:00Z,85.0146,0.60052,120.04
2026-01-06T23:05:00Z,84.9755,0.59925,119.964
2026-01-06T23:06:00Z,85.0274,0.60008,120.03
2026-01-06T23:07:00Z,84.9816,0.59976,119.98
2026-01-06T23:08:00Z,85.0186,0.60047,120.022
2026-01-06T23:09:00Z,84.9779,0.59981,119.978
2026-01-06T23:10:00Z,85.0121,0.60046,120.013
2026-01-06T23:11:00Z,84.9784,0.59999,119.959
2026-01-06T23:12:00Z,85.0296,0.6006,120.022
2026-01-06T23:13:00Z,84.979,0.59951,119.977
2026-01-06T23:14:00Z,85.0189,0.60045,120.027
2026-01-06T23:15:00Z,84.9935,0.59945,119.971
2026-01-06T23:16:00Z,85.0189,0.59994,120.014
2026-01-06T23:17:00Z,84.9906,0.5997,119.962
2026-01-06T23:18:00Z,85.0042,0.60073,120.04
2026-01-06T23:19:00Z,84.9974,0.59951,119.954
2026-01-06T23:20:00Z,85.0234,0.60017,120.025
2026-01-06T23:21:00Z,84.9834,0.59948,119.983
2026-01-06T23:22:00Z,85.021,0.60062,120.025
2026-01-06T23:23:00Z,84.9839,0.59973,119.978
2026-01-06T23:24:00Z,85.0138,0.60011,120.025
2026-01-06T23:25:00Z,84.979,0.59955,119.963
2026-01-06T23:26:00Z,85.0217,0.60067,120.009
2026-01-06T23:27:00Z,84.9766,0.59962,120.002
2026-01-06T23:28:00Z,85.0168,0.60031,120.048
2026-01-06T23:29:00Z,84.9868,0.59966,119.971
2026-01-06T23:30:00Z,85.0236,0.60031,120.06
2026-01-06T23:31:00Z,84.9777,0.59959,119.997
2026-01-06T23:32:00Z,85.0171,0.60047,120.047
2026-01-06T23:33:00Z,84.9839,0.60013,119.979
2026-01-06T23:34:00Z,85.0345,0.60029,120.038
2026-01-06T23:35:00Z,84.9796,0.5993,119.965
2026-01-06T23:36:00Z,85.0171,0.60072,120.001
2026-01-06T23:37:00Z,84.9758,0.59955,119.984
2026-01-06T23:38:00Z,85.008,0.60001,120.01
2026-01-06T23:39:00Z,84.9863,0.59945,119.966
2026-01-06T23:40:00Z,85.0291,0.60033,120.04
2026-01-06T23:41:00Z,84.9845,0.59971,119.966
2026-01-06T23:42:00Z,85.0264,0.60006,120.026
2026-01-06T23:43:00Z,84.9722,0.59981,120.007
2026-01-06T23:44:00Z,85.0115,0.6005,120.019
2026-01-06T23:45:00Z,84.9867,0.59962,119.992
2026-01-06T23:46:00Z,85.0234,0.60003,120.024
2026-01-06T23:47:00Z,84.9834,0.59935,119.975
2026-01-06T23:48:00Z,85.0139,0.60042,120.025
2026-01-06T23:49:00Z,84.9843,0.59965,119.961
2026-01-06T23:50:00Z,85.016,0.60076,120.01
2026-01-06T23:51:00Z,84.9844,0.59954,119.991
2026-01-06T23:52:00Z,85.0297,0.60043,120.019
2026-01-06T23:53:00Z,84.9842,0.59951,119.964
2026-01-06T23:54:00Z,85.0181,0.60025,120.041
2026-01-06T23:55:00Z,84.9856,0.5996,119.969
2026-01-06T23:56:00Z,85.015,0.60058,120.027
2026-01-06T23:57:00Z,84.9834,0.59937,119.984
2026-01-06T23:58:00Z,85.0213,0.60063,120.024
2026-01-06T23:59:00Z,84.9815,0.59969,119.971
2026-01-07T00:00:00Z,85.0099,0.60029,120.034
2026-01-07T00:01:00Z,84.9773,0.59972,120.002
2026-01-07T00:02:00Z,85.0207,0.60012,120.052
2026-01-07T00:03:00Z,84.9898,0.59921,119.964
2026-01-07T00:04:00Z,85.0024,0.60049,119.997
2026-01-07T00:05:00Z,84.9923,0.59937,119.974
2026-01-07T00:06:00Z,85.012,0.60045,120.034
2026-01-07T00:07:00Z,84.9889,0.59917,119.987
2026-01-07T00:08:00Z,85.0161,0.60051,120.028
2026-01-07T00:09:00Z,84.9852,0.59952,119.993
2026-01-07T00:10:00Z,85.0219,0.60044,120.025
2026-01-07T00:11:00Z,84.9913,0.5994,119.966
2026-01-07T00:12:00Z,85.0146,0.60022,120.032
2026-01-07T00:13:00Z,84.9784,0.59938,119.986
2026-01-07T00:14:00Z,85.0283,0.60065,120.048
2026-01-07T00:15:00Z,84.978,0.59942,119.954
2026-01-07T00:16:00Z,85.0205,0.60062,120.05
2026-01-07T00:17:00Z,84.9905,0.59978,119.986
2026-01-07T00:18:00Z,85.0117,0.60031,120.027
2026-01-07T00:19:00Z,84.9936,0.59989,119.965
2026-01-07T00:20:00Z,85.0275,0.60038,120.035
2026-01-07T00:21:00Z,84.9704,0.5997,119.986
2026-01-07T00:22:00Z,85.0182,0.60051,120.015
2026-01-07T00:23:00Z,84.9833,0.5997,119.96
2026-01-07T00:24:00Z,85.0088,0.60032,120.027
2026-01-07T00:25:00Z,84.9868,0.59962,119.95
2026-01-07T00:26:00Z,85.0201,0.60029,120.034
2026-01-07T00:27:00Z,84.989,0.59968,119.952
2026-01-07T00:28:00Z,85.0179,0.60006,120.05
2026-01-07T00:29:00Z,84.9913,0.59935,119.976
2026-01-07T00:30:00Z,84.988,0.60066,120.042
2026-01-07T00:31:00Z,84.9854,0.5995,119.986
2026-01-07T00:32:00Z,85.0169,0.60045,120.022
2026-01-07T00:33:00Z,84.986,0.59954,119.968
2026-01-07T00:34:00Z,85.0353,0.60037,120.031
2026-01-07T00:35:00Z,84.9909,0.59973,119.994
2026-01-07T00:36:00Z,85.0157,0.60055,120.017
2026-01-07T00:37:00Z,84.9775,0.59962,119.926
2026-01-07T00:38:00Z,85.0188,0.60026,120.044
2026-01-07T00:39:00Z,84.9822,0.59944,119.967
2026-01-07T00:40:00Z,85.0109,0.60084,120.012
2026-01-07T00:41:00Z,84.9828,0.59955,119.96
2026-01-07T00:42:00Z,85.0221,0.60074,120.026
2026-01-07T00:43:00Z,84.9865,0.59992,119.942
2026-01-07T00:44:00Z,85.0087,0.6005,120.037
2026-01-07T00:45:00Z,84.9866,0.59983,119.972
2026-01-07T00:46:00Z,85.0207,0.60045,120.042
2026-01-07T00:47:00Z,84.9835,0.59944,119.984
2026-01-07T00:48:00Z,85.0082,0.60016,120.041
2026-01-07T00:49:00Z,84.9896,0.59972,119.969
2026-01-07T00:50:00Z,85.0083,0.60006,120.028
2026-01-07T00:51:00Z,84.9973,0.59965,119.969
2026-01-07T00:52:00Z,85.0104,0.60008,120.042
2026-01-07T00:53:00Z,84.9773,0.59961,119.952
2026-01-07T00:54:00Z,85.0103,0.60036,120.044
2026-01-07T00:55:00Z,84.9853,0.59958,119.979
2026-01-07T00:56:00Z,85.0235,0.60065,120.016
2026-01-07T00:57:00Z,84.9818,0.59948,119.944
2026-01-07T00:58:00Z,85.0174,0.60037,120.03
2026-01-07T00:59:00Z,84.9859,0.59968,119.96
2026-01-07T01:00:00Z,85.0015,0.60023,120.062
2026-01-07T01:01:00Z,84.9792,0.5996,119.973
2026-01-07T01:02:00Z,85.0079,0.60083,120.029
2026-01-07T01:03:00Z,84.9752,0.59977,119.957
2026-01-07T01:04:00Z,85.0273,0.6004,120.012
2026-01-07T01:05:00Z,84.9999,0.59939,119.946
2026-01-07T01:06:00Z,85.006,0.60045,120.044
2026-01-07T01:07:00Z,84.9735,0.59981,119.971
2026-01-07T01:08:00Z,85.0093,0.60065,120.001
2026-01-07T01:09:00Z,84.9811,0.59924,119.979
2026-01-07T01:10:00Z,85.0167,0.60027,120.02
2026-01-07T01:11:00Z,84.9868,0.59958,119.976
2026-01-07T01:12:00Z,85.0178,0.60047,120.042
2026-01-07T01:13:00Z,84.985,0.59961,119.979
2026-01-07T01:14:00Z,85.0196,0.6007,120.021
2026-01-07T01:15:00Z,84.9816,0.59954,119.97
2026-01-07T01:16:00Z,84.9959,0.60054,120.032
2026-01-07T01:17:00Z,84.9745,0.59972,119.981
2026-01-07T01:18:00Z,85.0155,0.60074,120.025
2026-01-07T01:19:00Z,84.9897,0.59984,119.964
2026-01-07T01:20:00Z,85.0184,0.60067,120.019
2026-01-07T01:21:00Z,85.001,0.59935,119.995
2026-01-07T01:22:00Z,85.0267,0.60045,120.025
2026-01-07T01:23:00Z,84.9876,0.59972,119.972
2026-01-07T01:24:00Z,85.0181,0.60038,120.02
2026-01-07T01:25:00Z,84.9773,0.59974,119.942
2026-01-07T01:26:00Z,85.0205,0.60029,120.051
2026-01-07T01:27:00Z,84.9852,0.59979,119.973
2026-01-07T01:28:00Z,85.0183,0.60047,120.002
2026-01-07T01:29:00Z,84.9897,0.59946,119.948
2026-01-07T01:30:00Z,85.0074,0.60021,120.032
2026-01-07T01:31:00Z,84.9794,0.59967,119.964
2026-01-07T01:32:00Z,84.9939,0.60045,120.036
2026-01-07T01:33:00Z,84.9878,0.59981,119.932
2026-01-07T01:34:00Z,85.0085,0.60065,120.019
2026-01-07T01:35:00Z,85.0056,0.59951,119.977
2026-01-07T01:36:00Z,85.0279,0.60043,120.041
2026-01-07T01:37:00Z,84.9986,0.59949,119.968
2026-01-07T01:38:00Z,85.0241,0.60037,120.045
2026-01-07T01:39:00Z,84.9898,0.59961,119.973
2026-01-07T01:40:00Z,85.0109,0.60047,120.033
2026-01-07T01:41:00Z,84.9826,0.59926,119.973
2026-01-07T01:42:00Z,85.0128,0.60056,120.033
2026-01-07T01:43:00Z,84.9937,0.59951,119.937
2026-01-07T01:44:00Z,85.016,0.6004,120.035
2026-01-07T01:45:00Z,84.9862,0.59966,119.98
2026-01-07T01:46:00Z,85.0175,0.6006,120.022
2026-01-07T01:47:00Z,84.9856,0.60003,119.969
2026-01-07T01:48:00Z,85.0147,0.60031,120.024
2026-01-07T01:49:00Z,84.962,0.59929,119.997
2026-01-07T01:50:00Z,85.015,0.60069,120.022
2026-01-07T01:51:00Z,84.9902,0.59953,119.979
2026-01-07T01:52:00Z,85.0173,0.60055,120.023
2026-01-07T01:53:00Z,84.976,0.59954,119.975
2026-01-07T01:54:00Z,85.0085,0.6005,120.046
2026-01-07T01:55:00Z,84.9824,0.59945,119.969
2026-01-07T01:56:00Z,85.007,0.60062,120.039
2026-01-07T01:57:00Z,84.9844,0.59957,119.966
2026-01-07T01:58:00Z,85.0277,0.60048,120.041
2026-01-07T01:59:00Z,84.9852,0.59941,119.961
2026-01-07T02:00:00Z,85.0259,0.6005,120.048
2026-01-07T02:01:00Z,84.9963,0.5995,119.959
2026-01-07T02:02:00Z,85.0218,0.60039,120.038
2026-01-07T02:03:00Z,84.9797,0.59969,119.98
2026-01-07T02:04:00Z,85.014,0.60015,119.985
2026-01-07T02:05:00Z,84.9795,0.59945,119.968
2026-01-07T02:06:00Z,85.0266,0.60044,120.02
2026-01-07T02:07:00Z,85.0028,0.59962,119.958
2026-01-07T02:08:00Z,85.0228,0.60063,120.042
2026-01-07T02:09:00Z,84.9762,0.59955,119.944
2026-01-07T02:10:00Z,85.0037,0.60041,120.016
2026-01-07T02:11:00Z,84.979,0.5995,119.998
2026-01-07T02:12:00Z,85.0217,0.59997,120.024
2026-01-07T02:13:00Z,84.974,0.59957,119.988
2026-01-07T02:14:00Z,85.0102,0.60056,120.035
2026-01-07T02:15:00Z,84.9853,0.59944,119.962
2026-01-07T02:16:00Z,85.022,0.60061,120.037
2026-01-07T02:17:00Z,84.9863,0.59993,119.967
2026-01-07T02:18:00Z,85.0154,0.59991,120.039
2026-01-07T02:19:00Z,84.9771,0.59948,119.949
2026-01-07T02:20:00Z,85.0131,0.6004,120.005
2026-01-07T02:21:00Z,84.9985,0.59957,119.979
2026-01-07T02:22:00Z,85.0164,0.59972,120.043
2026-01-07T02:23:00Z,84.9917,0.59962,119.984
2026-01-07T02:24:00Z,85.0174,0.60045,120.045
2026-01-07T02:25:00Z,84.9858,0.59954,119.967
2026-01-07T02:26:00Z,85.0073,0.6005,120.024
2026-01-07T02:27:00Z,84.9905,0.59981,119.991
2026-01-07T02:28:00Z,85.0105,0.60051,120.048
2026-01-07T02:29:00Z,84.9708,0.59958,119.952
2026-01-07T02:30:00Z,85.0132,0.60054,120.053
2026-01-07T02:31:00Z,84.9989,0.59963,119.958
2026-01-07T02:32:00Z,85.018,0.60065,120.011
2026-01-07T02:33:00Z,84.9809,0.59945,119.983
2026-01-07T02:34:00Z,85.0276,0.60011,120.007
2026-01-07T02:35:00Z,84.9718,0.60011,119.966
2026-01-07T02:36:00Z,85.0135,0.60036,120.03
2026-01-07T02:37:00Z,84.9874,0.59947,119.956
2026-01-07T02:38:00Z,85.007,0.60027,120.043
2026-01-07T02:39:00Z,84.9817,0.59932,119.953
2026-01-07T02:40:00Z,85.0236,0.60055,120.024
2026-01-07T02:41:00Z,84.9933,0.59936,119.962
2026-01-07T02:42:00Z,85.0148,0.60019,120.042
2026-01-07T02:43:00Z,84.9871,0.59984,119.93
2026-01-07T02:44:00Z,85.0027,0.60039,120.021
2026-01-07T02:45:00Z,84.9854,0.59989,119.955
2026-01-07T02:46:00Z,85.0216,0.60066,120.034
2026-01-07T02:47:00Z,84.9823,0.59969,119.956
2026-01-07T02:48:00Z,85.0094,0.60047,120.033
2026-01-07T02:49:00Z,84.9879,0.59943,119.967
2026-01-07T02:50:00Z,85.0285,0.60076,120.009
2026-01-07T02:51:00Z,84.9783,0.59967,119.985
2026-01-07T02:52:00Z,85.0175,0.60014,120.031
2026-01-07T02:53:00Z,84.9836,0.59989,119.982
2026-01-07T02:54:00Z,85.0198,0.60043,120.041
2026-01-07T02:55:00Z,84.981,0.59963,119.969
2026-01-07T02:56:00Z,85.014,0.60064,120.038
2026-01-07T02:57:00Z,84.9885,0.59948,119.978
2026-01-07T02:58:00Z,85.0226,0.60029,120.047
2026-01-07T02:59:00Z,84.973,0.59986,119.98
2026-01-07T03:00:00Z,85.0246,0.60035,120.01
2026-01-07T03:01:00Z,84.9881,0.5991,119.974
2026-01-07T03:02:00Z,85.0104,0.6004,120.024
2026-01-07T03:03:00Z,84.9797,0.59966,119.964
2026-01-07T03:04:00Z,85.0245,0.60021,120.051
2026-01-07T03:05:00Z,84.9776,0.5998,119.998
2026-01-07T03:06:00Z,85.0243,0.60031,120.021
2026-01-07T03:07:00Z,85.0025,0.59951,119.958
2026-01-07T03:08:00Z,85.0183,0.60037,120.047
2026-01-07T03:09:00Z,84.9872,0.59964,119.967
2026-01-07T03:10:00Z,85.0085,0.60079,120.035
2026-01-07T03:11:00Z,84.98,0.59977,119.984
2026-01-07T03:12:00Z,85.0044,0.60021,120.017
2026-01-07T03:13:00Z,84.992,0.59935,119.958
2026-01-07T03:14:00Z,85.0179,0.60035,120.044
2026-01-07T03:15:00Z,84.9878,0.59961,119.978
2026-01-07T03:16:00Z,85.023,0.60046,120.04
2026-01-07T03:17:00Z,84.9765,0.59948,119.951
2026-01-07T03:18:00Z,85.0152,0.6005,120.02
2026-01-07T03:19:00Z,84.9765,0.59961,119.943
2026-01-07T03:20:00Z,85.0188,0.60083,120.062
2026-01-07T03:21:00Z,84.9795,0.59982,119.984
2026-01-07T03:22:00Z,85.0198,0.60009,120.032
2026-01-07T03:23:00Z,84.9673,0.59999,119.97
2026-01-07T03:24:00Z,85.0112,0.60021,120.032
2026-01-07T03:25:00Z,84.9797,0.59983,119.981
2026-01-07T03:26:00Z,85.0174,0.60031,120.032
2026-01-07T03:27:00Z,84.9795,0.59952,119.979
2026-01-07T03:28:00Z,85.0201,0.60036,120.022
2026-01-07T03:29:00Z,84.9828,0.59974,119.987
2026-01-07T03:30:00Z,85.0138,0.60048,120.047
2026-01-07T03:31:00Z,84.987,0.59972,119.955
2026-01-07T03:32:00Z,85.0211,0.60067,120.047
2026-01-07T03:33:00Z,84.9761,0.59932,119.975
2026-01-07T03:34:00Z,85.0302,0.60054,120.065
2026-01-07T03:35:00Z,84.9875,0.59943,119.968
2026-01-07T03:36:00Z,85.025,0.60042,120.053
2026-01-07T03:37:00Z,84.989,0.59979,119.968
2026-01-07T03:38:00Z,85.0128,0.60012,120.028
2026-01-07T03:39:00Z,84.9713,0.59942,119.972
2026-01-07T03:40:00Z,85.017,0.60076,120.076
2026-01-07T03:41:00Z,84.9876,0.59978,119.984
2026-01-07T03:42:00Z,85.0243,0.60049,120.051
2026-01-07T03:43:00Z,84.9784,0.59931,119.969
2026-01-07T03:44:00Z,85.0201,0.60055,120.044
2026-01-07T03:45:00Z,84.9701,0.59939,119.965
2026-01-07T03:46:00Z,85.0169,0.60039,120.03
2026-01-07T03:47:00Z,84.9932,0.59986,119.958
2026-01-07T03:48:00Z,85.0203,0.60051,120.024
2026-01-07T03:49:00Z,84.9833,0.59977,119.984
2026-01-07T03:50:00Z,85.0161,0.60054,120.02
2026-01-07T03:51:00Z,84.9835,0.59978,119.978
2026-01-07T03:52:00Z,85.0156,0.60057,120.038
2026-01-07T03:53:00Z,84.9862,0.60001,119.96
2026-01-07T03:54:00Z,85.0262,0.60073,120.036
2026-01-07T03:55:00Z,84.9873,0.5995,119.958
2026-01-07T03:56:00Z,85.0171,0.6004,120.019
2026-01-07T03:57:00Z,84.9758,0.59974,119.949
2026-01-07T03:58:00Z,85.0232,0.60049,120.023
2026-01-07T03:59:00Z,84.97,0.59964,119.978
2026-01-07T04:00:00Z,85.0153,0.60049,120.031
2026-01-07T04:01:00Z,84.9823,0.59974,119.984
2026-01-07T04:02:00Z,85.0146,0.60039,120.012
2026-01-07T04:03:00Z,84.9794,0.5994,119.972
2026-01-07T04:04:00Z,85.021,0.60041,120.043
2026-01-07T04:05:00Z,84.9946,0.59987,119.972
2026-01-07T04:06:00Z,85.0101,0.60038,120.045
2026-01-07T04:07:00Z,84.988,0.59966,119.983
2026-01-07T04:08:00Z,85.0147,0.60002,120.042
2026-01-07T04:09:00Z,84.9736,0.59935,119.959
2026-01-07T04:10:00Z,85.0257,0.6003,120.035
2026-01-07T04:11:00Z,84.9868,0.59938,119.957
2026-01-07T04:12:00Z,85.0116,0.60035,120.032
2026-01-07T04:13:00Z,84.9878,0.59978,119.976
2026-01-07T04:14:00Z,85.0237,0.60049,120.047
2026-01-07T04:15:00Z,84.9889,0.5995,119.967
2026-01-07T04:16:00Z,85.0167,0.60065,120.009
2026-01-07T04:17:00Z,84.9842,0.59945,120.01
2026-01-07T04:18:00Z,85.0179,0.60018,120.036
2026-01-07T04:19:00Z,84.9996,0.59966,119.944
2026-01-07T04:20:00Z,85.0206,0.60048,120.019
2026-01-07T04:21:00Z,84.9965,0.59967,119.945
2026-01-07T04:22:00Z,85.0171,0.60055,120.054
2026-01-07T04:23:00Z,84.9862,0.59933,119.968
2026-01-07T04:24:00Z,85.0108,0.60005,120.041
2026-01-07T04:25:00Z,84.9977,0.5993,119.964
2026-01-07T04:26:00Z,85.0012,0.60029,120.036
2026-01-07T04:27:00Z,84.9863,0.59925,119.996
2026-01-07T04:28:00Z,85.0146,0.60021,120.037
2026-01-07T04:29:00Z,84.977,0.59984,119.978
2026-01-07T04:30:00Z,85.0247,0.60039,120.021
2026-01-07T04:31:00Z,84.9716,0.5996,119.972
2026-01-07T04:32:00Z,85.0127,0.60044,120.027
2026-01-07T04:33:00Z,84.9779,0.59964,119.982
2026-01-07T04:34:00Z,85.0222,0.60044,120.045
2026-01-07T04:35:00Z,84.9571,0.59916,119.987
2026-01-07T04:36:00Z,85.0199,0.60033,120.018
2026-01-07T04:37:00Z,84.9746,0.59937,119.979
2026-01-07T04:38:00Z,85.0197,0.60038,120.014
2026-01-07T04:39:00Z,84.9843,0.59986,119.959
2026-01-07T04:40:00Z,85.0163,0.60061,120.016
2026-01-07T04:41:00Z,84.9729,0.59972,119.969
2026-01-07T04:42:00Z,85.014,0.6002,120.029
2026-01-07T04:43:00Z,84.9729,0.59959,119.967
2026-01-07T04:44:00Z,85.0049,0.60064,120.022
2026-01-07T04:45:00Z,84.9819,0.59937,119.976
2026-01-07T04:46:00Z,85.0278,0.60031,120.066
2026-01-07T04:47:00Z,84.9682,0.5998,119.956
2026-01-07T04:48:00Z,85.0174,0.60053,120.024
2026-01-07T04:49:00Z,84.9748,0.5996,119.962
2026-01-07T04:50:00Z,85.0179,0.60045,120.027
2026-01-07T04:51:00Z,84.989,0.59944,119.983
2026-01-07T04:52:00Z,85.0126,0.60062,120.03
2026-01-07T04:53:00Z,84.9834,0.59944,119.968
2026-01-07T04:54:00Z,85.034,0.60061,120.036
2026-01-07T04:55:00Z,84.9818,0.59969,119.945
2026-01-07T04:56:00Z,85.0378,0.60042,120.027
2026-01-07T04:57:00Z,84.9864,0.59933,119.974
2026-01-07T04:58:00Z,85.0244,0.60041,119.999
2026-01-07T04:59:00Z,84.9923,0.59997,119.975
2026-01-07T05:00:00Z,85.0035,0.60065,120.035
2026-01-07T05:01:00Z,84.9802,0.59959,120.003
2026-01-07T05:02:00Z,85.0164,0.60045,120.045
2026-01-07T05:03:00Z,84.9917,0.59958,119.977
2026-01-07T05:04:00Z,85.0093,0.60058,120.014
2026-01-07T05:05:00Z,84.9722,0.59946,119.96
2026-01-07T05:06:00Z,85.0038,0.60024,120.009
2026-01-07T05:07:00Z,84.9844,0.59978,119.971
2026-01-07T05:08:00Z,85.0251,0.60046,120.013
2026-01-07T05:09:00Z,84.9774,0.59948,119.968
2026-01-07T05:10:00Z,85.0296,0.60022,120.01
2026-01-07T05:11:00Z,84.9644,0.59961,119.983
2026-01-07T05:12:00Z,85.028,0.6001,120.041
2026-01-07T05:13:00Z,84.9853,0.59972,119.976
2026-01-07T05:14:00Z,85.0274,0.60037,120.022
2026-01-07T05:15:00Z,84.988,0.5994,119.954
2026-01-07T05:16:00Z,85.0155,0.60017,120.018
2026-01-07T05:17:00Z,84.9823,0.59959,119.955
2026-01-07T05:18:00Z,85.0183,0.6002,120.028
2026-01-07T05:19:00Z,84.9837,0.59949,119.991
2026-01-07T05:20:00Z,85.0365,0.60017,120.023
2026-01-07T05:21:00Z,84.9765,0.59963,119.966
2026-01-07T05:22:00Z,85.0115,0.60041,120.036
2026-01-07T05:23:00Z,84.9781,0.59948,119.953
2026-01-07T05:24:00Z,85.0193,0.60021,120.029
2026-01-07T05:25:00Z,84.9908,0.59934,119.998
2026-01-07T05:26:00Z,85.0158,0.6002,120.016
2026-01-07T05:27:00Z,84.9829,0.59961,119.973
2026-01-07T05:28:00Z,85.0088,0.60066,120.044
2026-01-07T05:29:00Z,84.9871,0.59967,119.956
2026-01-07T05:30:00Z,85.0172,0.60054,120.019
2026-01-07T05:31:00Z,84.9867,0.59949,119.975
2026-01-07T05:32:00Z,85.0039,0.60041,120.065
2026-01-07T05:33:00Z,84.9808,0.59938,119.973
2026-01-07T05:34:00Z,85.0075,0.60031,120.038
2026-01-07T05:35:00Z,84.992,0.59954,119.98
2026-01-07T05:36:00Z,85.0148,0.60038,119.993
2026-01-07T05:37:00Z,84.984,0.59992,119.962
2026-01-07T05:38:00Z,85.0106,0.60068,120.057
2026-01-07T05:39:00Z,84.9874,0.59961,119.975
2026-01-07T05:40:00Z,85.0098,0.60073,120.045
2026-01-07T05:41:00Z,84.995,0.59953,119.96
2026-01-07T05:42:00Z,85.0172,0.60039,120.039
2026-01-07T05:43:00Z,84.9924,0.59953,119.992
2026-01-07T05:44:00Z,85.0166,0.60043,120.037
2026-01-07T05:45:00Z,84.9936,0.59953,119.94
2026-01-07T05:46:00Z,85.006,0.60046,119.993
2026-01-07T05:47:00Z,84.9857,0.59931,119.953
2026-01-07T05:48:00Z,85.0076,0.60018,120.028
2026-01-07T05:49:00Z,84.9785,0.59961,119.961
2026-01-07T05:50:00Z,85.0188,0.60048,120.02
2026-01-07T05:51:00Z,84.9857,0.5997,119.974
2026-01-07T05:52:00Z,85.0248,0.60059,120.02
2026-01-07T05:53:00Z,84.9786,0.59966,119.979
2026-01-07T05:54:00Z,85.0149,0.60053,120.024
2026-01-07T05:55:00Z,84.9884,0.59927,120.004
2026-01-07T05:56:00Z,85.0241,0.60013,120.022
2026-01-07T05:57:00Z,84.9864,0.59971,119.977
2026-01-07T05:58:00Z,85.0087,0.60018,120.025
2026-01-07T05:59:00Z,84.9735,0.59944,119.964
2026-01-07T06:00:00Z,85.0027,0.60023,120.046
2026-01-07T06:01:00Z,84.9873,0.59939,119.974
2026-01-07T06:02:00Z,85.0077,0.60043,120.031
2026-01-07T06:03:00Z,84.9777,0.59987,119.942
2026-01-07T06:04:00Z,85.0216,0.59985,120.03
2026-01-07T06:05:00Z,84.9901,0.59977,119.959
2026-01-07T06:06:00Z,85.0188,0.60066,120.037
2026-01-07T06:07:00Z,84.9841,0.59983,119.957
2026-01-07T06:08:00Z,85.0043,0.60044,120.036
2026-01-07T06:09:00Z,84.9869,0.59927,119.965
2026-01-07T06:10:00Z,85.0198,0.59983,120.053
2026-01-07T06:11:00Z,84.9898,0.59962,119.959
2026-01-07T06:12:00Z,85.0041,0.6003,120.026
2026-01-07T06:13:00Z,84.9699,0.5996,119.983
2026-01-07T06:14:00Z,85.0154,0.6002,120.002
2026-01-07T06:15:00Z,84.9808,0.59957,119.979
2026-01-07T06:16:00Z,85.0215,0.60028,120.042
2026-01-07T06:17:00Z,84.9788,0.59942,119.966
2026-01-07T06:18:00Z,85.0205,0.60038,120.04
2026-01-07T06:19:00Z,84.9699,0.59889,120.002
2026-01-07T06:20:00Z,85.0299,0.6003,120.05
2026-01-07T06:21:00Z,84.984,0.59951,119.974
2026-01-07T06:22:00Z,84.9976,0.60069,120.029
2026-01-07T06:23:00Z,84.9723,0.59998,119.951
2026-01-07T06:24:00Z,85.0195,0.60048,120.052
2026-01-07T06:25:00Z,84.9884,0.59936,119.938
2026-01-07T06:26:00Z,85.0145,0.60017,120.02
2026-01-07T06:27:00Z,84.9789,0.59969,119.945
2026-01-07T06:28:00Z,85.0107,0.60041,120.033
2026-01-07T06:29:00Z,84.9799,0.59958,119.967
2026-01-07T06:30:00Z,85.0172,0.60052,120.033
2026-01-07T06:31:00Z,84.9658,0.59966,119.972
2026-01-07T06:32:00Z,85.0128,0.60049,120.041
2026-01-07T06:33:00Z,84.9881,0.59966,119.95
2026-01-07T06:34:00Z,85.0146,0.60048,120.042
2026-01-07T06:35:00Z,84.9687,0.59948,119.953
2026-01-07T06:36:00Z,85.0216,0.60025,120.007
2026-01-07T06:37:00Z,84.9779,0.59955,119.98
2026-01-07T06:38:00Z,85.001,0.6001,120.012
2026-01-07T06:39:00Z,84.98,0.59924,119.964
2026-01-07T06:40:00Z,85.0262,0.59988,120.06
2026-01-07T06:41:00Z,84.9803,0.59992,119.993
2026-01-07T06:42:00Z,85.0119,0.60073,120.023
2026-01-07T06:43:00Z,84.986,0.59936,119.968
2026-01-07T06:44:00Z,85.0069,0.60054,120.033
2026-01-07T06:45:00Z,84.9818,0.59957,119.985
2026-01-07T06:46:00Z,85.0207,0.60016,119.996
2026-01-07T06:47:00Z,84.9752,0.59973,119.965
2026-01-07T06:48:00Z,85.0153,0.60052,120.022
2026-01-07T06:49:00Z,84.9739,0.59941,119.951
2026-01-07T06:50:00Z,85.0225,0.60027,120.018
2026-01-07T06:51:00Z,84.9883,0.59955,119.96
2026-01-07T06:52:00Z,85.0301,0.60046,120.046
2026-01-07T06:53:00Z,84.9891,0.59981,119.943
2026-01-07T06:54:00Z,85.0163,0.6007,120.023
2026-01-07T06:55:00Z,84.9743,0.59951,119.979
2026-01-07T06:56:00Z,85.0138,0.60032,120.014
2026-01-07T06:57:00Z,84.9981,0.59977,119.97
2026-01-07T06:58:00Z,85.0103,0.60059,120.024
2026-01-07T06:59:00Z,84.9996,0.59972,119.977
2026-01-07T07:00:00Z,85.0115,0.60057,120.023
2026-01-07T07:01:00Z,84.9781,0.59965,119.981
2026-01-07T07:02:00Z,85.0197,0.60004,120.02
2026-01-07T07:03:00Z,84.9802,0.59963,119.996
2026-01-07T07:04:00Z,85.0266,0.60021,120.045
2026-01-07T07:05:00Z,84.9827,0.59987,119.97
2026-01-07T07:06:00Z,85.0072,0.60045,120.031
2026-01-07T07:07:00Z,84.9902,0.59977,119.949
2026-01-07T07:08:00Z,85.0231,0.60089,120.056
2026-01-07T07:09:00Z,84.9841,0.59937,119.956
2026-01-07T07:10:00Z,85.0131,0.60063,120.029
2026-01-07T07:11:00Z,84.9865,0.59961,119.959
2026-01-07T07:12:00Z,85.0331,0.60033,120.021
2026-01-07T07:13:00Z,84.9941,0.59971,119.981
2026-01-07T07:14:00Z,85.0177,0.60038,120.009
2026-01-07T07:15:00Z,84.9692,0.59948,119.983
2026-01-07T07:16:00Z,85.0065,0.60033,120.023
2026-01-07T07:17:00Z,84.967,0.5993,119.951
2026-01-07T07:18:00Z,85.0032,0.60043,120.041
2026-01-07T07:19:00Z,84.9715,0.59948,119.988
2026-01-07T07:20:00Z,85.0307,0.60066,120.03
2026-01-07T07:21:00Z,84.9776,0.59946,119.969
2026-01-07T07:22:00Z,85.0218,0.60051,120.042
2026-01-07T07:23:00Z,84.9826,0.59966,119.974
2026-01-07T07:24:00Z,85.0114,0.59995,120.041
2026-01-07T07:25:00Z,84.9745,0.59943,119.978
2026-01-07T07:26:00Z,85.0044,0.60064,120.011
2026-01-07T07:27:00Z,85.005,0.59945,119.984
2026-01-07T07:28:00Z,85.0218,0.60028,120.01
2026-01-07T07:29:00Z,84.988,0.59975,119.966
2026-01-07T07:30:00Z,85.0325,0.60041,120.046
2026-01-07T07:31:00Z,84.9908,0.59935,119.971
2026-01-07T07:32:00Z,85.0221,0.60066,120.023
2026-01-07T07:33:00Z,84.9776,0.59957,119.962
2026-01-07T07:34:00Z,85.009,0.60062,120.042
2026-01-07T07:35:00Z,84.9918,0.59952,119.982
2026-01-07T07:36:00Z,85.0222,0.60037,119.997
2026-01-07T07:37:00Z,84.9874,0.59948,119.969
2026-01-07T07:38:00Z,85.0161,0.60029,120.025
2026-01-07T07:39:00Z,84.9896,0.5997,119.958
2026-01-07T07:40:00Z,85.0034,0.60043,120.033
2026-01-07T07:41:00Z,84.9799,0.59981,119.983
2026-01-07T07:42:00Z,85.0189,0.60032,120.021
2026-01-07T07:43:00Z,84.9837,0.59949,119.982
2026-01-07T07:44:00Z,85.016,0.6003,120.021
2026-01-07T07:45:00Z,84.9965,0.59964,119.981
2026-01-07T07:46:00Z,85.0055,0.60108,120.008
2026-01-07T07:47:00Z,84.9828,0.59972,119.978
2026-01-07T07:48:00Z,85.0225,0.59999,120.033
2026-01-07T07:49:00Z,84.9831,0.59958,119.954
2026-01-07T07:50:00Z,85.0206,0.60046,120.053
2026-01-07T07:51:00Z,84.994,0.59969,119.96
2026-01-07T07:52:00Z,85.0062,0.60026,120.029
2026-01-07T07:53:00Z,84.9716,0.59958,119.952
2026-01-07T07:54:00Z,84.9985,0.60067,120.02
2026-01-07T07:55:00Z,84.9832,0.59946,119.955
2026-01-07T07:56:00Z,85.0221,0.60053,120.037
2026-01-07T07:57:00Z,84.982,0.59971,119.951
2026-01-07T07:58:00Z,85.0294,0.60018,120.031
2026-01-07T07:59:00Z,84.9884,0.59975,119.964
2026-01-07T08:00:00Z,85.0081,0.60058,120.021
2026-01-07T08:01:00Z,84.9942,0.5999,119.983
2026-01-07T08:02:00Z,85.0125,0.60034,120.041
2026-01-07T08:03:00Z,84.9906,0.59979,119.958
2026-01-07T08:04:00Z,85.0046,0.60068,120.027
2026-01-07T08:05:00Z,84.9995,0.59984,119.98
2026-01-07T08:06:00Z,85.0212,0.60049,120.039
2026-01-07T08:07:00Z,84.9866,0.59947,119.988
2026-01-07T08:08:00Z,85.0136,0.60022,120.023
2026-01-07T08:09:00Z,84.9751,0.59916,119.987
2026-01-07T08:10:00Z,85.0096,0.60071,120.039
2026-01-07T08:11:00Z,84.9815,0.59975,119.974
2026-01-07T08:12:00Z,85.0304,0.60019,120.024
2026-01-07T08:13:00Z,85.0041,0.59958,119.994
2026-01-07T08:14:00Z,85.0113,0.60044,120.041
2026-01-07T08:15:00Z,84.9852,0.5996,119.969
2026-01-07T08:16:00Z,85.021,0.60018,120.018
2026-01-07T08:17:00Z,84.9913,0.59958,119.968
2026-01-07T08:18:00Z,85.0125,0.60008,120.029
2026-01-07T08:19:00Z,84.9914,0.59947,119.967
2026-01-07T08:20:00Z,85.0179,0.60019,120.019
2026-01-07T08:21:00Z,84.9934,0.5995,119.979
2026-01-07T08:22:00Z,85.0173,0.60043,120.036
2026-01-07T08:23:00Z,84.9666,0.59985,119.969
2026-01-07T08:24:00Z,85.0098,0.6006,120.059
2026-01-07T08:25:00Z,85.0002,0.5997,119.961
2026-01-07T08:26:00Z,85.0239,0.60014,120.002
2026-01-07T08:27:00Z,84.9988,0.59923,119.98
2026-01-07T08:28:00Z,85.0182,0.60007,120.016
2026-01-07T08:29:00Z,84.9957,0.59955,120.018
2026-01-07T08:30:00Z,85.032,0.60051,120.04
2026-01-07T08:31:00Z,84.9882,0.59989,119.988
2026-01-07T08:32:00Z,85.0219,0.60048,120.015
2026-01-07T08:33:00Z,84.9951,0.59957,119.979
2026-01-07T08:34:00Z,85.0103,0.60031,120.036
2026-01-07T08:35:00Z,84.9874,0.59956,119.934
2026-01-07T08:36:00Z,85.0189,0.6002,120.025
2026-01-07T08:37:00Z,84.9752,0.59961,119.963
2026-01-07T08:38:00Z,85.0263,0.60035,120.038
2026-01-07T08:39:00Z,84.9898,0.59945,119.998
2026-01-07T08:40:00Z,85.0143,0.60043,120.052
2026-01-07T08:41:00Z,84.9788,0.59958,119.96
2026-01-07T08:42:00Z,85.028,0.60071,120.017
2026-01-07T08:43:00Z,84.9784,0.59977,119.961
2026-01-07T08:44:00Z,85.0121,0.60021,120.034
2026-01-07T08:45:00Z,84.9836,0.59977,119.971
2026-01-07T08:46:00Z,85.0153,0.60032,120.029
2026-01-07T08:47:00Z,84.9773,0.59951,119.962
2026-01-07T08:48:00Z,85.0218,0.60041,120.011
2026-01-07T08:49:00Z,84.9815,0.59928,119.942
2026-01-07T08:50:00Z,85.0211,0.59999,120.044
2026-01-07T08:51:00Z,84.9812,0.59975,119.979
2026-01-07T08:52:00Z,85.0206,0.60017,120.025
2026-01-07T08:53:00Z,84.9895,0.59974,119.975
2026-01-07T08:54:00Z,85.0111,0.601,120.021
2026-01-07T08:55:00Z,84.9764,0.59951,119.968
2026-01-07T08:56:00Z,85.0308,0.60064,120.031
2026-01-07T08:57:00Z,84.9784,0.5993,119.984
2026-01-07T08:58:00Z,85.0224,0.59994,120.05
2026-01-07T08:59:00Z,84.9794,0.59984,119.98
2026-01-07T09:00:00Z,85.0085,0.60023,120.047
2026-01-07T09:01:00Z,84.9869,0.59931,119.973
2026-01-07T09:02:00Z,85.0222,0.60065,120.022
2026-01-07T09:03:00Z,84.9792,0.59935,119.976
2026-01-07T09:04:00Z,85.02,0.60042,120.031
2026-01-07T09:05:00Z,84.9781,0.59982,119.976
2026-01-07T09:06:00Z,85.0133,0.60018,120.012
2026-01-07T09:07:00Z,84.9791,0.59963,119.972
2026-01-07T09:08:00Z,85.016,0.60054,120.041
2026-01-07T09:09:00Z,84.9925,0.59981,119.979
2026-01-07T09:10:00Z,85.0188,0.60009,120.02
2026-01-07T09:11:00Z,84.9853,0.59973,119.948
2026-01-07T09:12:00Z,85.0083,0.60006,120.049
2026-01-07T09:13:00Z,84.9906,0.59961,119.98
2026-01-07T09:14:00Z,85.0155,0.60058,120.035
2026-01-07T09:15:00Z,84.9852,0.59948,119.963
2026-01-07T09:16:00Z,85.018,0.60051,120.059
2026-01-07T09:17:00Z,84.9941,0.59944,119.976
2026-01-07T09:18:00Z,85.0051,0.60054,120.03
2026-01-07T09:19:00Z,84.9889,0.59949,119.981
2026-01-07T09:20:00Z,85.0175,0.60023,120.027
2026-01-07T09:21:00Z,84.9899,0.5995,119.984
2026-01-07T09:22:00Z,85.0245,0.60062,120.059
2026-01-07T09:23:00Z,84.9788,0.59964,119.955
2026-01-07T09:24:00Z,85.0299,0.60055,120.023
2026-01-07T09:25:00Z,84.977,0.59975,119.985
2026-01-07T09:26:00Z,85.0145,0.60015,120.021
2026-01-07T09:27:00Z,84.9853,0.59967,119.972
2026-01-07T09:28:00Z,85.0246,0.60005,120.036
2026-01-07T09:29:00Z,84.9726,0.59955,119.984
2026-01-07T09:30:00Z,85.0161,0.60035,120.014
2026-01-07T09:31:00Z,84.9754,0.59953,119.978
2026-01-07T09:32:00Z,85.0196,0.6004,120.044
2026-01-07T09:33:00Z,84.9836,0.59971,119.965
2026-01-07T09:34:00Z,85.0148,0.60029,120.036
2026-01-07T09:35:00Z,84.9913,0.59936,119.974
2026-01-07T09:36:00Z,85.0142,0.60025,120.032
2026-01-07T09:37:00Z,84.9917,0.59978,119.968
2026-01-07T09:38:00Z,84.9963,0.60039,120.05
2026-01-07T09:39:00Z,84.9675,0.59964,119.955
2026-01-07T09:40:00Z,85.0214,0.60029,120.031
2026-01-07T09:41:00Z,84.9812,0.59979,119.973
2026-01-07T09:42:00Z,85.0154,0.60008,120.03
2026-01-07T09:43:00Z,84.9915,0.59937,119.962
2026-01-07T09:44:00Z,85.0235,0.60043,120.043
2026-01-07T09:45:00Z,84.9924,0.59958,119.981
2026-01-07T09:46:00Z,85.0133,0.6008,119.997
2026-01-07T09:47:00Z,84.9919,0.59946,119.983
2026-01-07T09:48:00Z,85.0126,0.60031,120.021
2026-01-07T09:49:00Z,84.9705,0.59966,119.968
2026-01-07T09:50:00Z,85.0236,0.60004,120.017
2026-01-07T09:51:00Z,84.9848,0.59954,119.974
2026-01-07T09:52:00Z,85.0271,0.60046,120.035
2026-01-07T09:53:00Z,84.9896,0.59946,119.983
2026-01-07T09:54:00Z,85.0249,0.60054,120.01
2026-01-07T09:55:00Z,84.9832,0.59965,119.961
2026-01-07T09:56:00Z,85.0056,0.60039,120.019
2026-01-07T09:57:00Z,84.9801,0.59949,119.975
2026-01-07T09:58:00Z,85.0144,0.60056,120.024
2026-01-07T09:59:00Z,84.9797,0.59976,119.954
2026-01-07T10:00:00Z,85.0177,0.60036,120.037
2026-01-07T10:01:00Z,84.968,0.59931,119.973
2026-01-07T10:02:00Z,85.0177,0.59997,120.019
2026-01-07T10:03:00Z,84.9781,0.59986,119.993
2026-01-07T10:04:00Z,85.0237,0.60045,120.034
2026-01-07T10:05:00Z,84.9904,0.59939,119.977
2026-01-07T10:06:00Z,85.0202,0.60027,120.054
2026-01-07T10:07:00Z,84.9917,0.59957,119.971
2026-01-07T10:08:00Z,85.0103,0.60058,119.996
2026-01-07T10:09:00Z,84.9885,0.59956,119.943
2026-01-07T10:10:00Z,85.0143,0.60046,120.034
2026-01-07T10:11:00Z,84.9754,0.59986,119.957
2026-01-07T10:12:00Z,85.0107,0.60078,120.034
2026-01-07T10:13:00Z,84.9934,0.59951,119.985
2026-01-07T10:14:00Z,85.0161,0.60052,120.026
2026-01-07T10:15:00Z,84.9868,0.59951,119.957
2026-01-07T10:16:00Z,85.0319,0.60036,120.024
2026-01-07T10:17:00Z,84.9901,0.59935,119.961
2026-01-07T10:18:00Z,85.0218,0.60046,120.063
2026-01-07T10:19:00Z,85.001,0.5996,119.993
2026-01-07T10:20:00Z,85.0083,0.60052,120.033
2026-01-07T10:21:00Z,84.9813,0.59948,119.965
2026-01-07T10:22:00Z,85.0277,0.60064,120.022
2026-01-07T10:23:00Z,84.9916,0.5994,119.981
2026-01-07T10:24:00Z,85.0064,0.59988,119.999
2026-01-07T10:25:00Z,84.9711,0.59924,119.964
2026-01-07T10:26:00Z,85.0039,0.60039,120.034
2026-01-07T10:27:00Z,84.9784,0.59945,119.975
2026-01-07T10:28:00Z,84.9952,0.60032,120.013
2026-01-07T10:29:00Z,84.9893,0.59953,119.968
2026-01-07T10:30:00Z,85.0185,0.60057,120.012
2026-01-07T10:31:00Z,84.9843,0.59976,119.975
2026-01-07T10:32:00Z,85.0044,0.6004,120.012
2026-01-07T10:33:00Z,84.979,0.59983,119.965
2026-01-07T10:34:00Z,85.0243,0.60058,120.042
2026-01-07T10:35:00Z,84.9707,0.59952,119.954
2026-01-07T10:36:00Z,85.0207,0.60012,120.041
2026-01-07T10:37:00Z,84.9706,0.59977,119.967
2026-01-07T10:38:00Z,85.0008,0.60036,120.022
2026-01-07T10:39:00Z,84.9922,0.5995,119.961
2026-01-07T10:40:00Z,85.0125,0.60028,120.042
2026-01-07T10:41:00Z,84.9836,0.59986,119.963
2026-01-07T10:42:00Z,85.0099,0.60053,120.052
2026-01-07T10:43:00Z,84.9923,0.5994,119.965
2026-01-07T10:44:00Z,85.0123,0.60045,120.023
2026-01-07T10:45:00Z,84.9917,0.59969,119.957
2026-01-07T10:46:00Z,85.0183,0.60078,120.03
2026-01-07T10:47:00Z,84.9806,0.59965,119.994
2026-01-07T10:48:00Z,85.0122,0.59992,120.036
2026-01-07T10:49:00Z,84.9868,0.59952,119.946
2026-01-07T10:50:00Z,85.0096,0.60009,120.042
2026-01-07T10:51:00Z,84.9885,0.5996,119.963
2026-01-07T10:52:00Z,85.0275,0.60027,120.033
2026-01-07T10:53:00Z,85.0004,0.59953,119.958
2026-01-07T10:54:00Z,85.0077,0.6003,120.021
2026-01-07T10:55:00Z,84.9727,0.59935,119.991
2026-01-07T10:56:00Z,85.0034,0.6003,120.012
2026-01-07T10:57:00Z,84.9823,0.59974,119.961
2026-01-07T10:58:00Z,85.0194,0.6002,120.026
2026-01-07T10:59:00Z,84.9675,0.5997,119.967
2026-01-07T11:00:00Z,85.0088,0.6004,120.013
2026-01-07T11:01:00Z,84.9768,0.59958,119.99
2026-01-07T11:02:00Z,85.0178,0.60037,120.034
2026-01-07T11:03:00Z,84.97,0.59956,119.96
2026-01-07T11:04:00Z,85.0134,0.60037,120.025
2026-01-07T11:05:00Z,84.989,0.5996,119.985
2026-01-07T11:06:00Z,85.0215,0.60029,120.018
2026-01-07T11:07:00Z,84.9692,0.59965,119.959
2026-01-07T11:08:00Z,85.0147,0.60022,120.033
2026-01-07T11:09:00Z,84.989,0.59965,119.972
2026-01-07T11:10:00Z,85.0215,0.60032,120.045
2026-01-07T11:11:00Z,84.9846,0.59947,119.946
2026-01-07T11:12:00Z,85.02,0.60029,120.023
2026-01-07T11:13:00Z,84.9823,0.59977,119.953
2026-01-07T11:14:00Z,85.0168,0.60049,120.053
2026-01-07T11:15:00Z,84.9825,0.59991,119.947
2026-01-07T11:16:00Z,85.0286,0.60074,120.042
2026-01-07T11:17:00Z,84.9822,0.5995,119.947
2026-01-07T11:18:00Z,85.0132,0.60017,120.03
2026-01-07T11:19:00Z,84.9833,0.59989,119.973
2026-01-07T11:20:00Z,85.0234,0.60067,120.049
2026-01-07T11:21:00Z,84.9926,0.59992,119.974
2026-01-07T11:22:00Z,85.0117,0.60021,120.014
2026-01-07T11:23:00Z,84.9872,0.59949,119.98
2026-01-07T11:24:00Z,85.0189,0.60035,120.029
2026-01-07T11:25:00Z,84.9894,0.59947,119.983
2026-01-07T11:26:00Z,85.02,0.60075,120.035
2026-01-07T11:27:00Z,84.9872,0.59986,119.955
2026-01-07T11:28:00Z,85.0098,0.60021,120.043
2026-01-07T11:29:00Z,84.9874,0.59969,119.983
2026-01-07T11:30:00Z,85.0315,0.60048,120.021
2026-01-07T11:31:00Z,84.9825,0.5994,119.994
2026-01-07T11:32:00Z,85.0181,0.60007,120.038
2026-01-07T11:33:00Z,84.9977,0.59942,119.969
2026-01-07T11:34:00Z,85.0181,0.60054,120.003
2026-01-07T11:35:00Z,84.9847,0.59888,119.991
2026-01-07T11:36:00Z,84.9979,0.60048,120.01
2026-01-07T11:37:00Z,84.9896,0.59956,119.975
2026-01-07T11:38:00Z,85.0165,0.60017,120.043
2026-01-07T11:39:00Z,84.9939,0.59959,119.968
2026-01-07T11:40:00Z,85.0313,0.60055,120.018
2026-01-07T11:41:00Z,84.9779,0.59989,119.951
2026-01-07T11:42:00Z,85.0266,0.6003,120.021
2026-01-07T11:43:00Z,84.9842,0.59926,119.963
2026-01-07T11:44:00Z,85.0197,0.60038,120.033
2026-01-07T11:45:00Z,84.975,0.59963,119.975
2026-01-07T11:46:00Z,85.0351,0.60037,120.012
2026-01-07T11:47:00Z,84.9789,0.59951,119.954
2026-01-07T11:48:00Z,85.0247,0.6002,120.035
2026-01-07T11:49:00Z,84.9984,0.59975,119.967
2026-01-07T11:50:00Z,85.0216,0.60018,120.027
2026-01-07T11:51:00Z,84.9739,0.59978,119.98
2026-01-07T11:52:00Z,85.0087,0.60004,120.056
2026-01-07T11:53:00Z,84.977,0.5994,119.974
2026-01-07T11:54:00Z,85.0175,0.60016,120.044
2026-01-07T11:55:00Z,84.9927,0.5997,119.986
2026-01-07T11:56:00Z,85.0094,0.60031,120.015
2026-01-07T11:57:00Z,84.9897,0.59951,119.976
2026-01-07T11:58:00Z,85.0177,0.60026,120.021
2026-01-07T11:59:00Z,84.9815,0.59981,119.97
2026-01-07T12:00:00Z,85.0015,0.6006,120.03
2026-01-07T12:01:00Z,84.985,0.59969,119.988
2026-01-07T12:02:00Z,85.0225,0.60044,120.022
2026-01-07T12:03:00Z,84.9727,0.59967,119.952
2026-01-07T12:04:00Z,85.015,0.60002,120.067
2026-01-07T12:05:00Z,84.9817,0.5997,120.02
2026-01-07T12:06:00Z,85.0199,0.60081,120.054
2026-01-07T12:07:00Z,84.992,0.59951,119.963
2026-01-07T12:08:00Z,85.0187,0.60074,120.033
2026-01-07T12:09:00Z,84.976,0.59954,119.973
2026-01-07T12:10:00Z,85.0295,0.60039,120.017
2026-01-07T12:11:00Z,84.9787,0.59959,119.957
2026-01-07T12:12:00Z,85.0199,0.60043,120.046
2026-01-07T12:13:00Z,84.98,0.59962,119.986
2026-01-07T12:14:00Z,85.0198,0.60051,120.021
2026-01-07T12:15:00Z,84.9785,0.59946,119.957
2026-01-07T12:16:00Z,85.0183,0.60025,120.044
2026-01-07T12:17:00Z,84.9939,0.59937,119.987
2026-01-07T12:18:00Z,85.0106,0.60054,120.014
2026-01-07T12:19:00Z,84.9799,0.59959,119.966
2026-01-07T12:20:00Z,84.9991,0.60057,120.016
2026-01-07T12:21:00Z,84.9843,0.59964,119.961
2026-01-07T12:22:00Z,85.028,0.60032,120.016
2026-01-07T12:23:00Z,84.9948,0.59942,119.976
2026-01-07T12:24:00Z,85.0124,0.60028,120.021
2026-01-07T12:25:00Z,84.9869,0.59937,119.97
2026-01-07T12:26:00Z,85.0194,0.60051,120.046
2026-01-07T12:27:00Z,84.9822,0.59982,119.98
2026-01-07T12:28:00Z,85.0108,0.59999,120.023
2026-01-07T12:29:00Z,84.9935,0.59938,119.989
2026-01-07T12:30:00Z,85.026,0.60019,120.032
2026-01-07T12:31:00Z,84.9777,0.59998,119.993
2026-01-07T12:32:00Z,85.0126,0.60042,120.034
2026-01-07T12:33:00Z,84.991,0.5996,119.966
2026-01-07T12:34:00Z,85.0173,0.60007,120.033
2026-01-07T12:35:00Z,84.9936,0.59942,119.977
2026-01-07T12:36:00Z,85.027,0.60037,120.044
2026-01-07T12:37:00Z,84.979,0.59958,119.981
2026-01-07T12:38:00Z,85.0132,0.6008,120.046
2026-01-07T12:39:00Z,84.9913,0.59966,119.96
2026-01-07T12:40:00Z,85.0061,0.60033,120.058
2026-01-07T12:41:00Z,84.9859,0.59933,119.966
2026-01-07T12:42:00Z,85.0194,0.60021,120.04
2026-01-07T12:43:00Z,84.9665,0.59946,119.934
2026-01-07T12:44:00Z,85.0187,0.60032,120.033
2026-01-07T12:45:00Z,84.9893,0.59999,119.945
2026-01-07T12:46:00Z,84.9997,0.60038,120.025
2026-01-07T12:47:00Z,84.9828,0.59957,119.96
2026-01-07T12:48:00Z,85.0014,0.60003,120.052
2026-01-07T12:49:00Z,84.9805,0.59973,119.947
2026-01-07T12:50:00Z,85.0219,0.60057,120.015
2026-01-07T12:51:00Z,84.99,0.59962,119.99
2026-01-07T12:52:00Z,85.0218,0.60046,120.03
2026-01-07T12:53:00Z,84.962,0.59969,119.956
2026-01-07T12:54:00Z,85.0081,0.60045,120.047
2026-01-07T12:55:00Z,84.9825,0.59976,119.949
2026-01-07T12:56:00Z,85.0195,0.60017,120.02
2026-01-07T12:57:00Z,84.988,0.5994,119.966
2026-01-07T12:58:00Z,85.0247,0.60032,120.017
2026-01-07T12:59:00Z,84.9856,0.59944,119.961
2026-01-07T13:00:00Z,85.0133,0.60051,120.037
2026-01-07T13:01:00Z,84.9903,0.5998,119.982
2026-01-07T13:02:00Z,85.0156,0.60028,120.0
2026-01-07T13:03:00Z,84.9809,0.59981,119.981
2026-01-07T13:04:00Z,85.0145,0.60041,120.023
2026-01-07T13:05:00Z,84.9735,0.59969,119.977
2026-01-07T13:06:00Z,85.0085,0.60036,120.042
2026-01-07T13:07:00Z,84.9837,0.59927,119.982
2026-01-07T13:08:00Z,85.024,0.60033,120.022
2026-01-07T13:09:00Z,84.9822,0.59902,119.966
2026-01-07T13:10:00Z,85.0147,0.59999,120.047
2026-01-07T13:11:00Z,84.9829,0.59924,119.966
2026-01-07T13:12:00Z,85.01,0.60025,120.01
2026-01-07T13:13:00Z,84.9759,0.59939,119.965
2026-01-07T13:14:00Z,85.0172,0.60017,120.035
2026-01-07T13:15:00Z,84.9859,0.59984,119.954
2026-01-07T13:16:00Z,84.9919,0.60046,120.022
2026-01-07T13:17:00Z,84.9813,0.5994,119.965
2026-01-07T13:18:00Z,85.0115,0.60025,120.022
2026-01-07T13:19:00Z,84.9796,0.59962,119.943
2026-01-07T13:20:00Z,85.0292,0.60032,120.027
2026-01-07T13:21:00Z,84.9966,0.59992,119.981
2026-01-07T13:22:00Z,85.004,0.60046,120.027
2026-01-07T13:23:00Z,84.9897,0.59993,119.95
2026-01-07T13:24:00Z,85.0317,0.60031,120.015
2026-01-07T13:25:00Z,84.9884,0.5996,119.979
2026-01-07T13:26:00Z,85.0266,0.60057,120.025
2026-01-07T13:27:00Z,84.9818,0.59956,119.965
2026-01-07T13:28:00Z,85.0078,0.60053,120.037
2026-01-07T13:29:00Z,84.9786,0.59998,119.966
2026-01-07T13:30:00Z,85.0206,0.60042,120.028
2026-01-07T13:31:00Z,84.984,0.59968,119.958
2026-01-07T13:32:00Z,85.0229,0.60014,120.052
2026-01-07T13:33:00Z,84.9745,0.59966,119.99
2026-01-07T13:34:00Z,85.0202,0.60044,120.035
2026-01-07T13:35:00Z,84.9811,0.59993,119.972
2026-01-07T13:36:00Z,85.0219,0.60064,120.043
2026-01-07T13:37:00Z,84.9802,0.59975,119.977
2026-01-07T13:38:00Z,85.0198,0.60062,120.02
2026-01-07T13:39:00Z,84.9875,0.59987,119.959
2026-01-07T13:40:00Z,85.013,0.60045,120.005
2026-01-07T13:41:00Z,84.9683,0.59967,119.99
2026-01-07T13:42:00Z,85.0024,0.60042,120.022
2026-01-07T13:43:00Z,84.9728,0.59981,119.957
2026-01-07T13:44:00Z,85.0061,0.60048,120.035
2026-01-07T13:45:00Z,84.9878,0.59985,119.965
2026-01-07T13:46:00Z,85.0286,0.60046,120.024
2026-01-07T13:47:00Z,84.9901,0.59955,119.962
2026-01-07T13:48:00Z,85.0214,0.60067,120.056
2026-01-07T13:49:00Z,84.9803,0.59983,119.955
2026-01-07T13:50:00Z,85.0268,0.60017,120.022
2026-01-07T13:51:00Z,84.9807,0.59965,119.972
2026-01-07T13:52:00Z,85.0235,0.60002,120.035
2026-01-07T13:53:00Z,84.9915,0.59959,119.978
2026-01-07T13:54:00Z,85.0207,0.60045,120.029
2026-01-07T13:55:00Z,84.9771,0.59916,119.958
2026-01-07T13:56:00Z,85.0172,0.60065,120.017
2026-01-07T13:57:00Z,84.9851,0.59977,120.0
2026-01-07T13:58:00Z,85.0321,0.60037,120.021
2026-01-07T13:59:00Z,84.9661,0.59952,119.968
2026-01-07T14:00:00Z,84.9977,0.60039,120.003
2026-01-07T14:01:00Z,84.9718,0.59948,119.984
2026-01-07T14:02:00Z,85.025,0.60069,120.032
2026-01-07T14:03:00Z,84.9791,0.59944,119.978
2026-01-07T14:04:00Z,85.0354,0.60031,120.033
2026-01-07T14:05:00Z,84.9759,0.59977,119.984
2026-01-07T14:06:00Z,85.0109,0.60053,120.022
2026-01-07T14:07:00Z,84.9815,0.5996,119.978
2026-01-07T14:08:00Z,85.026,0.60044,120.044
2026-01-07T14:09:00Z,84.9846,0.59976,119.971
2026-01-07T14:10:00Z,85.0256,0.60053,120.032
2026-01-07T14:11:00Z,84.9766,0.5996,119.974
2026-01-07T14:12:00Z,85.0258,0.60051,120.017
2026-01-07T14:13:00Z,84.9786,0.59966,119.961
2026-01-07T14:14:00Z,85.0165,0.60037,120.019
2026-01-07T14:15:00Z,84.9918,0.59933,119.972
2026-01-07T14:16:00Z,85.0091,0.60061,120.047
2026-01-07T14:17:00Z,84.9798,0.5992,119.967
2026-01-07T14:18:00Z,85.0029,0.60048,120.014
2026-01-07T14:19:00Z,84.9889,0.59966,119.968
2026-01-07T14:20:00Z,85.0294,0.60077,120.01
2026-01-07T14:21:00Z,84.9889,0.59918,119.971
2026-01-07T14:22:00Z,85.0177,0.60073,120.066
2026-01-07T14:23:00Z,84.9889,0.59958,119.966
2026-01-07T14:24:00Z,85.0149,0.60079,120.017
2026-01-07T14:25:00Z,84.9895,0.59921,119.977
2026-01-07T14:26:00Z,85.0297,0.60035,120.023
2026-01-07T14:27:00Z,84.9751,0.60014,119.973
2026-01-07T14:28:00Z,85.0126,0.60042,120.01
2026-01-07T14:29:00Z,84.9788,0.59986,119.988
2026-01-07T14:30:00Z,85.006,0.60049,120.049
2026-01-07T14:31:00Z,84.9912,0.59979,119.94
2026-01-07T14:32:00Z,85.0206,0.60009,120.017
2026-01-07T14:33:00Z,84.9843,0.60001,119.963
2026-01-07T14:34:00Z,85.0189,0.60045,120.028
2026-01-07T14:35:00Z,84.9775,0.59958,119.998
2026-01-07T14:36:00Z,85.017,0.60002,120.028
2026-01-07T14:37:00Z,84.9826,0.59942,119.994
2026-01-07T14:38:00Z,85.0154,0.60012,120.03
2026-01-07T14:39:00Z,84.9816,0.59991,119.979
2026-01-07T14:40:00Z,85.0252,0.60047,119.997
2026-01-07T14:41:00Z,84.9851,0.59972,119.976
2026-01-07T14:42:00Z,85.01,0.60057,120.0
2026-01-07T14:43:00Z,84.9811,0.59945,120.008
2026-01-07T14:44:00Z,85.0167,0.59988,120.05
2026-01-07T14:45:00Z,84.9821,0.59947,119.968
2026-01-07T14:46:00Z,85.0008,0.6006,120.041
2026-01-07T14:47:00Z,84.977,0.5993,119.988
2026-01-07T14:48:00Z,85.0113,0.60043,120.029
2026-01-07T14:49:00Z,84.9876,0.59963,119.976
2026-01-07T14:50:00Z,85.0162,0.60052,120.018
2026-01-07T14:51:00Z,84.989,0.59967,119.981
2026-01-07T14:52:00Z,85.0073,0.60027,120.038
2026-01-07T14:53:00Z,84.9762,0.59956,119.961
2026-01-07T14:54:00Z,85.0011,0.60046,120.033
2026-01-07T14:55:00Z,84.9823,0.59971,119.961
2026-01-07T14:56:00Z,85.003,0.60059,120.032
2026-01-07T14:57:00Z,84.9956,0.59998,119.987
2026-01-07T14:58:00Z,85.0119,0.60038,120.047
2026-01-07T14:59:00Z,84.9957,0.59981,119.972
2026-01-07T15:00:00Z,85.0046,0.60018,120.051
2026-01-07T15:01:00Z,85.001,0.59989,119.991
2026-01-07T15:02:00Z,85.0192,0.60046,120.011
2026-01-07T15:03:00Z,84.9797,0.59985,119.925
2026-01-07T15:04:00Z,85.0055,0.60039,120.024
2026-01-07T15:05:00Z,84.9954,0.59971,119.965
2026-01-07T15:06:00Z,85.0235,0.60043,120.033
2026-01-07T15:07:00Z,84.9775,0.60001,119.998
2026-01-07T15:08:00Z,85.021,0.60025,120.008
2026-01-07T15:09:00Z,85.0018,0.59959,119.946
2026-01-07T15:10:00Z,84.9993,0.60059,120.03
2026-01-07T15:11:00Z,84.9731,0.59957,119.968
2026-01-07T15:12:00Z,85.0053,0.6001,120.056
2026-01-07T15:13:00Z,84.9841,0.5992,119.935
2026-01-07T15:14:00Z,85.0291,0.60049,120.041
2026-01-07T15:15:00Z,84.9589,0.59946,119.943
2026-01-07T15:16:00Z,85.0097,0.60016,120.021
2026-01-07T15:17:00Z,84.9824,0.59973,119.995
2026-01-07T15:18:00Z,85.0221,0.60041,120.021
2026-01-07T15:19:00Z,84.9985,0.59991,119.961
2026-01-07T15:20:00Z,85.0222,0.60016,120.033
2026-01-07T15:21:00Z,84.9862,0.59977,120.004
2026-01-07T15:22:00Z,85.0236,0.60027,120.027
2026-01-07T15:23:00Z,84.9921,0.59954,119.952
2026-01-07T15:24:00Z,85.0259,0.60013,120.03
2026-01-07T15:25:00Z,84.9849,0.59957,119.965
2026-01-07T15:26:00Z,85.0328,0.60056,120.041
2026-01-07T15:27:00Z,84.9805,0.59958,119.985
2026-01-07T15:28:00Z,85.0207,0.60063,120.006
2026-01-07T15:29:00Z,84.9712,0.59972,119.958
2026-01-07T15:30:00Z,85.0155,0.60031,120.039
2026-01-07T15:31:00Z,84.9765,0.59948,119.977
2026-01-07T15:32:00Z,85.0248,0.60081,120.024
2026-01-07T15:33:00Z,84.978,0.59951,119.948
2026-01-07T15:34:00Z,85.013,0.60035,120.037
2026-01-07T15:35:00Z,84.9885,0.59978,119.967
2026-01-07T15:36:00Z,85.0221,0.60069,120.02
2026-01-07T15:37:00Z,84.9701,0.59977,119.97
2026-01-07T15:38:00Z,85.0118,0.60043,120.049
2026-01-07T15:39:00Z,84.9885,0.59937,119.965
2026-01-07T15:40:00Z,85.0101,0.60058,120.022
2026-01-07T15:41:00Z,84.9845,0.59978,119.993
2026-01-07T15:42:00Z,85.0187,0.60048,120.068
2026-01-07T15:43:00Z,84.9747,0.59967,120.006
2026-01-07T15:44:00Z,85.0174,0.60039,120.027
2026-01-07T15:45:00Z,84.9916,0.5998,119.988
2026-01-07T15:46:00Z,85.0184,0.60062,120.038
2026-01-07T15:47:00Z,84.9794,0.59945,119.979
2026-01-07T15:48:00Z,85.0093,0.60081,120.014
2026-01-07T15:49:00Z,84.9811,0.59975,119.972
2026-01-07T15:50:00Z,85.0053,0.60044,120.032
2026-01-07T15:51:00Z,84.971,0.59989,119.986
2026-01-07T15:52:00Z,85.0365,0.60054,120.027
2026-01-07T15:53:00Z,84.9799,0.59978,119.968
2026-01-07T15:54:00Z,85.0212,0.60053,120.016
2026-01-07T15:55:00Z,84.9837,0.59956,119.965
2026-01-07T15:56:00Z,85.0105,0.60078,120.057
2026-01-07T15:57:00Z,84.9822,0.59941,119.966
2026-01-07T15:58:00Z,85.0146,0.6004,120.037
2026-01-07T15:59:00Z,84.985,0.59957,119.963
2026-01-07T16:00:00Z,85.0182,0.60059,120.024
2026-01-07T16:01:00Z,84.9748,0.59975,119.987
2026-01-07T16:02:00Z,85.0213,0.60068,120.016
2026-01-07T16:03:00Z,84.978,0.59986,119.988
2026-01-07T16:04:00Z,85.0236,0.60054,120.02
2026-01-07T16:05:00Z,84.9832,0.5998,119.948
2026-01-07T16:06:00Z,85.009,0.60015,120.014
2026-01-07T16:07:00Z,84.976,0.59967,119.993
2026-01-07T16:08:00Z,85.009,0.60029,120.034
2026-01-07T16:09:00Z,84.9823,0.59946,119.956
2026-01-07T16:10:00Z,85.0114,0.60041,120.026
2026-01-07T16:11:00Z,84.9817,0.59942,120.002
2026-01-07T16:12:00Z,85.0202,0.60032,120.023
2026-01-07T16:13:00Z,84.9885,0.59937,119.98
2026-01-07T16:14:00Z,85.0157,0.60022,120.024
2026-01-07T16:15:00Z,84.97,0.5999,119.968
2026-01-07T16:16:00Z,85.0155,0.60065,120.036
2026-01-07T16:17:00Z,84.982,0.59959,119.979
2026-01-07T16:18:00Z,85.015,0.60031,120.027
2026-01-07T16:19:00Z,84.9964,0.5991,119.982
2026-01-07T16:20:00Z,85.0213,0.60004,120.018
2026-01-07T16:21:00Z,84.9778,0.5998,119.972
2026-01-07T16:22:00Z,85.0178,0.60051,120.009
2026-01-07T16:23:00Z,84.9824,0.59952,119.996
2026-01-07T16:24:00Z,85.0219,0.6004,120.03
2026-01-07T16:25:00Z,84.9875,0.59945,120.003
2026-01-07T16:26:00Z,85.022,0.60102,120.016
2026-01-07T16:27:00Z,84.9717,0.59961,119.933
2026-01-07T16:28:00Z,85.0008,0.60035,120.031
2026-01-07T16:29:00Z,84.9908,0.59936,119.955
2026-01-07T16:30:00Z,85.0154,0.60037,120.017
2026-01-07T16:31:00Z,84.9811,0.59951,119.958
2026-01-07T16:32:00Z,85.0232,0.60045,120.033
2026-01-07T16:33:00Z,84.9783,0.59983,119.967
2026-01-07T16:34:00Z,85.018,0.60081,120.008
2026-01-07T16:35:00Z,84.9867,0.59987,119.967
2026-01-07T16:36:00Z,85.0165,0.59998,120.034
2026-01-07T16:37:00Z,84.9864,0.59936,119.959
2026-01-07T16:38:00Z,85.023,0.60019,120.026
2026-01-07T16:39:00Z,84.9896,0.59951,119.993
2026-01-07T16:40:00Z,85.0255,0.60046,120.034
2026-01-07T16:41:00Z,84.9617,0.59955,119.962
2026-01-07T16:42:00Z,85.012,0.6004,120.022
2026-01-07T16:43:00Z,84.9805,0.59989,119.966
2026-01-07T16:44:00Z,85.019,0.60023,119.998
2026-01-07T16:45:00Z,84.9823,0.59969,119.983
2026-01-07T16:46:00Z,85.0257,0.60024,120.044
2026-01-07T16:47:00Z,84.9973,0.59947,119.988
2026-01-07T16:48:00Z,85.0147,0.6005,119.999
2026-01-07T16:49:00Z,84.9707,0.5993,119.979
2026-01-07T16:50:00Z,85.0263,0.59999,120.035
2026-01-07T16:51:00Z,84.9927,0.59981,119.954
2026-01-07T16:52:00Z,85.0358,0.60079,120.064
2026-01-07T16:53:00Z,84.9778,0.5996,119.974
2026-01-07T16:54:00Z,85.0125,0.60032,120.046
2026-01-07T16:55:00Z,84.9879,0.5995,119.977
2026-01-07T16:56:00Z,85.0056,0.60017,120.038
2026-01-07T16:57:00Z,84.9717,0.59941,119.974
2026-01-07T16:58:00Z,85.0289,0.60027,120.025
2026-01-07T16:59:00Z,84.9805,0.59972,119.982
2026-01-07T17:00:00Z,85.0208,0.59998,120.037
2026-01-07T17:01:00Z,84.9868,0.59947,119.952
2026-01-07T17:02:00Z,85.0095,0.60017,120.029
2026-01-07T17:03:00Z,84.9815,0.59929,119.974
2026-01-07T17:04:00Z,85.0148,0.60091,120.031
2026-01-07T17:05:00Z,84.9705,0.59957,119.963
2026-01-07T17:06:00Z,85.0088,0.60064,120.037
2026-01-07T17:07:00Z,84.9852,0.5999,120.004
2026-01-07T17:08:00Z,85.0209,0.60054,120.043
2026-01-07T17:09:00Z,84.9976,0.59959,119.963
2026-01-07T17:10:00Z,85.0276,0.60021,120.048
2026-01-07T17:11:00Z,84.9897,0.59956,119.962
2026-01-07T17:12:00Z,85.02,0.60047,120.033
2026-01-07T17:13:00Z,84.9832,0.59941,119.982
2026-01-07T17:14:00Z,85.0065,0.60086,120.027
2026-01-07T17:15:00Z,84.9785,0.59946,119.983
2026-01-07T17:16:00Z,85.0176,0.60044,120.033
2026-01-07T17:17:00Z,84.9924,0.59983,119.966
2026-01-07T17:18:00Z,85.0142,0.60022,120.023
2026-01-07T17:19:00Z,84.9805,0.59926,119.967
2026-01-07T17:20:00Z,85.0271,0.60067,120.031
2026-01-07T17:21:00Z,84.9772,0.59977,119.973
2026-01-07T17:22:00Z,85.0151,0.60035,120.034
2026-01-07T17:23:00Z,84.9753,0.59945,119.96
2026-01-07T17:24:00Z,85.0047,0.60033,120.057
2026-01-07T17:25:00Z,84.9879,0.59975,119.979
2026-01-07T17:26:00Z,85.0052,0.60037,120.038
2026-01-07T17:27:00Z,84.9787,0.59934,119.976
2026-01-07T17:28:00Z,85.022,0.60067,120.035
2026-01-07T17:29:00Z,84.9928,0.59977,119.966
2026-01-07T17:30:00Z,85.0284,0.60046,120.035
2026-01-07T17:31:00Z,84.9901,0.59946,119.95
2026-01-07T17:32:00Z,85.0193,0.59996,120.043
2026-01-07T17:33:00Z,84.9939,0.59918,119.942
2026-01-07T17:34:00Z,85.0179,0.60076,120.006
2026-01-07T17:35:00Z,84.9997,0.6,119.931
2026-01-07T17:36:00Z,85.0115,0.60046,120.029
2026-01-07T17:37:00Z,84.9839,0.59941,119.963
2026-01-07T17:38:00Z,85.0193,0.60055,120.041
2026-01-07T17:39:00Z,84.9894,0.59933,119.964
2026-01-07T17:40:00Z,85.0162,0.60057,120.042
2026-01-07T17:41:00Z,85.0003,0.59959,119.944
2026-01-07T17:42:00Z,85.0312,0.60022,120.009
2026-01-07T17:43:00Z,84.9789,0.60004,119.976
2026-01-07T17:44:00Z,85.0178,0.60028,120.036
2026-01-07T17:45:00Z,84.9808,0.59978,119.965
2026-01-07T17:46:00Z,85.0234,0.60034,120.016
2026-01-07T17:47:00Z,84.9794,0.59977,119.953
2026-01-07T17:48:00Z,85.023,0.59981,120.055
2026-01-07T17:49:00Z,84.9902,0.59959,119.983
2026-01-07T17:50:00Z,85.0169,0.60042,120.05
2026-01-07T17:51:00Z,84.9709,0.59975,119.975
2026-01-07T17:52:00Z,85.0183,0.60042,120.046
2026-01-07T17:53:00Z,84.9839,0.59949,119.993
2026-01-07T17:54:00Z,85.0138,0.60065,120.028
2026-01-07T17:55:00Z,84.9859,0.59941,119.97
2026-01-07T17:56:00Z,85.0184,0.60027,120.028
2026-01-07T17:57:00Z,84.9873,0.59963,119.967
2026-01-07T17:58:00Z,85.0167,0.60031,120.016
2026-01-07T17:59:00Z,84.9918,0.59953,119.994
2026-01-07T18:00:00Z,85.0076,0.60054,120.023
2026-01-07T18:01:00Z,84.9773,0.59932,119.975
2026-01-07T18:02:00Z,85.0175,0.60055,120.047
2026-01-07T18:03:00Z,84.9861,0.59958,119.982
2026-01-07T18:04:00Z,85.0035,0.60061,120.032
2026-01-07T18:05:00Z,84.9813,0.59974,119.957
2026-01-07T18:06:00Z,85.0155,0.60004,120.053
2026-01-07T18:07:00Z,84.9779,0.59973,119.959
2026-01-07T18:08:00Z,85.0138,0.60032,120.038
2026-01-07T18:09:00Z,84.9922,0.5999,119.984
2026-01-07T18:10:00Z,85.019,0.60022,120.035
2026-01-07T18:11:00Z,84.9873,0.60002,119.952
2026-01-07T18:12:00Z,85.0212,0.60042,120.059
2026-01-07T18:13:00Z,84.9819,0.5997,119.954
2026-01-07T18:14:00Z,85.011,0.59998,119.995
2026-01-07T18:15:00Z,84.9841,0.5994,119.972
2026-01-07T18:16:00Z,85.02,0.60042,120.045
2026-01-07T18:17:00Z,84.9745,0.59976,119.96
2026-01-07T18:18:00Z,85.0054,0.60035,120.027
2026-01-07T18:19:00Z,84.9937,0.59927,119.979
2026-01-07T18:20:00Z,85.0049,0.60006,120.029
2026-01-07T18:21:00Z,84.9858,0.5997,119.964
2026-01-07T18:22:00Z,85.0208,0.60041,120.041
2026-01-07T18:23:00Z,84.98,0.59952,119.995
2026-01-07T18:24:00Z,85.0273,0.60032,120.047
2026-01-07T18:25:00Z,84.989,0.59988,119.965
2026-01-07T18:26:00Z,85.0207,0.60038,120.041
2026-01-07T18:27:00Z,84.9705,0.59953,119.979
2026-01-07T18:28:00Z,85.0183,0.60029,120.036
2026-01-07T18:29:00Z,84.9902,0.59994,119.961
2026-01-07T18:30:00Z,85.0301,0.60024,120.037
2026-01-07T18:31:00Z,84.9787,0.59941,119.973
2026-01-07T18:32:00Z,85.0089,0.60033,120.039
2026-01-07T18:33:00Z,84.9944,0.5993,119.954
2026-01-07T18:34:00Z,85.0297,0.60008,120.028
2026-01-07T18:35:00Z,84.9952,0.59963,119.983
2026-01-07T18:36:00Z,85.0202,0.60029,120.004
2026-01-07T18:37:00Z,84.9869,0.59946,119.99
2026-01-07T18:38:00Z,85.0044,0.60007,119.995
2026-01-07T18:39:00Z,84.9902,0.59941,119.999
2026-01-07T18:40:00Z,85.0134,0.59997,120.022
2026-01-07T18:41:00Z,85.0076,0.59949,119.972
2026-01-07T18:42:00Z,85.0307,0.60032,120.03
2026-01-07T18:43:00Z,84.9835,0.59974,119.948
2026-01-07T18:44:00Z,85.0209,0.60034,120.026
2026-01-07T18:45:00Z,84.9889,0.59975,119.956
2026-01-07T18:46:00Z,85.0172,0.60078,120.046
2026-01-07T18:47:00Z,84.9928,0.59986,119.975
2026-01-07T18:48:00Z,85.015,0.60049,120.036
2026-01-07T18:49:00Z,84.9761,0.59943,119.973
2026-01-07T18:50:00Z,85.0247,0.60054,120.03
2026-01-07T18:51:00Z,84.9817,0.59964,119.954
2026-01-07T18:52:00Z,85.0154,0.6005,120.022
2026-01-07T18:53:00Z,84.9765,0.59954,119.988
2026-01-07T18:54:00Z,85.011,0.6005,120.017
2026-01-07T18:55:00Z,84.9897,0.59961,119.976
2026-01-07T18:56:00Z,85.0158,0.60013,120.016
2026-01-07T18:57:00Z,84.9803,0.59928,119.966
2026-01-07T18:58:00Z,85.0105,0.60009,120.044
2026-01-07T18:59:00Z,84.9873,0.59969,119.957
2026-01-07T19:00:00Z,85.017,0.60039,120.017
2026-01-07T19:01:00Z,84.9881,0.59964,119.969
2026-01-07T19:02:00Z,85.0161,0.60065,120.032
2026-01-07T19:03:00Z,84.9842,0.59983,119.975
2026-01-07T19:04:00Z,85.0091,0.60076,120.032
2026-01-07T19:05:00Z,84.9991,0.59952,119.984
2026-01-07T19:06:00Z,85.0278,0.60023,120.028
2026-01-07T19:07:00Z,84.987,0.60002,119.996
2026-01-07T19:08:00Z,85.0138,0.60011,120.019
2026-01-07T19:09:00Z,84.9806,0.5996,119.981
2026-01-07T19:10:00Z,85.0136,0.60027,120.028
2026-01-07T19:11:00Z,84.9862,0.59968,119.96
2026-01-07T19:12:00Z,85.0197,0.60017,120.008
2026-01-07T19:13:00Z,84.9837,0.5994,119.96
2026-01-07T19:14:00Z,85.0163,0.60058,120.038
2026-01-07T19:15:00Z,84.9775,0.59924,119.988
2026-01-07T19:16:00Z,85.0054,0.60022,120.038
2026-01-07T19:17:00Z,84.9696,0.59939,119.981
2026-01-07T19:18:00Z,85.0162,0.60036,120.032
2026-01-07T19:19:00Z,84.9969,0.59954,119.969
2026-01-07T19:20:00Z,85.0275,0.60044,120.048
2026-01-07T19:21:00Z,84.9987,0.5994,119.973
2026-01-07T19:22:00Z,85.0052,0.59992,120.004
2026-01-07T19:23:00Z,84.9935,0.59956,119.973
2026-01-07T19:24:00Z,85.0243,0.60011,120.034
2026-01-07T19:25:00Z,84.9858,0.59966,119.959
2026-01-07T19:26:00Z,85.0145,0.60036,120.031
2026-01-07T19:27:00Z,84.9874,0.59946,119.96
2026-01-07T19:28:00Z,85.0232,0.60047,120.051
2026-01-07T19:29:00Z,84.9698,0.59953,119.954
2026-01-07T19:30:00Z,85.0209,0.60022,120.027
2026-01-07T19:31:00Z,84.9808,0.59943,119.967
2026-01-07T19:32:00Z,85.0069,0.60072,120.051
2026-01-07T19:33:00Z,84.9737,0.59977,119.981
2026-01-07T19:34:00Z,85.0076,0.60028,120.037
2026-01-07T19:35:00Z,84.9779,0.59969,119.974
2026-01-07T19:36:00Z,85.0245,0.60061,120.022
2026-01-07T19:37:00Z,84.9859,0.59962,119.97
2026-01-07T19:38:00Z,85.0304,0.60052,120.018
2026-01-07T19:39:00Z,84.9882,0.59975,119.985
2026-01-07T19:40:00Z,85.0189,0.60027,120.038
2026-01-07T19:41:00Z,84.9822,0.59944,119.973
2026-01-07T19:42:00Z,85.0198,0.60027,120.025
2026-01-07T19:43:00Z,84.985,0.59952,119.959
2026-01-07T19:44:00Z,85.0095,0.60041,120.018
2026-01-07T19:45:00Z,84.9777,0.59962,119.959
2026-01-07T19:46:00Z,85.027,0.60025,120.016
2026-01-07T19:47:00Z,84.9751,0.5995,119.984
2026-01-07T19:48:00Z,85.014,0.60037,120.009
2026-01-07T19:49:00Z,84.9779,0.59954,119.968
2026-01-07T19:50:00Z,85.0169,0.60059,120.037
2026-01-07T19:51:00Z,84.9764,0.60004,119.972
2026-01-07T19:52:00Z,85.0177,0.60014,120.029
2026-01-07T19:53:00Z,84.9844,0.5997,119.973
2026-01-07T19:54:00Z,85.0249,0.60042,120.024
2026-01-07T19:55:00Z,84.9703,0.59958,119.959
2026-01-07T19:56:00Z,85.0166,0.60068,120.017
2026-01-07T19:57:00Z,84.9772,0.59946,119.976
2026-01-07T19:58:00Z,85.0031,0.60018,120.023
2026-01-07T19:59:00Z,84.9833,0.59969,119.988
2026-01-07T20:00:00Z,85.0095,0.60076,120.028
2026-01-07T20:01:00Z,84.9911,0.59959,119.955
2026-01-07T20:02:00Z,85.0158,0.60011,120.015
2026-01-07T20:03:00Z,84.9806,0.59958,119.974
2026-01-07T20:04:00Z,85.006,0.59999,120.042
2026-01-07T20:05:00Z,84.9875,0.59963,119.972
2026-01-07T20:06:00Z,85.0179,0.60049,120.042
2026-01-07T20:07:00Z,84.9697,0.59947,119.95
2026-01-07T20:08:00Z,85.0161,0.60011,120.014
2026-01-07T20:09:00Z,84.9954,0.59957,119.977
2026-01-07T20:10:00Z,85.0198,0.60059,120.027
2026-01-07T20:11:00Z,84.9864,0.59944,119.966
2026-01-07T20:12:00Z,85.0059,0.60071,120.0
2026-01-07T20:13:00Z,84.9963,0.59961,119.95
2026-01-07T20:14:00Z,85.0148,0.60019,120.044
2026-01-07T20:15:00Z,84.9863,0.59976,119.975
2026-01-07T20:16:00Z,85.0188,0.60031,120.033
2026-01-07T20:17:00Z,84.9846,0.5997,119.973
2026-01-07T20:18:00Z,85.0174,0.60039,120.019
2026-01-07T20:19:00Z,84.9777,0.59949,119.978
2026-01-07T20:20:00Z,85.0308,0.60017,120.023
2026-01-07T20:21:00Z,84.9861,0.59979,119.988
2026-01-07T20:22:00Z,85.0354,0.60038,120.05
2026-01-07T20:23:00Z,84.9821,0.59952,119.975
2026-01-07T20:24:00Z,85.0063,0.60038,120.049
2026-01-07T20:25:00Z,84.9793,0.59977,119.968
2026-01-07T20:26:00Z,85.0128,0.60042,120.041
2026-01-07T20:27:00Z,84.978,0.59972,119.967
2026-01-07T20:28:00Z,85.0146,0.60065,120.026
2026-01-07T20:29:00Z,84.9759,0.59982,119.95
2026-01-07T20:30:00Z,85.0086,0.60048,120.053
2026-01-07T20:31:00Z,84.9905,0.59947,119.941
2026-01-07T20:32:00Z,85.0271,0.60042,120.0
2026-01-07T20:33:00Z,84.9862,0.59933,119.954
2026-01-07T20:34:00Z,85.0197,0.60008,119.994
2026-01-07T20:35:00Z,84.9976,0.59933,119.94
2026-01-07T20:36:00Z,85.0088,0.60026,120.042
2026-01-07T20:37:00Z,84.9831,0.59955,119.977
2026-01-07T20:38:00Z,85.0142,0.60029,120.019
2026-01-07T20:39:00Z,84.967,0.59931,119.96
2026-01-07T20:40:00Z,85.0194,0.60033,120.032
2026-01-07T20:41:00Z,84.9723,0.59972,119.961
2026-01-07T20:42:00Z,85.017,0.60035,120.029
2026-01-07T20:43:00Z,85.0019,0.59976,119.941
2026-01-07T20:44:00Z,85.0176,0.60031,120.04
2026-01-07T20:45:00Z,84.9765,0.59967,119.948
2026-01-07T20:46:00Z,85.0171,0.60031,120.007
2026-01-07T20:47:00Z,84.9771,0.59931,119.992
2026-01-07T20:48:00Z,85.011,0.60059,120.008
2026-01-07T20:49:00Z,84.989,0.59958,119.962
2026-01-07T20:50:00Z,85.0101,0.60047,120.04
2026-01-07T20:51:00Z,84.9812,0.59954,119.952
2026-01-07T20:52:00Z,85.0216,0.60042,120.07
2026-01-07T20:53:00Z,84.9889,0.59984,119.956
2026-01-07T20:54:00Z,85.0198,0.60033,120.054
2026-01-07T20:55:00Z,84.9821,0.59981,119.951
2026-01-07T20:56:00Z,85.0074,0.60079,120.023
2026-01-07T20:57:00Z,84.9933,0.59966,119.969
2026-01-07T20:58:00Z,85.013,0.60041,120.012
2026-01-07T20:59:00Z,84.9908,0.5998,119.959
2026-01-07T21:00:00Z,85.0194,0.60029,120.035
2026-01-07T21:01:00Z,84.9839,0.59934,119.967
2026-01-07T21:02:00Z,85.0152,0.60052,120.047
2026-01-07T21:03:00Z,84.9765,0.59975,119.966
2026-01-07T21:04:00Z,85.0225,0.60017,120.045
2026-01-07T21:05:00Z,84.9876,0.5993,119.971
2026-01-07T21:06:00Z,85.0078,0.60038,120.022
2026-01-07T21:07:00Z,84.9857,0.59954,119.972
2026-01-07T21:08:00Z,85.0177,0.60048,120.017
2026-01-07T21:09:00Z,84.9684,0.59959,119.963
2026-01-07T21:10:00Z,85.012,0.60035,120.02
2026-01-07T21:11:00Z,84.9905,0.5994,119.945
2026-01-07T21:12:00Z,85.0113,0.60045,119.996
2026-01-07T21:13:00Z,84.9753,0.59958,119.982
2026-01-07T21:14:00Z,85.013,0.60061,120.036
2026-01-07T21:15:00Z,84.9986,0.59953,119.969
2026-01-07T21:16:00Z,85.0142,0.60048,120.027
2026-01-07T21:17:00Z,84.9865,0.59978,119.964
2026-01-07T21:18:00Z,85.0163,0.60029,120.047
2026-01-07T21:19:00Z,84.9788,0.59965,119.989
2026-01-07T21:20:00Z,85.0168,0.60071,120.019
2026-01-07T21:21:00Z,84.9807,0.59993,119.959
2026-01-07T21:22:00Z,85.0055,0.60021,120.012
2026-01-07T21:23:00Z,84.9716,0.59961,119.966
2026-01-07T21:24:00Z,85.0189,0.60041,120.043
2026-01-07T21:25:00Z,84.9808,0.59961,119.966
2026-01-07T21:26:00Z,85.0188,0.60036,120.028
2026-01-07T21:27:00Z,84.9933,0.59933,119.983
2026-01-07T21:28:00Z,85.0133,0.60052,120.039
2026-01-07T21:29:00Z,84.9857,0.60005,119.965
2026-01-07T21:30:00Z,85.0124,0.60056,120.037
2026-01-07T21:31:00Z,84.9776,0.59952,119.992
2026-01-07T21:32:00Z,85.0172,0.60029,120.01
2026-01-07T21:33:00Z,84.9872,0.59973,119.967
2026-01-07T21:34:00Z,85.0132,0.6004,120.046
2026-01-07T21:35:00Z,84.9876,0.59953,119.964
2026-01-07T21:36:00Z,85.0085,0.6005,120.042
2026-01-07T21:37:00Z,84.9904,0.59964,119.978
2026-01-07T21:38:00Z,85.0012,0.6002,120.034
2026-01-07T21:39:00Z,84.984,0.59945,119.991
2026-01-07T21:40:00Z,85.0208,0.60056,120.044
2026-01-07T21:41:00Z,85.0004,0.59986,119.969
2026-01-07T21:42:00Z,85.0109,0.60011,120.024
2026-01-07T21:43:00Z,84.9855,0.59958,119.946
2026-01-07T21:44:00Z,85.0239,0.60049,120.045
2026-01-07T21:45:00Z,84.9924,0.59952,119.986
2026-01-07T21:46:00Z,85.0089,0.60035,120.029
2026-01-07T21:47:00Z,84.9784,0.59935,119.998
2026-01-07T21:48:00Z,85.0248,0.60013,120.027
2026-01-07T21:49:00Z,84.9688,0.59942,119.964
2026-01-07T21:50:00Z,85.0127,0.60011,120.03
2026-01-07T21:51:00Z,84.9869,0.59973,120.0
2026-01-07T21:52:00Z,85.0074,0.60023,120.019
2026-01-07T21:53:00Z,84.9858,0.59964,119.949
2026-01-07T21:54:00Z,85.0244,0.60066,120.03
2026-01-07T21:55:00Z,84.9788,0.59996,119.975
2026-01-07T21:56:00Z,85.0191,0.60062,120.02
2026-01-07T21:57:00Z,84.991,0.59976,119.959
2026-01-07T21:58:00Z,85.0121,0.60055,120.036
2026-01-07T21:59:00Z,84.9929,0.60009,119.999
2026-01-07T22:00:00Z,85.0169,0.60056,120.025
2026-01-07T22:01:00Z,84.9841,0.59971,119.96
2026-01-07T22:02:00Z,85.0119,0.60029,120.052
2026-01-07T22:03:00Z,84.9696,0.59939,119.982
2026-01-07T22:04:00Z,85.0101,0.60021,120.017
2026-01-07T22:05:00Z,84.9964,0.59972,119.985
2026-01-07T22:06:00Z,85.0052,0.60027,120.04
2026-01-07T22:07:00Z,84.9942,0.59978,119.968
2026-01-07T22:08:00Z,85.0211,0.60028,120.009
2026-01-07T22:09:00Z,85.0062,0.59947,119.99
2026-01-07T22:10:00Z,85.0307,0.60024,120.041
2026-01-07T22:11:00Z,84.9887,0.59935,119.946
2026-01-07T22:12:00Z,85.0053,0.60038,120.017
2026-01-07T22:13:00Z,84.9816,0.59983,119.97
2026-01-07T22:14:00Z,85.0266,0.60024,120.03
2026-01-07T22:15:00Z,84.9814,0.59953,119.976
2026-01-07T22:16:00Z,85.0112,0.6007,120.023
2026-01-07T22:17:00Z,84.9816,0.59984,119.975
2026-01-07T22:18:00Z,85.0232,0.60018,120.048
2026-01-07T22:19:00Z,84.9917,0.5997,119.977
2026-01-07T22:20:00Z,85.0157,0.60011,120.023
2026-01-07T22:21:00Z,84.9871,0.60009,119.979
2026-01-07T22:22:00Z,85.0063,0.60016,120.018
2026-01-07T22:23:00Z,84.9854,0.59931,119.977
2026-01-07T22:24:00Z,85.0129,0.60033,120.012
2026-01-07T22:25:00Z,84.9845,0.59994,119.974
2026-01-07T22:26:00Z,85.0234,0.60047,120.041
2026-01-07T22:27:00Z,84.9639,0.59978,119.963
2026-01-07T22:28:00Z,85.0274,0.60036,120.029
2026-01-07T22:29:00Z,84.9864,0.59982,119.969
2026-01-07T22:30:00Z,85.017,0.59993,120.017
2026-01-07T22:31:00Z,84.9737,0.59977,119.947
2026-01-07T22:32:00Z,85.025,0.5999,120.022
2026-01-07T22:33:00Z,84.9815,0.59954,119.963
2026-01-07T22:34:00Z,85.0105,0.60027,120.043
2026-01-07T22:35:00Z,84.9929,0.5997,119.964
2026-01-07T22:36:00Z,85.0079,0.60026,120.035
2026-01-07T22:37:00Z,84.9957,0.59957,119.974
2026-01-07T22:38:00Z,85.0162,0.60065,120.055
2026-01-07T22:39:00Z,84.985,0.59914,119.991
2026-01-07T22:40:00Z,85.0278,0.60068,120.007
2026-01-07T22:41:00Z,84.9904,0.59946,119.961
2026-01-07T22:42:00Z,85.0193,0.60051,120.014
2026-01-07T22:43:00Z,84.9696,0.59959,119.948
2026-01-07T22:44:00Z,85.0117,0.60021,120.046
2026-01-07T22:45:00Z,84.9808,0.59995,120.0
2026-01-07T22:46:00Z,85.0225,0.6008,120.043
2026-01-07T22:47:00Z,84.9894,0.59966,119.969
2026-01-07T22:48:00Z,85.0179,0.6,120.01
2026-01-07T22:49:00Z,84.9827,0.59946,119.977
2026-01-07T22:50:00Z,85.0147,0.60012,120.033
2026-01-07T22:51:00Z,84.9817,0.59965,119.993
2026-01-07T22:52:00Z,85.0084,0.60051,120.026
2026-01-07T22:53:00Z,84.9834,0.59933,119.961
2026-01-07T22:54:00Z,85.0218,0.60051,120.046
2026-01-07T22:55:00Z,84.9911,0.59975,119.984
2026-01-07T22:56:00Z,85.0154,0.60033,120.024
2026-01-07T22:57:00Z,84.992,0.59976,119.945
2026-01-07T22:58:00Z,85.0219,0.60014,120.016
2026-01-07T22:59:00Z,84.9933,0.59949,119.948
2026-01-07T23:00:00Z,85.0167,0.60046,120.014
2026-01-07T23:01:00Z,84.9746,0.59969,119.958
2026-01-07T23:02:00Z,85.0051,0.60043,119.998
2026-01-07T23:03:00Z,84.9729,0.59965,119.994
2026-01-07T23:04:00Z,85.0128,0.60012,120.028
2026-01-07T23:05:00Z,84.9858,0.59948,119.954
2026-01-07T23:06:00Z,85.0107,0.60023,120.024
2026-01-07T23:07:00Z,84.9713,0.59931,119.982
2026-01-07T23:08:00Z,85.0114,0.60058,120.026
2026-01-07T23:09:00Z,84.9849,0.59912,119.974
2026-01-07T23:10:00Z,85.0259,0.60038,120.035
2026-01-07T23:11:00Z,84.9856,0.59966,119.959
2026-01-07T23:12:00Z,85.0255,0.60001,120.022
2026-01-07T23:13:00Z,84.9909,0.59957,119.968
2026-01-07T23:14:00Z,85.0171,0.60046,120.066
2026-01-07T23:15:00Z,84.9917,0.59908,119.961
2026-01-07T23:16:00Z,85.0189,0.60025,120.037
2026-01-07T23:17:00Z,84.9814,0.59954,119.972
2026-01-07T23:18:00Z,85.021,0.60052,120.041
2026-01-07T23:19:00Z,84.9589,0.59968,119.962
2026-01-07T23:20:00Z,85.0205,0.60021,120.001
2026-01-07T23:21:00Z,84.9744,0.59964,119.968
2026-01-07T23:22:00Z,85.0199,0.60008,120.026
2026-01-07T23:23:00Z,84.9879,0.59992,119.971
2026-01-07T23:24:00Z,85.0117,0.60044,120.026
2026-01-07T23:25:00Z,84.9939,0.59961,119.969
2026-01-07T23:26:00Z,85.0089,0.60035,120.009
2026-01-07T23:27:00Z,84.9899,0.59945,119.957
2026-01-07T23:28:00Z,85.0039,0.60022,120.022
2026-01-07T23:29:00Z,84.987,0.59925,119.977
2026-01-07T23:30:00Z,85.012,0.60048,120.021
2026-01-07T23:31:00Z,84.977,0.59989,119.948
2026-01-07T23:32:00Z,85.0233,0.60035,120.019
2026-01-07T23:33:00Z,84.9864,0.59952,119.979
2026-01-07T23:34:00Z,85.023,0.60019,120.032
2026-01-07T23:35:00Z,84.9791,0.59954,119.987
2026-01-07T23:36:00Z,85.0201,0.60049,120.026
2026-01-07T23:37:00Z,84.971,0.5996,119.985
2026-01-07T23:38:00Z,85.004,0.60027,120.001
2026-01-07T23:39:00Z,84.9763,0.59931,119.959
2026-01-07T23:40:00Z,85.0152,0.60079,120.036
2026-01-07T23:41:00Z,84.9803,0.59941,119.964
2026-01-07T23:42:00Z,85.0221,0.6008,120.03
2026-01-07T23:43:00Z,84.9834,0.59935,119.972
2026-01-07T23:44:00Z,85.0217,0.60021,120.045
2026-01-07T23:45:00Z,84.9832,0.59996,119.978
2026-01-07T23:46:00Z,85.0146,0.60071,120.042
2026-01-07T23:47:00Z,84.9742,0.59945,119.944
2026-01-07T23:48:00Z,85.0188,0.60024,120.02
2026-01-07T23:49:00Z,85.0005,0.59969,119.97
2026-01-07T23:50:00Z,85.0182,0.60018,120.02
2026-01-07T23:51:00Z,84.9759,0.59957,119.987
2026-01-07T23:52:00Z,85.0086,0.60007,120.025
2026-01-07T23:53:00Z,84.986,0.59945,119.96
2026-01-07T23:54:00Z,85.0213,0.60026,120.024
2026-01-07T23:55:00Z,84.9984,0.59972,119.966
2026-01-07T23:56:00Z,85.0177,0.59979,120.013
2026-01-07T23:57:00Z,84.9774,0.59979,119.978
2026-01-07T23:58:00Z,85.0093,0.60031,120.026
2026-01-07T23:59:00Z,84.9765,0.60013,119.962
2026-01-08T00:00:00Z,85.0182,0.60053,120.011
2026-01-08T00:01:00Z,84.9863,0.60011,119.988
2026-01-08T00:02:00Z,85.0141,0.60068,120.014
2026-01-08T00:03:00Z,84.9689,0.59942,119.989
2026-01-08T00:04:00Z,85.0358,0.6004,120.03
2026-01-08T00:05:00Z,84.9925,0.59989,119.968
2026-01-08T00:06:00Z,85.0131,0.60053,120.043
2026-01-08T00:07:00Z,84.9818,0.59919,119.94
2026-01-08T00:08:00Z,85.0155,0.60054,120.032
2026-01-08T00:09:00Z,84.9895,0.59959,119.956
2026-01-08T00:10:00Z,85.0224,0.60059,120.053
2026-01-08T00:11:00Z,84.9938,0.59988,119.979
2026-01-08T00:12:00Z,85.0087,0.60063,120.023
2026-01-08T00:13:00Z,84.9769,0.59991,119.959
2026-01-08T00:14:00Z,85.006,0.60062,120.037
2026-01-08T00:15:00Z,84.9878,0.59965,119.962
2026-01-08T00:16:00Z,85.0255,0.60054,120.025
2026-01-08T00:17:00Z,84.9843,0.59942,119.982
2026-01-08T00:18:00Z,85.0136,0.60027,120.017
2026-01-08T00:19:00Z,84.9922,0.59961,119.963
2026-01-08T00:20:00Z,85.016,0.60054,120.009
2026-01-08T00:21:00Z,84.9913,0.59928,119.969
2026-01-08T00:22:00Z,85.0304,0.60006,120.024
2026-01-08T00:23:00Z,84.9807,0.59955,119.95
2026-01-08T00:24:00Z,85.0045,0.60012,120.027
2026-01-08T00:25:00Z,84.9736,0.59942,119.982
2026-01-08T00:26:00Z,85.0144,0.60023,120.016
2026-01-08T00:27:00Z,84.9814,0.59952,119.966
2026-01-08T00:28:00Z,85.0183,0.59999,120.042
2026-01-08T00:29:00Z,84.9691,0.59913,119.942
2026-01-08T00:30:00Z,85.0127,0.60035,120.006
2026-01-08T00:31:00Z,84.9804,0.59923,119.959
2026-01-08T00:32:00Z,85.0236,0.60034,120.019
2026-01-08T00:33:00Z,84.9803,0.59974,119.968
2026-01-08T00:34:00Z,85.0245,0.60083,120.03
2026-01-08T00:35:00Z,85.0113,0.59988,119.999
2026-01-08T00:36:00Z,85.0145,0.60029,120.022
2026-01-08T00:37:00Z,84.9795,0.59962,119.953
2026-01-08T00:38:00Z,85.0163,0.60031,120.012
2026-01-08T00:39:00Z,84.9891,0.59943,119.981
2026-01-08T00:40:00Z,85.0042,0.59991,120.029
2026-01-08T00:41:00Z,84.9707,0.59972,119.985
2026-01-08T00:42:00Z,84.9905,0.60062,120.024
2026-01-08T00:43:00Z,84.9948,0.59969,119.969
2026-01-08T00:44:00Z,85.0102,0.60033,119.993
2026-01-08T00:45:00Z,84.9797,0.59964,119.993
2026-01-08T00:46:00Z,85.0113,0.60022,120.019
2026-01-08T00:47:00Z,84.9893,0.59984,119.963
2026-01-08T00:48:00Z,85.0247,0.60053,120.023
2026-01-08T00:49:00Z,84.9826,0.59964,119.978
2026-01-08T00:50:00Z,85.0156,0.60037,120.023
2026-01-08T00:51:00Z,84.9789,0.59957,119.978
2026-01-08T00:52:00Z,85.0155,0.60051,120.021
2026-01-08T00:53:00Z,84.9799,0.59964,119.963
2026-01-08T00:54:00Z,85.0182,0.6003,120.039
2026-01-08T00:55:00Z,84.9866,0.59913,119.958
2026-01-08T00:56:00Z,85.0076,0.60052,120.035
2026-01-08T00:57:00Z,84.9862,0.59972,119.986
2026-01-08T00:58:00Z,85.0208,0.60035,120.039
2026-01-08T00:59:00Z,84.9925,0.59952,119.962
2026-01-08T01:00:00Z,85.0062,0.60041,120.038
2026-01-08T01:01:00Z,84.988,0.59962,119.968
2026-01-08T01:02:00Z,85.0257,0.60059,120.017
2026-01-08T01:03:00Z,84.9809,0.59985,119.95
2026-01-08T01:04:00Z,85.0336,0.60035,120.026
2026-01-08T01:05:00Z,84.9725,0.59952,119.94
2026-01-08T01:06:00Z,85.0159,0.60036,120.039
2026-01-08T01:07:00Z,84.9856,0.59961,119.971
2026-01-08T01:08:00Z,85.0224,0.60039,120.009
2026-01-08T01:09:00Z,84.9966,0.59947,119.962
2026-01-08T01:10:00Z,85.0241,0.59976,120.042
2026-01-08T01:11:00Z,84.9856,0.59956,119.984
2026-01-08T01:12:00Z,85.0022,0.60052,120.028
2026-01-08T01:13:00Z,84.9685,0.59955,119.978
2026-01-08T01:14:00Z,85.0289,0.60058,120.055
2026-01-08T01:15:00Z,84.9818,0.5995,119.961
2026-01-08T01:16:00Z,85.0087,0.60052,120.046
2026-01-08T01:17:00Z,84.9962,0.59979,119.979
2026-01-08T01:18:00Z,85.0132,0.60053,120.024
2026-01-08T01:19:00Z,84.9923,0.59936,119.97
2026-01-08T01:20:00Z,85.019,0.60038,120.048
2026-01-08T01:21:00Z,84.9797,0.59966,119.963
2026-01-08T01:22:00Z,85.0273,0.60029,120.043
2026-01-08T01:23:00Z,84.9819,0.59926,119.987
2026-01-08T01:24:00Z,85.0203,0.60062,120.036
2026-01-08T01:25:00Z,84.9891,0.6,119.964
2026-01-08T01:26:00Z,85.0285,0.6003,120.001
2026-01-08T01:27:00Z,84.9661,0.59975,119.972
2026-01-08T01:28:00Z,85.02,0.60041,120.042
2026-01-08T01:29:00Z,84.9776,0.59917,119.992
2026-01-08T01:30:00Z,85.012,0.60039,120.029
2026-01-08T01:31:00Z,84.9651,0.59948,119.97
2026-01-08T01:32:00Z,85.0182,0.60046,120.009
2026-01-08T01:33:00Z,84.9758,0.59972,119.979
2026-01-08T01:34:00Z,85.0203,0.60029,120.051
2026-01-08T01:35:00Z,84.9917,0.59922,119.977
2026-01-08T01:36:00Z,85.0114,0.60003,120.036
2026-01-08T01:37:00Z,84.9936,0.60007,119.971
2026-01-08T01:38:00Z,85.0114,0.60061,120.033
2026-01-08T01:39:00Z,84.9752,0.5999,119.955
2026-01-08T01:40:00Z,85.0079,0.60036,120.03
2026-01-08T01:41:00Z,84.9749,0.59981,119.98
2026-01-08T01:42:00Z,85.0063,0.6004,120.043
2026-01-08T01:43:00Z,84.9888,0.59942,119.981
2026-01-08T01:44:00Z,85.0153,0.60038,120.019
2026-01-08T01:45:00Z,84.9767,0.59969,119.948
2026-01-08T01:46:00Z,85.0195,0.60042,120.034
2026-01-08T01:47:00Z,84.9978,0.59961,119.98
2026-01-08T01:48:00Z,85.0158,0.60001,120.03
2026-01-08T01:49:00Z,84.9789,0.59934,119.964
2026-01-08T01:50:00Z,85.0115,0.60038,120.018
2026-01-08T01:51:00Z,84.9786,0.59972,119.984
2026-01-08T01:52:00Z,85.0257,0.60034,120.045
2026-01-08T01:53:00Z,84.9706,0.59932,119.971
2026-01-08T01:54:00Z,85.0088,0.60042,120.014
2026-01-08T01:55:00Z,84.9745,0.59945,119.997
2026-01-08T01:56:00Z,84.9999,0.60067,120.015
2026-01-08T01:57:00Z,85.0057,0.59933,119.987
2026-01-08T01:58:00Z,85.0289,0.60029,120.023
2026-01-08T01:59:00Z,84.989,0.59955,119.972
2026-01-08T02:00:00Z,85.0323,0.60059,120.016
2026-01-08T02:01:00Z,84.9832,0.59973,119.965
2026-01-08T02:02:00Z,85.0127,0.60025,120.017
2026-01-08T02:03:00Z,84.9864,0.59967,119.951
2026-01-08T02:04:00Z,84.9945,0.60046,120.022
2026-01-08T02:05:00Z,84.9817,0.59972,119.951
2026-01-08T02:06:00Z,85.024,0.60063,120.034
2026-01-08T02:07:00Z,84.9928,0.5994,119.969
2026-01-08T02:08:00Z,85.0141,0.60023,120.04
2026-01-08T02:09:00Z,84.9753,0.59955,119.976
2026-01-08T02:10:00Z,85.0162,0.60066,120.037
2026-01-08T02:11:00Z,84.9904,0.59947,119.994
2026-01-08T02:12:00Z,85.0046,0.60021,120.04
2026-01-08T02:13:00Z,84.9898,0.59975,120.001
2026-01-08T02:14:00Z,85.0136,0.60028,120.021
2026-01-08T02:15:00Z,84.9918,0.59977,119.974
2026-01-08T02:16:00Z,85.0031,0.60051,120.041
2026-01-08T02:17:00Z,84.9915,0.59946,119.972
2026-01-08T02:18:00Z,85.0436,0.60069,120.031
2026-01-08T02:19:00Z,84.9731,0.59959,119.962
2026-01-08T02:20:00Z,85.0084,0.60045,119.996
2026-01-08T02:21:00Z,84.9806,0.59944,120.001
2026-01-08T02:22:00Z,85.0043,0.60047,120.033
2026-01-08T02:23:00Z,84.983,0.5995,119.966
2026-01-08T02:24:00Z,85.0098,0.60037,120.031
2026-01-08T02:25:00Z,84.9878,0.59928,119.974
2026-01-08T02:26:00Z,85.0097,0.60048,120.057
2026-01-08T02:27:00Z,84.979,0.59943,119.971
2026-01-08T02:28:00Z,85.0241,0.60019,120.007
2026-01-08T02:29:00Z,84.9937,0.59988,119.971
2026-01-08T02:30:00Z,85.0024,0.60041,120.069
2026-01-08T02:31:00Z,84.9779,0.59954,119.981
2026-01-08T02:32:00Z,85.0114,0.60047,120.009
2026-01-08T02:33:00Z,85.0001,0.59962,119.965
2026-01-08T02:34:00Z,85.0248,0.60027,120.025
2026-01-08T02:35:00Z,84.9878,0.59985,119.957
2026-01-08T02:36:00Z,85.0207,0.60056,120.022
2026-01-08T02:37:00Z,84.9885,0.59943,119.954
2026-01-08T02:38:00Z,85.0078,0.6004,120.022
2026-01-08T02:39:00Z,84.9728,0.59984,119.971
2026-01-08T02:40:00Z,85.0292,0.60075,120.039
2026-01-08T02:41:00Z,84.993,0.59949,119.976
2026-01-08T02:42:00Z,85.0122,0.60017,120.043
2026-01-08T02:43:00Z,84.9831,0.59935,119.956
2026-01-08T02:44:00Z,85.0237,0.60027,120.01
2026-01-08T02:45:00Z,84.9796,0.59992,119.967
2026-01-08T02:46:00Z,85.0114,0.60011,120.045
2026-01-08T02:47:00Z,84.9815,0.59972,119.953
2026-01-08T02:48:00Z,85.0225,0.60026,120.033
2026-01-08T02:49:00Z,84.9946,0.59937,119.947
2026-01-08T02:50:00Z,85.0164,0.60019,120.026
2026-01-08T02:51:00Z,84.9723,0.59942,119.964
2026-01-08T02:52:00Z,85.0157,0.60037,120.031
2026-01-08T02:53:00Z,84.9964,0.59964,119.974
2026-01-08T02:54:00Z,85.0045,0.60088,120.033
2026-01-08T02:55:00Z,84.9855,0.59958,119.965
2026-01-08T02:56:00Z,85.0117,0.60001,120.024
2026-01-08T02:57:00Z,84.9707,0.59962,119.99
2026-01-08T02:58:00Z,85.0251,0.60042,120.037
2026-01-08T02:59:00Z,84.9905,0.59959,119.998
2026-01-08T03:00:00Z,85.0141,0.60025,120.005
2026-01-08T03:01:00Z,84.9917,0.59964,119.979
2026-01-08T03:02:00Z,85.0249,0.60044,120.034
2026-01-08T03:03:00Z,84.9756,0.59965,119.947
2026-01-08T03:04:00Z,85.0086,0.6003,120.03
2026-01-08T03:05:00Z,84.9661,0.59955,119.954
2026-01-08T03:06:00Z,85.0169,0.60018,120.037
2026-01-08T03:07:00Z,84.9993,0.59934,119.945
2026-01-08T03:08:00Z,85.0159,0.6004,120.043
2026-01-08T03:09:00Z,84.9871,0.59962,119.949
2026-01-08T03:10:00Z,85.0162,0.60038,120.044
2026-01-08T03:11:00Z,84.9796,0.59945,119.955
2026-01-08T03:12:00Z,85.0205,0.60042,120.021
2026-01-08T03:13:00Z,84.9815,0.59971,120.0
2026-01-08T03:14:00Z,85.0128,0.60024,120.029
2026-01-08T03:15:00Z,84.9929,0.59925,119.969
2026-01-08T03:16:00Z,85.0143,0.60034,120.054
2026-01-08T03:17:00Z,84.9881,0.59947,119.981
2026-01-08T03:18:00Z,85.0085,0.59985,120.016
2026-01-08T03:19:00Z,84.9944,0.59946,119.956
2026-01-08T03:20:00Z,85.0136,0.60022,120.016
2026-01-08T03:21:00Z,84.9956,0.59947,119.956
2026-01-08T03:22:00Z,85.0163,0.60028,120.036
2026-01-08T03:23:00Z,84.971,0.59966,119.95
2026-01-08T03:24:00Z,85.0151,0.60005,120.05
2026-01-08T03:25:00Z,84.9741,0.59974,119.964
2026-01-08T03:26:00Z,85.0182,0.60016,119.999
2026-01-08T03:27:00Z,84.9879,0.59971,119.984
2026-01-08T03:28:00Z,85.0296,0.60075,120.048
2026-01-08T03:29:00Z,84.9831,0.59984,119.986
2026-01-08T03:30:00Z,85.0146,0.60073,120.04
2026-01-08T03:31:00Z,84.9917,0.59948,119.97
2026-01-08T03:32:00Z,85.0269,0.60021,120.012
2026-01-08T03:33:00Z,84.9748,0.59958,119.981
2026-01-08T03:34:00Z,85.0086,0.60044,120.035
2026-01-08T03:35:00Z,84.9866,0.60014,119.965
2026-01-08T03:36:00Z,85.01,0.60045,120.028
2026-01-08T03:37:00Z,84.9935,0.59968,119.974
2026-01-08T03:38:00Z,85.0131,0.60036,120.02
2026-01-08T03:39:00Z,84.9935,0.59966,119.99
2026-01-08T03:40:00Z,85.0092,0.60061,120.031
2026-01-08T03:41:00Z,84.9882,0.59985,119.957
2026-01-08T03:42:00Z,85.005,0.60063,120.029
2026-01-08T03:43:00Z,84.9674,0.59968,119.952
2026-01-08T03:44:00Z,85.0187,0.60036,120.031
2026-01-08T03:45:00Z,84.9786,0.5995,119.962
2026-01-08T03:46:00Z,85.0123,0.60041,120.046
2026-01-08T03:47:00Z,84.994,0.59972,119.956
2026-01-08T03:48:00Z,85.0064,0.60027,120.048
2026-01-08T03:49:00Z,84.9832,0.59968,119.983
2026-01-08T03:50:00Z,85.0215,0.60012,120.015
2026-01-08T03:51:00Z,85.0029,0.59977,119.964
2026-01-08T03:52:00Z,85.0224,0.60072,120.021
2026-01-08T03:53:00Z,84.9879,0.59952,119.965
2026-01-08T03:54:00Z,85.0216,0.60031,120.001
2026-01-08T03:55:00Z,84.9853,0.59967,119.949
2026-01-08T03:56:00Z,85.018,0.60002,120.008
2026-01-08T03:57:00Z,84.9856,0.59929,119.974
2026-01-08T03:58:00Z,85.0024,0.60052,120.019
2026-01-08T03:59:00Z,84.9864,0.59952,119.963
2026-01-08T04:00:00Z,85.0087,0.60032,120.044
2026-01-08T04:01:00Z,84.9802,0.59969,119.959
2026-01-08T04:02:00Z,85.0051,0.60029,120.024
2026-01-08T04:03:00Z,84.9693,0.59906,119.96
2026-01-08T04:04:00Z,85.0269,0.60021,120.006
2026-01-08T04:05:00Z,84.978,0.59948,119.985
2026-01-08T04:06:00Z,85.0216,0.60047,120.023
2026-01-08T04:07:00Z,84.9922,0.59987,119.967
2026-01-08T04:08:00Z,85.0136,0.60024,120.036
2026-01-08T04:09:00Z,84.9908,0.59972,119.941
2026-01-08T04:10:00Z,85.0121,0.60039,120.044
2026-01-08T04:11:00Z,84.9774,0.59974,119.966
2026-01-08T04:12:00Z,85.0139,0.6003,120.025
2026-01-08T04:13:00Z,84.9874,0.59967,119.979
2026-01-08T04:14:00Z,85.0193,0.60019,120.044
2026-01-08T04:15:00Z,84.9962,0.59992,119.986
2026-01-08T04:16:00Z,85.0195,0.60033,120.028
2026-01-08T04:17:00Z,84.9966,0.59976,119.972
2026-01-08T04:18:00Z,85.0175,0.60034,120.018
2026-01-08T04:19:00Z,84.9763,0.60004,119.971
2026-01-08T04:20:00Z,85.0044,0.60059,119.989
2026-01-08T04:21:00Z,84.9859,0.59957,119.999
2026-01-08T04:22:00Z,85.0096,0.60015,120.023
2026-01-08T04:23:00Z,84.9736,0.59939,119.965
2026-01-08T04:24:00Z,85.0186,0.6003,120.058
2026-01-08T04:25:00Z,84.982,0.59993,119.976
2026-01-08T04:26:00Z,85.0109,0.60048,120.037
2026-01-08T04:27:00Z,84.9869,0.59959,119.945
2026-01-08T04:28:00Z,85.0138,0.60058,120.03
2026-01-08T04:29:00Z,84.9739,0.59944,119.981
2026-01-08T04:30:00Z,85.0158,0.60063,120.016
2026-01-08T04:31:00Z,84.9826,0.59949,119.978
2026-01-08T04:32:00Z,85.0076,0.60037,120.033
2026-01-08T04:33:00Z,84.9767,0.59956,119.992
2026-01-08T04:34:00Z,85.024,0.60033,120.027
2026-01-08T04:35:00Z,84.9845,0.59984,119.943
2026-01-08T04:36:00Z,85.0152,0.60039,120.027
2026-01-08T04:37:00Z,84.9955,0.59959,119.985
2026-01-08T04:38:00Z,85.0202,0.60027,120.046
2026-01-08T04:39:00Z,84.9832,0.59974,119.949
2026-01-08T04:40:00Z,85.0128,0.60007,120.001
2026-01-08T04:41:00Z,85.0022,0.5996,119.96
2026-01-08T04:42:00Z,85.0081,0.60045,120.036
2026-01-08T04:43:00Z,84.9873,0.59976,119.98
2026-01-08T04:44:00Z,85.0078,0.60059,120.031
2026-01-08T04:45:00Z,84.9863,0.59957,119.973
2026-01-08T04:46:00Z,85.0191,0.60074,120.047
2026-01-08T04:47:00Z,84.9825,0.59982,119.944
2026-01-08T04:48:00Z,85.0194,0.60049,120.015
2026-01-08T04:49:00Z,84.9849,0.59975,119.95
2026-01-08T04:50:00Z,85.0184,0.60034,120.031
2026-01-08T04:51:00Z,84.9763,0.59967,119.956
2026-01-08T04:52:00Z,85.0312,0.60053,120.062
2026-01-08T04:53:00Z,84.9841,0.59955,119.953
2026-01-08T04:54:00Z,85.0052,0.60058,120.014
2026-01-08T04:55:00Z,84.976,0.59982,119.98
2026-01-08T04:56:00Z,85.0184,0.60054,120.037
2026-01-08T04:57:00Z,84.984,0.59943,119.965
2026-01-08T04:58:00Z,85.0242,0.60064,120.034
2026-01-08T04:59:00Z,84.9799,0.59949,119.984
2026-01-08T05:00:00Z,85.011,0.59998,120.034
2026-01-08T05:01:00Z,84.9915,0.59926,119.945
2026-01-08T05:02:00Z,85.0256,0.60046,120.043
2026-01-08T05:03:00Z,84.9837,0.59969,119.973
2026-01-08T05:04:00Z,85.0043,0.60025,120.026
2026-01-08T05:05:00Z,84.9886,0.59935,119.993
2026-01-08T05:06:00Z,85.014,0.60048,120.049
2026-01-08T05:07:00Z,84.9926,0.59971,119.979
2026-01-08T05:08:00Z,85.0066,0.60025,120.003
2026-01-08T05:09:00Z,84.9779,0.59964,119.962
2026-01-08T05:10:00Z,85.0143,0.60064,120.012
2026-01-08T05:11:00Z,84.9712,0.59979,119.951
2026-01-08T05:12:00Z,85.0189,0.60015,120.012
2026-01-08T05:13:00Z,84.9888,0.59961,120.002
2026-01-08T05:14:00Z,85.0144,0.60042,120.019
2026-01-08T05:15:00Z,84.9732,0.59946,119.963
2026-01-08T05:16:00Z,85.0192,0.59973,120.026
2026-01-08T05:17:00Z,84.9911,0.59929,119.971
2026-01-08T05:18:00Z,85.0252,0.60012,120.019
2026-01-08T05:19:00Z,84.9863,0.59981,119.965
2026-01-08T05:20:00Z,85.0122,0.60064,120.057
2026-01-08T05:21:00Z,84.9824,0.59936,119.951
2026-01-08T05:22:00Z,85.0155,0.6001,120.027
2026-01-08T05:23:00Z,84.9808,0.5999,119.969
2026-01-08T05:24:00Z,85.0274,0.60065,120.011
2026-01-08T05:25:00Z,84.9936,0.59999,119.961
2026-01-08T05:26:00Z,85.0282,0.60027,120.049
2026-01-08T05:27:00Z,84.9975,0.59978,119.954
2026-01-08T05:28:00Z,85.0291,0.60054,120.012
2026-01-08T05:29:00Z,84.9813,0.59941,119.945
2026-01-08T05:30:00Z,85.0154,0.60045,120.032
2026-01-08T05:31:00Z,84.9944,0.5995,119.978
2026-01-08T05:32:00Z,85.0162,0.60028,120.02
2026-01-08T05:33:00Z,84.9796,0.59975,119.986
2026-01-08T05:34:00Z,85.0193,0.60042,120.027
2026-01-08T05:35:00Z,84.9915,0.59921,119.987
2026-01-08T05:36:00Z,85.0136,0.60078,120.026
2026-01-08T05:37:00Z,84.9761,0.59983,119.992
2026-01-08T05:38:00Z,85.0339,0.60036,120.029
2026-01-08T05:39:00Z,84.9841,0.59941,119.947
2026-01-08T05:40:00Z,85.0112,0.6003,120.031
2026-01-08T05:41:00Z,85.0005,0.59927,119.971
2026-01-08T05:42:00Z,85.0063,0.60028,120.03
2026-01-08T05:43:00Z,84.9864,0.59959,120.006
2026-01-08T05:44:00Z,85.0207,0.60066,120.025
2026-01-08T05:45:00Z,84.9864,0.59961,119.958
2026-01-08T05:46:00Z,85.0267,0.60029,120.033
2026-01-08T05:47:00Z,84.9879,0.59967,119.974
2026-01-08T05:48:00Z,85.0155,0.6002,119.998
2026-01-08T05:49:00Z,84.9906,0.59942,119.963
2026-01-08T05:50:00Z,85.0254,0.60011,120.023
2026-01-08T05:51:00Z,84.9907,0.5995,119.992
2026-01-08T05:52:00Z,85.0154,0.60026,120.045
2026-01-08T05:53:00Z,84.9803,0.59956,119.977
2026-01-08T05:54:00Z,85.0221,0.60047,120.011
2026-01-08T05:55:00Z,84.9763,0.59997,119.999
2026-01-08T05:56:00Z,85.0195,0.60051,120.03
2026-01-08T05:57:00Z,84.9808,0.59949,119.982
2026-01-08T05:58:00Z,85.0122,0.60099,120.045
2026-01-08T05:59:00Z,84.9843,0.59975,119.959
2026-01-08T06:00:00Z,85.0166,0.60041,120.055
2026-01-08T06:01:00Z,84.9859,0.59969,119.956
2026-01-08T06:02:00Z,85.0251,0.59992,120.034
2026-01-08T06:03:00Z,85.0042,0.59977,119.968
2026-01-08T06:04:00Z,85.0234,0.60015,120.017
2026-01-08T06:05:00Z,84.9866,0.59954,119.989
2026-01-08T06:06:00Z,85.0251,0.60035,120.019
2026-01-08T06:07:00Z,84.9893,0.59983,119.996
2026-01-08T06:08:00Z,85.0203,0.60049,120.013
2026-01-08T06:09:00Z,84.9883,0.5996,119.963
2026-01-08T06:10:00Z,85.0149,0.60038,120.026
2026-01-08T06:11:00Z,84.9734,0.59942,119.965
2026-01-08T06:12:00Z,85.0246,0.60028,120.001
2026-01-08T06:13:00Z,84.9782,0.59988,119.968
2026-01-08T06:14:00Z,85.0237,0.6004,120.034
2026-01-08T06:15:00Z,84.9627,0.59923,119.985
2026-01-08T06:16:00Z,85.0157,0.60066,120.03
2026-01-08T06:17:00Z,84.9758,0.59955,119.974
2026-01-08T06:18:00Z,85.0202,0.60041,120.02
2026-01-08T06:19:00Z,84.9738,0.59952,119.986
2026-01-08T06:20:00Z,85.0005,0.60016,120.034
2026-01-08T06:21:00Z,84.9885,0.5999,119.948
2026-01-08T06:22:00Z,85.0116,0.60052,120.032
2026-01-08T06:23:00Z,84.9761,0.59923,119.966
2026-01-08T06:24:00Z,85.0282,0.60069,120.044
2026-01-08T06:25:00Z,84.987,0.59946,119.974
2026-01-08T06:26:00Z,85.0127,0.6002,119.99
2026-01-08T06:27:00Z,84.9971,0.59955,119.968
2026-01-08T06:28:00Z,85.0128,0.60005,120.029
2026-01-08T06:29:00Z,84.9816,0.59955,119.946
2026-01-08T06:30:00Z,85.0122,0.60028,120.028
2026-01-08T06:31:00Z,84.983,0.59996,119.987
2026-01-08T06:32:00Z,84.9971,0.60035,120.024
2026-01-08T06:33:00Z,84.988,0.59984,119.975
2026-01-08T06:34:00Z,85.0173,0.60017,120.03
2026-01-08T06:35:00Z,84.9907,0.59965,119.953
2026-01-08T06:36:00Z,85.02,0.60065,120.029
2026-01-08T06:37:00Z,84.9877,0.59997,119.954
2026-01-08T06:38:00Z,85.0092,0.60027,120.016
2026-01-08T06:39:00Z,84.9833,0.59947,119.969
2026-01-08T06:40:00Z,85.0185,0.60037,120.032
2026-01-08T06:41:00Z,84.9961,0.59949,119.965
2026-01-08T06:42:00Z,85.0136,0.60021,120.037
2026-01-08T06:43:00Z,84.9845,0.59946,119.978
2026-01-08T06:44:00Z,85.0073,0.60059,120.047
2026-01-08T06:45:00Z,84.9856,0.59984,119.954
2026-01-08T06:46:00Z,85.026,0.60039,120.008
2026-01-08T06:47:00Z,84.9808,0.5999,119.951
2026-01-08T06:48:00Z,85.0224,0.60065,120.035
2026-01-08T06:49:00Z,84.9874,0.59928,119.993
2026-01-08T06:50:00Z,85.0227,0.60054,120.062
2026-01-08T06:51:00Z,84.9834,0.59954,119.962
2026-01-08T06:52:00Z,85.0101,0.60038,120.038
2026-01-08T06:53:00Z,84.9903,0.59913,119.951
2026-01-08T06:54:00Z,85.0229,0.60036,120.037
2026-01-08T06:55:00Z,84.9723,0.59955,119.977
2026-01-08T06:56:00Z,85.0134,0.60063,120.049
2026-01-08T06:57:00Z,84.991,0.59934,119.972
2026-01-08T06:58:00Z,85.0157,0.60068,120.024
2026-01-08T06:59:00Z,84.975,0.59935,119.994
2026-01-08T07:00:00Z,85.0051,0.60017,120.023
2026-01-08T07:01:00Z,84.9909,0.59968,119.955
2026-01-08T07:02:00Z,85.011,0.60019,120.011
2026-01-08T07:03:00Z,84.9905,0.5994,119.973
2026-01-08T07:04:00Z,85.0238,0.60066,120.026
2026-01-08T07:05:00Z,84.9931,0.59971,119.977
2026-01-08T07:06:00Z,85.0066,0.60074,120.048
2026-01-08T07:07:00Z,84.9728,0.59945,119.995
2026-01-08T07:08:00Z,85.0094,0.60079,120.015
2026-01-08T07:09:00Z,84.9967,0.59959,119.972
2026-01-08T07:10:00Z,85.0281,0.60039,120.025
2026-01-08T07:11:00Z,84.9846,0.59951,119.966
2026-01-08T07:12:00Z,85.0165,0.60063,120.051
2026-01-08T07:13:00Z,84.9933,0.59974,119.956
2026-01-08T07:14:00Z,85.0215,0.60041,120.019
2026-01-08T07:15:00Z,84.9833,0.59964,119.953
2026-01-08T07:16:00Z,85.0177,0.60006,120.027
2026-01-08T07:17:00Z,84.9832,0.59975,119.975
2026-01-08T07:18:00Z,84.997,0.60043,120.038
2026-01-08T07:19:00Z,84.9839,0.59952,119.973
2026-01-08T07:20:00Z,85.0181,0.60041,120.017
2026-01-08T07:21:00Z,84.979,0.59968,119.976
2026-01-08T07:22:00Z,85.0048,0.60052,120.018
2026-01-08T07:23:00Z,84.9903,0.59975,119.972
2026-01-08T07:24:00Z,85.0097,0.6006,120.051
2026-01-08T07:25:00Z,84.9867,0.59954,119.953
2026-01-08T07:26:00Z,85.0162,0.6002,120.042
2026-01-08T07:27:00Z,84.9846,0.59964,119.979
2026-01-08T07:28:00Z,85.0259,0.60043,120.032
2026-01-08T07:29:00Z,84.9767,0.59949,119.964
2026-01-08T07:30:00Z,85.0166,0.60015,120.028
2026-01-08T07:31:00Z,84.9718,0.5994,119.982
2026-01-08T07:32:00Z,85.0051,0.60063,120.05
2026-01-08T07:33:00Z,84.9835,0.59957,119.978
2026-01-08T07:34:00Z,85.0218,0.60036,120.031
2026-01-08T07:35:00Z,84.9938,0.59998,119.963
2026-01-08T07:36:00Z,85.0116,0.60004,120.024
2026-01-08T07:37:00Z,84.9858,0.59954,119.964
2026-01-08T07:38:00Z,85.021,0.60044,120.052
2026-01-08T07:39:00Z,84.9745,0.59985,119.965
2026-01-08T07:40:00Z,85.011,0.60068,120.033
2026-01-08T07:41:00Z,84.9845,0.59964,119.968
2026-01-08T07:42:00Z,85.0191,0.60063,120.029
2026-01-08T07:43:00Z,84.9948,0.60007,119.987
2026-01-08T07:44:00Z,85.018,0.60039,120.018
2026-01-08T07:45:00Z,84.9751,0.59972,119.971
2026-01-08T07:46:00Z,85.0005,0.60049,120.016
2026-01-08T07:47:00Z,84.9628,0.5994,119.972
2026-01-08T07:48:00Z,85.0079,0.60039,120.058
2026-01-08T07:49:00Z,84.9905,0.59998,119.958
2026-01-08T07:50:00Z,85.011,0.60033,120.047
2026-01-08T07:51:00Z,84.9818,0.59965,119.96
2026-01-08T07:52:00Z,85.0263,0.60039,120.037
2026-01-08T07:53:00Z,84.9742,0.59935,119.966
2026-01-08T07:54:00Z,85.0162,0.60038,120.044
2026-01-08T07:55:00Z,84.9707,0.5995,119.998
2026-01-08T07:56:00Z,85.0247,0.60074,120.024
2026-01-08T07:57:00Z,84.9793,0.59968,119.961
2026-01-08T07:58:00Z,85.02,0.60034,120.033
2026-01-08T07:59:00Z,84.9916,0.59959,119.971
2026-01-08T08:00:00Z,85.0087,0.60033,120.023
2026-01-08T08:01:00Z,84.9762,0.59967,119.996
2026-01-08T08:02:00Z,85.0248,0.6005,120.008
2026-01-08T08:03:00Z,84.9713,0.59974,119.963
2026-01-08T08:04:00Z,85.0089,0.60073,120.032
2026-01-08T08:05:00Z,84.993,0.59953,119.957
2026-01-08T08:06:00Z,85.0151,0.60018,120.032
2026-01-08T08:07:00Z,84.9769,0.59979,119.946
2026-01-08T08:08:00Z,85.0083,0.60041,120.044
2026-01-08T08:09:00Z,84.9844,0.5997,119.992
2026-01-08T08:10:00Z,85.0305,0.60074,120.04
2026-01-08T08:11:00Z,85.0005,0.59942,120.0
2026-01-08T08:12:00Z,85.0148,0.6001,120.037
2026-01-08T08:13:00Z,84.9812,0.60003,119.989
2026-01-08T08:14:00Z,85.0256,0.60042,120.022
2026-01-08T08:15:00Z,84.9974,0.59954,119.967
2026-01-08T08:16:00Z,85.0145,0.6001,120.025
2026-01-08T08:17:00Z,84.9731,0.59972,119.974
2026-01-08T08:18:00Z,85.0091,0.60047,120.066
2026-01-08T08:19:00Z,84.9904,0.5999,119.971
2026-01-08T08:20:00Z,85.0029,0.59999,120.05
2026-01-08T08:21:00Z,84.983,0.59957,119.985
2026-01-08T08:22:00Z,85.0182,0.60023,120.029
2026-01-08T08:23:00Z,84.9892,0.59956,119.955
2026-01-08T08:24:00Z,85.0177,0.60028,120.039
2026-01-08T08:25:00Z,84.985,0.59949,119.947
2026-01-08T08:26:00Z,85.0087,0.60026,120.019
2026-01-08T08:27:00Z,84.9846,0.59965,119.945
2026-01-08T08:28:00Z,85.0178,0.60036,120.05
2026-01-08T08:29:00Z,84.9777,0.5995,119.948
2026-01-08T08:30:00Z,85.0167,0.60072,120.031
2026-01-08T08:31:00Z,84.9802,0.59962,119.974
2026-01-08T08:32:00Z,85.0197,0.60041,120.061
2026-01-08T08:33:00Z,84.9737,0.59949,119.983
2026-01-08T08:34:00Z,85.015,0.60044,120.022
2026-01-08T08:35:00Z,84.9807,0.5999,119.975
2026-01-08T08:36:00Z,85.0168,0.60062,120.011
2026-01-08T08:37:00Z,84.9919,0.59945,119.993
2026-01-08T08:38:00Z,85.0171,0.60045,120.02
2026-01-08T08:39:00Z,84.9936,0.59976,119.97
2026-01-08T08:40:00Z,85.0165,0.60049,120.052
2026-01-08T08:41:00Z,84.9655,0.59993,119.977
2026-01-08T08:42:00Z,85.0218,0.60018,120.025
2026-01-08T08:43:00Z,84.984,0.59965,119.948
2026-01-08T08:44:00Z,85.0001,0.60045,120.033
2026-01-08T08:45:00Z,84.9884,0.59971,119.959
2026-01-08T08:46:00Z,85.0165,0.60075,120.017
2026-01-08T08:47:00Z,84.9887,0.59975,119.999
2026-01-08T08:48:00Z,85.0249,0.60015,120.021
2026-01-08T08:49:00Z,84.9965,0.59971,119.943
2026-01-08T08:50:00Z,85.0174,0.6002,120.026
2026-01-08T08:51:00Z,84.9825,0.59955,119.948
2026-01-08T08:52:00Z,85.0168,0.60014,120.003
2026-01-08T08:53:00Z,84.9868,0.59953,119.97
2026-01-08T08:54:00Z,85.0122,0.60045,120.024
2026-01-08T08:55:00Z,84.9865,0.60001,120.005
2026-01-08T08:56:00Z,85.0219,0.60071,120.01
2026-01-08T08:57:00Z,84.9867,0.59955,119.976
2026-01-08T08:58:00Z,85.0191,0.60081,120.031
2026-01-08T08:59:00Z,84.9824,0.59957,119.938
2026-01-08T09:00:00Z,85.0061,0.6003,120.031
2026-01-08T09:01:00Z,84.9865,0.5997,119.988
2026-01-08T09:02:00Z,85.0212,0.60046,120.044
2026-01-08T09:03:00Z,84.9882,0.59955,119.969
2026-01-08T09:04:00Z,85.012,0.60077,120.034
2026-01-08T09:05:00Z,84.9779,0.59955,119.987
2026-01-08T09:06:00Z,85.0105,0.60032,120.036
2026-01-08T09:07:00Z,84.9831,0.59928,119.976
2026-01-08T09:08:00Z,85.0097,0.60057,120.041
2026-01-08T09:09:00Z,84.9713,0.59956,120.004
2026-01-08T09:10:00Z,85.0161,0.60056,120.018
2026-01-08T09:11:00Z,85.0006,0.59955,119.954
2026-01-08T09:12:00Z,85.0107,0.60078,120.037
2026-01-08T09:13:00Z,84.977,0.59939,119.977
2026-01-08T09:14:00Z,84.9924,0.60026,120.059
2026-01-08T09:15:00Z,84.9756,0.59951,119.982
2026-01-08T09:16:00Z,85.0216,0.60038,119.994
2026-01-08T09:17:00Z,84.9961,0.59976,119.98
2026-01-08T09:18:00Z,85.0215,0.60048,120.038
2026-01-08T09:19:00Z,84.9803,0.5999,119.97
2026-01-08T09:20:00Z,85.0224,0.60053,120.034
2026-01-08T09:21:00Z,84.9768,0.59949,119.959
2026-01-08T09:22:00Z,85.0163,0.60052,120.049
2026-01-08T09:23:00Z,84.982,0.59965,119.95
2026-01-08T09:24:00Z,85.0238,0.60102,120.012
2026-01-08T09:25:00Z,84.9917,0.59943,119.983
2026-01-08T09:26:00Z,85.0184,0.60068,120.027
2026-01-08T09:27:00Z,84.9841,0.59945,119.985
2026-01-08T09:28:00Z,85.0144,0.60053,120.017
2026-01-08T09:29:00Z,84.9796,0.5996,119.988
2026-01-08T09:30:00Z,85.0191,0.60071,120.052
2026-01-08T09:31:00Z,84.973,0.59964,119.967
2026-01-08T09:32:00Z,85.011,0.60009,120.059
2026-01-08T09:33:00Z,84.9792,0.59965,119.969
2026-01-08T09:34:00Z,85.0275,0.60016,120.028
2026-01-08T09:35:00Z,85.0,0.59936,120.009
2026-01-08T09:36:00Z,85.0337,0.60046,120.019
2026-01-08T09:37:00Z,84.9862,0.59946,119.976
2026-01-08T09:38:00Z,85.0054,0.60068,120.018
2026-01-08T09:39:00Z,84.9853,0.59937,119.96
2026-01-08T09:40:00Z,85.014,0.60051,120.039
2026-01-08T09:41:00Z,84.9898,0.59928,119.979
2026-01-08T09:42:00Z,85.0093,0.60032,120.034
2026-01-08T09:43:00Z,84.9885,0.59965,119.957
2026-01-08T09:44:00Z,85.0183,0.60004,120.02
2026-01-08T09:45:00Z,84.9767,0.59971,119.971
2026-01-08T09:46:00Z,85.0296,0.60069,120.028
2026-01-08T09:47:00Z,84.9882,0.59953,119.966
2026-01-08T09:48:00Z,85.0179,0.60054,120.02
2026-01-08T09:49:00Z,84.989,0.59971,119.966
2026-01-08T09:50:00Z,85.0188,0.6007,120.047
2026-01-08T09:51:00Z,84.9871,0.59967,119.955
2026-01-08T09:52:00Z,85.0368,0.60052,120.051
2026-01-08T09:53:00Z,84.9696,0.59931,119.972
2026-01-08T09:54:00Z,85.0028,0.60042,120.042
2026-01-08T09:55:00Z,84.9922,0.59964,119.95
2026-01-08T09:56:00Z,85.0057,0.60054,120.054
2026-01-08T09:57:00Z,84.9754,0.5995,119.974
2026-01-08T09:58:00Z,85.0156,0.6003,120.026
2026-01-08T09:59:00Z,84.9882,0.59963,119.966
2026-01-08T10:00:00Z,85.0097,0.60036,120.019
2026-01-08T10:01:00Z,84.9838,0.59981,120.006
2026-01-08T10:02:00Z,85.0199,0.60041,119.999
2026-01-08T10:03:00Z,84.9977,0.59922,119.953
2026-01-08T10:04:00Z,85.0182,0.60029,120.036
2026-01-08T10:05:00Z,84.9882,0.59962,119.977
2026-01-08T10:06:00Z,85.0153,0.60015,120.023
2026-01-08T10:07:00Z,84.9963,0.59968,119.97
2026-01-08T10:08:00Z,85.0116,0.60039,120.011
2026-01-08T10:09:00Z,84.9813,0.59966,119.975
2026-01-08T10:10:00Z,85.0084,0.60043,120.031
2026-01-08T10:11:00Z,84.9959,0.59963,119.955
2026-01-08T10:12:00Z,85.0133,0.60049,120.043
2026-01-08T10:13:00Z,84.9916,0.5997,119.966
2026-01-08T10:14:00Z,85.012,0.60033,120.012
2026-01-08T10:15:00Z,84.9881,0.59941,119.998
2026-01-08T10:16:00Z,85.0122,0.60053,120.024
2026-01-08T10:17:00Z,84.9709,0.59989,119.955
2026-01-08T10:18:00Z,84.9939,0.60103,120.056
2026-01-08T10:19:00Z,84.986,0.59955,119.974
2026-01-08T10:20:00Z,85.0261,0.6001,120.057
2026-01-08T10:21:00Z,84.9901,0.59962,119.968
2026-01-08T10:22:00Z,85.0187,0.60056,120.033
2026-01-08T10:23:00Z,84.9766,0.59947,119.984
2026-01-08T10:24:00Z,85.012,0.60054,120.013
2026-01-08T10:25:00Z,84.9708,0.59958,119.999
2026-01-08T10:26:00Z,85.0115,0.60058,120.027
2026-01-08T10:27:00Z,84.9746,0.59967,119.965
2026-01-08T10:28:00Z,85.013,0.60045,120.02
2026-01-08T10:29:00Z,84.999,0.59954,119.974
2026-01-08T10:30:00Z,85.0048,0.60023,120.023
2026-01-08T10:31:00Z,84.9827,0.59969,119.963
2026-01-08T10:32:00Z,85.0197,0.60017,120.031
2026-01-08T10:33:00Z,84.9663,0.59937,119.968
2026-01-08T10:34:00Z,85.0263,0.6004,120.047
2026-01-08T10:35:00Z,84.9912,0.59954,119.949
2026-01-08T10:36:00Z,85.0208,0.60056,120.012
2026-01-08T10:37:00Z,84.9804,0.59934,119.965
2026-01-08T10:38:00Z,85.0188,0.60042,119.984
2026-01-08T10:39:00Z,84.9834,0.59938,119.953
2026-01-08T10:40:00Z,85.0252,0.60018,120.013
2026-01-08T10:41:00Z,84.9817,0.59979,119.973
2026-01-08T10:42:00Z,85.0073,0.60014,120.03
2026-01-08T10:43:00Z,84.9806,0.59959,119.932
2026-01-08T10:44:00Z,85.0137,0.60012,120.026
2026-01-08T10:45:00Z,84.9818,0.59941,119.987
2026-01-08T10:46:00Z,85.0097,0.60043,120.029
2026-01-08T10:47:00Z,84.9991,0.59974,119.995
2026-01-08T10:48:00Z,85.0096,0.60066,120.039
2026-01-08T10:49:00Z,84.9913,0.59952,119.982
2026-01-08T10:50:00Z,85.0047,0.60031,120.021
2026-01-08T10:51:00Z,84.9851,0.59943,119.966
2026-01-08T10:52:00Z,85.0074,0.60059,120.056
2026-01-08T10:53:00Z,84.9775,0.59965,119.998
2026-01-08T10:54:00Z,85.0045,0.60018,120.023
2026-01-08T10:55:00Z,84.9729,0.5996,119.985
2026-01-08T10:56:00Z,85.0172,0.60041,120.035
2026-01-08T10:57:00Z,84.9639,0.59936,119.988
2026-01-08T10:58:00Z,85.0007,0.60031,120.047
2026-01-08T10:59:00Z,84.983,0.59941,119.978
2026-01-08T11:00:00Z,85.0236,0.60045,120.037
2026-01-08T11:01:00Z,84.9895,0.59941,119.975
2026-01-08T11:02:00Z,85.0257,0.6003,120.04
2026-01-08T11:03:00Z,84.9878,0.60006,119.96
2026-01-08T11:04:00Z,85.0127,0.60047,120.033
2026-01-08T11:05:00Z,84.9818,0.59988,119.988
2026-01-08T11:06:00Z,85.0191,0.60056,120.023
2026-01-08T11:07:00Z,84.9833,0.59964,119.972
2026-01-08T11:08:00Z,85.0134,0.60022,120.029
2026-01-08T11:09:00Z,84.9857,0.59964,120.015
2026-01-08T11:10:00Z,85.0057,0.60032,120.047
2026-01-08T11:11:00Z,84.9865,0.59958,119.97
2026-01-08T11:12:00Z,85.0017,0.6004,120.028
2026-01-08T11:13:00Z,84.9861,0.59963,119.948
2026-01-08T11:14:00Z,85.009,0.60039,120.022
2026-01-08T11:15:00Z,84.9925,0.59951,119.97
2026-01-08T11:16:00Z,85.0259,0.60022,120.021
2026-01-08T11:17:00Z,84.988,0.59943,120.0
2026-01-08T11:18:00Z,85.0175,0.60057,120.007
2026-01-08T11:19:00Z,84.9832,0.59972,119.972
2026-01-08T11:20:00Z,85.0183,0.60036,120.03
2026-01-08T11:21:00Z,84.989,0.59946,119.931
2026-01-08T11:22:00Z,85.0109,0.60029,120.036
2026-01-08T11:23:00Z,84.9756,0.59924,119.97
2026-01-08T11:24:00Z,85.0121,0.6004,120.027
2026-01-08T11:25:00Z,84.9778,0.5998,119.983
2026-01-08T11:26:00Z,85.0036,0.60071,120.042
2026-01-08T11:27:00Z,84.9914,0.59977,119.98
2026-01-08T11:28:00Z,85.0167,0.60079,120.024
2026-01-08T11:29:00Z,84.9784,0.59949,119.973
2026-01-08T11:30:00Z,85.0166,0.60004,120.033
2026-01-08T11:31:00Z,84.9683,0.59937,119.964
2026-01-08T11:32:00Z,85.008,0.60042,120.065
2026-01-08T11:33:00Z,84.9768,0.59974,119.962
2026-01-08T11:34:00Z,85.0185,0.60078,120.027
2026-01-08T11:35:00Z,84.9925,0.59972,119.987
2026-01-08T11:36:00Z,85.014,0.60046,120.034
2026-01-08T11:37:00Z,84.9777,0.59962,119.959
2026-01-08T11:38:00Z,85.0243,0.60042,120.019
2026-01-08T11:39:00Z,84.9567,0.59931,119.981
2026-01-08T11:40:00Z,85.0036,0.60051,120.047
2026-01-08T11:41:00Z,84.9823,0.59978,119.963
2026-01-08T11:42:00Z,85.0208,0.60069,120.012
2026-01-08T11:43:00Z,84.9909,0.59948,119.956
2026-01-08T11:44:00Z,85.0246,0.6003,120.038
2026-01-08T11:45:00Z,84.9872,0.59962,119.984
2026-01-08T11:46:00Z,85.013,0.60045,120.03
2026-01-08T11:47:00Z,84.985,0.59948,119.968
2026-01-08T11:48:00Z,85.0177,0.60043,120.059
2026-01-08T11:49:00Z,84.9877,0.59939,119.957
2026-01-08T11:50:00Z,85.0266,0.6005,120.037
2026-01-08T11:51:00Z,84.9913,0.59971,119.98
2026-01-08T11:52:00Z,85.0057,0.60054,120.028
2026-01-08T11:53:00Z,84.9927,0.59968,119.988
2026-01-08T11:54:00Z,85.0209,0.6005,120.046
2026-01-08T11:55:00Z,84.9756,0.59986,119.987
2026-01-08T11:56:00Z,85.0177,0.60025,120.055
2026-01-08T11:57:00Z,84.9813,0.59951,119.963
2026-01-08T11:58:00Z,85.0227,0.60028,120.033
2026-01-08T11:59:00Z,84.9845,0.59966,119.96
2026-01-08T12:00:00Z,85.0173,0.60047,120.007
2026-01-08T12:01:00Z,84.9686,0.59941,119.967
2026-01-08T12:02:00Z,85.0174,0.60058,120.02
2026-01-08T12:03:00Z,84.9886,0.59975,119.981
2026-01-08T12:04:00Z,85.0236,0.60037,120.049
2026-01-08T12:05:00Z,84.9873,0.59993,119.976
2026-01-08T12:06:00Z,85.0217,0.60044,120.026
2026-01-08T12:07:00Z,84.9739,0.59977,119.963
2026-01-08T12:08:00Z,85.0075,0.60045,120.05
2026-01-08T12:09:00Z,84.9883,0.59941,119.983
2026-01-08T12:10:00Z,85.0085,0.60056,120.04
2026-01-08T12:11:00Z,84.9826,0.59966,119.952
2026-01-08T12:12:00Z,85.0147,0.60054,120.045
2026-01-08T12:13:00Z,84.9781,0.5997,119.976
2026-01-08T12:14:00Z,85.0122,0.60027,120.07
2026-01-08T12:15:00Z,84.9818,0.59938,119.968
2026-01-08T12:16:00Z,85.021,0.60062,120.044
2026-01-08T12:17:00Z,84.9804,0.5997,119.972
2026-01-08T12:18:00Z,85.0162,0.60023,120.028
2026-01-08T12:19:00Z,85.0011,0.59944,119.935
2026-01-08T12:20:00Z,85.0203,0.6002,120.028
2026-01-08T12:21:00Z,84.9639,0.59962,119.956
2026-01-08T12:22:00Z,85.0107,0.60041,120.038
2026-01-08T12:23:00Z,84.9754,0.59905,119.935
2026-01-08T12:24:00Z,85.0095,0.60058,120.005
2026-01-08T12:25:00Z,84.9738,0.59972,119.96
2026-01-08T12:26:00Z,85.0229,0.6003,120.009
2026-01-08T12:27:00Z,84.9758,0.59972,119.99
2026-01-08T12:28:00Z,85.0131,0.60055,120.023
2026-01-08T12:29:00Z,84.9827,0.59937,119.966
2026-01-08T12:30:00Z,85.0198,0.6006,120.029
2026-01-08T12:31:00Z,84.9735,0.59951,120.002
2026-01-08T12:32:00Z,85.02,0.60047,120.032
2026-01-08T12:33:00Z,84.9955,0.59955,119.982
2026-01-08T12:34:00Z,85.0267,0.60045,120.013
2026-01-08T12:35:00Z,84.9838,0.59969,119.967
2026-01-08T12:36:00Z,85.0099,0.60008,120.037
2026-01-08T12:37:00Z,84.982,0.59996,119.976
2026-01-08T12:38:00Z,85.0023,0.60054,120.03
2026-01-08T12:39:00Z,84.9952,0.59959,119.984
2026-01-08T12:40:00Z,85.0181,0.60015,120.037
2026-01-08T12:41:00Z,84.9862,0.59949,119.959
2026-01-08T12:42:00Z,85.0021,0.6004,120.036
2026-01-08T12:43:00Z,84.9761,0.59952,119.976
2026-01-08T12:44:00Z,85.0187,0.60055,120.001
2026-01-08T12:45:00Z,84.981,0.59965,119.94
2026-01-08T12:46:00Z,85.0126,0.60065,120.038
2026-01-08T12:47:00Z,84.9889,0.59982,119.941
2026-01-08T12:48:00Z,85.0136,0.60068,120.027
2026-01-08T12:49:00Z,84.9854,0.59951,119.974
2026-01-08T12:50:00Z,85.0212,0.60059,120.017
2026-01-08T12:51:00Z,84.9952,0.59943,119.955
2026-01-08T12:52:00Z,85.0176,0.60053,120.023
2026-01-08T12:53:00Z,84.9821,0.59971,119.981
2026-01-08T12:54:00Z,85.0289,0.60074,120.026
2026-01-08T12:55:00Z,84.9869,0.59964,119.97
2026-01-08T12:56:00Z,85.0098,0.60034,120.019
2026-01-08T12:57:00Z,84.9768,0.59976,119.999
2026-01-08T12:58:00Z,85.0236,0.60062,120.028
2026-01-08T12:59:00Z,84.9894,0.59942,119.966
2026-01-08T13:00:00Z,85.014,0.60039,120.03
2026-01-08T13:01:00Z,84.9756,0.59958,119.98
2026-01-08T13:02:00Z,85.0214,0.60047,120.03
2026-01-08T13:03:00Z,84.9854,0.59927,119.929
2026-01-08T13:04:00Z,85.014,0.60037,120.031
2026-01-08T13:05:00Z,84.9792,0.59956,119.983
2026-01-08T13:06:00Z,84.9966,0.60059,120.04
2026-01-08T13:07:00Z,84.983,0.59955,119.984
2026-01-08T13:08:00Z,85.0116,0.60025,120.008
2026-01-08T13:09:00Z,84.9788,0.59976,119.96
2026-01-08T13:10:00Z,85.0147,0.6004,120.031
2026-01-08T13:11:00Z,84.9837,0.59959,119.962
2026-01-08T13:12:00Z,85.0289,0.60003,120.035
2026-01-08T13:13:00Z,84.985,0.59935,119.989
2026-01-08T13:14:00Z,85.0194,0.6005,120.027
2026-01-08T13:15:00Z,84.9771,0.59965,119.98
2026-01-08T13:16:00Z,85.0187,0.60066,120.042
2026-01-08T13:17:00Z,85.0008,0.59948,119.976
2026-01-08T13:18:00Z,85.0226,0.60017,120.025
2026-01-08T13:19:00Z,84.9926,0.59944,119.973
2026-01-08T13:20:00Z,85.0127,0.60051,120.026
2026-01-08T13:21:00Z,84.9737,0.59992,119.971
2026-01-08T13:22:00Z,85.0082,0.60049,120.025
2026-01-08T13:23:00Z,84.9856,0.59958,119.955
2026-01-08T13:24:00Z,85.0385,0.60032,120.0
2026-01-08T13:25:00Z,84.9968,0.59968,119.968
2026-01-08T13:26:00Z,85.0098,0.6002,120.034
2026-01-08T13:27:00Z,84.9934,0.59976,119.949
2026-01-08T13:28:00Z,85.0205,0.60073,120.044
2026-01-08T13:29:00Z,84.979,0.59971,119.968
2026-01-08T13:30:00Z,85.028,0.59983,120.001
2026-01-08T13:31:00Z,84.997,0.59966,119.985
2026-01-08T13:32:00Z,85.0074,0.60075,120.017
2026-01-08T13:33:00Z,84.9845,0.59952,119.971
2026-01-08T13:34:00Z,85.0094,0.60005,120.057
2026-01-08T13:35:00Z,84.9878,0.5999,119.959
2026-01-08T13:36:00Z,85.0104,0.60019,120.052
2026-01-08T13:37:00Z,84.9767,0.59968,119.963
2026-01-08T13:38:00Z,85.0278,0.60073,120.005
2026-01-08T13:39:00Z,84.9831,0.59954,119.955
2026-01-08T13:40:00Z,85.0261,0.60043,120.047
2026-01-08T13:41:00Z,84.977,0.59961,119.956
2026-01-08T13:42:00Z,85.0099,0.60015,120.017
2026-01-08T13:43:00Z,84.9824,0.59899,119.978
2026-01-08T13:44:00Z,85.0167,0.60013,120.036
2026-01-08T13:45:00Z,84.984,0.59956,119.937
2026-01-08T13:46:00Z,85.0123,0.6004,120.035
2026-01-08T13:47:00Z,84.9784,0.5998,119.981
2026-01-08T13:48:00Z,85.0114,0.60075,120.033
2026-01-08T13:49:00Z,84.9933,0.59957,119.962
2026-01-08T13:50:00Z,85.0085,0.60042,120.035
2026-01-08T13:51:00Z,84.982,0.6001,119.951
2026-01-08T13:52:00Z,84.9937,0.60006,120.016
2026-01-08T13:53:00Z,84.9842,0.59951,119.968
2026-01-08T13:54:00Z,85.0143,0.60036,120.014
2026-01-08T13:55:00Z,84.9791,0.59977,119.968
2026-01-08T13:56:00Z,85.0043,0.60006,120.024
2026-01-08T13:57:00Z,84.976,0.59948,119.973
2026-01-08T13:58:00Z,85.0319,0.60023,120.027
2026-01-08T13:59:00Z,84.9858,0.59958,119.954
2026-01-08T14:00:00Z,85.0241,0.60035,120.049
2026-01-08T14:01:00Z,84.9831,0.5997,119.969
2026-01-08T14:02:00Z,85.0097,0.60033,120.03
2026-01-08T14:03:00Z,84.9715,0.5998,119.966
2026-01-08T14:04:00Z,85.0064,0.60018,120.037
2026-01-08T14:05:00Z,84.9898,0.60001,119.93
2026-01-08T14:06:00Z,85.0252,0.60026,120.036
2026-01-08T14:07:00Z,84.997,0.5997,119.954
2026-01-08T14:08:00Z,85.014,0.60041,120.057
2026-01-08T14:09:00Z,85.0015,0.59979,119.964
2026-01-08T14:10:00Z,85.0027,0.60022,120.002
2026-01-08T14:11:00Z,84.9779,0.59977,119.979
2026-01-08T14:12:00Z,85.0178,0.60046,120.056
2026-01-08T14:13:00Z,84.9792,0.59968,119.956
2026-01-08T14:14:00Z,85.0095,0.60016,120.027
2026-01-08T14:15:00Z,84.9913,0.59994,119.971
2026-01-08T14:16:00Z,85.0058,0.60079,120.026
2026-01-08T14:17:00Z,84.9664,0.59951,119.97
2026-01-08T14:18:00Z,85.0133,0.60033,120.033
2026-01-08T14:19:00Z,84.9755,0.59975,119.976
2026-01-08T14:20:00Z,85.0166,0.60043,120.03
2026-01-08T14:21:00Z,84.9795,0.59973,119.987
2026-01-08T14:22:00Z,85.0143,0.60033,120.04
2026-01-08T14:23:00Z,84.974,0.59943,119.961
2026-01-08T14:24:00Z,85.0152,0.60012,120.034
2026-01-08T14:25:00Z,84.9958,0.59973,119.981
2026-01-08T14:26:00Z,85.0075,0.60024,120.027
2026-01-08T14:27:00Z,84.9802,0.59965,119.959
2026-01-08T14:28:00Z,85.032,0.60032,120.052
2026-01-08T14:29:00Z,84.9718,0.59978,119.978
2026-01-08T14:30:00Z,85.009,0.60023,120.041
2026-01-08T14:31:00Z,84.987,0.5995,119.978
2026-01-08T14:32:00Z,85.0057,0.60002,120.031
2026-01-08T14:33:00Z,84.9701,0.59956,119.979
2026-01-08T14:34:00Z,85.0202,0.60048,120.038
2026-01-08T14:35:00Z,84.9745,0.59963,119.996
2026-01-08T14:36:00Z,85.0183,0.60037,120.042
2026-01-08T14:37:00Z,84.9891,0.59981,119.98
2026-01-08T14:38:00Z,85.022,0.60034,120.062
2026-01-08T14:39:00Z,84.9796,0.59973,119.992
2026-01-08T14:40:00Z,85.0152,0.60052,120.028
2026-01-08T14:41:00Z,84.9799,0.59972,119.961
2026-01-08T14:42:00Z,85.0113,0.60066,120.014
2026-01-08T14:43:00Z,84.9795,0.59989,120.005
2026-01-08T14:44:00Z,85.0199,0.6006,120.049
2026-01-08T14:45:00Z,84.9987,0.59974,119.976
2026-01-08T14:46:00Z,85.0108,0.60055,120.029
2026-01-08T14:47:00Z,84.9878,0.59978,119.948
2026-01-08T14:48:00Z,85.0252,0.60061,120.026
2026-01-08T14:49:00Z,84.9885,0.59957,119.972
2026-01-08T14:50:00Z,85.0123,0.60056,120.011
2026-01-08T14:51:00Z,84.9939,0.59979,119.951
2026-01-08T14:52:00Z,85.0096,0.60063,120.037
2026-01-08T14:53:00Z,84.9767,0.59951,119.984
2026-01-08T14:54:00Z,85.0042,0.60048,120.033
2026-01-08T14:55:00Z,84.9664,0.59945,119.981
2026-01-08T14:56:00Z,85.0163,0.60024,120.045
2026-01-08T14:57:00Z,84.9895,0.59951,119.973
2026-01-08T14:58:00Z,85.0106,0.60051,120.019
2026-01-08T14:59:00Z,85.0012,0.59945,119.951
2026-01-08T15:00:00Z,85.0234,0.60041,120.024
2026-01-08T15:01:00Z,84.9886,0.59986,119.976
2026-01-08T15:02:00Z,85.0265,0.59993,120.027
2026-01-08T15:03:00Z,84.9706,0.59928,119.959
2026-01-08T15:04:00Z,85.0279,0.60051,120.019
2026-01-08T15:05:00Z,84.9814,0.59958,119.982
2026-01-08T15:06:00Z,85.0186,0.6001,120.026
2026-01-08T15:07:00Z,84.9863,0.59954,119.972
2026-01-08T15:08:00Z,85.0027,0.60002,120.049
2026-01-08T15:09:00Z,84.9786,0.59967,120.008
2026-01-08T15:10:00Z,85.0183,0.60029,120.032
2026-01-08T15:11:00Z,84.9779,0.60027,119.967
2026-01-08T15:12:00Z,85.0198,0.60062,120.022
2026-01-08T15:13:00Z,84.9693,0.59974,119.951
2026-01-08T15:14:00Z,85.0134,0.60031,120.048
2026-01-08T15:15:00Z,84.9677,0.60013,119.98
2026-01-08T15:16:00Z,85.0241,0.6002,120.045
2026-01-08T15:17:00Z,84.9909,0.59952,119.974
2026-01-08T15:18:00Z,85.0205,0.60022,120.027
2026-01-08T15:19:00Z,84.9902,0.5999,119.976
2026-01-08T15:20:00Z,85.0113,0.60042,120.015
2026-01-08T15:21:00Z,84.9727,0.59977,119.958
2026-01-08T15:22:00Z,85.0283,0.60039,119.991
2026-01-08T15:23:00Z,84.9741,0.59919,119.981
2026-01-08T15:24:00Z,85.0281,0.60037,120.015
2026-01-08T15:25:00Z,84.9882,0.5995,119.957
2026-01-08T15:26:00Z,85.022,0.60059,120.024
2026-01-08T15:27:00Z,84.9861,0.59967,119.966
2026-01-08T15:28:00Z,85.0265,0.60062,120.044
2026-01-08T15:29:00Z,84.9873,0.59962,119.937
2026-01-08T15:30:00Z,85.0135,0.60035,120.046
2026-01-08T15:31:00Z,84.9728,0.59947,119.946
2026-01-08T15:32:00Z,85.008,0.60023,120.02
2026-01-08T15:33:00Z,84.9729,0.59963,119.977
2026-01-08T15:34:00Z,85.0208,0.60075,120.005
2026-01-08T15:35:00Z,84.9923,0.59919,119.958
2026-01-08T15:36:00Z,85.0162,0.60065,120.021
2026-01-08T15:37:00Z,84.9937,0.59981,119.955
2026-01-08T15:38:00Z,85.0181,0.60001,120.028
2026-01-08T15:39:00Z,84.971,0.59959,119.965
2026-01-08T15:40:00Z,85.0045,0.60022,120.022
2026-01-08T15:41:00Z,84.9828,0.59954,119.959
2026-01-08T15:42:00Z,85.0096,0.60022,120.007
2026-01-08T15:43:00Z,84.9908,0.59958,119.951
2026-01-08T15:44:00Z,85.0018,0.59998,120.024
2026-01-08T15:45:00Z,85.0012,0.59923,119.94
2026-01-08T15:46:00Z,85.0094,0.60031,120.031
2026-01-08T15:47:00Z,84.9804,0.59952,119.988
2026-01-08T15:48:00Z,85.0143,0.60044,120.015
2026-01-08T15:49:00Z,84.988,0.59984,119.982
2026-01-08T15:50:00Z,85.0206,0.60023,120.029
2026-01-08T15:51:00Z,84.9932,0.59985,119.976
2026-01-08T15:52:00Z,85.0135,0.60014,120.027
2026-01-08T15:53:00Z,84.9819,0.59945,119.961
2026-01-08T15:54:00Z,85.0106,0.60033,120.009
2026-01-08T15:55:00Z,84.9869,0.59956,119.971
2026-01-08T15:56:00Z,85.0204,0.60019,120.035
2026-01-08T15:57:00Z,84.9943,0.59958,119.969
2026-01-08T15:58:00Z,85.0182,0.60034,120.028
2026-01-08T15:59:00Z,84.9972,0.59944,119.993
2026-01-08T16:00:00Z,85.0084,0.60044,120.012
2026-01-08T16:01:00Z,84.9697,0.59962,119.986
2026-01-08T16:02:00Z,85.0167,0.60025,120.011
2026-01-08T16:03:00Z,84.9836,0.59968,119.964
2026-01-08T16:04:00Z,85.0146,0.60032,119.993
2026-01-08T16:05:00Z,84.9725,0.59948,119.967
2026-01-08T16:06:00Z,85.0174,0.60059,120.023
2026-01-08T16:07:00Z,84.9799,0.59938,119.966
2026-01-08T16:08:00Z,85.0132,0.60031,120.034
2026-01-08T16:09:00Z,84.9832,0.59967,119.976
2026-01-08T16:10:00Z,85.0256,0.60055,120.028
2026-01-08T16:11:00Z,84.9807,0.59937,119.942
2026-01-08T16:12:00Z,85.0046,0.60024,120.045
2026-01-08T16:13:00Z,84.9854,0.59936,119.983
2026-01-08T16:14:00Z,85.0181,0.60011,120.035
2026-01-08T16:15:00Z,84.9855,0.59984,119.943
2026-01-08T16:16:00Z,85.0257,0.60053,120.025
2026-01-08T16:17:00Z,84.9811,0.59965,119.974
2026-01-08T16:18:00Z,85.0349,0.60078,120.018
2026-01-08T16:19:00Z,84.9888,0.59946,119.938
2026-01-08T16:20:00Z,85.0238,0.60009,120.037
2026-01-08T16:21:00Z,84.985,0.59968,119.974
2026-01-08T16:22:00Z,85.0377,0.60012,120.012
2026-01-08T16:23:00Z,84.9942,0.59947,119.955
2026-01-08T16:24:00Z,85.0139,0.60039,120.007
2026-01-08T16:25:00Z,84.9742,0.59997,119.941
2026-01-08T16:26:00Z,85.0206,0.60003,120.032
2026-01-08T16:27:00Z,84.972,0.59959,119.973
2026-01-08T16:28:00Z,85.0149,0.6,120.02
2026-01-08T16:29:00Z,84.9938,0.5996,119.982
2026-01-08T16:30:00Z,85.008,0.60034,120.009
2026-01-08T16:31:00Z,84.984,0.59936,119.989
2026-01-08T16:32:00Z,85.0193,0.60005,120.009
2026-01-08T16:33:00Z,84.9935,0.59951,119.978
2026-01-08T16:34:00Z,85.0125,0.60053,120.045
2026-01-08T16:35:00Z,84.9727,0.59949,119.972
2026-01-08T16:36:00Z,85.0273,0.60032,120.039
2026-01-08T16:37:00Z,84.9658,0.59949,119.953
2026-01-08T16:38:00Z,85.0334,0.60051,120.018
2026-01-08T16:39:00Z,84.98,0.59923,119.962
2026-01-08T16:40:00Z,84.9981,0.60025,120.019
2026-01-08T16:41:00Z,84.9938,0.59979,119.973
2026-01-08T16:42:00Z,85.0129,0.60023,120.019
2026-01-08T16:43:00Z,84.9863,0.5995,119.987
2026-01-08T16:44:00Z,85.0183,0.60035,120.021
2026-01-08T16:45:00Z,84.9825,0.59947,119.95
2026-01-08T16:46:00Z,85.0175,0.60029,120.039
2026-01-08T16:47:00Z,84.9837,0.59971,119.983
2026-01-08T16:48:00Z,85.0175,0.60042,120.024
2026-01-08T16:49:00Z,84.977,0.59961,119.955
2026-01-08T16:50:00Z,85.0076,0.60029,120.026
2026-01-08T16:51:00Z,84.9773,0.59961,119.971
2026-01-08T16:52:00Z,85.0235,0.60048,120.017
2026-01-08T16:53:00Z,84.9838,0.59972,119.983
2026-01-08T16:54:00Z,85.0172,0.6003,120.031
2026-01-08T16:55:00Z,84.9689,0.59961,119.971
2026-01-08T16:56:00Z,85.0154,0.60047,120.023
2026-01-08T16:57:00Z,84.9786,0.59946,119.963
2026-01-08T16:58:00Z,85.0061,0.60031,120.036
2026-01-08T16:59:00Z,84.9939,0.59937,119.964
2026-01-08T17:00:00Z,85.0211,0.60049,120.03
2026-01-08T17:01:00Z,84.9899,0.59934,119.96
2026-01-08T17:02:00Z,85.0238,0.60033,119.994
2026-01-08T17:03:00Z,84.9759,0.59972,119.964
2026-01-08T17:04:00Z,85.019,0.60031,120.023
2026-01-08T17:05:00Z,84.9962,0.59994,119.963
2026-01-08T17:06:00Z,85.0037,0.60064,120.006
2026-01-08T17:07:00Z,84.9845,0.59962,119.967
2026-01-08T17:08:00Z,84.997,0.60064,120.044
2026-01-08T17:09:00Z,84.9754,0.5997,119.979
2026-01-08T17:10:00Z,85.0066,0.6006,120.044
2026-01-08T17:11:00Z,84.9778,0.59967,119.964
2026-01-08T17:12:00Z,85.0157,0.60042,120.037
2026-01-08T17:13:00Z,84.9898,0.59944,119.98
2026-01-08T17:14:00Z,85.0208,0.60041,120.014
2026-01-08T17:15:00Z,84.9713,0.59981,119.974
2026-01-08T17:16:00Z,85.0133,0.59976,120.034
2026-01-08T17:17:00Z,84.9814,0.59938,120.0
2026-01-08T17:18:00Z,85.0015,0.60052,120.019
2026-01-08T17:19:00Z,84.995,0.59961,119.958
2026-01-08T17:20:00Z,85.0155,0.60057,120.053
2026-01-08T17:21:00Z,84.9841,0.59965,119.968
2026-01-08T17:22:00Z,85.0138,0.60068,120.01
2026-01-08T17:23:00Z,84.9942,0.59949,119.986
2026-01-08T17:24:00Z,85.0136,0.60061,120.036
2026-01-08T17:25:00Z,84.9844,0.59958,119.98
2026-01-08T17:26:00Z,85.0178,0.60046,120.043
2026-01-08T17:27:00Z,84.9815,0.59965,119.965
2026-01-08T17:28:00Z,85.0179,0.60047,120.025
2026-01-08T17:29:00Z,84.9764,0.59982,119.947
2026-01-08T17:30:00Z,85.0177,0.60067,120.018
2026-01-08T17:31:00Z,84.9912,0.59972,119.953
2026-01-08T17:32:00Z,85.0132,0.6003,120.045
2026-01-08T17:33:00Z,84.9788,0.59953,119.945
2026-01-08T17:34:00Z,85.003,0.6005,120.003
2026-01-08T17:35:00Z,84.9646,0.59967,119.978
2026-01-08T17:36:00Z,85.0172,0.60044,120.045
2026-01-08T17:37:00Z,84.9938,0.59988,119.967
2026-01-08T17:38:00Z,85.0115,0.60047,120.014
2026-01-08T17:39:00Z,84.9788,0.60004,119.957
2026-01-08T17:40:00Z,85.0178,0.60068,120.04
2026-01-08T17:41:00Z,84.9918,0.59955,119.985
2026-01-08T17:42:00Z,85.0089,0.60053,120.022
2026-01-08T17:43:00Z,84.9834,0.59977,120.014
2026-01-08T17:44:00Z,85.0095,0.60034,120.033
2026-01-08T17:45:00Z,84.9897,0.59964,119.97
2026-01-08T17:46:00Z,85.0118,0.60023,120.033
2026-01-08T17:47:00Z,84.9691,0.59975,119.986
2026-01-08T17:48:00Z,85.0125,0.60071,120.019
2026-01-08T17:49:00Z,84.9921,0.59965,119.972
2026-01-08T17:50:00Z,85.0148,0.60036,120.013
2026-01-08T17:51:00Z,84.9885,0.59982,119.978
2026-01-08T17:52:00Z,85.0236,0.60019,120.041
2026-01-08T17:53:00Z,84.9855,0.59936,119.954
2026-01-08T17:54:00Z,85.0155,0.60006,120.025
2026-01-08T17:55:00Z,84.9805,0.59962,119.983
2026-01-08T17:56:00Z,85.0075,0.6003,120.006
2026-01-08T17:57:00Z,84.9765,0.59973,119.991
2026-01-08T17:58:00Z,85.0225,0.60048,120.028
2026-01-08T17:59:00Z,84.9806,0.59968,119.986
2026-01-08T18:00:00Z,85.0297,0.6007,120.006
2026-01-08T18:01:00Z,84.986,0.59988,119.997
2026-01-08T18:02:00Z,85.0095,0.60062,120.038
2026-01-08T18:03:00Z,84.9929,0.59947,119.958
2026-01-08T18:04:00Z,85.0258,0.60032,120.002
2026-01-08T18:05:00Z,84.9776,0.59969,119.977
2026-01-08T18:06:00Z,84.9967,0.60028,120.03
2026-01-08T18:07:00Z,84.9746,0.59975,119.952
2026-01-08T18:08:00Z,85.0316,0.60048,120.04
2026-01-08T18:09:00Z,84.996,0.59962,119.951
2026-01-08T18:10:00Z,85.025,0.60037,120.034
2026-01-08T18:11:00Z,84.9786,0.59956,119.978
2026-01-08T18:12:00Z,85.0171,0.60051,120.054
2026-01-08T18:13:00Z,84.982,0.5993,119.945
2026-01-08T18:14:00Z,85.0079,0.60029,120.023
2026-01-08T18:15:00Z,84.98,0.59956,119.969
2026-01-08T18:16:00Z,85.0127,0.60006,120.014
2026-01-08T18:17:00Z,84.986,0.59956,119.969
2026-01-08T18:18:00Z,85.0183,0.60038,120.03
2026-01-08T18:19:00Z,84.9717,0.59943,119.976
2026-01-08T18:20:00Z,85.0058,0.60033,120.04
2026-01-08T18:21:00Z,84.989,0.59938,119.968
2026-01-08T18:22:00Z,85.0141,0.60057,119.995
2026-01-08T18:23:00Z,84.9862,0.59979,119.946
2026-01-08T18:24:00Z,85.0244,0.60036,120.038
2026-01-08T18:25:00Z,84.9774,0.59965,120.002
2026-01-08T18:26:00Z,85.0225,0.60068,120.029
2026-01-08T18:27:00Z,84.9963,0.59983,119.966
2026-01-08T18:28:00Z,85.0044,0.60006,120.053
2026-01-08T18:29:00Z,84.998,0.59972,119.959
2026-01-08T18:30:00Z,85.0253,0.60071,120.05
2026-01-08T18:31:00Z,84.9834,0.59967,119.995
2026-01-08T18:32:00Z,85.0087,0.60082,120.024
2026-01-08T18:33:00Z,84.9943,0.59953,119.953
2026-01-08T18:34:00Z,85.0211,0.60043,120.048
2026-01-08T18:35:00Z,84.994,0.5992,119.99
2026-01-08T18:36:00Z,85.0147,0.60056,120.026
2026-01-08T18:37:00Z,84.985,0.59954,119.957
2026-01-08T18:38:00Z,85.0228,0.60056,120.033
2026-01-08T18:39:00Z,84.9869,0.59936,119.953
2026-01-08T18:40:00Z,85.0111,0.60013,120.014
2026-01-08T18:41:00Z,84.9937,0.59986,119.951
2026-01-08T18:42:00Z,85.0213,0.60029,120.011
2026-01-08T18:43:00Z,84.9931,0.59959,119.988
2026-01-08T18:44:00Z,85.0126,0.60034,120.039
2026-01-08T18:45:00Z,84.9884,0.59932,119.991
2026-01-08T18:46:00Z,85.008,0.60037,120.037
2026-01-08T18:47:00Z,84.9977,0.5996,119.981
2026-01-08T18:48:00Z,85.0192,0.60026,120.049
2026-01-08T18:49:00Z,84.9854,0.59935,119.955
2026-01-08T18:50:00Z,85.0059,0.60041,120.061
2026-01-08T18:51:00Z,85.0033,0.59952,119.986
2026-01-08T18:52:00Z,85.0222,0.60039,120.064
2026-01-08T18:53:00Z,84.9819,0.59951,119.988
2026-01-08T18:54:00Z,85.0086,0.60025,120.005
2026-01-08T18:55:00Z,84.9896,0.59926,119.961
2026-01-08T18:56:00Z,85.0107,0.6006,120.031
2026-01-08T18:57:00Z,84.999,0.59924,119.958
2026-01-08T18:58:00Z,85.0113,0.60091,120.036
2026-01-08T18:59:00Z,84.9942,0.59946,119.966
2026-01-08T19:00:00Z,85.0119,0.60049,120.03
2026-01-08T19:01:00Z,84.9771,0.59961,119.976
2026-01-08T19:02:00Z,85.0115,0.60044,120.043
2026-01-08T19:03:00Z,84.9874,0.59965,119.942
2026-01-08T19:04:00Z,85.0223,0.60034,120.008
2026-01-08T19:05:00Z,84.9784,0.59991,119.979
2026-01-08T19:06:00Z,85.0171,0.60035,120.04
2026-01-08T19:07:00Z,84.9817,0.59936,119.994
2026-01-08T19:08:00Z,85.0145,0.60026,120.057
2026-01-08T19:09:00Z,84.9824,0.5994,119.963
2026-01-08T19:10:00Z,85.0096,0.60037,120.035
2026-01-08T19:11:00Z,84.9777,0.59952,119.968
2026-01-08T19:12:00Z,85.0219,0.6004,120.036
2026-01-08T19:13:00Z,84.9905,0.59979,119.987
2026-01-08T19:14:00Z,85.0111,0.59992,120.044
2026-01-08T19:15:00Z,84.9731,0.59934,119.952
2026-01-08T19:16:00Z,85.0142,0.60052,120.041
2026-01-08T19:17:00Z,84.9856,0.59979,119.959
2026-01-08T19:18:00Z,85.0253,0.60044,120.003
2026-01-08T19:19:00Z,84.9874,0.5995,119.962
2026-01-08T19:20:00Z,85.0078,0.60029,120.049
2026-01-08T19:21:00Z,84.9832,0.59953,119.966
2026-01-08T19:22:00Z,85.0109,0.60046,120.055
2026-01-08T19:23:00Z,84.9798,0.59931,119.943
2026-01-08T19:24:00Z,85.0011,0.6003,120.036
2026-01-08T19:25:00Z,84.9944,0.59964,119.962
2026-01-08T19:26:00Z,85.0121,0.60042,120.044
2026-01-08T19:27:00Z,84.9806,0.59982,119.947
2026-01-08T19:28:00Z,85.0091,0.60022,120.026
2026-01-08T19:29:00Z,84.9753,0.59956,119.961
2026-01-08T19:30:00Z,85.0173,0.60045,119.995
2026-01-08T19:31:00Z,84.9985,0.5996,119.973
2026-01-08T19:32:00Z,85.0096,0.60064,120.017
2026-01-08T19:33:00Z,84.9846,0.59961,119.989
2026-01-08T19:34:00Z,85.0141,0.60045,120.008
2026-01-08T19:35:00Z,84.9791,0.5996,119.944
2026-01-08T19:36:00Z,85.0016,0.60046,120.057
2026-01-08T19:37:00Z,84.9896,0.59949,119.952
2026-01-08T19:38:00Z,85.02,0.60041,120.027
2026-01-08T19:39:00Z,84.9965,0.59982,119.979
2026-01-08T19:40:00Z,85.02,0.60065,120.021
2026-01-08T19:41:00Z,84.9845,0.59928,119.984
2026-01-08T19:42:00Z,85.0131,0.60094,120.032
2026-01-08T19:43:00Z,84.9806,0.5996,119.966
2026-01-08T19:44:00Z,85.0216,0.60047,120.021
2026-01-08T19:45:00Z,84.984,0.59955,119.994
2026-01-08T19:46:00Z,85.0137,0.60027,120.036
2026-01-08T19:47:00Z,84.9852,0.59971,119.955
2026-01-08T19:48:00Z,85.0184,0.60042,120.015
2026-01-08T19:49:00Z,84.9875,0.59933,119.958
2026-01-08T19:50:00Z,85.0047,0.60074,120.01
2026-01-08T19:51:00Z,84.9953,0.59934,119.958
2026-01-08T19:52:00Z,85.0126,0.60083,120.014
2026-01-08T19:53:00Z,84.9767,0.59959,119.973
2026-01-08T19:54:00Z,85.0153,0.59997,120.011
2026-01-08T19:55:00Z,84.9799,0.59956,119.951
2026-01-08T19:56:00Z,85.0059,0.60051,120.023
2026-01-08T19:57:00Z,84.9765,0.5994,119.973
2026-01-08T19:58:00Z,85.0102,0.60011,120.031
2026-01-08T19:59:00Z,84.968,0.59929,119.944
2026-01-08T20:00:00Z,85.0075,0.6005,120.036
2026-01-08T20:01:00Z,84.9969,0.59969,119.986
2026-01-08T20:02:00Z,85.01,0.60089,120.021
2026-01-08T20:03:00Z,84.9843,0.59967,119.976
2026-01-08T20:04:00Z,85.001,0.60044,120.029
2026-01-08T20:05:00Z,84.9822,0.59966,119.946
2026-01-08T20:06:00Z,85.0061,0.60043,120.011
2026-01-08T20:07:00Z,84.9791,0.59967,119.979
2026-01-08T20:08:00Z,85.0325,0.60042,120.055
2026-01-08T20:09:00Z,84.9784,0.59974,119.973
2026-01-08T20:10:00Z,85.0061,0.60047,120.054
2026-01-08T20:11:00Z,84.9725,0.59944,119.973
2026-01-08T20:12:00Z,85.0107,0.60023,120.016
2026-01-08T20:13:00Z,84.9895,0.59952,119.981
2026-01-08T20:14:00Z,85.0193,0.60026,120.031
2026-01-08T20:15:00Z,84.9854,0.59935,119.952
2026-01-08T20:16:00Z,85.0285,0.60008,120.014
2026-01-08T20:17:00Z,84.9879,0.59964,119.978
2026-01-08T20:18:00Z,85.023,0.60042,120.02
2026-01-08T20:19:00Z,84.9895,0.59943,119.973
2026-01-08T20:20:00Z,85.0174,0.60028,120.018
2026-01-08T20:21:00Z,84.9812,0.59939,120.005
2026-01-08T20:22:00Z,85.0025,0.60025,120.022
2026-01-08T20:23:00Z,84.9907,0.59967,119.953
2026-01-08T20:24:00Z,85.0231,0.60009,120.032
2026-01-08T20:25:00Z,84.9842,0.59916,119.939
2026-01-08T20:26:00Z,85.0045,0.6004,120.014
2026-01-08T20:27:00Z,84.9845,0.59964,119.989
2026-01-08T20:28:00Z,85.0187,0.60048,120.028
2026-01-08T20:29:00Z,84.9847,0.59957,119.969
2026-01-08T20:30:00Z,85.0226,0.60061,120.046
2026-01-08T20:31:00Z,84.9917,0.59997,119.978
2026-01-08T20:32:00Z,85.0015,0.60041,120.021
2026-01-08T20:33:00Z,84.9747,0.59954,119.949
2026-01-08T20:34:00Z,85.0233,0.60049,120.017
2026-01-08T20:35:00Z,84.9942,0.60011,119.987
2026-01-08T20:36:00Z,85.0091,0.60013,120.034
2026-01-08T20:37:00Z,84.9791,0.59926,119.98
2026-01-08T20:38:00Z,85.0158,0.60035,120.044
2026-01-08T20:39:00Z,85.002,0.59942,119.978
2026-01-08T20:40:00Z,85.027,0.60056,119.995
2026-01-08T20:41:00Z,84.9859,0.59981,119.983
2026-01-08T20:42:00Z,85.0143,0.60031,120.018
2026-01-08T20:43:00Z,84.981,0.60005,119.97
2026-01-08T20:44:00Z,85.0202,0.60021,120.007
2026-01-08T20:45:00Z,84.9867,0.59951,119.986
2026-01-08T20:46:00Z,85.0017,0.60045,120.02
2026-01-08T20:47:00Z,84.9804,0.59927,119.963
2026-01-08T20:48:00Z,85.0145,0.60033,120.014
2026-01-08T20:49:00Z,84.982,0.59939,119.974
2026-01-08T20:50:00Z,85.0256,0.60062,120.054
2026-01-08T20:51:00Z,84.9857,0.59913,119.972
2026-01-08T20:52:00Z,85.0253,0.60017,120.051
2026-01-08T20:53:00Z,84.9789,0.59954,119.975
2026-01-08T20:54:00Z,85.0153,0.60038,120.021
2026-01-08T20:55:00Z,84.9779,0.59981,119.961
2026-01-08T20:56:00Z,85.0129,0.60033,120.035
2026-01-08T20:57:00Z,84.988,0.59947,119.976
2026-01-08T20:58:00Z,85.0187,0.60037,120.052
2026-01-08T20:59:00Z,85.0006,0.59937,119.955
2026-01-08T21:00:00Z,85.01,0.6006,120.021
2026-01-08T21:01:00Z,84.9824,0.59947,119.958
2026-01-08T21:02:00Z,85.0143,0.60035,120.03
2026-01-08T21:03:00Z,84.9953,0.59988,119.973
2026-01-08T21:04:00Z,85.0154,0.60051,120.028
2026-01-08T21:05:00Z,84.992,0.59964,119.957
2026-01-08T21:06:00Z,85.0017,0.60052,120.0
2026-01-08T21:07:00Z,84.9808,0.59933,119.947
2026-01-08T21:08:00Z,85.0214,0.60056,120.02
2026-01-08T21:09:00Z,84.9905,0.59969,119.973
2026-01-08T21:10:00Z,85.0109,0.60084,120.002
2026-01-08T21:11:00Z,84.9898,0.5989,119.964
2026-01-08T21:12:00Z,85.0145,0.60031,120.025
2026-01-08T21:13:00Z,84.9901,0.59927,119.969
2026-01-08T21:14:00Z,85.0103,0.60085,120.013
2026-01-08T21:15:00Z,84.9828,0.59951,119.941
2026-01-08T21:16:00Z,85.0199,0.60004,120.001
2026-01-08T21:17:00Z,84.9919,0.59966,119.988
2026-01-08T21:18:00Z,85.0143,0.60039,120.035
2026-01-08T21:19:00Z,84.9747,0.59961,119.962
2026-01-08T21:20:00Z,85.0282,0.60054,120.043
2026-01-08T21:21:00Z,84.9748,0.59962,119.987
2026-01-08T21:22:00Z,85.0225,0.60019,120.02
2026-01-08T21:23:00Z,84.9942,0.60014,119.962
2026-01-08T21:24:00Z,85.0229,0.60059,120.032
2026-01-08T21:25:00Z,84.974,0.59973,119.969
2026-01-08T21:26:00Z,85.0173,0.60008,120.027
2026-01-08T21:27:00Z,84.9828,0.59967,119.957
2026-01-08T21:28:00Z,85.0032,0.60045,120.043
2026-01-08T21:29:00Z,84.9912,0.59975,119.968
2026-01-08T21:30:00Z,85.0127,0.60047,120.041
2026-01-08T21:31:00Z,84.993,0.59931,119.949
2026-01-08T21:32:00Z,85.0137,0.60042,120.037
2026-01-08T21:33:00Z,84.9835,0.59946,119.982
2026-01-08T21:34:00Z,85.0174,0.60004,120.042
2026-01-08T21:35:00Z,84.9677,0.59922,119.958
2026-01-08T21:36:00Z,85.023,0.60045,120.019
2026-01-08T21:37:00Z,84.9864,0.59929,119.942
2026-01-08T21:38:00Z,85.0137,0.60031,120.015
2026-01-08T21:39:00Z,84.9857,0.5997,119.981
2026-01-08T21:40:00Z,85.0261,0.60013,120.063
2026-01-08T21:41:00Z,84.9864,0.59992,119.955
2026-01-08T21:42:00Z,85.0193,0.60054,120.035
2026-01-08T21:43:00Z,84.9766,0.59988,119.989
2026-01-08T21:44:00Z,85.0225,0.60068,120.022
2026-01-08T21:45:00Z,84.9754,0.59959,119.967
2026-01-08T21:46:00Z,85.0132,0.60011,120.006
2026-01-08T21:47:00Z,84.9935,0.5998,119.945
2026-01-08T21:48:00Z,85.0251,0.60035,120.033
2026-01-08T21:49:00Z,84.9844,0.59967,119.963
2026-01-08T21:50:00Z,85.0317,0.60076,120.041
2026-01-08T21:51:00Z,84.9894,0.5995,119.969
2026-01-08T21:52:00Z,85.0077,0.60031,120.018
2026-01-08T21:53:00Z,84.999,0.59933,119.951
2026-01-08T21:54:00Z,85.0162,0.6002,120.024
2026-01-08T21:55:00Z,84.969,0.59957,119.972
2026-01-08T21:56:00Z,85.0211,0.60038,120.023
2026-01-08T21:57:00Z,84.9774,0.59931,119.97
2026-01-08T21:58:00Z,85.0118,0.60024,120.052
2026-01-08T21:59:00Z,84.968,0.60008,119.961
2026-01-08T22:00:00Z,85.0094,0.6008,120.009
2026-01-08T22:01:00Z,84.993,0.59939,119.973
2026-01-08T22:02:00Z,85.0059,0.60034,120.035
2026-01-08T22:03:00Z,84.9836,0.59976,119.956
2026-01-08T22:04:00Z,85.0247,0.60053,120.021
2026-01-08T22:05:00Z,84.9895,0.59951,119.97
2026-01-08T22:06:00Z,85.0,0.60026,120.028
2026-01-08T22:07:00Z,84.9802,0.59956,119.952
2026-01-08T22:08:00Z,85.0367,0.60049,120.041
2026-01-08T22:09:00Z,84.9841,0.59948,119.974
2026-01-08T22:10:00Z,85.0076,0.60016,120.041
2026-01-08T22:11:00Z,84.9828,0.59964,119.978
2026-01-08T22:12:00Z,85.0181,0.60048,120.032
2026-01-08T22:13:00Z,84.9902,0.59974,119.98
2026-01-08T22:14:00Z,85.0202,0.60043,120.035
2026-01-08T22:15:00Z,84.9818,0.59963,119.973
2026-01-08T22:16:00Z,85.0197,0.60051,120.037
2026-01-08T22:17:00Z,84.9767,0.59925,119.952
2026-01-08T22:18:00Z,85.0032,0.6005,120.039
2026-01-08T22:19:00Z,84.9838,0.59991,119.97
2026-01-08T22:20:00Z,85.0197,0.60045,120.039
2026-01-08T22:21:00Z,84.9774,0.59941,119.982
2026-01-08T22:22:00Z,85.0202,0.60064,120.053
2026-01-08T22:23:00Z,84.9722,0.59958,119.954
2026-01-08T22:24:00Z,85.0087,0.60021,120.041
2026-01-08T22:25:00Z,84.9761,0.60007,119.972
2026-01-08T22:26:00Z,85.0261,0.60029,120.048
2026-01-08T22:27:00Z,84.9784,0.59972,119.945
2026-01-08T22:28:00Z,85.0157,0.60039,120.039
2026-01-08T22:29:00Z,84.9914,0.59948,119.983
2026-01-08T22:30:00Z,85.0156,0.60012,120.032
2026-01-08T22:31:00Z,84.9902,0.59989,119.972
2026-01-08T22:32:00Z,85.0156,0.60031,120.022
2026-01-08T22:33:00Z,84.9816,0.5998,119.965
2026-01-08T22:34:00Z,85.0121,0.60045,120.036
2026-01-08T22:35:00Z,84.9917,0.5998,119.944
2026-01-08T22:36:00Z,85.0166,0.60037,120.041
2026-01-08T22:37:00Z,84.9694,0.59993,119.971
2026-01-08T22:38:00Z,85.0253,0.60065,120.039
2026-01-08T22:39:00Z,84.9682,0.59977,119.972
2026-01-08T22:40:00Z,85.0125,0.60021,120.016
2026-01-08T22:41:00Z,85.0033,0.59946,119.953
2026-01-08T22:42:00Z,85.0168,0.60014,120.039
2026-01-08T22:43:00Z,84.9821,0.59958,119.971
2026-01-08T22:44:00Z,85.0206,0.60039,120.034
2026-01-08T22:45:00Z,84.9924,0.59955,119.973
2026-01-08T22:46:00Z,85.0158,0.60032,120.032
2026-01-08T22:47:00Z,84.9719,0.59954,119.976
2026-01-08T22:48:00Z,85.0186,0.60039,120.04
2026-01-08T22:49:00Z,84.9832,0.59953,119.98
2026-01-08T22:50:00Z,85.0222,0.60058,120.057
2026-01-08T22:51:00Z,84.9848,0.59989,119.969
2026-01-08T22:52:00Z,85.0064,0.60034,120.012
2026-01-08T22:53:00Z,84.9792,0.60014,119.978
2026-01-08T22:54:00Z,85.0391,0.60025,120.015
2026-01-08T22:55:00Z,84.9895,0.59962,119.991
2026-01-08T22:56:00Z,85.018,0.60044,120.027
2026-01-08T22:57:00Z,84.9955,0.59946,119.976
2026-01-08T22:58:00Z,85.0319,0.60053,120.021
2026-01-08T22:59:00Z,84.9872,0.59989,119.951
2026-01-08T23:00:00Z,84.9996,0.60022,120.015
2026-01-08T23:01:00Z,84.993,0.59983,119.984
2026-01-08T23:02:00Z,85.0095,0.60066,120.048
2026-01-08T23:03:00Z,84.976,0.5996,119.97
2026-01-08T23:04:00Z,85.0215,0.60037,120.042
2026-01-08T23:05:00Z,84.9796,0.59977,119.994
2026-01-08T23:06:00Z,85.0097,0.60024,120.044
2026-01-08T23:07:00Z,84.9784,0.59948,119.98
2026-01-08T23:08:00Z,85.0166,0.60027,120.025
2026-01-08T23:09:00Z,84.9865,0.59965,119.98
2026-01-08T23:10:00Z,85.0208,0.60041,120.03
2026-01-08T23:11:00Z,84.9845,0.59958,119.974
2026-01-08T23:12:00Z,85.0249,0.60062,120.033
2026-01-08T23:13:00Z,84.9924,0.59975,119.965
2026-01-08T23:14:00Z,85.0196,0.60064,120.039
2026-01-08T23:15:00Z,84.9823,0.59948,119.971
2026-01-08T23:16:00Z,85.0079,0.60039,120.042
2026-01-08T23:17:00Z,84.9866,0.59951,119.966
2026-01-08T23:18:00Z,85.0195,0.60022,120.033
2026-01-08T23:19:00Z,84.9848,0.5994,119.955
2026-01-08T23:20:00Z,85.0084,0.60042,120.059
2026-01-08T23:21:00Z,84.9754,0.59967,119.947
2026-01-08T23:22:00Z,85.0207,0.60038,120.025
2026-01-08T23:23:00Z,84.9852,0.5997,119.969
2026-01-08T23:24:00Z,85.0218,0.60043,120.045
2026-01-08T23:25:00Z,84.9712,0.60004,119.95
2026-01-08T23:26:00Z,85.0092,0.60035,119.998
2026-01-08T23:27:00Z,84.9955,0.5997,119.998
2026-01-08T23:28:00Z,85.0197,0.60029,120.026
2026-01-08T23:29:00Z,84.9928,0.59951,119.952
2026-01-08T23:30:00Z,85.015,0.60022,120.008
2026-01-08T23:31:00Z,84.9786,0.59968,119.962
2026-01-08T23:32:00Z,85.0045,0.60052,120.034
2026-01-08T23:33:00Z,84.98,0.59942,119.951
2026-01-08T23:34:00Z,85.0152,0.60064,120.044
2026-01-08T23:35:00Z,84.9725,0.59967,119.963
2026-01-08T23:36:00Z,85.0199,0.60044,120.008
2026-01-08T23:37:00Z,84.9891,0.59941,119.976
2026-01-08T23:38:00Z,85.03,0.60018,120.037
2026-01-08T23:39:00Z,84.9733,0.59968,119.922
2026-01-08T23:40:00Z,85.0196,0.60034,120.016
2026-01-08T23:41:00Z,84.9768,0.59968,119.96
2026-01-08T23:42:00Z,85.0258,0.60067,120.04
2026-01-08T23:43:00Z,84.992,0.59946,119.985
2026-01-08T23:44:00Z,85.0116,0.60074,120.022
2026-01-08T23:45:00Z,84.9861,0.59945,119.967
2026-01-08T23:46:00Z,85.0109,0.60023,120.024
2026-01-08T23:47:00Z,84.9783,0.59946,119.966
2026-01-08T23:48:00Z,85.0172,0.60015,120.044
2026-01-08T23:49:00Z,84.9777,0.6,119.977
2026-01-08T23:50:00Z,85.0071,0.60043,120.031
2026-01-08T23:51:00Z,84.9912,0.59997,119.975
2026-01-08T23:52:00Z,85.011,0.60033,120.039
2026-01-08T23:53:00Z,84.9839,0.59944,119.961
2026-01-08T23:54:00Z,85.0261,0.6006,120.037
2026-01-08T23:55:00Z,84.9883,0.59966,119.975
2026-01-08T23:56:00Z,85.0118,0.60057,120.043
2026-01-08T23:57:00Z,84.9873,0.59972,119.972
2026-01-08T23:58:00Z,85.0212,0.6003,120.016
2026-01-08T23:59:00Z,84.9851,0.59944,119.989
2026-01-09T00:00:00Z,85.0141,0.60002,120.039
2026-01-09T00:01:00Z,84.9777,0.59927,119.977
2026-01-09T00:02:00Z,85.018,0.60078,120.026
2026-01-09T00:03:00Z,84.9892,0.59967,119.971
2026-01-09T00:04:00Z,85.0045,0.60057,120.036
2026-01-09T00:05:00Z,84.9777,0.6001,119.971
2026-01-09T00:06:00Z,85.0148,0.60026,120.036
2026-01-09T00:07:00Z,84.9761,0.59964,119.964
2026-01-09T00:08:00Z,85.0149,0.6002,120.026
2026-01-09T00:09:00Z,84.9991,0.59962,119.988
2026-01-09T00:10:00Z,84.9964,0.60046,120.042
2026-01-09T00:11:00Z,84.9811,0.59976,119.966
2026-01-09T00:12:00Z,85.0166,0.60023,120.061
2026-01-09T00:13:00Z,84.9937,0.59961,119.995
2026-01-09T00:14:00Z,85.0274,0.60037,120.022
2026-01-09T00:15:00Z,84.987,0.59933,119.969
2026-01-09T00:16:00Z,85.0185,0.60078,120.033
2026-01-09T00:17:00Z,84.9823,0.59987,119.957
2026-01-09T00:18:00Z,85.0124,0.60064,120.041
2026-01-09T00:19:00Z,84.9943,0.59935,119.957
2026-01-09T00:20:00Z,85.0177,0.60015,120.031
2026-01-09T00:21:00Z,84.9811,0.59926,119.98
2026-01-09T00:22:00Z,85.0275,0.60038,120.056
2026-01-09T00:23:00Z,84.9896,0.59922,119.98
2026-01-09T00:24:00Z,85.0248,0.60022,120.046
2026-01-09T00:25:00Z,84.9825,0.59935,119.973
2026-01-09T00:26:00Z,85.0232,0.60043,120.032
2026-01-09T00:27:00Z,84.9883,0.59963,119.968
2026-01-09T00:28:00Z,85.0236,0.60047,120.031
2026-01-09T00:29:00Z,84.9743,0.59944,119.98
2026-01-09T00:30:00Z,85.0254,0.60023,120.032
2026-01-09T00:31:00Z,84.9837,0.59974,119.972
2026-01-09T00:32:00Z,85.0219,0.60022,120.023
2026-01-09T00:33:00Z,84.9863,0.59933,119.946
2026-01-09T00:34:00Z,85.0101,0.60002,120.03
2026-01-09T00:35:00Z,84.9983,0.59988,119.999
2026-01-09T00:36:00Z,85.0296,0.60042,120.038
2026-01-09T00:37:00Z,84.9746,0.5994,119.988
2026-01-09T00:38:00Z,85.0314,0.60049,120.016
2026-01-09T00:39:00Z,84.9734,0.59982,120.003
2026-01-09T00:40:00Z,85.0076,0.60041,120.02
2026-01-09T00:41:00Z,84.9764,0.59991,119.947
2026-01-09T00:42:00Z,85.0237,0.60043,120.03
2026-01-09T00:43:00Z,84.9794,0.59968,119.95
2026-01-09T00:44:00Z,85.0167,0.60062,120.045
2026-01-09T00:45:00Z,84.9872,0.59973,119.97
2026-01-09T00:46:00Z,85.0252,0.60033,120.032
2026-01-09T00:47:00Z,84.9863,0.59952,119.952
2026-01-09T00:48:00Z,85.0197,0.60041,120.019
2026-01-09T00:49:00Z,84.9751,0.59961,119.985
2026-01-09T00:50:00Z,85.0132,0.60026,120.039
2026-01-09T00:51:00Z,84.9885,0.59962,120.005
2026-01-09T00:52:00Z,85.015,0.60065,120.01
2026-01-09T00:53:00Z,84.9827,0.59987,119.973
2026-01-09T00:54:00Z,85.0288,0.6004,120.019
2026-01-09T00:55:00Z,84.9946,0.59955,119.967
2026-01-09T00:56:00Z,85.0134,0.60016,120.033
2026-01-09T00:57:00Z,84.9784,0.59958,119.974
2026-01-09T00:58:00Z,85.0194,0.60036,120.052
2026-01-09T00:59:00Z,84.9825,0.59953,119.969
2026-01-09T01:00:00Z,85.0277,0.60021,120.011
2026-01-09T01:01:00Z,84.9912,0.59985,119.956
2026-01-09T01:02:00Z,85.0298,0.60022,120.026
2026-01-09T01:03:00Z,84.9752,0.59982,119.977
2026-01-09T01:04:00Z,85.0027,0.60042,120.033
2026-01-09T01:05:00Z,84.9655,0.59979,119.977
2026-01-09T01:06:00Z,85.0278,0.60049,120.06
2026-01-09T01:07:00Z,84.9798,0.59931,119.959
2026-01-09T01:08:00Z,85.0144,0.60005,120.044
2026-01-09T01:09:00Z,84.9914,0.59957,119.974
2026-01-09T01:10:00Z,85.0146,0.60077,120.055
2026-01-09T01:11:00Z,84.9853,0.59923,119.963
2026-01-09T01:12:00Z,85.0126,0.60027,120.04
2026-01-09T01:13:00Z,84.9978,0.59972,119.967
2026-01-09T01:14:00Z,85.0118,0.60029,120.014
2026-01-09T01:15:00Z,84.9854,0.59995,119.975
2026-01-09T01:16:00Z,85.0114,0.60034,120.031
2026-01-09T01:17:00Z,84.9811,0.59952,119.967
2026-01-09T01:18:00Z,85.0125,0.60029,120.026
2026-01-09T01:19:00Z,84.9723,0.59974,119.95
2026-01-09T01:20:00Z,85.0155,0.60026,120.029
2026-01-09T01:21:00Z,84.9668,0.59944,119.969
2026-01-09T01:22:00Z,85.0183,0.60056,120.041
2026-01-09T01:23:00Z,84.9795,0.59935,119.99
2026-01-09T01:24:00Z,85.0201,0.60055,120.036
2026-01-09T01:25:00Z,84.9939,0.59954,119.965
2026-01-09T01:26:00Z,85.0048,0.60063,120.036
2026-01-09T01:27:00Z,84.9809,0.59971,119.946
2026-01-09T01:28:00Z,85.0037,0.60042,120.038
2026-01-09T01:29:00Z,84.9755,0.59989,119.978
2026-01-09T01:30:00Z,85.0057,0.60026,120.022
2026-01-09T01:31:00Z,84.9761,0.59931,119.953
2026-01-09T01:32:00Z,85.0106,0.60026,120.019
2026-01-09T01:33:00Z,84.986,0.59995,119.947
2026-01-09T01:34:00Z,85.0005,0.60017,120.028
2026-01-09T01:35:00Z,84.9829,0.59938,119.991
2026-01-09T01:36:00Z,85.0061,0.6002,120.051
2026-01-09T01:37:00Z,84.994,0.59996,119.96
2026-01-09T01:38:00Z,85.0145,0.6004,120.013
2026-01-09T01:39:00Z,84.9852,0.59962,119.972
2026-01-09T01:40:00Z,85.0166,0.60036,120.038
2026-01-09T01:41:00Z,84.9869,0.59992,119.957
2026-01-09T01:42:00Z,85.0133,0.60057,120.029
2026-01-09T01:43:00Z,84.9856,0.59959,119.974
2026-01-09T01:44:00Z,85.0127,0.60038,120.025
2026-01-09T01:45:00Z,84.995,0.59927,119.946
2026-01-09T01:46:00Z,85.014,0.60011,120.04
2026-01-09T01:47:00Z,84.9771,0.59961,119.978
2026-01-09T01:48:00Z,85.0023,0.6003,120.03
2026-01-09T01:49:00Z,84.9839,0.59992,119.965
2026-01-09T01:50:00Z,85.0201,0.60032,120.026
2026-01-09T01:51:00Z,84.9895,0.59923,119.991
2026-01-09T01:52:00Z,85.0186,0.60028,120.025
2026-01-09T01:53:00Z,85.0008,0.59948,119.99
2026-01-09T01:54:00Z,85.0187,0.60023,120.005
2026-01-09T01:55:00Z,84.9811,0.59937,119.965
2026-01-09T01:56:00Z,85.0152,0.60043,120.026
2026-01-09T01:57:00Z,84.9813,0.59952,119.982
2026-01-09T01:58:00Z,85.0228,0.60081,120.021
2026-01-09T01:59:00Z,84.9852,0.59971,119.958
2026-01-09T02:00:00Z,85.0277,0.60081,120.008
2026-01-09T02:01:00Z,84.9863,0.59978,119.968
2026-01-09T02:02:00Z,85.0106,0.60019,120.017
2026-01-09T02:03:00Z,84.9883,0.59961,119.997
2026-01-09T02:04:00Z,85.0236,0.60049,120.023
2026-01-09T02:05:00Z,84.974,0.59965,120.0
2026-01-09T02:06:00Z,85.0189,0.60046,120.045
2026-01-09T02:07:00Z,84.9823,0.59955,119.983
2026-01-09T02:08:00Z,85.0233,0.60038,120.029
2026-01-09T02:09:00Z,84.9817,0.59969,119.96
2026-01-09T02:10:00Z,85.0214,0.60043,120.001
2026-01-09T02:11:00Z,84.9865,0.59995,119.979
2026-01-09T02:12:00Z,85.0237,0.6009,120.03
2026-01-09T02:13:00Z,84.9936,0.59947,119.98
2026-01-09T02:14:00Z,85.0167,0.60034,120.046
2026-01-09T02:15:00Z,84.9845,0.59944,119.949
2026-01-09T02:16:00Z,85.0138,0.60071,120.042
2026-01-09T02:17:00Z,84.9763,0.59952,119.989
2026-01-09T02:18:00Z,85.0003,0.60029,120.035
2026-01-09T02:19:00Z,84.988,0.59969,119.98
2026-01-09T02:20:00Z,85.0283,0.60039,120.017
2026-01-09T02:21:00Z,84.9884,0.59969,119.965
2026-01-09T02:22:00Z,85.0183,0.60046,120.07
2026-01-09T02:23:00Z,84.9969,0.59938,119.968
2026-01-09T02:24:00Z,85.0118,0.60033,120.028
2026-01-09T02:25:00Z,84.9775,0.59961,119.958
2026-01-09T02:26:00Z,85.0111,0.60055,120.02
2026-01-09T02:27:00Z,84.977,0.59956,119.999
2026-01-09T02:28:00Z,85.012,0.60036,120.02
2026-01-09T02:29:00Z,84.9916,0.59983,119.985
2026-01-09T02:30:00Z,85.0164,0.60044,120.037
2026-01-09T02:31:00Z,84.979,0.59959,119.965
2026-01-09T02:32:00Z,85.0274,0.60025,120.012
2026-01-09T02:33:00Z,84.9888,0.59963,119.976
2026-01-09T02:34:00Z,85.0067,0.60023,120.034
2026-01-09T02:35:00Z,84.9927,0.59953,119.952
2026-01-09T02:36:00Z,85.0157,0.60028,120.058
2026-01-09T02:37:00Z,84.9943,0.59979,119.977
2026-01-09T02:38:00Z,85.0146,0.60029,120.035
2026-01-09T02:39:00Z,84.9824,0.59958,119.986
2026-01-09T02:40:00Z,85.0104,0.6003,120.025
2026-01-09T02:41:00Z,84.9855,0.59982,119.978
2026-01-09T02:42:00Z,85.0076,0.60045,120.022
2026-01-09T02:43:00Z,84.9704,0.59968,119.938
2026-01-09T02:44:00Z,85.0,0.60043,120.049
2026-01-09T02:45:00Z,84.9853,0.59956,119.975
2026-01-09T02:46:00Z,85.0182,0.60054,119.998
2026-01-09T02:47:00Z,84.9911,0.59939,119.941
2026-01-09T02:48:00Z,85.0117,0.60078,120.023
2026-01-09T02:49:00Z,84.9915,0.59945,119.977
2026-01-09T02:50:00Z,85.0134,0.60013,120.038
2026-01-09T02:51:00Z,84.9686,0.59968,119.944
2026-01-09T02:52:00Z,84.999,0.60015,120.022
2026-01-09T02:53:00Z,84.9846,0.59986,119.992
2026-01-09T02:54:00Z,85.0089,0.60034,120.018
2026-01-09T02:55:00Z,84.9767,0.59981,119.954
2026-01-09T02:56:00Z,85.0241,0.60035,120.03
2026-01-09T02:57:00Z,84.9923,0.59961,119.961
2026-01-09T02:58:00Z,85.0204,0.60017,120.03
2026-01-09T02:59:00Z,84.985,0.59989,119.945
2026-01-09T03:00:00Z,84.9959,0.60017,120.042
2026-01-09T03:01:00Z,84.9951,0.59961,119.986
2026-01-09T03:02:00Z,85.016,0.60048,120.025
2026-01-09T03:03:00Z,84.9701,0.59955,119.966
2026-01-09T03:04:00Z,85.0158,0.60031,120.02
2026-01-09T03:05:00Z,84.9713,0.59989,119.959
2026-01-09T03:06:00Z,85.0098,0.60044,120.039
2026-01-09T03:07:00Z,84.9878,0.5999,119.97
2026-01-09T03:08:00Z,85.0214,0.60039,120.038
2026-01-09T03:09:00Z,84.9667,0.59973,119.95
2026-01-09T03:10:00Z,85.0178,0.60051,120.049
2026-01-09T03:11:00Z,84.9872,0.59953,119.977
2026-01-09T03:12:00Z,85.017,0.6004,120.054
2026-01-09T03:13:00Z,84.9834,0.59954,119.945
2026-01-09T03:14:00Z,85.0176,0.60056,120.016
2026-01-09T03:15:00Z,84.9886,0.59951,119.981
2026-01-09T03:16:00Z,85.0231,0.60044,120.038
2026-01-09T03:17:00Z,84.9803,0.59975,119.966
2026-01-09T03:18:00Z,85.0159,0.60061,120.043
2026-01-09T03:19:00Z,84.9813,0.59991,119.964
2026-01-09T03:20:00Z,85.0091,0.60035,120.026
2026-01-09T03:21:00Z,84.9697,0.6,119.993
2026-01-09T03:22:00Z,85.0252,0.60067,120.022
2026-01-09T03:23:00Z,84.9862,0.59968,119.973
2026-01-09T03:24:00Z,85.0243,0.6005,120.024
2026-01-09T03:25:00Z,84.9832,0.59937,119.981
2026-01-09T03:26:00Z,85.0149,0.60026,120.041
2026-01-09T03:27:00Z,84.9868,0.5995,119.964
2026-01-09T03:28:00Z,85.0263,0.60053,120.043
2026-01-09T03:29:00Z,84.9875,0.59952,119.946
2026-01-09T03:30:00Z,85.0171,0.60058,120.028
2026-01-09T03:31:00Z,84.9833,0.59969,119.966
2026-01-09T03:32:00Z,84.9994,0.60039,120.043
2026-01-09T03:33:00Z,84.9839,0.59961,119.988
2026-01-09T03:34:00Z,85.0228,0.60033,120.024
2026-01-09T03:35:00Z,84.9795,0.59948,119.97
2026-01-09T03:36:00Z,85.0182,0.60008,120.039
2026-01-09T03:37:00Z,84.984,0.59997,119.981
2026-01-09T03:38:00Z,85.0214,0.60019,120.028
2026-01-09T03:39:00Z,84.97,0.59956,119.983
2026-01-09T03:40:00Z,85.0194,0.60052,120.064
2026-01-09T03:41:00Z,84.9902,0.59963,119.963
2026-01-09T03:42:00Z,85.0122,0.60053,120.039
2026-01-09T03:43:00Z,84.9815,0.59997,119.964
2026-01-09T03:44:00Z,85.0154,0.60045,120.052
2026-01-09T03:45:00Z,84.9878,0.59971,119.955
2026-01-09T03:46:00Z,85.0151,0.60059,120.041
2026-01-09T03:47:00Z,84.9833,0.59973,119.954
2026-01-09T03:48:00Z,85.0169,0.60029,120.036
2026-01-09T03:49:00Z,84.9815,0.59916,119.988
2026-01-09T03:50:00Z,85.0295,0.60036,120.061
2026-01-09T03:51:00Z,84.9921,0.59981,119.984
2026-01-09T03:52:00Z,85.006,0.60048,120.004
2026-01-09T03:53:00Z,84.9864,0.59988,119.982
2026-01-09T03:54:00Z,85.026,0.60025,120.012
2026-01-09T03:55:00Z,84.9842,0.59974,119.993
2026-01-09T03:56:00Z,85.0189,0.60028,120.065
2026-01-09T03:57:00Z,84.9828,0.59958,119.965
2026-01-09T03:58:00Z,85.0017,0.6006,120.047
2026-01-09T03:59:00Z,84.9742,0.59949,119.993
2026-01-09T04:00:00Z,85.0294,0.60012,120.048
2026-01-09T04:01:00Z,84.9757,0.59981,119.967
2026-01-09T04:02:00Z,85.0256,0.60022,120.029
2026-01-09T04:03:00Z,84.9736,0.59955,119.949
2026-01-09T04:04:00Z,85.0027,0.60028,120.053
2026-01-09T04:05:00Z,84.969,0.59945,119.951
2026-01-09T04:06:00Z,85.0186,0.60083,120.037
2026-01-09T04:07:00Z,84.9824,0.59941,119.976
2026-01-09T04:08:00Z,85.014,0.60043,120.021
2026-01-09T04:09:00Z,84.9987,0.59935,119.97
2026-01-09T04:10:00Z,85.0252,0.60021,120.043
2026-01-09T04:11:00Z,84.9824,0.59956,119.976
2026-01-09T04:12:00Z,85.0129,0.60055,120.041
2026-01-09T04:13:00Z,84.9702,0.59968,119.961
2026-01-09T04:14:00Z,85.019,0.60033,120.048
2026-01-09T04:15:00Z,84.9835,0.59987,119.979
2026-01-09T04:16:00Z,84.9992,0.60037,120.026
2026-01-09T04:17:00Z,84.9632,0.59977,119.956
2026-01-09T04:18:00Z,85.0196,0.60035,120.021
2026-01-09T04:19:00Z,84.9893,0.59945,119.979
2026-01-09T04:20:00Z,85.0261,0.60072,120.035
2026-01-09T04:21:00Z,84.9794,0.59962,119.974
2026-01-09T04:22:00Z,85.0135,0.60031,120.019
2026-01-09T04:23:00Z,84.9787,0.59963,119.977
2026-01-09T04:24:00Z,85.0207,0.60061,120.017
2026-01-09T04:25:00Z,84.9769,0.59948,120.005
2026-01-09T04:26:00Z,85.0052,0.6003,120.025
2026-01-09T04:27:00Z,84.9773,0.59937,119.966
2026-01-09T04:28:00Z,85.0031,0.60002,120.046
2026-01-09T04:29:00Z,84.9776,0.59966,119.989
2026-01-09T04:30:00Z,85.0236,0.60048,120.04
2026-01-09T04:31:00Z,84.9878,0.59953,119.981
2026-01-09T04:32:00Z,85.0196,0.6006,120.055
2026-01-09T04:33:00Z,84.9797,0.59956,119.952
2026-01-09T04:34:00Z,85.0075,0.60036,120.054
2026-01-09T04:35:00Z,84.9878,0.59962,119.973
2026-01-09T04:36:00Z,85.0054,0.60024,120.023
2026-01-09T04:37:00Z,84.9797,0.59936,119.953
2026-01-09T04:38:00Z,85.0192,0.60036,120.035
2026-01-09T04:39:00Z,84.9859,0.5998,119.977
2026-01-09T04:40:00Z,85.0118,0.60057,120.028
2026-01-09T04:41:00Z,84.9842,0.59929,119.965
2026-01-09T04:42:00Z,85.0239,0.60042,120.059
2026-01-09T04:43:00Z,84.986,0.59962,119.948
2026-01-09T04:44:00Z,85.009,0.60028,120.024
2026-01-09T04:45:00Z,84.9893,0.59926,119.943
2026-01-09T04:46:00Z,85.0212,0.60031,120.053
2026-01-09T04:47:00Z,84.9844,0.59952,119.969
2026-01-09T04:48:00Z,85.0241,0.60045,120.01
2026-01-09T04:49:00Z,84.983,0.59954,119.959
2026-01-09T04:50:00Z,85.0254,0.60017,120.008
2026-01-09T04:51:00Z,84.9781,0.60005,119.967
2026-01-09T04:52:00Z,85.0193,0.60062,120.021
2026-01-09T04:53:00Z,84.9876,0.59919,119.982
2026-01-09T04:54:00Z,85.0168,0.60034,120.046
2026-01-09T04:55:00Z,84.9798,0.59984,119.953
2026-01-09T04:56:00Z,85.0213,0.60026,120.003
2026-01-09T04:57:00Z,84.9864,0.59959,119.97
2026-01-09T04:58:00Z,85.0244,0.60095,120.032
2026-01-09T04:59:00Z,84.979,0.59994,119.972
2026-01-09T05:00:00Z,85.017,0.6004,120.03
2026-01-09T05:01:00Z,84.985,0.59935,119.974
2026-01-09T05:02:00Z,85.016,0.60044,120.028
2026-01-09T05:03:00Z,84.991,0.5997,119.946
2026-01-09T05:04:00Z,85.0214,0.60032,120.042
2026-01-09T05:05:00Z,84.9836,0.59955,119.957
2026-01-09T05:06:00Z,85.021,0.6003,120.067
2026-01-09T05:07:00Z,84.9869,0.59939,119.971
2026-01-09T05:08:00Z,85.0181,0.60021,120.026
2026-01-09T05:09:00Z,84.9882,0.59955,119.969
2026-01-09T05:10:00Z,85.0132,0.60067,120.046
2026-01-09T05:11:00Z,84.9923,0.59962,119.982
2026-01-09T05:12:00Z,85.0165,0.60034,120.044
2026-01-09T05:13:00Z,85.0009,0.59967,119.979
2026-01-09T05:14:00Z,85.0215,0.60033,120.029
2026-01-09T05:15:00Z,84.9903,0.59957,119.921
2026-01-09T05:16:00Z,85.0166,0.60035,120.035
2026-01-09T05:17:00Z,84.9858,0.59958,119.989
2026-01-09T05:18:00Z,85.013,0.60025,120.034
2026-01-09T05:19:00Z,84.9941,0.59961,119.973
2026-01-09T05:20:00Z,85.0147,0.6004,120.021
2026-01-09T05:21:00Z,84.9683,0.59984,119.946
2026-01-09T05:22:00Z,85.0192,0.60012,120.043
2026-01-09T05:23:00Z,84.9897,0.5994,119.958
2026-01-09T05:24:00Z,85.0188,0.60067,120.051
2026-01-09T05:25:00Z,84.9884,0.59947,119.986
2026-01-09T05:26:00Z,85.0069,0.60061,120.013
2026-01-09T05:27:00Z,84.9814,0.59943,119.962
2026-01-09T05:28:00Z,85.0175,0.60038,120.032
2026-01-09T05:29:00Z,84.9719,0.59979,119.984
2026-01-09T05:30:00Z,85.0028,0.601,120.034
2026-01-09T05:31:00Z,84.983,0.59945,119.955
2026-01-09T05:32:00Z,85.0176,0.60049,120.036
2026-01-09T05:33:00Z,84.9728,0.59966,119.995
2026-01-09T05:34:00Z,85.0148,0.60055,120.007
2026-01-09T05:35:00Z,84.9799,0.59948,119.976
2026-01-09T05:36:00Z,85.0199,0.60045,120.045
2026-01-09T05:37:00Z,84.9889,0.59973,119.996
2026-01-09T05:38:00Z,85.0188,0.60036,120.049
2026-01-09T05:39:00Z,84.9699,0.59954,119.997
2026-01-09T05:40:00Z,85.0018,0.60048,120.028
2026-01-09T05:41:00Z,84.9849,0.59989,119.96
2026-01-09T05:42:00Z,85.0011,0.60041,120.043
2026-01-09T05:43:00Z,84.9837,0.59927,119.957
2026-01-09T05:44:00Z,85.0199,0.60017,120.061
2026-01-09T05:45:00Z,84.9726,0.59951,119.966
2026-01-09T05:46:00Z,85.0207,0.60036,120.062
2026-01-09T05:47:00Z,84.9744,0.59971,119.986
2026-01-09T05:48:00Z,84.9934,0.60017,120.036
2026-01-09T05:49:00Z,84.9792,0.5996,119.965
2026-01-09T05:50:00Z,85.0129,0.60049,120.036
2026-01-09T05:51:00Z,84.9726,0.59966,119.978
2026-01-09T05:52:00Z,85.0246,0.60055,120.024
2026-01-09T05:53:00Z,84.9935,0.59929,119.974
2026-01-09T05:54:00Z,84.9966,0.60045,120.014
2026-01-09T05:55:00Z,84.9936,0.59953,119.982
2026-01-09T05:56:00Z,85.0302,0.60052,120.04
2026-01-09T05:57:00Z,84.9907,0.59991,119.975
2026-01-09T05:58:00Z,85.015,0.60031,120.033
2026-01-09T05:59:00Z,84.9763,0.59976,119.981
2026-01-09T06:00:00Z,85.0242,0.60053,120.052
2026-01-09T06:01:00Z,84.9806,0.59983,119.965
2026-01-09T06:02:00Z,85.0173,0.60021,120.043
2026-01-09T06:03:00Z,84.9816,0.59964,119.968
2026-01-09T06:04:00Z,85.0135,0.60031,120.009
2026-01-09T06:05:00Z,84.9893,0.59933,119.951
2026-01-09T06:06:00Z,85.0235,0.60006,120.07
2026-01-09T06:07:00Z,84.9939,0.59964,119.96
2026-01-09T06:08:00Z,85.0095,0.60089,120.028
2026-01-09T06:09:00Z,84.9868,0.59937,119.967
2026-01-09T06:10:00Z,85.0132,0.60081,120.016
2026-01-09T06:11:00Z,84.9763,0.59979,119.973
2026-01-09T06:12:00Z,85.0237,0.6004,120.033
2026-01-09T06:13:00Z,84.9847,0.59953,119.962
2026-01-09T06:14:00Z,85.0125,0.6003,120.041
2026-01-09T06:15:00Z,84.9885,0.59913,119.966
2026-01-09T06:16:00Z,85.0049,0.60046,120.015
2026-01-09T06:17:00Z,84.9771,0.59945,119.983
2026-01-09T06:18:00Z,84.9972,0.60022,120.021
2026-01-09T06:19:00Z,84.9823,0.60007,119.975
2026-01-09T06:20:00Z,85.0123,0.60024,120.033
2026-01-09T06:21:00Z,84.9889,0.59968,120.01
2026-01-09T06:22:00Z,85.0183,0.60026,120.04
2026-01-09T06:23:00Z,84.982,0.59953,119.979
2026-01-09T06:24:00Z,85.0047,0.60002,120.023
2026-01-09T06:25:00Z,84.9789,0.59951,119.984
2026-01-09T06:26:00Z,85.0171,0.6008,120.03
2026-01-09T06:27:00Z,84.9787,0.59937,119.964
2026-01-09T06:28:00Z,85.0193,0.60044,120.031
2026-01-09T06:29:00Z,84.9786,0.59978,119.962
2026-01-09T06:30:00Z,85.0188,0.60051,120.023
2026-01-09T06:31:00Z,84.9886,0.59943,119.982
2026-01-09T06:32:00Z,85.0127,0.60044,120.033
2026-01-09T06:33:00Z,84.9811,0.59985,119.965
2026-01-09T06:34:00Z,85.0158,0.60009,120.028
2026-01-09T06:35:00Z,84.9872,0.59933,119.973
2026-01-09T06:36:00Z,85.0297,0.60018,120.043
2026-01-09T06:37:00Z,84.9625,0.59972,119.989
2026-01-09T06:38:00Z,85.0119,0.60065,120.01
2026-01-09T06:39:00Z,84.9815,0.5997,119.985
2026-01-09T06:40:00Z,85.0135,0.60024,120.044
2026-01-09T06:41:00Z,84.9739,0.59956,119.983
2026-01-09T06:42:00Z,85.0075,0.60068,120.012
2026-01-09T06:43:00Z,84.9839,0.59964,119.951
2026-01-09T06:44:00Z,85.0166,0.60028,120.045
2026-01-09T06:45:00Z,85.004,0.59935,119.957
2026-01-09T06:46:00Z,85.0128,0.6005,120.021
2026-01-09T06:47:00Z,84.9764,0.59993,119.969
2026-01-09T06:48:00Z,85.0184,0.59996,120.048
2026-01-09T06:49:00Z,84.9784,0.59961,119.977
2026-01-09T06:50:00Z,85.0093,0.60033,120.029
2026-01-09T06:51:00Z,84.9831,0.59933,119.992
2026-01-09T06:52:00Z,85.0195,0.60035,120.052
2026-01-09T06:53:00Z,84.9835,0.59992,119.968
2026-01-09T06:54:00Z,85.016,0.60053,120.038
2026-01-09T06:55:00Z,84.9871,0.59986,119.986
2026-01-09T06:56:00Z,85.0155,0.60027,120.021
2026-01-09T06:57:00Z,84.9996,0.59929,119.978
2026-01-09T06:58:00Z,85.0048,0.60025,120.051
2026-01-09T06:59:00Z,84.9884,0.59946,119.95
2026-01-09T07:00:00Z,85.0269,0.60018,120.039
2026-01-09T07:01:00Z,84.9781,0.59975,119.948
2026-01-09T07:02:00Z,85.0085,0.60018,120.034
2026-01-09T07:03:00Z,84.9811,0.5995,119.971
2026-01-09T07:04:00Z,84.9977,0.60052,120.032
2026-01-09T07:05:00Z,84.9843,0.59959,119.98
2026-01-09T07:06:00Z,85.0173,0.60079,120.06
2026-01-09T07:07:00Z,84.9733,0.59971,119.966
2026-01-09T07:08:00Z,85.0109,0.60017,120.013
2026-01-09T07:09:00Z,84.9725,0.5994,120.002
2026-01-09T07:10:00Z,85.0066,0.59986,120.049
2026-01-09T07:11:00Z,84.9896,0.59997,119.98
2026-01-09T07:12:00Z,85.0226,0.60038,119.985
2026-01-09T07:13:00Z,85.0025,0.59962,119.966
2026-01-09T07:14:00Z,85.0025,0.60023,120.005
2026-01-09T07:15:00Z,84.9816,0.59943,119.962
2026-01-09T07:16:00Z,85.0223,0.60043,120.015
2026-01-09T07:17:00Z,84.9655,0.59956,119.955
2026-01-09T07:18:00Z,85.0215,0.60074,120.03
2026-01-09T07:19:00Z,84.991,0.59969,119.988
2026-01-09T07:20:00Z,85.0189,0.60034,120.045
2026-01-09T07:21:00Z,84.9855,0.59973,119.989
2026-01-09T07:22:00Z,85.0133,0.60069,120.02
2026-01-09T07:23:00Z,84.9832,0.5999,119.973
2026-01-09T07:24:00Z,85.0346,0.60021,120.047
2026-01-09T07:25:00Z,84.9817,0.59952,119.983
2026-01-09T07:26:00Z,85.0238,0.60047,120.031
2026-01-09T07:27:00Z,84.9915,0.59961,119.952
2026-01-09T07:28:00Z,85.0209,0.60039,120.022
2026-01-09T07:29:00Z,84.9892,0.59948,119.985
2026-01-09T07:30:00Z,85.0176,0.60019,120.032
2026-01-09T07:31:00Z,84.9877,0.59953,119.966
2026-01-09T07:32:00Z,85.0224,0.60072,120.026
2026-01-09T07:33:00Z,84.9842,0.59969,120.002
2026-01-09T07:34:00Z,85.0131,0.60046,120.012
2026-01-09T07:35:00Z,84.992,0.59958,119.973
2026-01-09T07:36:00Z,85.016,0.60047,120.041
2026-01-09T07:37:00Z,84.989,0.60004,119.949
2026-01-09T07:38:00Z,85.0243,0.60034,120.027
2026-01-09T07:39:00Z,84.982,0.59969,119.956
2026-01-09T07:40:00Z,85.0216,0.6006,120.034
2026-01-09T07:41:00Z,84.9846,0.59978,119.951
2026-01-09T07:42:00Z,85.0179,0.60029,120.057
2026-01-09T07:43:00Z,84.9826,0.59934,119.97
2026-01-09T07:44:00Z,85.0284,0.60051,120.016
2026-01-09T07:45:00Z,84.9909,0.59957,119.975
2026-01-09T07:46:00Z,85.0193,0.60022,120.024
2026-01-09T07:47:00Z,84.9907,0.59967,119.981
2026-01-09T07:48:00Z,85.027,0.60034,120.043
2026-01-09T07:49:00Z,84.9939,0.5996,119.969
2026-01-09T07:50:00Z,85.0056,0.6006,120.035
2026-01-09T07:51:00Z,84.9765,0.59978,119.919
2026-01-09T07:52:00Z,85.026,0.60031,120.037
2026-01-09T07:53:00Z,84.98,0.59953,119.991
2026-01-09T07:54:00Z,85.0142,0.60045,120.021
2026-01-09T07:55:00Z,84.9802,0.59955,119.974
2026-01-09T07:56:00Z,85.0133,0.60061,120.029
2026-01-09T07:57:00Z,84.9884,0.59981,119.984
2026-01-09T07:58:00Z,85.0294,0.60039,120.051
2026-01-09T07:59:00Z,84.9885,0.6,119.948
2026-01-09T08:00:00Z,85.0153,0.60048,120.033
2026-01-09T08:01:00Z,84.9916,0.59936,119.962
2026-01-09T08:02:00Z,85.0028,0.60049,120.033
2026-01-09T08:03:00Z,84.9809,0.59982,119.96
2026-01-09T08:04:00Z,85.0239,0.60027,120.014
2026-01-09T08:05:00Z,84.9681,0.59971,119.945
2026-01-09T08:06:00Z,85.0215,0.60069,120.021
2026-01-09T08:07:00Z,84.9822,0.59967,119.951
2026-01-09T08:08:00Z,85.0246,0.60067,120.038
2026-01-09T08:09:00Z,84.9893,0.59952,119.965
2026-01-09T08:10:00Z,85.0227,0.60027,120.026
2026-01-09T08:11:00Z,84.9892,0.59951,119.993
2026-01-09T08:12:00Z,85.0256,0.60021,120.03
2026-01-09T08:13:00Z,84.9849,0.59928,119.961
2026-01-09T08:14:00Z,85.0176,0.6006,120.028
2026-01-09T08:15:00Z,84.9821,0.59956,119.972
2026-01-09T08:16:00Z,85.0117,0.60002,120.04
2026-01-09T08:17:00Z,85.0017,0.5992,119.969
2026-01-09T08:18:00Z,85.0201,0.60029,120.052
2026-01-09T08:19:00Z,84.9878,0.59971,119.974
2026-01-09T08:20:00Z,85.0093,0.60053,120.057
2026-01-09T08:21:00Z,84.9923,0.59972,119.961
2026-01-09T08:22:00Z,85.027,0.60051,119.977
2026-01-09T08:23:00Z,84.9849,0.59959,119.969
2026-01-09T08:24:00Z,85.0101,0.60047,120.058
2026-01-09T08:25:00Z,84.9865,0.59933,119.978
2026-01-09T08:26:00Z,85.0302,0.60058,120.036
2026-01-09T08:27:00Z,85.0011,0.59967,119.937
2026-01-09T08:28:00Z,85.0232,0.60041,120.013
2026-01-09T08:29:00Z,84.9854,0.59977,119.968
2026-01-09T08:30:00Z,85.0022,0.60023,120.022
2026-01-09T08:31:00Z,84.9915,0.59955,119.961
2026-01-09T08:32:00Z,85.0232,0.6004,120.028
2026-01-09T08:33:00Z,84.9978,0.59923,119.982
2026-01-09T08:34:00Z,85.0134,0.60034,120.008
2026-01-09T08:35:00Z,84.9991,0.59982,119.972
2026-01-09T08:36:00Z,85.0128,0.60046,120.024
2026-01-09T08:37:00Z,84.9839,0.59956,119.957
2026-01-09T08:38:00Z,85.0178,0.60019,120.025
2026-01-09T08:39:00Z,84.9733,0.59944,119.967
2026-01-09T08:40:00Z,85.0206,0.60035,120.033
2026-01-09T08:41:00Z,84.987,0.59995,119.946
2026-01-09T08:42:00Z,85.0142,0.60037,120.014
2026-01-09T08:43:00Z,84.976,0.59931,119.985
2026-01-09T08:44:00Z,85.0129,0.60058,120.013
2026-01-09T08:45:00Z,84.9845,0.60008,119.999
2026-01-09T08:46:00Z,85.0168,0.60047,120.055
2026-01-09T08:47:00Z,84.9751,0.59957,119.964
2026-01-09T08:48:00Z,85.0107,0.60039,120.028
2026-01-09T08:49:00Z,84.991,0.59957,119.965
2026-01-09T08:50:00Z,85.0246,0.60048,120.027
2026-01-09T08:51:00Z,84.9713,0.59973,119.986
2026-01-09T08:52:00Z,85.0121,0.60047,120.031
2026-01-09T08:53:00Z,84.9786,0.59983,119.982
2026-01-09T08:54:00Z,85.0058,0.60059,120.031
2026-01-09T08:55:00Z,84.9884,0.59957,119.986
2026-01-09T08:56:00Z,85.0128,0.6007,120.03
2026-01-09T08:57:00Z,84.9842,0.59952,119.978
2026-01-09T08:58:00Z,85.0224,0.60061,120.041
2026-01-09T08:59:00Z,84.9839,0.59961,119.986
2026-01-09T09:00:00Z,85.0164,0.60056,120.018
2026-01-09T09:01:00Z,84.9865,0.59954,119.967
2026-01-09T09:02:00Z,85.0107,0.60043,120.004
2026-01-09T09:03:00Z,84.9968,0.59987,119.959
2026-01-09T09:04:00Z,85.011,0.60041,120.031
2026-01-09T09:05:00Z,84.9837,0.59952,120.0
2026-01-09T09:06:00Z,85.0257,0.60004,120.047
2026-01-09T09:07:00Z,84.9779,0.59968,119.976
2026-01-09T09:08:00Z,85.0164,0.60026,120.04
2026-01-09T09:09:00Z,84.999,0.59959,119.972
2026-01-09T09:10:00Z,85.0101,0.60073,120.005
2026-01-09T09:11:00Z,84.978,0.5995,119.987
2026-01-09T09:12:00Z,85.0069,0.60043,120.029
2026-01-09T09:13:00Z,84.9697,0.59969,119.967
2026-01-09T09:14:00Z,85.0154,0.60027,120.023
2026-01-09T09:15:00Z,84.9837,0.59961,119.975
2026-01-09T09:16:00Z,85.0226,0.6007,120.01
2026-01-09T09:17:00Z,84.9765,0.59969,119.97
2026-01-09T09:18:00Z,85.0173,0.60051,120.001
2026-01-09T09:19:00Z,84.9884,0.59951,119.992
2026-01-09T09:20:00Z,85.0154,0.60031,120.058
2026-01-09T09:21:00Z,84.9756,0.59995,119.961
2026-01-09T09:22:00Z,85.0238,0.60026,120.039
2026-01-09T09:23:00Z,84.9856,0.59941,119.981
2026-01-09T09:24:00Z,85.0255,0.60051,120.011
2026-01-09T09:25:00Z,84.9813,0.59948,119.974
2026-01-09T09:26:00Z,85.0223,0.60034,120.027
2026-01-09T09:27:00Z,84.98,0.59961,119.983
2026-01-09T09:28:00Z,85.0237,0.60057,120.024
2026-01-09T09:29:00Z,84.981,0.59952,119.995
2026-01-09T09:30:00Z,85.0113,0.60059,120.03
2026-01-09T09:31:00Z,84.982,0.59959,119.991
2026-01-09T09:32:00Z,85.012,0.6003,120.061
2026-01-09T09:33:00Z,84.9719,0.59939,119.969
2026-01-09T09:34:00Z,85.0136,0.60026,120.023
2026-01-09T09:35:00Z,84.9812,0.59961,119.968
2026-01-09T09:36:00Z,85.0178,0.60046,120.036
2026-01-09T09:37:00Z,84.9891,0.59964,119.967
2026-01-09T09:38:00Z,85.0142,0.60018,120.07
2026-01-09T09:39:00Z,84.9884,0.59966,119.981
2026-01-09T09:40:00Z,85.0163,0.60056,120.03
2026-01-09T09:41:00Z,84.9874,0.59913,119.991
2026-01-09T09:42:00Z,85.0104,0.6008,120.019
2026-01-09T09:43:00Z,84.9928,0.59945,119.961
2026-01-09T09:44:00Z,85.0113,0.60031,120.044
2026-01-09T09:45:00Z,84.986,0.5994,119.982
2026-01-09T09:46:00Z,85.0225,0.60033,120.027
2026-01-09T09:47:00Z,84.9904,0.59939,119.966
2026-01-09T09:48:00Z,85.028,0.59989,120.016
2026-01-09T09:49:00Z,84.9756,0.59958,119.967
2026-01-09T09:50:00Z,85.004,0.60041,120.03
2026-01-09T09:51:00Z,84.9857,0.59929,119.981
2026-01-09T09:52:00Z,85.0185,0.60038,120.044
2026-01-09T09:53:00Z,84.9812,0.59963,120.013
2026-01-09T09:54:00Z,85.0217,0.60042,120.029
2026-01-09T09:55:00Z,84.9814,0.59967,119.978
2026-01-09T09:56:00Z,85.0208,0.60014,120.068
2026-01-09T09:57:00Z,84.9761,0.6,119.952
2026-01-09T09:58:00Z,85.0022,0.60005,120.059
2026-01-09T09:59:00Z,84.9886,0.59971,119.987
2026-01-09T10:00:00Z,85.0215,0.60065,120.022
2026-01-09T10:01:00Z,84.9858,0.59982,119.975
2026-01-09T10:02:00Z,85.0152,0.60018,120.021
2026-01-09T10:03:00Z,84.9866,0.59996,119.99
2026-01-09T10:04:00Z,85.0196,0.60045,120.023
2026-01-09T10:05:00Z,84.9871,0.5997,119.962
2026-01-09T10:06:00Z,85.0271,0.60036,120.056
2026-01-09T10:07:00Z,84.9876,0.59929,119.969
2026-01-09T10:08:00Z,85.0134,0.60018,120.029
2026-01-09T10:09:00Z,84.9772,0.60003,119.984
2026-01-09T10:10:00Z,85.0171,0.60076,120.02
2026-01-09T10:11:00Z,84.9835,0.59974,120.006
2026-01-09T10:12:00Z,85.0143,0.60068,120.027
2026-01-09T10:13:00Z,84.9886,0.59967,119.961
2026-01-09T10:14:00Z,85.0147,0.6007,120.008
2026-01-09T10:15:00Z,84.9885,0.59978,119.969
2026-01-09T10:16:00Z,85.0319,0.60038,120.03
2026-01-09T10:17:00Z,84.9822,0.59978,119.956
2026-01-09T10:18:00Z,85.027,0.60068,120.042
2026-01-09T10:19:00Z,84.9778,0.5991,119.947
2026-01-09T10:20:00Z,85.0148,0.60054,120.036
2026-01-09T10:21:00Z,84.9808,0.59947,119.973
2026-01-09T10:22:00Z,85.0272,0.60043,120.022
2026-01-09T10:23:00Z,84.9665,0.59958,119.973
2026-01-09T10:24:00Z,85.0122,0.60023,120.035
2026-01-09T10:25:00Z,84.995,0.59964,119.966
2026-01-09T10:26:00Z,85.0282,0.6005,120.062
2026-01-09T10:27:00Z,84.9784,0.59967,119.967
2026-01-09T10:28:00Z,85.0186,0.60009,120.015
2026-01-09T10:29:00Z,84.991,0.60015,119.965
2026-01-09T10:30:00Z,85.0048,0.60017,120.011
2026-01-09T10:31:00Z,84.9806,0.59965,119.964
2026-01-09T10:32:00Z,85.0122,0.60078,120.019
2026-01-09T10:33:00Z,84.9862,0.59985,119.986
2026-01-09T10:34:00Z,85.014,0.60049,120.019
2026-01-09T10:35:00Z,84.9666,0.59942,119.976
2026-01-09T10:36:00Z,85.0221,0.60055,120.024
2026-01-09T10:37:00Z,84.9875,0.59948,120.0
2026-01-09T10:38:00Z,85.0073,0.60035,120.014
2026-01-09T10:39:00Z,84.9999,0.59985,119.98
2026-01-09T10:40:00Z,85.014,0.6003,120.053
2026-01-09T10:41:00Z,84.9902,0.59948,120.0
2026-01-09T10:42:00Z,85.0178,0.60068,120.036
2026-01-09T10:43:00Z,84.9833,0.59951,119.985
2026-01-09T10:44:00Z,85.0058,0.59989,120.004
2026-01-09T10:45:00Z,84.9865,0.59967,119.968
2026-01-09T10:46:00Z,85.0263,0.60061,120.057
2026-01-09T10:47:00Z,84.9721,0.59941,119.969
2026-01-09T10:48:00Z,85.0175,0.60049,120.048
2026-01-09T10:49:00Z,84.9913,0.59953,119.965
2026-01-09T10:50:00Z,85.0051,0.60057,120.021
2026-01-09T10:51:00Z,84.9886,0.59972,119.967
2026-01-09T10:52:00Z,85.0108,0.60054,120.022
2026-01-09T10:53:00Z,84.977,0.59926,119.971
2026-01-09T10:54:00Z,85.0192,0.60066,120.05
2026-01-09T10:55:00Z,84.9769,0.59961,119.981
2026-01-09T10:56:00Z,85.0203,0.60019,120.041
2026-01-09T10:57:00Z,84.9927,0.5996,119.977
2026-01-09T10:58:00Z,85.0201,0.60038,120.036
2026-01-09T10:59:00Z,84.993,0.59992,119.967
2026-01-09T11:00:00Z,85.021,0.60055,120.064
2026-01-09T11:01:00Z,84.9917,0.59946,119.967
2026-01-09T11:02:00Z,85.0229,0.60048,120.039
2026-01-09T11:03:00Z,84.9688,0.59944,119.961
2026-01-09T11:04:00Z,85.0183,0.60002,120.038
2026-01-09T11:05:00Z,84.9882,0.59955,119.969
2026-01-09T11:06:00Z,85.0038,0.59989,120.04
2026-01-09T11:07:00Z,84.9793,0.59958,119.978
2026-01-09T11:08:00Z,85.0063,0.60025,120.03
2026-01-09T11:09:00Z,84.9855,0.59958,119.968
2026-01-09T11:10:00Z,85.0311,0.60056,120.036
2026-01-09T11:11:00Z,84.9698,0.59983,119.946
2026-01-09T11:12:00Z,85.0137,0.60078,120.031
2026-01-09T11:13:00Z,84.9867,0.59948,119.971
2026-01-09T11:14:00Z,85.008,0.60057,120.026
2026-01-09T11:15:00Z,84.993,0.59979,119.965
2026-01-09T11:16:00Z,84.9991,0.60028,120.003
2026-01-09T11:17:00Z,84.9763,0.59945,119.978
2026-01-09T11:18:00Z,85.0138,0.60053,120.043
2026-01-09T11:19:00Z,84.9812,0.5995,119.983
2026-01-09T11:20:00Z,85.0169,0.60068,120.024
2026-01-09T11:21:00Z,84.9865,0.59942,119.965
2026-01-09T11:22:00Z,85.0152,0.60044,120.024
2026-01-09T11:23:00Z,84.9831,0.5995,119.962
2026-01-09T11:24:00Z,85.0029,0.60046,120.023
2026-01-09T11:25:00Z,84.9974,0.59975,119.949
2026-01-09T11:26:00Z,85.0062,0.60026,120.014
2026-01-09T11:27:00Z,84.9837,0.59925,119.971
2026-01-09T11:28:00Z,85.0112,0.6003,120.013
2026-01-09T11:29:00Z,84.9804,0.59974,119.957
2026-01-09T11:30:00Z,85.0218,0.60048,120.011
2026-01-09T11:31:00Z,84.9853,0.59965,119.977
2026-01-09T11:32:00Z,85.0157,0.60029,120.033
2026-01-09T11:33:00Z,84.972,0.59956,119.992
2026-01-09T11:34:00Z,85.0236,0.60013,120.044
2026-01-09T11:35:00Z,84.9868,0.59937,119.966
2026-01-09T11:36:00Z,85.0199,0.60056,120.045
2026-01-09T11:37:00Z,84.9764,0.59953,119.972
2026-01-09T11:38:00Z,85.0181,0.6005,120.046
2026-01-09T11:39:00Z,84.9947,0.59953,119.98
2026-01-09T11:40:00Z,85.0195,0.6008,120.033
2026-01-09T11:41:00Z,84.9948,0.59961,119.962
2026-01-09T11:42:00Z,85.0294,0.60012,120.014
2026-01-09T11:43:00Z,84.9791,0.59987,119.988
2026-01-09T11:44:00Z,85.0115,0.60027,120.033
2026-01-09T11:45:00Z,84.9827,0.59982,119.978
2026-01-09T11:46:00Z,85.0162,0.60056,120.032
2026-01-09T11:47:00Z,84.9857,0.59952,119.986
2026-01-09T11:48:00Z,85.0239,0.60046,120.031
2026-01-09T11:49:00Z,84.9785,0.5997,119.976
2026-01-09T11:50:00Z,85.0264,0.6002,120.015
2026-01-09T11:51:00Z,84.9744,0.59945,119.973
2026-01-09T11:52:00Z,85.0137,0.60089,120.049
2026-01-09T11:53:00Z,84.9823,0.59988,119.967
2026-01-09T11:54:00Z,85.0147,0.60061,120.031
2026-01-09T11:55:00Z,84.9742,0.59916,119.996
2026-01-09T11:56:00Z,85.0079,0.60056,120.026
2026-01-09T11:57:00Z,84.9761,0.59991,119.969
2026-01-09T11:58:00Z,85.0193,0.6004,120.05
2026-01-09T11:59:00Z,84.9961,0.59928,119.968
2026-01-09T12:00:00Z,85.0173,0.60051,120.004
2026-01-09T12:01:00Z,84.972,0.59942,119.952
2026-01-09T12:02:00Z,85.0288,0.60023,120.001
2026-01-09T12:03:00Z,84.979,0.59997,119.99
2026-01-09T12:04:00Z,85.0016,0.60024,120.04
2026-01-09T12:05:00Z,84.9926,0.59948,119.991
2026-01-09T12:06:00Z,85.0153,0.60039,120.044
2026-01-09T12:07:00Z,84.9805,0.59925,119.973
2026-01-09T12:08:00Z,85.0375,0.59994,120.04
2026-01-09T12:09:00Z,84.9753,0.59953,119.965
2026-01-09T12:10:00Z,85.0086,0.60008,120.025
2026-01-09T12:11:00Z,84.989,0.59983,119.983
2026-01-09T12:12:00Z,85.007,0.60008,120.018
2026-01-09T12:13:00Z,84.9844,0.5998,119.971
2026-01-09T12:14:00Z,85.0132,0.60008,120.029
2026-01-09T12:15:00Z,84.9708,0.59998,119.959
2026-01-09T12:16:00Z,85.0173,0.60044,120.037
2026-01-09T12:17:00Z,84.9827,0.59984,119.953
2026-01-09T12:18:00Z,85.0282,0.60073,119.997
2026-01-09T12:19:00Z,84.971,0.59924,119.961
2026-01-09T12:20:00Z,85.038,0.60061,120.04
2026-01-09T12:21:00Z,84.9712,0.59942,119.985
2026-01-09T12:22:00Z,85.0143,0.60045,120.026
2026-01-09T12:23:00Z,84.9839,0.59943,119.954
2026-01-09T12:24:00Z,85.0109,0.60049,120.017
2026-01-09T12:25:00Z,84.9909,0.59962,119.957
2026-01-09T12:26:00Z,85.0067,0.6004,120.031
2026-01-09T12:27:00Z,84.9772,0.59951,119.968
2026-01-09T12:28:00Z,85.0211,0.60023,120.012
2026-01-09T12:29:00Z,84.9869,0.5997,119.987
2026-01-09T12:30:00Z,85.0249,0.60072,120.041
2026-01-09T12:31:00Z,84.9946,0.59948,119.946
2026-01-09T12:32:00Z,85.0172,0.60025,120.027
2026-01-09T12:33:00Z,84.9787,0.59963,119.972
2026-01-09T12:34:00Z,85.0093,0.60006,120.065
2026-01-09T12:35:00Z,84.9867,0.59979,119.994
2026-01-09T12:36:00Z,85.0053,0.60047,120.023
2026-01-09T12:37:00Z,84.9882,0.59943,119.982
2026-01-09T12:38:00Z,85.0075,0.60078,119.998
2026-01-09T12:39:00Z,84.9884,0.59969,119.949
2026-01-09T12:40:00Z,85.0061,0.6007,120.044
2026-01-09T12:41:00Z,84.975,0.59973,119.962
2026-01-09T12:42:00Z,85.0189,0.59978,120.033
2026-01-09T12:43:00Z,84.9767,0.59965,119.991
2026-01-09T12:44:00Z,85.0157,0.60045,120.016
2026-01-09T12:45:00Z,84.9938,0.59978,119.973
2026-01-09T12:46:00Z,85.0257,0.60031,120.022
2026-01-09T12:47:00Z,84.9779,0.59964,119.942
2026-01-09T12:48:00Z,85.0137,0.60028,120.005
2026-01-09T12:49:00Z,84.9783,0.59962,119.985
2026-01-09T12:50:00Z,85.0286,0.60039,120.044
2026-01-09T12:51:00Z,84.9901,0.59937,119.969
2026-01-09T12:52:00Z,85.0062,0.6003,120.019
2026-01-09T12:53:00Z,84.9792,0.60006,119.961
2026-01-09T12:54:00Z,85.0076,0.60048,120.031
2026-01-09T12:55:00Z,84.9971,0.59991,119.957
2026-01-09T12:56:00Z,85.0253,0.60041,120.021
2026-01-09T12:57:00Z,84.9934,0.60007,119.956
2026-01-09T12:58:00Z,85.0256,0.60045,120.019
2026-01-09T12:59:00Z,84.9826,0.59946,119.985
2026-01-09T13:00:00Z,85.0262,0.60063,120.024
2026-01-09T13:01:00Z,84.9795,0.5994,119.969
2026-01-09T13:02:00Z,85.0061,0.60045,120.037
2026-01-09T13:03:00Z,84.986,0.59944,119.953
2026-01-09T13:04:00Z,85.0253,0.60056,120.032
2026-01-09T13:05:00Z,84.9925,0.59971,119.949
2026-01-09T13:06:00Z,85.0058,0.60025,120.027
2026-01-09T13:07:00Z,84.9804,0.59929,120.016
2026-01-09T13:08:00Z,85.021,0.60034,120.019
2026-01-09T13:09:00Z,84.9924,0.59968,119.964
2026-01-09T13:10:00Z,85.0159,0.60007,120.06
2026-01-09T13:11:00Z,84.9815,0.59941,119.98
2026-01-09T13:12:00Z,85.0264,0.60073,120.042
2026-01-09T13:13:00Z,84.9838,0.59941,119.983
2026-01-09T13:14:00Z,85.0227,0.60075,120.009
2026-01-09T13:15:00Z,84.9812,0.59901,119.956
2026-01-09T13:16:00Z,85.0067,0.60062,120.007
2026-01-09T13:17:00Z,84.9839,0.5997,119.971
2026-01-09T13:18:00Z,85.0179,0.60062,120.034
2026-01-09T13:19:00Z,84.9929,0.5994,119.939
2026-01-09T13:20:00Z,85.0066,0.60036,120.051
2026-01-09T13:21:00Z,84.9705,0.59978,119.968
2026-01-09T13:22:00Z,85.0089,0.60032,120.051
2026-01-09T13:23:00Z,84.969,0.59931,119.954
2026-01-09T13:24:00Z,85.0106,0.6005,120.041
2026-01-09T13:25:00Z,84.9779,0.59958,119.989
2026-01-09T13:26:00Z,85.0086,0.60007,120.021
2026-01-09T13:27:00Z,84.9989,0.59959,119.937
2026-01-09T13:28:00Z,85.0184,0.60042,120.016
2026-01-09T13:29:00Z,84.9789,0.60004,119.97
2026-01-09T13:30:00Z,85.0212,0.60014,120.001
2026-01-09T13:31:00Z,84.9774,0.59961,120.006
2026-01-09T13:32:00Z,85.016,0.60063,120.016
2026-01-09T13:33:00Z,84.9842,0.5997,120.002
2026-01-09T13:34:00Z,85.0052,0.60048,120.038
2026-01-09T13:35:00Z,84.9742,0.59989,119.953
2026-01-09T13:36:00Z,85.0208,0.60057,120.018
2026-01-09T13:37:00Z,84.983,0.59977,119.985
2026-01-09T13:38:00Z,85.0062,0.60036,120.008
2026-01-09T13:39:00Z,84.9861,0.59969,119.97
2026-01-09T13:40:00Z,85.0218,0.60048,120.057
2026-01-09T13:41:00Z,84.9773,0.5996,119.972
2026-01-09T13:42:00Z,85.0269,0.60067,120.031
2026-01-09T13:43:00Z,84.9853,0.5995,119.961
2026-01-09T13:44:00Z,85.015,0.60061,120.026
2026-01-09T13:45:00Z,84.9957,0.59994,119.956
2026-01-09T13:46:00Z,85.0117,0.60045,120.029
2026-01-09T13:47:00Z,84.9675,0.59929,119.971
2026-01-09T13:48:00Z,85.0076,0.60048,120.025
2026-01-09T13:49:00Z,84.9814,0.59978,119.963
2026-01-09T13:50:00Z,85.0243,0.60041,120.033
2026-01-09T13:51:00Z,84.9795,0.59964,119.977
2026-01-09T13:52:00Z,85.012,0.60024,120.039
2026-01-09T13:53:00Z,84.9917,0.59969,119.975
2026-01-09T13:54:00Z,85.0186,0.60008,120.049
2026-01-09T13:55:00Z,84.9899,0.59973,119.975
2026-01-09T13:56:00Z,85.0204,0.60056,120.016
2026-01-09T13:57:00Z,84.9882,0.59951,119.97
2026-01-09T13:58:00Z,85.0191,0.60077,120.043
2026-01-09T13:59:00Z,84.9818,0.59967,119.998
2026-01-09T14:00:00Z,85.0106,0.6004,120.018
2026-01-09T14:01:00Z,84.9907,0.59956,119.966
2026-01-09T14:02:00Z,85.0101,0.60017,120.014
2026-01-09T14:03:00Z,84.9762,0.59941,119.944
2026-01-09T14:04:00Z,85.0101,0.60058,120.01
2026-01-09T14:05:00Z,84.9868,0.59951,120.006
2026-01-09T14:06:00Z,85.0194,0.60012,120.024
2026-01-09T14:07:00Z,84.9721,0.5994,119.959
2026-01-09T14:08:00Z,85.0208,0.59994,120.023
2026-01-09T14:09:00Z,84.982,0.59955,119.984
2026-01-09T14:10:00Z,85.0058,0.60088,120.024
2026-01-09T14:11:00Z,84.9865,0.59949,119.952
2026-01-09T14:12:00Z,85.0132,0.60024,120.021
2026-01-09T14:13:00Z,85.0015,0.59943,119.98
2026-01-09T14:14:00Z,85.0161,0.6007,120.017
2026-01-09T14:15:00Z,84.9882,0.59955,119.963
2026-01-09T14:16:00Z,85.0199,0.60019,120.043
2026-01-09T14:17:00Z,84.9925,0.59975,119.947
2026-01-09T14:18:00Z,85.0157,0.60037,120.03
2026-01-09T14:19:00Z,84.9977,0.59962,119.97
2026-01-09T14:20:00Z,85.0204,0.60039,120.011
2026-01-09T14:21:00Z,84.9702,0.59946,119.987
2026-01-09T14:22:00Z,85.0082,0.60071,120.058
2026-01-09T14:23:00Z,84.9978,0.59962,119.96
2026-01-09T14:24:00Z,85.0131,0.60018,120.022
2026-01-09T14:25:00Z,84.9681,0.59957,119.965
2026-01-09T14:26:00Z,84.9963,0.60051,120.057
2026-01-09T14:27:00Z,84.9728,0.59982,119.964
2026-01-09T14:28:00Z,85.0188,0.6003,120.027
2026-01-09T14:29:00Z,84.9867,0.59938,119.964
2026-01-09T14:30:00Z,85.0135,0.60015,120.0
2026-01-09T14:31:00Z,84.9885,0.59976,119.943
2026-01-09T14:32:00Z,85.0199,0.60026,120.029
2026-01-09T14:33:00Z,84.9757,0.59967,119.976
2026-01-09T14:34:00Z,85.0146,0.60038,120.063
2026-01-09T14:35:00Z,84.9919,0.59956,119.986
2026-01-09T14:36:00Z,85.0081,0.60041,120.027
2026-01-09T14:37:00Z,84.9871,0.59949,119.951
2026-01-09T14:38:00Z,85.015,0.60071,120.02
2026-01-09T14:39:00Z,84.991,0.59935,119.948
2026-01-09T14:40:00Z,85.0281,0.60039,120.01
2026-01-09T14:41:00Z,84.9892,0.59923,119.978
2026-01-09T14:42:00Z,85.0083,0.60027,120.004
2026-01-09T14:43:00Z,84.9861,0.59975,119.96
2026-01-09T14:44:00Z,85.011,0.60031,120.04
2026-01-09T14:45:00Z,84.9946,0.59983,120.01
2026-01-09T14:46:00Z,85.0126,0.60039,120.031
2026-01-09T14:47:00Z,84.9848,0.59991,119.967
2026-01-09T14:48:00Z,85.0053,0.60019,120.025
2026-01-09T14:49:00Z,84.9871,0.59936,119.968
2026-01-09T14:50:00Z,85.0296,0.60027,120.01
2026-01-09T14:51:00Z,84.9954,0.59938,119.95
2026-01-09T14:52:00Z,85.0015,0.60039,120.025
2026-01-09T14:53:00Z,84.9921,0.59991,119.938
2026-01-09T14:54:00Z,85.021,0.60071,120.033
2026-01-09T14:55:00Z,84.9821,0.59965,120.016
2026-01-09T14:56:00Z,85.005,0.60017,120.04
2026-01-09T14:57:00Z,84.9782,0.59975,119.977
2026-01-09T14:58:00Z,85.0216,0.60054,120.03
2026-01-09T14:59:00Z,85.0044,0.59991,119.965
2026-01-09T15:00:00Z,85.0041,0.60042,120.033
2026-01-09T15:01:00Z,84.994,0.59972,119.967
2026-01-09T15:02:00Z,85.0135,0.60049,120.043
2026-01-09T15:03:00Z,84.9898,0.59987,119.949
2026-01-09T15:04:00Z,85.0147,0.60029,120.013
2026-01-09T15:05:00Z,84.992,0.59971,119.962
2026-01-09T15:06:00Z,85.0122,0.60041,120.022
2026-01-09T15:07:00Z,84.9787,0.59979,119.967
2026-01-09T15:08:00Z,85.0097,0.60045,120.025
2026-01-09T15:09:00Z,84.9831,0.59965,119.942
2026-01-09T15:10:00Z,85.0223,0.60036,120.018
2026-01-09T15:11:00Z,84.9821,0.59926,119.966
2026-01-09T15:12:00Z,85.0168,0.60005,120.043
2026-01-09T15:13:00Z,84.977,0.59974,119.953
2026-01-09T15:14:00Z,85.0173,0.60044,120.022
2026-01-09T15:15:00Z,84.9823,0.59944,119.996
2026-01-09T15:16:00Z,85.011,0.60038,120.035
2026-01-09T15:17:00Z,84.9895,0.59965,119.959
2026-01-09T15:18:00Z,85.0307,0.60045,120.046
2026-01-09T15:19:00Z,84.9938,0.59989,119.941
2026-01-09T15:20:00Z,85.0029,0.60054,120.047
2026-01-09T15:21:00Z,84.9916,0.59949,119.977
2026-01-09T15:22:00Z,85.0208,0.60077,120.019
2026-01-09T15:23:00Z,84.9939,0.59983,119.966
2026-01-09T15:24:00Z,85.0172,0.60041,120.001
2026-01-09T15:25:00Z,84.99,0.59971,119.948
2026-01-09T15:26:00Z,85.0108,0.60071,120.034
2026-01-09T15:27:00Z,84.9802,0.5992,119.981
2026-01-09T15:28:00Z,85.0154,0.60046,120.034
2026-01-09T15:29:00Z,84.9957,0.5999,119.943
2026-01-09T15:30:00Z,85.0178,0.60038,120.048
2026-01-09T15:31:00Z,84.9705,0.59943,119.956
2026-01-09T15:32:00Z,85.0117,0.60023,120.047
2026-01-09T15:33:00Z,85.0042,0.59952,119.988
2026-01-09T15:34:00Z,85.0246,0.60034,120.017
2026-01-09T15:35:00Z,84.9893,0.59988,119.985
2026-01-09T15:36:00Z,84.9963,0.60028,120.051
2026-01-09T15:37:00Z,84.99,0.59969,119.959
2026-01-09T15:38:00Z,85.009,0.60062,120.014
2026-01-09T15:39:00Z,84.9829,0.59959,119.998
2026-01-09T15:40:00Z,85.0216,0.60033,120.043
2026-01-09T15:41:00Z,84.9795,0.59969,119.952
2026-01-09T15:42:00Z,85.0246,0.60023,120.005
2026-01-09T15:43:00Z,84.9855,0.59999,119.953
2026-01-09T15:44:00Z,85.0229,0.60019,120.033
2026-01-09T15:45:00Z,84.9798,0.59963,119.958
2026-01-09T15:46:00Z,85.0219,0.6002,120.046
2026-01-09T15:47:00Z,84.9836,0.59929,119.981
2026-01-09T15:48:00Z,85.0038,0.60057,120.046
2026-01-09T15:49:00Z,84.9929,0.59984,119.972
2026-01-09T15:50:00Z,85.0273,0.60017,120.019
2026-01-09T15:51:00Z,84.983,0.59959,119.981
2026-01-09T15:52:00Z,85.0097,0.60036,120.036
2026-01-09T15:53:00Z,84.9753,0.59975,119.959
2026-01-09T15:54:00Z,85.0164,0.6003,120.066
2026-01-09T15:55:00Z,84.993,0.6,119.974
2026-01-09T15:56:00Z,85.0102,0.60055,120.047
2026-01-09T15:57:00Z,84.9816,0.59946,120.006
2026-01-09T15:58:00Z,85.01,0.60006,120.023
2026-01-09T15:59:00Z,84.9843,0.59983,119.985
2026-01-09T16:00:00Z,85.0064,0.6008,120.028
2026-01-09T16:01:00Z,84.9804,0.59983,119.996
2026-01-09T16:02:00Z,85.0254,0.60059,120.031
2026-01-09T16:03:00Z,84.9939,0.59963,119.99
2026-01-09T16:04:00Z,85.0119,0.60019,120.041
2026-01-09T16:05:00Z,84.9925,0.59932,119.972
2026-01-09T16:06:00Z,85.0118,0.60049,119.997
2026-01-09T16:07:00Z,84.9779,0.59983,119.982
2026-01-09T16:08:00Z,85.0146,0.60066,120.054
2026-01-09T16:09:00Z,84.9727,0.5994,119.994
2026-01-09T16:10:00Z,85.0175,0.60039,120.048
2026-01-09T16:11:00Z,84.9736,0.59993,119.942
2026-01-09T16:12:00Z,85.0111,0.60052,120.037
2026-01-09T16:13:00Z,84.9879,0.59944,119.981
2026-01-09T16:14:00Z,85.0099,0.60055,120.04
2026-01-09T16:15:00Z,84.9789,0.59952,119.973
2026-01-09T16:16:00Z,85.0193,0.60072,120.031
2026-01-09T16:17:00Z,84.9869,0.59956,119.939
2026-01-09T16:18:00Z,85.0101,0.6006,120.047
2026-01-09T16:19:00Z,84.9927,0.59959,119.965
2026-01-09T16:20:00Z,85.0169,0.60052,120.019
2026-01-09T16:21:00Z,84.972,0.59954,119.962
2026-01-09T16:22:00Z,85.0184,0.59984,120.048
2026-01-09T16:23:00Z,84.9801,0.59988,119.976
2026-01-09T16:24:00Z,85.0113,0.60054,120.038
2026-01-09T16:25:00Z,84.9839,0.59959,119.978
2026-01-09T16:26:00Z,85.0312,0.60017,120.014
2026-01-09T16:27:00Z,84.9839,0.59985,119.964
2026-01-09T16:28:00Z,85.0132,0.60042,120.038
2026-01-09T16:29:00Z,84.9758,0.59942,119.979
2026-01-09T16:30:00Z,85.0141,0.60009,120.042
2026-01-09T16:31:00Z,84.9877,0.59956,119.953
2026-01-09T16:32:00Z,85.0298,0.60048,120.037
2026-01-09T16:33:00Z,84.9855,0.59991,119.979
2026-01-09T16:34:00Z,85.0181,0.60029,120.021
2026-01-09T16:35:00Z,84.9929,0.59979,119.954
2026-01-09T16:36:00Z,85.013,0.60032,120.039
2026-01-09T16:37:00Z,84.9744,0.59948,119.978
2026-01-09T16:38:00Z,85.018,0.60041,120.039
2026-01-09T16:39:00Z,84.9863,0.59984,119.995
2026-01-09T16:40:00Z,85.0227,0.60042,120.044
2026-01-09T16:41:00Z,84.9793,0.59948,119.979
2026-01-09T16:42:00Z,84.9978,0.60052,120.044
2026-01-09T16:43:00Z,84.9806,0.59958,119.97
2026-01-09T16:44:00Z,85.0062,0.6004,120.022
2026-01-09T16:45:00Z,84.9809,0.59981,119.955
2026-01-09T16:46:00Z,85.0262,0.60063,120.008
2026-01-09T16:47:00Z,84.9809,0.59958,119.964
2026-01-09T16:48:00Z,85.0426,0.60077,120.038
2026-01-09T16:49:00Z,84.9861,0.5998,119.973
2026-01-09T16:50:00Z,85.0163,0.60023,120.055
2026-01-09T16:51:00Z,84.9957,0.60039,119.969
2026-01-09T16:52:00Z,85.0098,0.60059,120.032
2026-01-09T16:53:00Z,84.9799,0.59947,119.963
2026-01-09T16:54:00Z,85.0286,0.60015,120.006
2026-01-09T16:55:00Z,84.9881,0.59943,119.981
2026-01-09T16:56:00Z,85.0207,0.60031,119.994
2026-01-09T16:57:00Z,84.987,0.59962,119.953
2026-01-09T16:58:00Z,85.0028,0.60034,120.045
2026-01-09T16:59:00Z,84.98,0.5997,119.968
2026-01-09T17:00:00Z,85.0128,0.60049,120.047
2026-01-09T17:01:00Z,84.9913,0.59965,119.963
2026-01-09T17:02:00Z,85.0136,0.60031,120.022
2026-01-09T17:03:00Z,84.9921,0.59947,119.94
2026-01-09T17:04:00Z,85.0188,0.60039,120.056
2026-01-09T17:05:00Z,84.9944,0.59979,119.937
2026-01-09T17:06:00Z,85.0274,0.60067,120.032
2026-01-09T17:07:00Z,84.9854,0.59959,119.987
2026-01-09T17:08:00Z,85.0096,0.6004,120.036
2026-01-09T17:09:00Z,84.9728,0.5999,119.974
2026-01-09T17:10:00Z,85.017,0.60028,120.032
2026-01-09T17:11:00Z,84.9824,0.59941,119.957
2026-01-09T17:12:00Z,85.0198,0.60037,120.033
2026-01-09T17:13:00Z,84.9779,0.5995,120.003
2026-01-09T17:14:00Z,85.0271,0.60015,120.042
2026-01-09T17:15:00Z,84.9853,0.59976,119.983
2026-01-09T17:16:00Z,85.0223,0.60056,120.016
2026-01-09T17:17:00Z,84.9908,0.59938,119.963
2026-01-09T17:18:00Z,85.028,0.60072,120.03
2026-01-09T17:19:00Z,84.979,0.59976,119.963
2026-01-09T17:20:00Z,85.0057,0.60043,120.046
2026-01-09T17:21:00Z,84.9797,0.59963,119.967
2026-01-09T17:22:00Z,85.022,0.60032,120.03
2026-01-09T17:23:00Z,84.9947,0.59969,119.993
2026-01-09T17:24:00Z,85.0001,0.59989,120.017
2026-01-09T17:25:00Z,84.9922,0.59962,119.988
2026-01-09T17:26:00Z,85.0191,0.6002,120.012
2026-01-09T17:27:00Z,84.9892,0.5994,119.963
2026-01-09T17:28:00Z,85.0187,0.60038,120.027
2026-01-09T17:29:00Z,84.989,0.5995,119.984
2026-01-09T17:30:00Z,85.0118,0.60013,120.043
2026-01-09T17:31:00Z,84.9774,0.5996,119.945
2026-01-09T17:32:00Z,85.0157,0.60027,120.029
2026-01-09T17:33:00Z,84.971,0.59956,119.94
2026-01-09T17:34:00Z,85.0245,0.60054,120.031
2026-01-09T17:35:00Z,84.9691,0.59963,119.98
2026-01-09T17:36:00Z,85.0163,0.60018,120.032
2026-01-09T17:37:00Z,84.9761,0.59958,119.949
2026-01-09T17:38:00Z,85.009,0.6005,120.054
2026-01-09T17:39:00Z,84.9776,0.59989,119.96
2026-01-09T17:40:00Z,85.0167,0.60041,120.015
2026-01-09T17:41:00Z,84.9959,0.59958,119.951
2026-01-09T17:42:00Z,85.0214,0.6,120.046
2026-01-09T17:43:00Z,84.9943,0.59938,119.97
2026-01-09T17:44:00Z,85.0174,0.60021,120.035
2026-01-09T17:45:00Z,84.9924,0.59973,120.005
2026-01-09T17:46:00Z,85.0082,0.60038,120.029
2026-01-09T17:47:00Z,84.987,0.59969,119.946
2026-01-09T17:48:00Z,85.0036,0.60081,120.027
2026-01-09T17:49:00Z,84.9865,0.59967,119.975
2026-01-09T17:50:00Z,85.0241,0.6003,120.055
2026-01-09T17:51:00Z,84.9858,0.59949,119.989
2026-01-09T17:52:00Z,85.025,0.60027,120.038
2026-01-09T17:53:00Z,84.9983,0.59955,119.983
2026-01-09T17:54:00Z,85.0003,0.60028,120.02
2026-01-09T17:55:00Z,84.9827,0.59932,119.98
2026-01-09T17:56:00Z,84.9985,0.60035,120.006
2026-01-09T17:57:00Z,84.9845,0.59969,119.965
2026-01-09T17:58:00Z,85.0147,0.60046,120.032
2026-01-09T17:59:00Z,84.9776,0.5995,119.985
2026-01-09T18:00:00Z,85.0219,0.60038,120.038
2026-01-09T18:01:00Z,85.0018,0.59968,119.969
2026-01-09T18:02:00Z,85.0146,0.60066,120.016
2026-01-09T18:03:00Z,84.9901,0.59904,119.984
2026-01-09T18:04:00Z,85.03,0.60039,120.014
2026-01-09T18:05:00Z,84.9937,0.59914,119.97
2026-01-09T18:06:00Z,85.0334,0.60041,120.03
2026-01-09T18:07:00Z,84.9814,0.59978,119.948
2026-01-09T18:08:00Z,85.0241,0.60018,119.996
2026-01-09T18:09:00Z,84.9759,0.59985,119.998
2026-01-09T18:10:00Z,85.0151,0.60069,120.031
2026-01-09T18:11:00Z,84.9967,0.59979,119.96
2026-01-09T18:12:00Z,85.0218,0.60047,120.052
2026-01-09T18:13:00Z,84.9894,0.59953,119.979
2026-01-09T18:14:00Z,85.0148,0.60005,120.041
2026-01-09T18:15:00Z,84.9847,0.59931,119.986
2026-01-09T18:16:00Z,85.018,0.60013,120.043
2026-01-09T18:17:00Z,84.9818,0.59989,119.974
2026-01-09T18:18:00Z,85.0128,0.60038,120.022
2026-01-09T18:19:00Z,84.9833,0.59946,119.962
2026-01-09T18:20:00Z,85.0265,0.60079,120.051
2026-01-09T18:21:00Z,84.9815,0.59948,119.954
2026-01-09T18:22:00Z,85.0089,0.60037,120.053
2026-01-09T18:23:00Z,84.9883,0.59941,119.975
2026-01-09T18:24:00Z,85.0277,0.60059,120.031
2026-01-09T18:25:00Z,84.9715,0.59956,119.982
2026-01-09T18:26:00Z,85.0106,0.60062,120.039
2026-01-09T18:27:00Z,84.9914,0.59959,119.985
2026-01-09T18:28:00Z,85.0229,0.60076,120.029
2026-01-09T18:29:00Z,84.9767,0.59965,119.956
2026-01-09T18:30:00Z,85.0231,0.60081,120.013
2026-01-09T18:31:00Z,84.9858,0.59944,119.942
2026-01-09T18:32:00Z,85.011,0.60061,120.031
2026-01-09T18:33:00Z,84.9789,0.5999,119.986
2026-01-09T18:34:00Z,85.018,0.60018,120.02
2026-01-09T18:35:00Z,84.9871,0.59975,119.961
2026-01-09T18:36:00Z,85.0015,0.60049,120.013
2026-01-09T18:37:00Z,84.9868,0.59935,119.987
2026-01-09T18:38:00Z,85.0151,0.60043,120.018
2026-01-09T18:39:00Z,84.9733,0.59981,119.98
2026-01-09T18:40:00Z,85.0151,0.60031,120.015
2026-01-09T18:41:00Z,84.9852,0.59973,119.943
2026-01-09T18:42:00Z,85.0179,0.60032,120.036
2026-01-09T18:43:00Z,84.9903,0.59963,119.967
2026-01-09T18:44:00Z,85.0214,0.60017,120.015
2026-01-09T18:45:00Z,84.9958,0.59999,119.961
2026-01-09T18:46:00Z,85.008,0.60065,120.037
2026-01-09T18:47:00Z,84.9762,0.59964,120.007
2026-01-09T18:48:00Z,85.0087,0.60032,120.028
2026-01-09T18:49:00Z,84.9795,0.59909,119.947
2026-01-09T18:50:00Z,85.0015,0.60036,120.039
2026-01-09T18:51:00Z,84.9962,0.5998,119.983
2026-01-09T18:52:00Z,85.0235,0.60038,119.999
2026-01-09T18:53:00Z,84.9844,0.59992,119.971
2026-01-09T18:54:00Z,85.0175,0.60012,120.013
2026-01-09T18:55:00Z,84.9947,0.5994,119.938
2026-01-09T18:56:00Z,85.0139,0.60022,120.03
2026-01-09T18:57:00Z,84.9829,0.5995,119.946
2026-01-09T18:58:00Z,85.0128,0.60016,120.028
2026-01-09T18:59:00Z,84.989,0.59952,119.957
2026-01-09T19:00:00Z,85.0057,0.60011,120.037
2026-01-09T19:01:00Z,84.9878,0.59941,119.975
2026-01-09T19:02:00Z,85.0099,0.60017,120.01
2026-01-09T19:03:00Z,84.9771,0.59938,119.972
2026-01-09T19:04:00Z,85.0165,0.6008,120.016
2026-01-09T19:05:00Z,84.983,0.59965,119.971
2026-01-09T19:06:00Z,85.0197,0.60061,120.013
2026-01-09T19:07:00Z,84.9928,0.59944,119.962
2026-01-09T19:08:00Z,85.009,0.60074,120.041
2026-01-09T19:09:00Z,84.979,0.59971,119.979
2026-01-09T19:10:00Z,85.025,0.60016,120.015
2026-01-09T19:11:00Z,84.9681,0.59955,119.976
2026-01-09T19:12:00Z,85.0254,0.60082,120.023
2026-01-09T19:13:00Z,84.9778,0.59951,119.952
2026-01-09T19:14:00Z,85.0227,0.60066,120.046
2026-01-09T19:15:00Z,84.9842,0.59929,119.979
2026-01-09T19:16:00Z,85.0176,0.60039,120.023
2026-01-09T19:17:00Z,84.9831,0.59957,119.981
2026-01-09T19:18:00Z,85.0261,0.60053,120.053
2026-01-09T19:19:00Z,84.9923,0.59934,119.97
2026-01-09T19:20:00Z,85.0234,0.60035,120.028
2026-01-09T19:21:00Z,84.9827,0.59976,119.996
2026-01-09T19:22:00Z,84.9982,0.60063,120.011
2026-01-09T19:23:00Z,84.9962,0.59951,119.955
2026-01-09T19:24:00Z,85.0047,0.60015,120.023
2026-01-09T19:25:00Z,84.9808,0.59967,119.989
2026-01-09T19:26:00Z,85.0228,0.60065,120.012
2026-01-09T19:27:00Z,84.9753,0.59955,119.977
2026-01-09T19:28:00Z,85.0136,0.60049,120.008
2026-01-09T19:29:00Z,84.9954,0.59959,119.975
2026-01-09T19:30:00Z,85.0131,0.60036,120.032
2026-01-09T19:31:00Z,84.9902,0.59925,119.97
2026-01-09T19:32:00Z,85.0118,0.6005,120.047
2026-01-09T19:33:00Z,84.993,0.59981,119.958
2026-01-09T19:34:00Z,85.014,0.6004,120.016
2026-01-09T19:35:00Z,84.9754,0.59967,119.979
2026-01-09T19:36:00Z,85.0076,0.60018,120.01
2026-01-09T19:37:00Z,84.9862,0.59939,119.982
2026-01-09T19:38:00Z,85.0186,0.60033,120.044
2026-01-09T19:39:00Z,84.9916,0.59972,119.958
2026-01-09T19:40:00Z,84.9984,0.60009,120.039
2026-01-09T19:41:00Z,84.9822,0.59942,120.002
2026-01-09T19:42:00Z,85.0171,0.60057,120.042
2026-01-09T19:43:00Z,84.9654,0.5994,119.982
2026-01-09T19:44:00Z,85.0103,0.60053,120.02
2026-01-09T19:45:00Z,84.9898,0.59966,119.966
2026-01-09T19:46:00Z,85.0086,0.60045,120.009
2026-01-09T19:47:00Z,84.9896,0.59911,119.938
2026-01-09T19:48:00Z,85.012,0.60053,120.034
2026-01-09T19:49:00Z,84.9842,0.59949,120.001
2026-01-09T19:50:00Z,85.0193,0.60076,120.046
2026-01-09T19:51:00Z,84.9723,0.59964,119.98
2026-01-09T19:52:00Z,85.0145,0.60037,120.028
2026-01-09T19:53:00Z,84.9963,0.59948,119.969
2026-01-09T19:54:00Z,85.0245,0.60037,120.043
2026-01-09T19:55:00Z,84.9859,0.59958,119.953
2026-01-09T19:56:00Z,85.0194,0.60036,120.015
2026-01-09T19:57:00Z,84.9641,0.5998,119.973
2026-01-09T19:58:00Z,85.0137,0.60038,120.018
2026-01-09T19:59:00Z,84.9806,0.59964,119.959
2026-01-09T20:00:00Z,85.0078,0.60007,120.053
2026-01-09T20:01:00Z,84.9912,0.59949,119.989
2026-01-09T20:02:00Z,85.0057,0.60053,120.018
2026-01-09T20:03:00Z,84.9867,0.59977,119.97
2026-01-09T20:04:00Z,85.0186,0.60067,120.015
2026-01-09T20:05:00Z,84.9791,0.59935,119.988
2026-01-09T20:06:00Z,85.0094,0.60015,120.003
2026-01-09T20:07:00Z,84.9857,0.59999,119.96
2026-01-09T20:08:00Z,85.0247,0.60008,120.02
2026-01-09T20:09:00Z,85.0039,0.59978,119.963
2026-01-09T20:10:00Z,85.018,0.60027,120.001
2026-01-09T20:11:00Z,84.9868,0.59972,119.978
2026-01-09T20:12:00Z,85.0175,0.60064,120.007
2026-01-09T20:13:00Z,84.9708,0.59915,120.001
2026-01-09T20:14:00Z,85.0219,0.60006,120.026
2026-01-09T20:15:00Z,84.9738,0.5995,119.959
2026-01-09T20:16:00Z,85.0021,0.60021,120.06
2026-01-09T20:17:00Z,84.9883,0.59986,119.973
2026-01-09T20:18:00Z,85.014,0.60052,120.011
2026-01-09T20:19:00Z,84.9765,0.59939,119.972
2026-01-09T20:20:00Z,85.0169,0.60055,120.038
2026-01-09T20:21:00Z,84.982,0.59949,119.959
2026-01-09T20:22:00Z,85.018,0.60019,120.047
2026-01-09T20:23:00Z,84.9899,0.59945,119.965
2026-01-09T20:24:00Z,85.0168,0.60034,120.044
2026-01-09T20:25:00Z,84.992,0.5999,119.975
2026-01-09T20:26:00Z,85.012,0.60008,120.014
2026-01-09T20:27:00Z,84.99,0.59955,119.982
2026-01-09T20:28:00Z,85.0168,0.60007,120.019
2026-01-09T20:29:00Z,84.986,0.59958,119.967
2026-01-09T20:30:00Z,85.0157,0.60016,120.021
2026-01-09T20:31:00Z,84.9785,0.5997,119.954
2026-01-09T20:32:00Z,85.0089,0.60037,120.012
2026-01-09T20:33:00Z,84.9726,0.59941,119.958
2026-01-09T20:34:00Z,85.0254,0.60049,120.042
2026-01-09T20:35:00Z,84.9845,0.59962,119.987
2026-01-09T20:36:00Z,85.0054,0.60077,120.024
2026-01-09T20:37:00Z,84.9899,0.59946,119.966
2026-01-09T20:38:00Z,85.0172,0.60065,120.045
2026-01-09T20:39:00Z,84.9752,0.59935,119.96
2026-01-09T20:40:00Z,85.0142,0.60019,119.996
2026-01-09T20:41:00Z,84.9795,0.5997,119.966
2026-01-09T20:42:00Z,85.0097,0.60037,120.032
2026-01-09T20:43:00Z,84.9848,0.59945,119.963
2026-01-09T20:44:00Z,85.0109,0.60031,120.002
2026-01-09T20:45:00Z,84.9788,0.5995,119.946
2026-01-09T20:46:00Z,85.0265,0.60008,120.041
2026-01-09T20:47:00Z,84.9797,0.60006,119.978
2026-01-09T20:48:00Z,85.025,0.60048,120.032
2026-01-09T20:49:00Z,84.9885,0.5995,119.974
2026-01-09T20:50:00Z,85.0147,0.60039,120.018
2026-01-09T20:51:00Z,84.977,0.59933,119.995
2026-01-09T20:52:00Z,85.0054,0.60044,120.031
2026-01-09T20:53:00Z,84.9882,0.59988,119.963
2026-01-09T20:54:00Z,85.0122,0.60027,120.026
2026-01-09T20:55:00Z,84.9777,0.59985,119.986
2026-01-09T20:56:00Z,85.0089,0.6009,120.003
2026-01-09T20:57:00Z,84.9762,0.59974,119.976
2026-01-09T20:58:00Z,85.0259,0.60036,120.018
2026-01-09T20:59:00Z,84.9831,0.59972,119.949
2026-01-09T21:00:00Z,85.0106,0.60063,120.032
2026-01-09T21:01:00Z,84.9955,0.59979,119.969
2026-01-09T21:02:00Z,85.0256,0.60071,120.035
2026-01-09T21:03:00Z,84.9714,0.59936,119.967
2026-01-09T21:04:00Z,85.0152,0.60048,120.022
2026-01-09T21:05:00Z,84.9868,0.59929,119.948
2026-01-09T21:06:00Z,85.0167,0.60045,120.015
2026-01-09T21:07:00Z,84.9773,0.59939,119.984
2026-01-09T21:08:00Z,85.0317,0.60027,120.014
2026-01-09T21:09:00Z,84.9862,0.59977,119.982
2026-01-09T21:10:00Z,85.0157,0.60064,120.051
2026-01-09T21:11:00Z,84.978,0.59959,119.964
2026-01-09T21:12:00Z,85.0069,0.60057,120.024
2026-01-09T21:13:00Z,84.9911,0.59955,119.96
2026-01-09T21:14:00Z,85.0153,0.6007,120.044
2026-01-09T21:15:00Z,84.9735,0.59936,119.964
2026-01-09T21:16:00Z,85.0224,0.60047,120.021
2026-01-09T21:17:00Z,85.0044,0.59931,119.968
2026-01-09T21:18:00Z,85.0077,0.60078,120.038
2026-01-09T21:19:00Z,84.9907,0.59975,119.972
2026-01-09T21:20:00Z,85.016,0.60062,120.031
2026-01-09T21:21:00Z,84.9987,0.59981,119.938
2026-01-09T21:22:00Z,85.0201,0.60044,120.007
2026-01-09T21:23:00Z,84.9934,0.59927,119.989
2026-01-09T21:24:00Z,85.0256,0.60034,120.033
2026-01-09T21:25:00Z,84.9835,0.59969,119.973
2026-01-09T21:26:00Z,85.0198,0.60054,120.033
2026-01-09T21:27:00Z,84.98,0.59977,119.974
2026-01-09T21:28:00Z,85.0164,0.60035,120.019
2026-01-09T21:29:00Z,84.9822,0.59955,119.967
2026-01-09T21:30:00Z,85.013,0.60027,120.036
2026-01-09T21:31:00Z,84.9757,0.59946,119.947
2026-01-09T21:32:00Z,85.005,0.6007,120.045
2026-01-09T21:33:00Z,84.9892,0.59974,119.959
2026-01-09T21:34:00Z,85.011,0.60038,120.03
2026-01-09T21:35:00Z,84.9863,0.59959,119.949
2026-01-09T21:36:00Z,85.0071,0.60018,120.027
2026-01-09T21:37:00Z,84.9881,0.59996,119.973
2026-01-09T21:38:00Z,85.0128,0.60045,120.025
2026-01-09T21:39:00Z,84.9819,0.59946,119.958
2026-01-09T21:40:00Z,85.0058,0.60021,120.025
2026-01-09T21:41:00Z,84.9774,0.59975,120.003
2026-01-09T21:42:00Z,85.0291,0.60053,120.027
2026-01-09T21:43:00Z,84.9903,0.59964,119.986
2026-01-09T21:44:00Z,85.0088,0.60046,120.06
2026-01-09T21:45:00Z,84.9821,0.5993,119.963
2026-01-09T21:46:00Z,85.0135,0.60008,120.06
2026-01-09T21:47:00Z,84.9764,0.59943,119.982
2026-01-09T21:48:00Z,85.013,0.60011,120.037
2026-01-09T21:49:00Z,84.9869,0.59953,119.964
2026-01-09T21:50:00Z,85.0138,0.60035,120.034
2026-01-09T21:51:00Z,84.9897,0.60006,119.991
2026-01-09T21:52:00Z,85.0182,0.60012,120.011
2026-01-09T21:53:00Z,84.9757,0.59909,119.959
2026-01-09T21:54:00Z,85.0214,0.60062,120.002
2026-01-09T21:55:00Z,84.9833,0.6,119.966
2026-01-09T21:56:00Z,85.0174,0.60045,120.04
2026-01-09T21:57:00Z,84.9854,0.59957,119.995
2026-01-09T21:58:00Z,85.013,0.60018,120.018
2026-01-09T21:59:00Z,84.984,0.5995,119.951
2026-01-09T22:00:00Z,84.9978,0.60018,120.017
2026-01-09T22:01:00Z,84.9781,0.59968,119.97
2026-01-09T22:02:00Z,85.0095,0.60031,120.035
2026-01-09T22:03:00Z,84.9905,0.59957,119.98
2026-01-09T22:04:00Z,85.0181,0.59994,120.048
2026-01-09T22:05:00Z,84.9741,0.59967,119.994
2026-01-09T22:06:00Z,85.0049,0.60063,120.048
2026-01-09T22:07:00Z,84.9842,0.59983,119.963
2026-01-09T22:08:00Z,84.9998,0.60038,120.027
2026-01-09T22:09:00Z,84.9823,0.59965,119.979
2026-01-09T22:10:00Z,85.0177,0.6007,120.016
2026-01-09T22:11:00Z,84.9847,0.59953,119.958
2026-01-09T22:12:00Z,85.0204,0.60044,120.022
2026-01-09T22:13:00Z,84.9925,0.59952,120.009
2026-01-09T22:14:00Z,85.0236,0.60085,120.022
2026-01-09T22:15:00Z,84.9776,0.59948,119.993
2026-01-09T22:16:00Z,85.0138,0.60055,119.999
2026-01-09T22:17:00Z,84.9964,0.5997,119.949
2026-01-09T22:18:00Z,85.0113,0.60045,120.023
2026-01-09T22:19:00Z,84.9806,0.59993,119.977
2026-01-09T22:20:00Z,85.0047,0.60077,120.035
2026-01-09T22:21:00Z,84.9858,0.59983,119.983
2026-01-09T22:22:00Z,85.0154,0.60006,120.034
2026-01-09T22:23:00Z,84.9732,0.59952,119.974
2026-01-09T22:24:00Z,85.0202,0.60038,120.026
2026-01-09T22:25:00Z,84.9813,0.5998,119.956
2026-01-09T22:26:00Z,85.0197,0.60017,120.048
2026-01-09T22:27:00Z,84.9705,0.59968,119.961
2026-01-09T22:28:00Z,85.0116,0.60049,120.043
2026-01-09T22:29:00Z,84.987,0.60001,119.989
2026-01-09T22:30:00Z,85.0263,0.60018,120.038
2026-01-09T22:31:00Z,84.9759,0.59987,119.949
2026-01-09T22:32:00Z,85.0208,0.60049,120.022
2026-01-09T22:33:00Z,84.9749,0.59978,119.967
2026-01-09T22:34:00Z,85.0371,0.60037,120.009
2026-01-09T22:35:00Z,84.9893,0.59919,119.973
2026-01-09T22:36:00Z,85.0019,0.60057,120.04
2026-01-09T22:37:00Z,84.9744,0.59947,119.949
2026-01-09T22:38:00Z,85.0261,0.59991,120.024
2026-01-09T22:39:00Z,84.9838,0.59966,119.967
2026-01-09T22:40:00Z,85.0173,0.60053,120.035
2026-01-09T22:41:00Z,84.9822,0.59928,120.005
2026-01-09T22:42:00Z,85.0089,0.60047,120.03
2026-01-09T22:43:00Z,84.9787,0.59979,119.963
2026-01-09T22:44:00Z,85.0369,0.60047,120.046
2026-01-09T22:45:00Z,84.989,0.59969,119.977
2026-01-09T22:46:00Z,85.0197,0.60033,120.045
2026-01-09T22:47:00Z,84.997,0.59957,119.974
2026-01-09T22:48:00Z,85.0236,0.60063,120.018
2026-01-09T22:49:00Z,84.9852,0.59942,119.967
2026-01-09T22:50:00Z,85.033,0.60005,120.001
2026-01-09T22:51:00Z,84.9775,0.59969,119.972
2026-01-09T22:52:00Z,85.0102,0.60049,120.044
2026-01-09T22:53:00Z,84.9784,0.59955,119.959
2026-01-09T22:54:00Z,85.0173,0.6002,120.005
2026-01-09T22:55:00Z,84.982,0.59966,119.979
2026-01-09T22:56:00Z,85.0018,0.60033,120.014
2026-01-09T22:57:00Z,84.984,0.59953,119.963
2026-01-09T22:58:00Z,85.0116,0.60014,120.013
2026-01-09T22:59:00Z,84.9887,0.59974,119.98
2026-01-09T23:00:00Z,85.0211,0.6004,120.024
2026-01-09T23:01:00Z,84.9891,0.59947,119.997
2026-01-09T23:02:00Z,85.0007,0.60013,120.034
2026-01-09T23:03:00Z,84.9828,0.59959,119.922
2026-01-09T23:04:00Z,85.0187,0.60016,120.033
2026-01-09T23:05:00Z,84.9892,0.59977,119.988
2026-01-09T23:06:00Z,85.0149,0.60033,120.023
2026-01-09T23:07:00Z,84.9818,0.59944,119.963
2026-01-09T23:08:00Z,85.0255,0.60077,120.028
2026-01-09T23:09:00Z,84.9852,0.5992,119.972
2026-01-09T23:10:00Z,85.025,0.60031,120.037
2026-01-09T23:11:00Z,84.9965,0.5993,120.0
2026-01-09T23:12:00Z,85.0153,0.60041,120.029
2026-01-09T23:13:00Z,84.9841,0.59945,119.969
2026-01-09T23:14:00Z,85.0134,0.60055,120.004
2026-01-09T23:15:00Z,84.9807,0.59943,119.968
2026-01-09T23:16:00Z,85.0137,0.60049,120.028
2026-01-09T23:17:00Z,84.9865,0.59932,119.973
2026-01-09T23:18:00Z,85.0179,0.60054,120.025
2026-01-09T23:19:00Z,84.9878,0.59982,119.99
2026-01-09T23:20:00Z,85.0206,0.60023,120.043
2026-01-09T23:21:00Z,84.9655,0.59962,119.953
2026-01-09T23:22:00Z,85.0227,0.6006,120.004
2026-01-09T23:23:00Z,84.9758,0.59937,119.958
2026-01-09T23:24:00Z,85.016,0.59997,120.018
2026-01-09T23:25:00Z,84.9957,0.59951,119.945
2026-01-09T23:26:00Z,85.0252,0.60006,120.025
2026-01-09T23:27:00Z,84.9655,0.5994,119.972
2026-01-09T23:28:00Z,85.0231,0.60006,120.014
2026-01-09T23:29:00Z,84.9757,0.5995,119.975
2026-01-09T23:30:00Z,85.0227,0.60059,120.037
2026-01-09T23:31:00Z,84.9863,0.59923,119.956
2026-01-09T23:32:00Z,85.0221,0.60063,120.042
2026-01-09T23:33:00Z,84.9866,0.59924,119.966
2026-01-09T23:34:00Z,84.9987,0.59986,120.025
2026-01-09T23:35:00Z,84.9737,0.59973,119.974
2026-01-09T23:36:00Z,85.0148,0.60034,120.026
2026-01-09T23:37:00Z,84.9935,0.59942,119.95
2026-01-09T23:38:00Z,85.0224,0.6003,120.034
2026-01-09T23:39:00Z,84.9935,0.59947,119.981
2026-01-09T23:40:00Z,85.0169,0.60049,120.056
2026-01-09T23:41:00Z,84.9807,0.59926,119.98
2026-01-09T23:42:00Z,85.0078,0.60008,120.031
2026-01-09T23:43:00Z,84.9921,0.59956,119.976
2026-01-09T23:44:00Z,85.0291,0.60035,120.047
2026-01-09T23:45:00Z,84.9808,0.59978,119.964
2026-01-09T23:46:00Z,85.0203,0.60044,120.023
2026-01-09T23:47:00Z,84.9873,0.59927,119.98
2026-01-09T23:48:00Z,85.0117,0.60028,120.023
2026-01-09T23:49:00Z,84.9915,0.59992,119.982
2026-01-09T23:50:00Z,85.0174,0.60018,120.011
2026-01-09T23:51:00Z,84.9846,0.59947,119.963
2026-01-09T23:52:00Z,85.0145,0.60033,119.999
2026-01-09T23:53:00Z,84.9722,0.59958,119.964
2026-01-09T23:54:00Z,85.0175,0.60037,120.027
2026-01-09T23:55:00Z,84.9806,0.5996,119.981
2026-01-09T23:56:00Z,85.019,0.60006,120.046
2026-01-09T23:57:00Z,84.9844,0.59996,119.99
2026-01-09T23:58:00Z,85.015,0.60045,120.062
2026-01-09T23:59:00Z,84.9882,0.59992,119.962
2026-01-10T00:00:00Z,85.0248,0.60012,120.056
2026-01-10T00:01:00Z,84.9798,0.59955,119.942
2026-01-10T00:02:00Z,85.0305,0.60052,120.045
2026-01-10T00:03:00Z,84.9728,0.5998,119.954
2026-01-10T00:04:00Z,85.012,0.60028,120.045
2026-01-10T00:05:00Z,84.9782,0.5997,119.97
2026-01-10T00:06:00Z,85.0035,0.60033,120.045
2026-01-10T00:07:00Z,84.9728,0.59949,119.977
2026-01-10T00:08:00Z,85.0155,0.60037,120.0
2026-01-10T00:09:00Z,84.979,0.59954,119.995
2026-01-10T00:10:00Z,85.0203,0.60002,120.025
2026-01-10T00:11:00Z,84.98,0.59967,119.977
2026-01-10T00:12:00Z,85.017,0.60054,120.004
2026-01-10T00:13:00Z,84.9801,0.5995,119.949
2026-01-10T00:14:00Z,85.0129,0.60039,120.013
2026-01-10T00:15:00Z,84.9665,0.59949,120.005
2026-01-10T00:16:00Z,85.0188,0.60043,120.034
2026-01-10T00:17:00Z,84.9945,0.59998,119.962
2026-01-10T00:18:00Z,85.0223,0.60033,119.998
2026-01-10T00:19:00Z,84.9826,0.59972,119.992
2026-01-10T00:20:00Z,85.0183,0.60053,120.03
2026-01-10T00:21:00Z,84.9716,0.59974,119.957
2026-01-10T00:22:00Z,85.0124,0.60064,120.039
2026-01-10T00:23:00Z,84.9786,0.59932,119.951
2026-01-10T00:24:00Z,85.0059,0.60007,120.014
2026-01-10T00:25:00Z,84.9736,0.59973,119.958
2026-01-10T00:26:00Z,85.0147,0.60008,120.026
2026-01-10T00:27:00Z,84.9878,0.5996,119.937
2026-01-10T00:28:00Z,85.0118,0.60042,120.027
2026-01-10T00:29:00Z,84.9899,0.59965,119.968
2026-01-10T00:30:00Z,85.0278,0.60052,120.031
2026-01-10T00:31:00Z,84.9843,0.59967,119.97
2026-01-10T00:32:00Z,85.0158,0.60066,120.028
2026-01-10T00:33:00Z,84.9898,0.5996,119.978
2026-01-10T00:34:00Z,85.0179,0.60063,120.035
2026-01-10T00:35:00Z,84.9932,0.60013,119.962
2026-01-10T00:36:00Z,85.0153,0.60046,120.008
2026-01-10T00:37:00Z,84.9933,0.59976,119.965
2026-01-10T00:38:00Z,85.0185,0.60073,120.016
2026-01-10T00:39:00Z,84.9899,0.59953,119.953
2026-01-10T00:40:00Z,85.0103,0.60042,120.062
2026-01-10T00:41:00Z,84.9843,0.59962,119.996
2026-01-10T00:42:00Z,85.0284,0.60041,120.04
2026-01-10T00:43:00Z,84.9886,0.59951,119.994
2026-01-10T00:44:00Z,85.008,0.60004,120.029
2026-01-10T00:45:00Z,84.983,0.59995,119.954
2026-01-10T00:46:00Z,85.0148,0.60047,120.048
2026-01-10T00:47:00Z,84.9846,0.59979,119.976
2026-01-10T00:48:00Z,85.0141,0.60049,120.028
2026-01-10T00:49:00Z,84.9964,0.60004,119.958
2026-01-10T00:50:00Z,85.019,0.6002,120.025
2026-01-10T00:51:00Z,84.9854,0.59935,119.961
2026-01-10T00:52:00Z,85.0147,0.60061,120.004
2026-01-10T00:53:00Z,84.9772,0.59983,119.937
2026-01-10T00:54:00Z,85.0262,0.60058,120.023
2026-01-10T00:55:00Z,84.9754,0.59937,119.956
2026-01-10T00:56:00Z,85.0235,0.60024,120.025
2026-01-10T00:57:00Z,84.9849,0.59992,119.965
2026-01-10T00:58:00Z,85.0261,0.6001,120.006
2026-01-10T00:59:00Z,84.9811,0.59958,119.958
2026-01-10T01:00:00Z,85.0263,0.60008,120.027
2026-01-10T01:01:00Z,84.987,0.59944,119.986
2026-01-10T01:02:00Z,85.0135,0.60036,120.042
2026-01-10T01:03:00Z,84.9836,0.59953,119.969
2026-01-10T01:04:00Z,85.0241,0.60045,120.015
2026-01-10T01:05:00Z,84.9892,0.59945,119.988
2026-01-10T01:06:00Z,85.0336,0.60051,120.045
2026-01-10T01:07:00Z,84.9794,0.59972,119.965
2026-01-10T01:08:00Z,85.0181,0.60019,120.043
2026-01-10T01:09:00Z,84.9886,0.59958,119.98
2026-01-10T01:10:00Z,85.0258,0.60042,120.022
2026-01-10T01:11:00Z,84.9728,0.59964,119.95
2026-01-10T01:12:00Z,85.007,0.6004,120.027
2026-01-10T01:13:00Z,84.987,0.59958,119.951
2026-01-10T01:14:00Z,85.0228,0.60046,120.021
2026-01-10T01:15:00Z,84.9807,0.59928,119.99
2026-01-10T01:16:00Z,85.0216,0.60045,120.025
2026-01-10T01:17:00Z,84.9763,0.59955,119.974
2026-01-10T01:18:00Z,85.0046,0.60043,120.026
2026-01-10T01:19:00Z,84.9852,0.5992,119.984
2026-01-10T01:20:00Z,85.0174,0.60044,120.04
2026-01-10T01:21:00Z,84.9882,0.59959,119.974
2026-01-10T01:22:00Z,85.0083,0.60045,120.023
2026-01-10T01:23:00Z,84.9927,0.59953,119.968
2026-01-10T01:24:00Z,85.0198,0.60034,120.028
2026-01-10T01:25:00Z,84.9954,0.59979,119.976
2026-01-10T01:26:00Z,85.0113,0.60024,120.019
2026-01-10T01:27:00Z,84.9879,0.59947,119.988
2026-01-10T01:28:00Z,85.031,0.60055,120.036
2026-01-10T01:29:00Z,84.9835,0.59972,119.97
2026-01-10T01:30:00Z,85.0025,0.60066,120.047
2026-01-10T01:31:00Z,84.9909,0.59945,119.987
2026-01-10T01:32:00Z,85.0159,0.60048,120.023
2026-01-10T01:33:00Z,84.9796,0.59943,119.976
2026-01-10T01:34:00Z,85.0147,0.60037,120.037
2026-01-10T01:35:00Z,84.9686,0.59958,119.962
2026-01-10T01:36:00Z,85.0213,0.60018,120.05
2026-01-10T01:37:00Z,84.9917,0.59968,119.993
2026-01-10T01:38:00Z,85.0224,0.60063,120.008
2026-01-10T01:39:00Z,84.9697,0.59937,119.949
2026-01-10T01:40:00Z,85.028,0.60035,120.014
2026-01-10T01:41:00Z,84.9812,0.59957,119.996
2026-01-10T01:42:00Z,85.0219,0.60004,120.017
2026-01-10T01:43:00Z,84.9855,0.59965,119.988
2026-01-10T01:44:00Z,85.0185,0.6005,120.024
2026-01-10T01:45:00Z,84.9922,0.59961,119.992
2026-01-10T01:46:00Z,85.012,0.60032,120.036
2026-01-10T01:47:00Z,85.0,0.5998,119.96
2026-01-10T01:48:00Z,85.0091,0.6005,120.015
2026-01-10T01:49:00Z,84.9972,0.59939,119.958
2026-01-10T01:50:00Z,85.0145,0.60033,120.012
2026-01-10T01:51:00Z,84.9829,0.59931,119.975
2026-01-10T01:52:00Z,85.0003,0.60004,120.049
2026-01-10T01:53:00Z,84.9873,0.5998,119.992
2026-01-10T01:54:00Z,85.0152,0.60023,120.029
2026-01-10T01:55:00Z,84.9836,0.59959,119.951
2026-01-10T01:56:00Z,85.0126,0.60051,120.051
2026-01-10T01:57:00Z,84.9939,0.59948,119.988
2026-01-10T01:58:00Z,85.0171,0.60025,120.028
2026-01-10T01:59:00Z,84.9854,0.59922,119.951
2026-01-10T02:00:00Z,85.0114,0.60036,120.021
2026-01-10T02:01:00Z,84.9897,0.59969,119.966
2026-01-10T02:02:00Z,85.0135,0.60002,120.039
2026-01-10T02:03:00Z,84.9743,0.59946,119.968
2026-01-10T02:04:00Z,85.0095,0.60061,120.032
2026-01-10T02:05:00Z,84.973,0.59988,119.956
2026-01-10T02:06:00Z,85.0323,0.60009,120.064
2026-01-10T02:07:00Z,84.9835,0.59941,119.97
2026-01-10T02:08:00Z,85.0088,0.60035,120.042
2026-01-10T02:09:00Z,84.9862,0.59949,119.978
2026-01-10T02:10:00Z,85.0124,0.60019,120.021
2026-01-10T02:11:00Z,84.9885,0.59983,119.947
2026-01-10T02:12:00Z,85.0136,0.60056,120.036
2026-01-10T02:13:00Z,84.9789,0.59958,119.982
2026-01-10T02:14:00Z,85.0013,0.60052,120.045
2026-01-10T02:15:00Z,84.9903,0.59957,119.967
2026-01-10T02:16:00Z,85.0312,0.60049,120.019
2026-01-10T02:17:00Z,84.9903,0.59969,119.994
2026-01-10T02:18:00Z,85.0138,0.6004,120.028
2026-01-10T02:19:00Z,84.9887,0.59971,119.955
2026-01-10T02:20:00Z,85.0146,0.60044,120.015
2026-01-10T02:21:00Z,84.9933,0.59946,119.959
2026-01-10T02:22:00Z,85.0164,0.60061,120.024
2026-01-10T02:23:00Z,84.986,0.5996,119.955
2026-01-10T02:24:00Z,85.0149,0.60028,120.044
2026-01-10T02:25:00Z,84.9746,0.59958,119.982
2026-01-10T02:26:00Z,85.017,0.60039,120.054
2026-01-10T02:27:00Z,84.9808,0.59965,119.973
2026-01-10T02:28:00Z,85.0085,0.60072,120.024
2026-01-10T02:29:00Z,84.98,0.59971,119.98
2026-01-10T02:30:00Z,85.0251,0.60049,119.998
2026-01-10T02:31:00Z,84.991,0.59969,119.958
2026-01-10T02:32:00Z,85.0069,0.60027,120.032
2026-01-10T02:33:00Z,84.981,0.59924,119.98
2026-01-10T02:34:00Z,85.0066,0.6004,120.026
2026-01-10T02:35:00Z,84.9926,0.59972,119.965
2026-01-10T02:36:00Z,85.0153,0.60057,120.049
2026-01-10T02:37:00Z,84.9857,0.59943,119.961
2026-01-10T02:38:00Z,85.0008,0.60041,120.017
2026-01-10T02:39:00Z,84.9867,0.59941,119.978
2026-01-10T02:40:00Z,85.0084,0.60035,120.06
2026-01-10T02:41:00Z,84.9806,0.59958,119.965
2026-01-10T02:42:00Z,85.006,0.60039,120.03
2026-01-10T02:43:00Z,84.9919,0.59942,119.973
2026-01-10T02:44:00Z,85.011,0.60045,120.041
2026-01-10T02:45:00Z,84.9907,0.59998,119.981
2026-01-10T02:46:00Z,85.0131,0.60078,120.023
2026-01-10T02:47:00Z,84.9874,0.59946,119.956
2026-01-10T02:48:00Z,85.0208,0.60045,120.028
2026-01-10T02:49:00Z,84.9832,0.59972,119.967
2026-01-10T02:50:00Z,85.0132,0.60031,120.026
2026-01-10T02:51:00Z,84.9805,0.59897,119.967
2026-01-10T02:52:00Z,85.0159,0.60052,120.017
2026-01-10T02:53:00Z,84.9753,0.59988,119.967
2026-01-10T02:54:00Z,85.014,0.60029,120.018
2026-01-10T02:55:00Z,84.9767,0.5996,120.0
2026-01-10T02:56:00Z,85.0128,0.59988,120.038
2026-01-10T02:57:00Z,84.9765,0.59949,119.987
2026-01-10T02:58:00Z,85.0159,0.60032,120.027
2026-01-10T02:59:00Z,84.9813,0.59972,119.981
2026-01-10T03:00:00Z,85.0195,0.60021,119.993
2026-01-10T03:01:00Z,84.99,0.59996,119.974
2026-01-10T03:02:00Z,85.0295,0.60013,120.041
2026-01-10T03:03:00Z,84.9834,0.59933,119.972
2026-01-10T03:04:00Z,85.0242,0.60056,120.056
2026-01-10T03:05:00Z,84.9917,0.59942,119.963
2026-01-10T03:06:00Z,85.0112,0.60026,120.031
2026-01-10T03:07:00Z,84.9884,0.59945,119.978
2026-01-10T03:08:00Z,85.0394,0.60074,120.032
2026-01-10T03:09:00Z,84.9711,0.59983,119.948
2026-01-10T03:10:00Z,85.0091,0.60044,120.008
2026-01-10T03:11:00Z,84.9736,0.59937,119.982
2026-01-10T03:12:00Z,85.0123,0.60065,120.017
2026-01-10T03:13:00Z,84.9705,0.59968,119.955
2026-01-10T03:14:00Z,85.0171,0.60033,120.02
2026-01-10T03:15:00Z,85.0007,0.59971,119.927
2026-01-10T03:16:00Z,85.0248,0.60066,120.028
2026-01-10T03:17:00Z,84.9897,0.59961,119.972
2026-01-10T03:18:00Z,85.0133,0.60079,120.015
2026-01-10T03:19:00Z,84.9786,0.59951,119.968
2026-01-10T03:20:00Z,85.0129,0.6005,119.994
2026-01-10T03:21:00Z,84.988,0.59956,119.965
2026-01-10T03:22:00Z,85.0169,0.60043,120.022
2026-01-10T03:23:00Z,84.9878,0.59953,119.985
2026-01-10T03:24:00Z,85.0295,0.6005,120.044
2026-01-10T03:25:00Z,85.0011,0.59933,119.983
2026-01-10T03:26:00Z,85.0205,0.60066,120.052
2026-01-10T03:27:00Z,84.9703,0.59952,119.994
2026-01-10T03:28:00Z,85.0181,0.60036,120.033
2026-01-10T03:29:00Z,84.9874,0.59948,119.975
2026-01-10T03:30:00Z,85.0118,0.60034,120.033
2026-01-10T03:31:00Z,84.9694,0.59958,119.958
2026-01-10T03:32:00Z,85.0315,0.60055,120.017
2026-01-10T03:33:00Z,84.9742,0.59922,119.954
2026-01-10T03:34:00Z,85.0229,0.60052,120.018
2026-01-10T03:35:00Z,84.9871,0.59957,119.971
2026-01-10T03:36:00Z,85.0122,0.60058,120.036
2026-01-10T03:37:00Z,84.9902,0.59975,119.979
2026-01-10T03:38:00Z,85.0138,0.60051,120.018
2026-01-10T03:39:00Z,84.9922,0.59982,119.973
2026-01-10T03:40:00Z,85.0231,0.60016,120.034
2026-01-10T03:41:00Z,84.9796,0.59986,119.975
2026-01-10T03:42:00Z,84.9994,0.60061,120.047
2026-01-10T03:43:00Z,84.9942,0.59982,119.959
2026-01-10T03:44:00Z,85.0235,0.60044,120.03
2026-01-10T03:45:00Z,84.9879,0.59945,119.953
2026-01-10T03:46:00Z,85.0062,0.60065,120.047
2026-01-10T03:47:00Z,84.9729,0.59963,119.985
2026-01-10T03:48:00Z,85.0108,0.60033,120.027
2026-01-10T03:49:00Z,84.9922,0.59976,119.966
2026-01-10T03:50:00Z,85.0311,0.60029,120.059
2026-01-10T03:51:00Z,84.9908,0.59961,119.984
2026-01-10T03:52:00Z,85.0259,0.60058,120.029
2026-01-10T03:53:00Z,84.9737,0.59946,119.98
2026-01-10T03:54:00Z,85.0212,0.6005,120.029
2026-01-10T03:55:00Z,84.9919,0.5996,119.976
2026-01-10T03:56:00Z,85.0138,0.60053,120.016
2026-01-10T03:57:00Z,84.987,0.59951,119.976
2026-01-10T03:58:00Z,85.0328,0.60029,120.027
2026-01-10T03:59:00Z,84.996,0.59993,119.989
2026-01-10T04:00:00Z,85.0286,0.60021,120.029
2026-01-10T04:01:00Z,84.9949,0.59974,120.003
2026-01-10T04:02:00Z,85.0113,0.60034,120.029
2026-01-10T04:03:00Z,84.978,0.59941,119.949
2026-01-10T04:04:00Z,85.0066,0.60014,120.03
2026-01-10T04:05:00Z,84.979,0.59932,119.947
2026-01-10T04:06:00Z,85.0235,0.60001,120.021
2026-01-10T04:07:00Z,84.991,0.59968,119.951
2026-01-10T04:08:00Z,85.0129,0.60025,120.025
2026-01-10T04:09:00Z,84.9823,0.59929,119.981
2026-01-10T04:10:00Z,85.0211,0.60045,120.013
2026-01-10T04:11:00Z,84.9885,0.59947,119.975
2026-01-10T04:12:00Z,85.0171,0.60033,120.046
2026-01-10T04:13:00Z,84.9801,0.59966,119.959
2026-01-10T04:14:00Z,85.0223,0.60066,120.034
2026-01-10T04:15:00Z,84.9773,0.59928,119.968
2026-01-10T04:16:00Z,85.0132,0.60075,120.023
2026-01-10T04:17:00Z,84.9899,0.59984,119.965
2026-01-10T04:18:00Z,85.0243,0.60009,120.017
2026-01-10T04:19:00Z,84.981,0.59967,119.98
2026-01-10T04:20:00Z,85.0254,0.60017,120.041
2026-01-10T04:21:00Z,84.9816,0.59968,119.971
2026-01-10T04:22:00Z,85.0092,0.6006,120.024
2026-01-10T04:23:00Z,84.995,0.59991,119.956
2026-01-10T04:24:00Z,85.0158,0.60009,120.023
2026-01-10T04:25:00Z,84.9906,0.59983,119.969
2026-01-10T04:26:00Z,84.9923,0.60036,120.001
2026-01-10T04:27:00Z,84.9755,0.59969,119.962
2026-01-10T04:28:00Z,85.0041,0.60027,120.044
2026-01-10T04:29:00Z,84.9817,0.59929,119.966
2026-01-10T04:30:00Z,85.0037,0.60054,120.047
2026-01-10T04:31:00Z,84.9922,0.59967,119.984
2026-01-10T04:32:00Z,85.0092,0.60027,120.022
2026-01-10T04:33:00Z,84.9763,0.59972,119.967
2026-01-10T04:34:00Z,85.0127,0.60038,119.991
2026-01-10T04:35:00Z,84.9821,0.59947,119.95
2026-01-10T04:36:00Z,85.0086,0.60041,120.013
2026-01-10T04:37:00Z,84.9845,0.59957,119.97
2026-01-10T04:38:00Z,85.0198,0.6004,120.067
2026-01-10T04:39:00Z,84.9819,0.59944,119.972
2026-01-10T04:40:00Z,85.0064,0.60085,120.028
2026-01-10T04:41:00Z,84.9865,0.59926,119.956
2026-01-10T04:42:00Z,85.0244,0.60002,120.01
2026-01-10T04:43:00Z,84.9909,0.59934,119.945
2026-01-10T04:44:00Z,85.0097,0.6007,120.03
2026-01-10T04:45:00Z,84.9839,0.59962,119.95
2026-01-10T04:46:00Z,85.0239,0.60041,120.014
2026-01-10T04:47:00Z,84.9816,0.5996,119.972
2026-01-10T04:48:00Z,85.0139,0.60015,120.051
2026-01-10T04:49:00Z,84.9826,0.59954,119.963
2026-01-10T04:50:00Z,85.0111,0.60063,120.044
2026-01-10T04:51:00Z,84.9835,0.59945,119.966
2026-01-10T04:52:00Z,85.0252,0.60049,120.037
2026-01-10T04:53:00Z,84.9758,0.5999,119.971
2026-01-10T04:54:00Z,85.0234,0.60043,120.038
2026-01-10T04:55:00Z,84.991,0.59937,119.994
2026-01-10T04:56:00Z,85.0153,0.60023,120.032
2026-01-10T04:57:00Z,85.0033,0.59975,119.975
2026-01-10T04:58:00Z,85.0193,0.60065,120.053
2026-01-10T04:59:00Z,84.9903,0.59947,119.945
2026-01-10T05:00:00Z,85.0168,0.60038,120.021
2026-01-10T05:01:00Z,84.9806,0.5996,119.987
2026-01-10T05:02:00Z,85.0301,0.60025,120.004
2026-01-10T05:03:00Z,84.9921,0.59952,119.955
2026-01-10T05:04:00Z,85.0206,0.60068,120.031
2026-01-10T05:05:00Z,84.9891,0.59965,119.978
2026-01-10T05:06:00Z,85.0203,0.60043,120.039
2026-01-10T05:07:00Z,84.9783,0.59971,119.978
2026-01-10T05:08:00Z,85.0051,0.60036,120.023
2026-01-10T05:09:00Z,84.9901,0.59941,119.97
2026-01-10T05:10:00Z,85.0186,0.60053,120.015
2026-01-10T05:11:00Z,84.9805,0.59983,119.964
2026-01-10T05:12:00Z,85.0116,0.60061,120.024
2026-01-10T05:13:00Z,84.9762,0.59955,119.949
2026-01-10T05:14:00Z,85.0034,0.60044,120.034
2026-01-10T05:15:00Z,84.9792,0.59977,119.981
2026-01-10T05:16:00Z,85.0152,0.60018,120.03
2026-01-10T05:17:00Z,84.9716,0.59927,119.981
2026-01-10T05:18:00Z,85.0336,0.60021,120.048
2026-01-10T05:19:00Z,84.9806,0.59934,119.964
2026-01-10T05:20:00Z,85.0052,0.60046,120.02
2026-01-10T05:21:00Z,84.9706,0.59965,119.983
2026-01-10T05:22:00Z,85.0179,0.60062,120.062
2026-01-10T05:23:00Z,84.9791,0.59953,119.97
2026-01-10T05:24:00Z,85.0163,0.6006,120.057
2026-01-10T05:25:00Z,84.9827,0.59983,119.962
2026-01-10T05:26:00Z,85.0191,0.60031,120.032
2026-01-10T05:27:00Z,84.9939,0.59969,119.948
2026-01-10T05:28:00Z,85.0063,0.6002,120.026
2026-01-10T05:29:00Z,84.9941,0.5996,119.959
2026-01-10T05:30:00Z,85.0116,0.60035,120.03
2026-01-10T05:31:00Z,84.9944,0.59954,119.997
2026-01-10T05:32:00Z,85.0187,0.60038,120.034
2026-01-10T05:33:00Z,84.9909,0.59958,119.983
2026-01-10T05:34:00Z,85.018,0.60043,120.02
2026-01-10T05:35:00Z,84.9713,0.59985,119.988
2026-01-10T05:36:00Z,85.0184,0.60055,120.023
2026-01-10T05:37:00Z,84.9903,0.59972,119.961
2026-01-10T05:38:00Z,85.0214,0.60061,120.059
2026-01-10T05:39:00Z,84.985,0.59961,119.985
2026-01-10T05:40:00Z,85.0157,0.60036,120.033
2026-01-10T05:41:00Z,84.9739,0.60001,119.952
2026-01-10T05:42:00Z,85.0177,0.60075,120.018
2026-01-10T05:43:00Z,84.9822,0.59959,119.955
2026-01-10T05:44:00Z,85.0167,0.60064,120.021
2026-01-10T05:45:00Z,84.9846,0.59916,119.985
2026-01-10T05:46:00Z,85.0101,0.6002,120.072
2026-01-10T05:47:00Z,84.9812,0.5997,119.981
2026-01-10T05:48:00Z,85.0226,0.59986,120.015
2026-01-10T05:49:00Z,84.9843,0.59947,119.972
2026-01-10T05:50:00Z,85.0183,0.60033,120.016
2026-01-10T05:51:00Z,84.9727,0.59935,119.966
2026-01-10T05:52:00Z,85.0141,0.60039,120.062
2026-01-10T05:53:00Z,84.9913,0.59958,119.927
2026-01-10T05:54:00Z,85.0133,0.60057,120.018
2026-01-10T05:55:00Z,84.9799,0.59956,119.971
2026-01-10T05:56:00Z,85.0163,0.60027,120.013
2026-01-10T05:57:00Z,84.9827,0.59942,119.98
2026-01-10T05:58:00Z,85.0222,0.60054,120.014
2026-01-10T05:59:00Z,84.9847,0.59971,119.977
2026-01-10T06:00:00Z,85.013,0.6007,120.026
2026-01-10T06:01:00Z,84.9984,0.59961,119.954
2026-01-10T06:02:00Z,85.0144,0.60007,120.069
2026-01-10T06:03:00Z,84.9861,0.59952,119.981
2026-01-10T06:04:00Z,85.018,0.60037,120.022
2026-01-10T06:05:00Z,84.982,0.59961,119.953
2026-01-10T06:06:00Z,85.0228,0.60031,120.037
2026-01-10T06:07:00Z,84.9868,0.59938,119.96
2026-01-10T06:08:00Z,85.02,0.60036,120.052
2026-01-10T06:09:00Z,84.9976,0.59962,119.957
2026-01-10T06:10:00Z,85.0139,0.60018,120.05
2026-01-10T06:11:00Z,84.9745,0.59995,119.975
2026-01-10T06:12:00Z,85.0185,0.60062,120.011
2026-01-10T06:13:00Z,84.9836,0.59965,119.976
2026-01-10T06:14:00Z,85.0116,0.60037,120.025
2026-01-10T06:15:00Z,84.985,0.59948,119.959
2026-01-10T06:16:00Z,85.0041,0.60047,120.031
2026-01-10T06:17:00Z,84.9879,0.59959,119.96
2026-01-10T06:18:00Z,85.0013,0.60021,120.006
2026-01-10T06:19:00Z,84.976,0.59952,119.965
2026-01-10T06:20:00Z,85.0116,0.60046,120.01
2026-01-10T06:21:00Z,84.9911,0.59975,119.946
2026-01-10T06:22:00Z,85.0113,0.60061,120.019
2026-01-10T06:23:00Z,84.9764,0.59983,119.977
2026-01-10T06:24:00Z,85.0072,0.60046,120.012
2026-01-10T06:25:00Z,84.9907,0.59967,119.966
2026-01-10T06:26:00Z,85.0052,0.60037,120.018
2026-01-10T06:27:00Z,84.978,0.59953,119.995
2026-01-10T06:28:00Z,85.0162,0.6,120.032
2026-01-10T06:29:00Z,84.9692,0.59953,119.996
2026-01-10T06:30:00Z,85.0215,0.60018,119.994
2026-01-10T06:31:00Z,84.9809,0.59943,119.979
2026-01-10T06:32:00Z,85.0093,0.60024,120.036
2026-01-10T06:33:00Z,84.9834,0.59956,119.974
2026-01-10T06:34:00Z,85.0244,0.6006,120.038
2026-01-10T06:35:00Z,84.9859,0.5994,120.006
2026-01-10T06:36:00Z,85.0199,0.60019,120.052
2026-01-10T06:37:00Z,84.9862,0.59961,119.965
2026-01-10T06:38:00Z,85.0183,0.60033,120.023
2026-01-10T06:39:00Z,84.9973,0.59966,119.966
2026-01-10T06:40:00Z,85.0112,0.60046,120.028
2026-01-10T06:41:00Z,84.9879,0.59994,119.995
2026-01-10T06:42:00Z,85.0135,0.60017,120.055
2026-01-10T06:43:00Z,84.9804,0.59977,119.981
2026-01-10T06:44:00Z,84.9992,0.60041,120.024
2026-01-10T06:45:00Z,84.9696,0.59955,119.971
2026-01-10T06:46:00Z,85.0096,0.60051,120.026
2026-01-10T06:47:00Z,84.9802,0.59949,119.962
2026-01-10T06:48:00Z,85.0154,0.60011,120.037
2026-01-10T06:49:00Z,84.9899,0.59947,119.972
2026-01-10T06:50:00Z,85.0051,0.60046,120.052
2026-01-10T06:51:00Z,84.9802,0.59968,119.956
2026-01-10T06:52:00Z,85.0249,0.60049,120.006
2026-01-10T06:53:00Z,84.9881,0.59954,119.99
2026-01-10T06:54:00Z,85.0044,0.60019,120.045
2026-01-10T06:55:00Z,84.9826,0.59991,119.962
2026-01-10T06:56:00Z,85.0146,0.60065,120.06
2026-01-10T06:57:00Z,84.9785,0.59957,119.965
2026-01-10T06:58:00Z,85.0147,0.60067,120.029
2026-01-10T06:59:00Z,84.9919,0.59928,119.974
2026-01-10T07:00:00Z,85.0117,0.60064,120.029
2026-01-10T07:01:00Z,84.979,0.59915,119.959
2026-01-10T07:02:00Z,85.0097,0.60025,120.016
2026-01-10T07:03:00Z,84.9753,0.59998,119.981
2026-01-10T07:04:00Z,85.0125,0.60034,120.032
2026-01-10T07:05:00Z,84.9805,0.59932,119.959
2026-01-10T07:06:00Z,85.0321,0.60017,120.021
2026-01-10T07:07:00Z,84.9853,0.59991,119.94
2026-01-10T07:08:00Z,85.0136,0.60015,120.039
2026-01-10T07:09:00Z,84.9856,0.59933,119.986
2026-01-10T07:10:00Z,85.0139,0.60018,120.024
2026-01-10T07:11:00Z,84.9855,0.59947,119.984
2026-01-10T07:12:00Z,85.0201,0.6001,120.027
2026-01-10T07:13:00Z,84.9761,0.59985,119.962
2026-01-10T07:14:00Z,85.0126,0.60051,120.02
2026-01-10T07:15:00Z,84.9951,0.5996,119.989
2026-01-10T07:16:00Z,85.0152,0.60021,119.999
2026-01-10T07:17:00Z,84.9801,0.59971,119.971
2026-01-10T07:18:00Z,85.0342,0.60025,120.026
2026-01-10T07:19:00Z,84.9832,0.59945,119.96
2026-01-10T07:20:00Z,85.0177,0.6007,120.036
2026-01-10T07:21:00Z,84.9857,0.59933,119.958
2026-01-10T07:22:00Z,85.028,0.60061,120.053
2026-01-10T07:23:00Z,84.9938,0.59965,119.963
2026-01-10T07:24:00Z,85.0071,0.60087,120.033
2026-01-10T07:25:00Z,84.9871,0.59942,119.974
2026-01-10T07:26:00Z,85.0146,0.60039,120.051
2026-01-10T07:27:00Z,84.9711,0.59967,119.986
2026-01-10T07:28:00Z,85.025,0.60032,120.039
2026-01-10T07:29:00Z,84.9721,0.59943,119.972
2026-01-10T07:30:00Z,85.0036,0.60045,120.014
2026-01-10T07:31:00Z,84.9815,0.59957,119.978
2026-01-10T07:32:00Z,84.994,0.60055,120.05
2026-01-10T07:33:00Z,84.988,0.59971,119.959
2026-01-10T07:34:00Z,85.0037,0.60047,120.034
2026-01-10T07:35:00Z,84.9759,0.59964,119.974
2026-01-10T07:36:00Z,85.0092,0.60039,120.029
2026-01-10T07:37:00Z,84.9793,0.59964,119.959
2026-01-10T07:38:00Z,85.0155,0.60007,120.031
2026-01-10T07:39:00Z,84.9784,0.59947,119.982
2026-01-10T07:40:00Z,85.0278,0.60055,120.029
2026-01-10T07:41:00Z,84.9763,0.59914,119.975
2026-01-10T07:42:00Z,85.0304,0.5998,120.04
2026-01-10T07:43:00Z,84.9983,0.59942,119.992
2026-01-10T07:44:00Z,85.0261,0.60059,120.05
2026-01-10T07:45:00Z,84.9899,0.5995,119.992
2026-01-10T07:46:00Z,85.026,0.60013,120.057
2026-01-10T07:47:00Z,84.9851,0.59991,119.982
2026-01-10T07:48:00Z,85.0129,0.60021,120.041
2026-01-10T07:49:00Z,84.9956,0.59974,119.953
2026-01-10T07:50:00Z,85.0151,0.60047,120.061
2026-01-10T07:51:00Z,84.9664,0.59959,119.975
2026-01-10T07:52:00Z,85.0183,0.60031,120.023
2026-01-10T07:53:00Z,84.9759,0.59944,119.979
2026-01-10T07:54:00Z,85.0144,0.60032,120.022
2026-01-10T07:55:00Z,84.9765,0.59969,119.968
2026-01-10T07:56:00Z,85.0253,0.60002,120.038
2026-01-10T07:57:00Z,84.98,0.59966,119.954
2026-01-10T07:58:00Z,85.0123,0.60056,120.033
2026-01-10T07:59:00Z,84.9788,0.59941,120.005
2026-01-10T08:00:00Z,85.019,0.60014,120.041
2026-01-10T08:01:00Z,84.9769,0.59941,119.954
2026-01-10T08:02:00Z,85.0182,0.60047,120.016
2026-01-10T08:03:00Z,84.9763,0.5996,120.0
2026-01-10T08:04:00Z,84.9994,0.60016,120.041
2026-01-10T08:05:00Z,84.9901,0.59942,119.962
2026-01-10T08:06:00Z,85.0165,0.59994,120.045
2026-01-10T08:07:00Z,84.9963,0.59972,119.994
2026-01-10T08:08:00Z,85.0213,0.60063,120.035
2026-01-10T08:09:00Z,84.98,0.59944,119.977
2026-01-10T08:10:00Z,85.0106,0.6005,120.026
2026-01-10T08:11:00Z,84.9662,0.59975,119.975
2026-01-10T08:12:00Z,85.0155,0.60035,120.052
2026-01-10T08:13:00Z,84.9892,0.59983,119.992
2026-01-10T08:14:00Z,85.0218,0.6003,120.04
2026-01-10T08:15:00Z,84.9848,0.5998,119.952
2026-01-10T08:16:00Z,85.0245,0.60057,120.031
2026-01-10T08:17:00Z,84.9943,0.59995,119.971
2026-01-10T08:18:00Z,85.0194,0.60034,120.036
2026-01-10T08:19:00Z,84.9874,0.59971,119.997
2026-01-10T08:20:00Z,85.0107,0.60071,120.012
2026-01-10T08:21:00Z,84.9796,0.59973,119.993
2026-01-10T08:22:00Z,85.0262,0.60055,120.01
2026-01-10T08:23:00Z,84.9782,0.59962,119.978
2026-01-10T08:24:00Z,85.01,0.60057,120.02
2026-01-10T08:25:00Z,84.9871,0.59985,119.957
2026-01-10T08:26:00Z,85.0291,0.59988,119.995
2026-01-10T08:27:00Z,84.973,0.59991,119.964
2026-01-10T08:28:00Z,85.0213,0.60065,120.027
2026-01-10T08:29:00Z,84.9816,0.59972,119.994
2026-01-10T08:30:00Z,85.0144,0.60068,120.053
2026-01-10T08:31:00Z,84.9822,0.59935,119.977
2026-01-10T08:32:00Z,85.0165,0.6002,120.021
2026-01-10T08:33:00Z,84.9833,0.59943,119.969
2026-01-10T08:34:00Z,85.0146,0.60024,120.029
2026-01-10T08:35:00Z,84.9723,0.59992,119.981
2026-01-10T08:36:00Z,85.0135,0.6004,120.043
2026-01-10T08:37:00Z,84.9789,0.5995,119.955
2026-01-10T08:38:00Z,85.0168,0.60045,120.028
2026-01-10T08:39:00Z,84.9764,0.59934,119.959
2026-01-10T08:40:00Z,85.0245,0.60076,120.019
2026-01-10T08:41:00Z,84.9893,0.59945,119.966
2026-01-10T08:42:00Z,85.0249,0.60024,120.008
2026-01-10T08:43:00Z,84.9999,0.59953,120.007
2026-01-10T08:44:00Z,85.034,0.60025,120.047
2026-01-10T08:45:00Z,84.9843,0.5994,119.953
2026-01-10T08:46:00Z,85.0199,0.60068,120.022
2026-01-10T08:47:00Z,84.9936,0.59962,119.951
2026-01-10T08:48:00Z,85.0274,0.6006,120.011
2026-01-10T08:49:00Z,84.9841,0.59983,119.982
2026-01-10T08:50:00Z,85.0109,0.6007,120.031
2026-01-10T08:51:00Z,84.9847,0.59945,119.981
2026-01-10T08:52:00Z,85.0354,0.6002,119.981
2026-01-10T08:53:00Z,84.9688,0.59992,119.962
2026-01-10T08:54:00Z,85.0246,0.60059,120.019
2026-01-10T08:55:00Z,84.9957,0.59952,119.969
2026-01-10T08:56:00Z,85.0262,0.60032,120.044
2026-01-10T08:57:00Z,84.9795,0.59953,119.966
2026-01-10T08:58:00Z,85.0205,0.60067,120.03
2026-01-10T08:59:00Z,84.9988,0.59977,119.974
2026-01-10T09:00:00Z,85.0158,0.60055,120.008
2026-01-10T09:01:00Z,84.9896,0.59967,119.947
2026-01-10T09:02:00Z,85.0041,0.60043,120.021
2026-01-10T09:03:00Z,84.9618,0.59944,119.974
2026-01-10T09:04:00Z,85.0198,0.60016,120.02
2026-01-10T09:05:00Z,84.9798,0.59968,119.947
2026-01-10T09:06:00Z,85.0229,0.60025,120.043
2026-01-10T09:07:00Z,84.9769,0.59954,119.967
2026-01-10T09:08:00Z,85.0161,0.60033,120.031
2026-01-10T09:09:00Z,84.9671,0.5997,119.989
2026-01-10T09:10:00Z,85.0111,0.60061,120.03
2026-01-10T09:11:00Z,84.9853,0.59937,119.993
2026-01-10T09:12:00Z,85.013,0.60022,120.01
2026-01-10T09:13:00Z,84.9796,0.59925,119.94
2026-01-10T09:14:00Z,85.0224,0.60021,120.012
2026-01-10T09:15:00Z,84.9846,0.59967,120.003
2026-01-10T09:16:00Z,85.0078,0.60053,120.002
2026-01-10T09:17:00Z,84.9811,0.59946,119.953
2026-01-10T09:18:00Z,85.0104,0.60039,120.036
2026-01-10T09:19:00Z,84.9809,0.59973,119.95
2026-01-10T09:20:00Z,85.0149,0.60043,120.031
2026-01-10T09:21:00Z,84.9752,0.59973,119.964
2026-01-10T09:22:00Z,85.0176,0.60041,120.049
2026-01-10T09:23:00Z,84.9907,0.59962,119.968
2026-01-10T09:24:00Z,85.0204,0.6004,120.03
2026-01-10T09:25:00Z,84.9904,0.59974,119.982
2026-01-10T09:26:00Z,85.0139,0.60075,120.044
2026-01-10T09:27:00Z,84.9859,0.59962,119.964
2026-01-10T09:28:00Z,85.0266,0.6001,120.036
2026-01-10T09:29:00Z,84.9842,0.59956,119.973
2026-01-10T09:30:00Z,85.0261,0.60033,120.024
2026-01-10T09:31:00Z,84.968,0.59951,119.967
2026-01-10T09:32:00Z,85.0207,0.60047,120.027
2026-01-10T09:33:00Z,84.9762,0.59924,119.943
2026-01-10T09:34:00Z,85.0241,0.59981,120.027
2026-01-10T09:35:00Z,84.9821,0.59913,119.986
2026-01-10T09:36:00Z,85.0259,0.60062,120.04
2026-01-10T09:37:00Z,84.9964,0.59964,119.985
2026-01-10T09:38:00Z,85.0239,0.60019,120.036
2026-01-10T09:39:00Z,84.9868,0.59977,119.974
2026-01-10T09:40:00Z,84.9959,0.60063,120.012
2026-01-10T09:41:00Z,84.9649,0.59928,119.987
2026-01-10T09:42:00Z,85.0313,0.60011,120.055
2026-01-10T09:43:00Z,84.976,0.59983,119.969
2026-01-10T09:44:00Z,85.0304,0.60102,120.021
2026-01-10T09:45:00Z,84.9731,0.59939,119.972
2026-01-10T09:46:00Z,85.0082,0.59996,120.022
2026-01-10T09:47:00Z,84.9823,0.59942,119.98
2026-01-10T09:48:00Z,85.0221,0.60051,120.005
2026-01-10T09:49:00Z,84.9929,0.59989,119.973
2026-01-10T09:50:00Z,85.0209,0.60049,120.037
2026-01-10T09:51:00Z,84.9868,0.59979,119.961
2026-01-10T09:52:00Z,85.0094,0.60065,120.037
2026-01-10T09:53:00Z,84.9849,0.59925,119.966
2026-01-10T09:54:00Z,85.0164,0.60018,120.041
2026-01-10T09:55:00Z,84.9769,0.5998,119.972
2026-01-10T09:56:00Z,85.0019,0.60041,120.008
2026-01-10T09:57:00Z,84.9864,0.59967,119.968
2026-01-10T09:58:00Z,85.0222,0.60068,120.002
2026-01-10T09:59:00Z,84.9964,0.59907,119.993
2026-01-10T10:00:00Z,85.0154,0.60093,120.025
2026-01-10T10:01:00Z,84.988,0.59983,119.98
2026-01-10T10:02:00Z,85.0303,0.60054,120.036
2026-01-10T10:03:00Z,84.9915,0.59956,119.976
2026-01-10T10:04:00Z,85.0047,0.60045,120.04
2026-01-10T10:05:00Z,84.9805,0.59963,119.968
2026-01-10T10:06:00Z,85.0095,0.60007,120.055
2026-01-10T10:07:00Z,84.9894,0.59983,119.981
2026-01-10T10:08:00Z,85.0154,0.60012,120.027
2026-01-10T10:09:00Z,84.9742,0.59952,119.983
2026-01-10T10:10:00Z,84.9948,0.6001,120.044
2026-01-10T10:11:00Z,84.9828,0.5998,119.979
2026-01-10T10:12:00Z,84.9996,0.60045,120.046
2026-01-10T10:13:00Z,84.9829,0.59984,119.95
2026-01-10T10:14:00Z,85.0156,0.60049,120.033
2026-01-10T10:15:00Z,84.9925,0.59969,119.965
2026-01-10T10:16:00Z,85.0172,0.60014,120.034
2026-01-10T10:17:00Z,84.9865,0.59974,119.976
2026-01-10T10:18:00Z,85.0156,0.60021,120.031
2026-01-10T10:19:00Z,84.979,0.59973,119.971
2026-01-10T10:20:00Z,85.0234,0.60029,120.042
2026-01-10T10:21:00Z,84.9838,0.59943,119.993
2026-01-10T10:22:00Z,85.0137,0.6004,120.025
2026-01-10T10:23:00Z,84.9851,0.5995,119.974
2026-01-10T10:24:00Z,85.0091,0.60024,120.056
2026-01-10T10:25:00Z,84.9786,0.59943,119.984
2026-01-10T10:26:00Z,85.0056,0.6002,120.02
2026-01-10T10:27:00Z,84.9935,0.59944,119.966
2026-01-10T10:28:00Z,85.0164,0.60011,120.02
2026-01-10T10:29:00Z,84.9925,0.59979,119.957
2026-01-10T10:30:00Z,85.0088,0.60044,120.021
2026-01-10T10:31:00Z,84.9939,0.59975,119.981
2026-01-10T10:32:00Z,85.0075,0.60025,120.042
2026-01-10T10:33:00Z,84.9759,0.59981,119.991
2026-01-10T10:34:00Z,85.0342,0.6003,120.029
2026-01-10T10:35:00Z,84.9788,0.59947,119.97
2026-01-10T10:36:00Z,85.039,0.60034,120.02
2026-01-10T10:37:00Z,84.9823,0.59954,119.994
2026-01-10T10:38:00Z,85.0167,0.60071,120.038
2026-01-10T10:39:00Z,84.9797,0.59961,119.938
2026-01-10T10:40:00Z,85.033,0.60041,120.018
2026-01-10T10:41:00Z,84.9791,0.59947,120.004
2026-01-10T10:42:00Z,85.0134,0.59985,120.057
2026-01-10T10:43:00Z,84.9923,0.59978,119.957
2026-01-10T10:44:00Z,85.0107,0.60049,120.023
2026-01-10T10:45:00Z,84.9782,0.59981,119.959
2026-01-10T10:46:00Z,85.0198,0.60027,120.06
2026-01-10T10:47:00Z,84.9707,0.59945,119.977
2026-01-10T10:48:00Z,85.0149,0.60058,120.039
2026-01-10T10:49:00Z,84.9873,0.5997,119.982
2026-01-10T10:50:00Z,85.013,0.60053,120.016
2026-01-10T10:51:00Z,84.9815,0.59971,119.993
2026-01-10T10:52:00Z,85.0206,0.6004,120.023
2026-01-10T10:53:00Z,84.9827,0.59952,119.979
2026-01-10T10:54:00Z,85.0189,0.60071,120.029
2026-01-10T10:55:00Z,84.9665,0.59944,119.999
2026-01-10T10:56:00Z,85.0264,0.6004,120.009
2026-01-10T10:57:00Z,84.9778,0.59976,119.959
2026-01-10T10:58:00Z,85.0071,0.60056,120.047
2026-01-10T10:59:00Z,84.9894,0.59985,119.969
2026-01-10T11:00:00Z,85.024,0.60097,120.03
2026-01-10T11:01:00Z,84.9803,0.59977,119.972
2026-01-10T11:02:00Z,85.0198,0.60068,120.047
2026-01-10T11:03:00Z,84.9731,0.59983,119.952
2026-01-10T11:04:00Z,85.0185,0.60051,120.054
2026-01-10T11:05:00Z,84.9666,0.5993,119.976
2026-01-10T11:06:00Z,85.0382,0.60076,120.047
2026-01-10T11:07:00Z,84.9785,0.59968,119.985
2026-01-10T11:08:00Z,85.0235,0.60049,120.009
2026-01-10T11:09:00Z,84.9742,0.59978,119.957
2026-01-10T11:10:00Z,85.0212,0.60092,120.029
2026-01-10T11:11:00Z,84.9746,0.59969,119.959
2026-01-10T11:12:00Z,85.0266,0.60063,120.038
2026-01-10T11:13:00Z,84.9881,0.5994,119.987
2026-01-10T11:14:00Z,84.9944,0.60017,120.024
2026-01-10T11:15:00Z,84.9915,0.5994,119.982
2026-01-10T11:16:00Z,85.0142,0.60054,120.027
2026-01-10T11:17:00Z,84.9738,0.5998,119.981
2026-01-10T11:18:00Z,85.0116,0.60029,120.044
2026-01-10T11:19:00Z,84.9718,0.59957,119.974
2026-01-10T11:20:00Z,85.013,0.60007,120.021
2026-01-10T11:21:00Z,84.9623,0.5996,120.018
2026-01-10T11:22:00Z,85.0147,0.60044,120.028
2026-01-10T11:23:00Z,84.9783,0.59964,119.979
2026-01-10T11:24:00Z,85.0203,0.60091,120.034
2026-01-10T11:25:00Z,84.9745,0.5996,119.952
2026-01-10T11:26:00Z,85.0093,0.60085,120.022
2026-01-10T11:27:00Z,84.9997,0.59952,119.96
2026-01-10T11:28:00Z,85.0187,0.60039,120.05
2026-01-10T11:29:00Z,84.9957,0.59934,119.95
2026-01-10T11:30:00Z,85.0138,0.60037,120.03
2026-01-10T11:31:00Z,84.993,0.59974,119.965
2026-01-10T11:32:00Z,85.0079,0.60049,120.041
2026-01-10T11:33:00Z,84.9676,0.59971,119.94
2026-01-10T11:34:00Z,85.0138,0.60003,120.027
2026-01-10T11:35:00Z,84.992,0.59968,120.018
2026-01-10T11:36:00Z,85.0084,0.60074,120.019
2026-01-10T11:37:00Z,84.9821,0.59986,120.008
2026-01-10T11:38:00Z,85.0129,0.60045,120.007
2026-01-10T11:39:00Z,84.9912,0.5998,119.955
2026-01-10T11:40:00Z,85.0096,0.60032,120.034
2026-01-10T11:41:00Z,84.9919,0.59952,119.971
2026-01-10T11:42:00Z,85.0127,0.60027,120.018
2026-01-10T11:43:00Z,84.988,0.59953,119.953
2026-01-10T11:44:00Z,85.0292,0.6007,120.037
2026-01-10T11:45:00Z,84.9804,0.5997,119.983
2026-01-10T11:46:00Z,85.0088,0.6005,120.02
2026-01-10T11:47:00Z,84.9849,0.59974,119.958
2026-01-10T11:48:00Z,85.0188,0.60024,120.036
2026-01-10T11:49:00Z,84.9766,0.59942,119.939
2026-01-10T11:50:00Z,85.0124,0.6006,120.041
2026-01-10T11:51:00Z,84.9921,0.59984,120.004
2026-01-10T11:52:00Z,85.0174,0.60018,120.041
2026-01-10T11:53:00Z,84.9933,0.59974,119.956
2026-01-10T11:54:00Z,85.0129,0.60051,120.029
2026-01-10T11:55:00Z,84.987,0.59951,119.967
2026-01-10T11:56:00Z,85.0137,0.60019,120.036
2026-01-10T11:57:00Z,84.9954,0.59965,119.98
2026-01-10T11:58:00Z,85.0134,0.60003,120.033
2026-01-10T11:59:00Z,84.9835,0.59974,119.966
2026-01-10T12:00:00Z,85.0239,0.60025,120.012
2026-01-10T12:01:00Z,84.9715,0.59959,119.966
2026-01-10T12:02:00Z,85.0193,0.59992,120.012
2026-01-10T12:03:00Z,84.9913,0.59943,119.948
2026-01-10T12:04:00Z,85.0198,0.60063,120.009
2026-01-10T12:05:00Z,84.9759,0.5995,119.954
2026-01-10T12:06:00Z,85.0161,0.60026,120.031
2026-01-10T12:07:00Z,84.9898,0.5994,119.959
2026-01-10T12:08:00Z,85.0124,0.60018,120.023
2026-01-10T12:09:00Z,84.9801,0.59967,119.978
2026-01-10T12:10:00Z,84.9991,0.60036,120.007
2026-01-10T12:11:00Z,84.9864,0.59973,119.97
2026-01-10T12:12:00Z,85.0147,0.60048,120.013
2026-01-10T12:13:00Z,84.9822,0.59994,119.974
2026-01-10T12:14:00Z,85.0086,0.6003,120.016
2026-01-10T12:15:00Z,84.9843,0.59949,119.958
2026-01-10T12:16:00Z,85.0232,0.60014,120.038
2026-01-10T12:17:00Z,84.9802,0.59945,119.959
2026-01-10T12:18:00Z,85.0153,0.60055,120.024
2026-01-10T12:19:00Z,85.0022,0.59969,119.983
2026-01-10T12:20:00Z,85.0087,0.60052,120.005
2026-01-10T12:21:00Z,84.9752,0.59957,119.95
2026-01-10T12:22:00Z,85.0073,0.60091,120.036
2026-01-10T12:23:00Z,84.9959,0.59993,119.95
2026-01-10T12:24:00Z,85.0297,0.60041,120.033
2026-01-10T12:25:00Z,84.9835,0.59936,119.997
2026-01-10T12:26:00Z,85.0251,0.60048,120.005
2026-01-10T12:27:00Z,84.9777,0.59925,119.977
2026-01-10T12:28:00Z,85.0025,0.60026,120.001
2026-01-10T12:29:00Z,84.9812,0.59949,119.964
2026-01-10T12:30:00Z,85.0198,0.60039,120.024
2026-01-10T12:31:00Z,84.9855,0.59944,119.959
2026-01-10T12:32:00Z,85.0174,0.60047,120.025
2026-01-10T12:33:00Z,84.9762,0.59948,119.983
2026-01-10T12:34:00Z,85.0121,0.6006,120.047
2026-01-10T12:35:00Z,84.9704,0.59995,119.992
2026-01-10T12:36:00Z,85.0211,0.60023,120.026
2026-01-10T12:37:00Z,84.9783,0.59985,119.976
2026-01-10T12:38:00Z,85.0043,0.60062,119.997
2026-01-10T12:39:00Z,84.9721,0.59972,119.979
2026-01-10T12:40:00Z,85.0128,0.60044,120.069
2026-01-10T12:41:00Z,84.9956,0.59955,119.943
2026-01-10T12:42:00Z,85.003,0.60041,120.024
2026-01-10T12:43:00Z,84.9774,0.59937,119.973
2026-01-10T12:44:00Z,85.0109,0.60066,120.047
2026-01-10T12:45:00Z,84.9704,0.59943,119.958
2026-01-10T12:46:00Z,85.022,0.60044,120.036
2026-01-10T12:47:00Z,84.9688,0.59977,119.982
2026-01-10T12:48:00Z,85.0181,0.60029,120.014
2026-01-10T12:49:00Z,84.9868,0.59927,119.965
2026-01-10T12:50:00Z,85.0164,0.60012,120.034
2026-01-10T12:51:00Z,84.9915,0.59947,119.962
2026-01-10T12:52:00Z,85.0098,0.60058,120.021
2026-01-10T12:53:00Z,84.9875,0.59943,119.964
2026-01-10T12:54:00Z,85.0257,0.60044,120.031
2026-01-10T12:55:00Z,84.9852,0.59983,119.954
2026-01-10T12:56:00Z,85.0178,0.60072,120.033
2026-01-10T12:57:00Z,84.9823,0.59952,119.947
2026-01-10T12:58:00Z,85.0274,0.60048,120.038
2026-01-10T12:59:00Z,84.987,0.5998,119.962
2026-01-10T13:00:00Z,85.0205,0.60048,120.041
2026-01-10T13:01:00Z,84.9847,0.59936,119.965
2026-01-10T13:02:00Z,85.0141,0.60033,120.032
2026-01-10T13:03:00Z,84.9743,0.59954,119.963
2026-01-10T13:04:00Z,85.0226,0.60017,120.025
2026-01-10T13:05:00Z,84.9733,0.59931,119.963
2026-01-10T13:06:00Z,85.0225,0.60056,120.022
2026-01-10T13:07:00Z,85.0011,0.5998,119.984
2026-01-10T13:08:00Z,85.02,0.6006,120.033
2026-01-10T13:09:00Z,84.9855,0.59938,119.976
2026-01-10T13:10:00Z,85.008,0.60069,120.027
2026-01-10T13:11:00Z,84.9834,0.59977,119.954
2026-01-10T13:12:00Z,85.0129,0.60074,120.033
2026-01-10T13:13:00Z,84.9797,0.59955,119.975
2026-01-10T13:14:00Z,85.0236,0.60054,120.052
2026-01-10T13:15:00Z,84.9847,0.59952,119.983
2026-01-10T13:16:00Z,85.017,0.60024,120.025
2026-01-10T13:17:00Z,84.9905,0.59985,119.97
2026-01-10T13:18:00Z,85.0181,0.60036,120.022
2026-01-10T13:19:00Z,84.9987,0.59957,119.969
