t,temp,press,rate
2026-01-05T00:00:00Z,85.0027,0.60069,120.05
2026-01-05T00:01:00Z,84.9733,0.59947,119.977
2026-01-05T00:02:00Z,85.0111,0.60011,120.035
2026-01-05T00:03:00Z,84.9839,0.59954,119.95
2026-01-05T00:04:00Z,85.0121,0.6003,120.037
2026-01-05T00:05:00Z,84.9877,0.59944,119.977
2026-01-05T00:06:00Z,85.0272,0.60009,120.04
2026-01-05T00:07:00Z,84.9971,0.59943,119.993
2026-01-05T00:08:00Z,85.0329,0.60019,120.051
2026-01-05T00:09:00Z,84.9891,0.59989,119.968
2026-01-05T00:10:00Z,85.0235,0.60039,120.035
2026-01-05T00:11:00Z,84.9805,0.5993,119.946
2026-01-05T00:12:00Z,85.0219,0.60002,120.016
2026-01-05T00:13:00Z,84.981,0.59995,119.956
2026-01-05T00:14:00Z,85.0261,0.60033,120.009
2026-01-05T00:15:00Z,84.99,0.59972,119.977
2026-01-05T00:16:00Z,85.0085,0.60051,120.037
2026-01-05T00:17:00Z,84.9738,0.59964,119.981
2026-01-05T00:18:00Z,85.0133,0.6002,120.007
2026-01-05T00:19:00Z,84.987,0.59942,119.978
2026-01-05T00:20:00Z,85.0121,0.60029,120.033
2026-01-05T00:21:00Z,84.9746,0.59923,119.985
2026-01-05T00:22:00Z,85.0257,0.60039,120.03
2026-01-05T00:23:00Z,84.9769,0.59987,119.942
2026-01-05T00:24:00Z,85.0265,0.60026,120.049
2026-01-05T00:25:00Z,84.9857,0.59964,119.943
2026-01-05T00:26:00Z,85.0142,0.60029,120.055
2026-01-05T00:27:00Z,84.9837,0.59946,119.991
2026-01-05T00:28:00Z,85.0231,0.60056,120.037
2026-01-05T00:29:00Z,84.9795,0.5995,119.954
2026-01-05T00:30:00Z,85.0218,0.60011,120.022
2026-01-05T00:31:00Z,84.9792,0.59987,119.988
2026-01-05T00:32:00Z,85.0239,0.60038,120.016
2026-01-05T00:33:00Z,84.9882,0.59993,119.978
2026-01-05T00:34:00Z,85.0061,0.60059,120.016
2026-01-05T00:35:00Z,84.9809,0.59965,119.969
2026-01-05T00:36:00Z,84.9998,0.60021,120.028
2026-01-05T00:37:00Z,84.9866,0.599,119.977
2026-01-05T00:38:00Z,85.0039,0.60041,120.032
2026-01-05T00:39:00Z,84.9728,0.59952,119.962
2026-01-05T00:40:00Z,85.0266,0.60072,120.021
2026-01-05T00:41:00Z,84.9856,0.59955,119.976
2026-01-05T00:42:00Z,85.0328,0.60049,120.034
2026-01-05T00:43:00Z,84.9906,0.59963,119.975
2026-01-05T00:44:00Z,85.0169,0.60056,120.02
2026-01-05T00:45:00Z,84.9809,0.5998,119.97
2026-01-05T00:46:00Z,84.9943,0.60062,120.019
2026-01-05T00:47:00Z,84.976,0.59961,119.988
2026-01-05T00:48:00Z,85.0128,0.60066,120.031
2026-01-05T00:49:00Z,84.9999,0.5995,119.974
2026-01-05T00:50:00Z,84.9998,0.60046,120.039
2026-01-05T00:51:00Z,84.9773,0.59926,119.983
2026-01-05T00:52:00Z,85.0131,0.60047,120.039
2026-01-05T00:53:00Z,84.9949,0.59949,119.98
2026-01-05T00:54:00Z,85.012,0.60051,120.052
2026-01-05T00:55:00Z,84.9875,0.59938,119.975
2026-01-05T00:56:00Z,85.0067,0.6003,119.995
2026-01-05T00:57:00Z,84.9922,0.59948,119.964
2026-01-05T00:58:00Z,85.0186,0.60027,120.019
2026-01-05T00:59:00Z,84.9837,0.59978,119.99
2026-01-05T01:00:00Z,85.013,0.60034,120.044
2026-01-05T01:01:00Z,84.9726,0.59983,119.956
2026-01-05T01:02:00Z,85.0027,0.6005,120.028
2026-01-05T01:03:00Z,85.0017,0.59936,119.983
2026-01-05T01:04:00Z,85.0295,0.60052,120.03
2026-01-05T01:05:00Z,84.9724,0.59943,119.965
2026-01-05T01:06:00Z,85.0258,0.60049,120.047
2026-01-05T01:07:00Z,84.9923,0.59976,119.975
2026-01-05T01:08:00Z,85.0133,0.60064,120.028
2026-01-05T01:09:00Z,84.9952,0.5999,119.975
2026-01-05T01:10:00Z,85.0205,0.60037,120.034
2026-01-05T01:11:00Z,84.9705,0.59963,119.966
2026-01-05T01:12:00Z,85.0073,0.6005,120.043
2026-01-05T01:13:00Z,84.9814,0.59962,119.981
2026-01-05T01:14:00Z,85.008,0.60046,120.046
2026-01-05T01:15:00Z,84.9811,0.59945,119.948
2026-01-05T01:16:00Z,85.0134,0.60056,120.059
2026-01-05T01:17:00Z,84.9709,0.59977,119.996
2026-01-05T01:18:00Z,84.9987,0.60055,120.01
2026-01-05T01:19:00Z,84.9894,0.59975,119.982
2026-01-05T01:20:00Z,85.0109,0.60048,120.023
2026-01-05T01:21:00Z,85.0019,0.5994,119.971
2026-01-05T01:22:00Z,85.018,0.60021,120.037
2026-01-05T01:23:00Z,84.9787,0.59982,119.988
2026-01-05T01:24:00Z,85.023,0.6,120.014
2026-01-05T01:25:00Z,84.9765,0.5993,119.926
2026-01-05T01:26:00Z,85.0137,0.60012,120.031
2026-01-05T01:27:00Z,84.9993,0.59962,119.976
2026-01-05T01:28:00Z,85.0313,0.60023,120.004
2026-01-05T01:29:00Z,84.9909,0.59957,119.984
2026-01-05T01:30:00Z,85.0119,0.60074,120.031
2026-01-05T01:31:00Z,84.9777,0.59931,119.952
2026-01-05T01:32:00Z,85.0028,0.60051,120.037
2026-01-05T01:33:00Z,84.9976,0.59924,119.983
2026-01-05T01:34:00Z,85.0217,0.60031,120.023
2026-01-05T01:35:00Z,84.9839,0.5995,119.976
2026-01-05T01:36:00Z,84.9986,0.60038,120.04
2026-01-05T01:37:00Z,84.9823,0.59979,119.951
2026-01-05T01:38:00Z,85.0185,0.60056,120.05
2026-01-05T01:39:00Z,84.9941,0.59941,119.972
2026-01-05T01:40:00Z,85.0162,0.60012,120.024
2026-01-05T01:41:00Z,84.9794,0.59952,119.959
2026-01-05T01:42:00Z,85.0089,0.60023,120.013
2026-01-05T01:43:00Z,84.983,0.59968,119.977
2026-01-05T01:44:00Z,85.0258,0.60056,120.026
2026-01-05T01:45:00Z,84.9894,0.59949,119.968
2026-01-05T01:46:00Z,85.0148,0.60072,120.02
2026-01-05T01:47:00Z,84.9936,0.59954,119.951
2026-01-05T01:48:00Z,85.0108,0.60024,120.0
2026-01-05T01:49:00Z,84.9892,0.59945,119.96
2026-01-05T01:50:00Z,85.0152,0.6003,120.022
2026-01-05T01:51:00Z,84.9957,0.59967,119.976
2026-01-05T01:52:00Z,85.0177,0.60018,120.017
2026-01-05T01:53:00Z,84.9964,0.5998,119.99
2026-01-05T01:54:00Z,85.0231,0.60053,120.041
2026-01-05T01:55:00Z,84.9951,0.59946,119.953
2026-01-05T01:56:00Z,85.0276,0.60058,120.011
2026-01-05T01:57:00Z,84.9961,0.59983,119.968
2026-01-05T01:58:00Z,85.0209,0.6005,120.051
2026-01-05T01:59:00Z,84.9953,0.59961,119.992
2026-01-05T02:00:00Z,85.0195,0.60035,120.053
2026-01-05T02:01:00Z,84.9859,0.59953,119.962
2026-01-05T02:02:00Z,85.0241,0.60076,120.067
2026-01-05T02:03:00Z,84.9922,0.5999,119.949
2026-01-05T02:04:00Z,85.024,0.60025,120.034
2026-01-05T02:05:00Z,85.0048,0.59974,119.955
2026-01-05T02:06:00Z,85.0035,0.60038,120.021
2026-01-05T02:07:00Z,84.9788,0.60003,119.965
2026-01-05T02:08:00Z,85.014,0.60063,120.039
2026-01-05T02:09:00Z,84.9708,0.59988,119.961
2026-01-05T02:10:00Z,85.0049,0.60032,120.014
2026-01-05T02:11:00Z,84.9733,0.59965,119.969
2026-01-05T02:12:00Z,85.0253,0.60035,120.025
2026-01-05T02:13:00Z,84.9935,0.59967,119.963
2026-01-05T02:14:00Z,85.0046,0.60047,120.02
2026-01-05T02:15:00Z,84.9896,0.59946,119.95
2026-01-05T02:16:00Z,85.0187,0.60005,120.033
2026-01-05T02:17:00Z,84.9874,0.59943,119.956
2026-01-05T02:18:00Z,85.0187,0.60072,120.016
2026-01-05T02:19:00Z,84.9927,0.5993,119.975
2026-01-05T02:20:00Z,85.0185,0.60081,120.035
2026-01-05T02:21:00Z,84.9875,0.59962,120.016
2026-01-05T02:22:00Z,85.0121,0.60013,120.031
2026-01-05T02:23:00Z,84.9858,0.59961,119.99
2026-01-05T02:24:00Z,85.0065,0.60011,120.035
2026-01-05T02:25:00Z,84.9859,0.59967,119.962
2026-01-05T02:26:00Z,85.0161,0.60085,120.024
2026-01-05T02:27:00Z,85.0026,0.59963,119.972
2026-01-05T02:28:00Z,85.0218,0.60053,120.025
2026-01-05T02:29:00Z,84.9875,0.59992,119.976
2026-01-05T02:30:00Z,85.0264,0.60028,120.026
2026-01-05T02:31:00Z,84.9843,0.59964,119.951
2026-01-05T02:32:00Z,85.016,0.60023,120.031
2026-01-05T02:33:00Z,84.9879,0.59934,119.977
2026-01-05T02:34:00Z,85.0087,0.6003,120.034
2026-01-05T02:35:00Z,84.9777,0.59968,119.979
2026-01-05T02:36:00Z,85.0196,0.60022,120.035
2026-01-05T02:37:00Z,84.9864,0.59938,119.96
2026-01-05T02:38:00Z,85.0057,0.60047,120.008
2026-01-05T02:39:00Z,84.9862,0.60001,119.953
2026-01-05T02:40:00Z,85.0276,0.60089,120.008
2026-01-05T02:41:00Z,84.9829,0.59984,119.96
2026-01-05T02:42:00Z,85.0128,0.60042,120.016
2026-01-05T02:43:00Z,84.9825,0.59954,119.994
2026-01-05T02:44:00Z,85.0098,0.60026,120.011
2026-01-05T02:45:00Z,84.993,0.59939,119.95
2026-01-05T02:46:00Z,85.0166,0.60047,120.016
2026-01-05T02:47:00Z,84.9787,0.5993,119.981
2026-01-05T02:48:00Z,85.0149,0.60021,120.045
2026-01-05T02:49:00Z,85.0035,0.59944,119.973
2026-01-05T02:50:00Z,85.0177,0.60056,120.036
2026-01-05T02:51:00Z,84.9935,0.59967,119.95
2026-01-05T02:52:00Z,85.008,0.60045,120.033
2026-01-05T02:53:00Z,84.9849,0.59949,119.975
2026-01-05T02:54:00Z,85.016,0.60044,120.027
2026-01-05T02:55:00Z,84.9814,0.59888,119.968
2026-01-05T02:56:00Z,85.0114,0.60023,120.039
2026-01-05T02:57:00Z,84.9629,0.59979,119.965
2026-01-05T02:58:00Z,85.0356,0.60041,120.01
2026-01-05T02:59:00Z,84.9902,0.60002,119.965
2026-01-05T03:00:00Z,85.0243,0.60018,120.016
2026-01-05T03:01:00Z,84.9757,0.59948,119.957
2026-01-05T03:02:00Z,85.0365,0.60066,120.057
2026-01-05T03:03:00Z,84.9699,0.59958,119.932
2026-01-05T03:04:00Z,85.0072,0.60026,120.023
2026-01-05T03:05:00Z,84.9997,0.59968,119.97
2026-01-05T03:06:00Z,85.0079,0.60017,120.023
2026-01-05T03:07:00Z,84.9806,0.59956,119.973
2026-01-05T03:08:00Z,85.0205,0.60049,120.007
2026-01-05T03:09:00Z,84.9891,0.5993,119.965
2026-01-05T03:10:00Z,85.026,0.60082,120.015
2026-01-05T03:11:00Z,84.9768,0.59966,119.972
2026-01-05T03:12:00Z,85.0027,0.6004,120.013
2026-01-05T03:13:00Z,84.9824,0.59945,119.974
2026-01-05T03:14:00Z,85.0126,0.60035,120.022
2026-01-05T03:15:00Z,84.9963,0.59938,119.965
2026-01-05T03:16:00Z,85.0182,0.60025,120.036
2026-01-05T03:17:00Z,84.98,0.5998,119.98
2026-01-05T03:18:00Z,85.0178,0.60027,120.014
2026-01-05T03:19:00Z,84.9867,0.59961,119.964
2026-01-05T03:20:00Z,85.0319,0.60062,120.029
2026-01-05T03:21:00Z,84.9717,0.59962,119.975
2026-01-05T03:22:00Z,85.019,0.60036,120.055
2026-01-05T03:23:00Z,84.9957,0.59971,119.957
2026-01-05T03:24:00Z,85.0199,0.60074,120.01
2026-01-05T03:25:00Z,85.0005,0.59966,119.964
2026-01-05T03:26:00Z,85.0061,0.60001,120.019
2026-01-05T03:27:00Z,84.9813,0.59983,119.987
2026-01-05T03:28:00Z,85.0092,0.60044,120.03
2026-01-05T03:29:00Z,84.9798,0.59965,119.971
2026-01-05T03:30:00Z,85.0189,0.60035,120.044
2026-01-05T03:31:00Z,84.988,0.59929,119.965
2026-01-05T03:32:00Z,85.0036,0.60019,120.04
2026-01-05T03:33:00Z,84.9891,0.59949,119.96
2026-01-05T03:34:00Z,85.0154,0.60046,120.041
2026-01-05T03:35:00Z,84.9876,0.59967,119.984
2026-01-05T03:36:00Z,85.0102,0.60037,120.042
2026-01-05T03:37:00Z,84.9871,0.59979,119.974
2026-01-05T03:38:00Z,85.0168,0.60007,120.031
2026-01-05T03:39:00Z,84.9901,0.59958,119.958
2026-01-05T03:40:00Z,85.0301,0.60016,120.017
2026-01-05T03:41:00Z,84.9664,0.59937,119.958
2026-01-05T03:42:00Z,85.0043,0.60061,120.024
2026-01-05T03:43:00Z,84.978,0.59973,119.981
2026-01-05T03:44:00Z,85.0238,0.6002,120.03
2026-01-05T03:45:00Z,84.9855,0.59944,119.968
2026-01-05T03:46:00Z,85.0145,0.60039,120.028
2026-01-05T03:47:00Z,84.9832,0.59944,119.966
2026-01-05T03:48:00Z,85.0196,0.60048,120.026
2026-01-05T03:49:00Z,84.9927,0.59991,119.975
2026-01-05T03:50:00Z,85.0129,0.60045,120.029
2026-01-05T03:51:00Z,84.9827,0.59988,119.973
2026-01-05T03:52:00Z,85.0131,0.60041,119.987
2026-01-05T03:53:00Z,84.9856,0.59945,119.969
2026-01-05T03:54:00Z,85.0217,0.60035,120.026
2026-01-05T03:55:00Z,84.9815,0.59936,119.942
2026-01-05T03:56:00Z,85.0123,0.60039,120.026
2026-01-05T03:57:00Z,84.9845,0.5993,120.003
2026-01-05T03:58:00Z,85.0261,0.60031,120.045
2026-01-05T03:59:00Z,85.0016,0.59963,119.97
2026-01-05T04:00:00Z,85.019,0.60055,120.045
2026-01-05T04:01:00Z,84.979,0.5998,119.979
2026-01-05T04:02:00Z,85.0208,0.60057,120.054
2026-01-05T04:03:00Z,84.9713,0.59974,119.992
2026-01-05T04:04:00Z,85.0146,0.60021,120.043
2026-01-05T04:05:00Z,84.986,0.59996,119.961
2026-01-05T04:06:00Z,85.0054,0.60061,120.035
2026-01-05T04:07:00Z,84.9718,0.59959,119.975
2026-01-05T04:08:00Z,85.0176,0.60038,120.012
2026-01-05T04:09:00Z,84.9802,0.59961,119.973
2026-01-05T04:10:00Z,85.02,0.59995,120.028
2026-01-05T04:11:00Z,84.9679,0.59972,119.948
2026-01-05T04:12:00Z,85.0013,0.60018,120.021
2026-01-05T04:13:00Z,84.9818,0.59918,119.944
2026-01-05T04:14:00Z,85.0136,0.60043,120.062
2026-01-05T04:15:00Z,84.9833,0.59931,119.964
2026-01-05T04:16:00Z,85.0179,0.60029,120.051
2026-01-05T04:17:00Z,84.9813,0.59937,119.971
2026-01-05T04:18:00Z,85.0272,0.60061,120.021
2026-01-05T04:19:00Z,84.9955,0.59942,119.963
2026-01-05T04:20:00Z,85.0109,0.60047,120.011
2026-01-05T04:21:00Z,84.9791,0.5998,119.996
2026-01-05T04:22:00Z,85.0064,0.60052,120.028
2026-01-05T04:23:00Z,84.9751,0.59953,119.959
2026-01-05T04:24:00Z,85.0034,0.60054,120.037
2026-01-05T04:25:00Z,84.9695,0.59986,119.978
2026-01-05T04:26:00Z,85.0131,0.60068,120.047
2026-01-05T04:27:00Z,84.9903,0.59945,119.975
2026-01-05T04:28:00Z,85.0137,0.60048,120.061
2026-01-05T04:29:00Z,84.9856,0.59983,119.972
2026-01-05T04:30:00Z,85.0143,0.59993,120.026
2026-01-05T04:31:00Z,84.9834,0.59973,119.969
2026-01-05T04:32:00Z,85.013,0.60024,120.002
2026-01-05T04:33:00Z,84.997,0.59975,119.961
2026-01-05T04:34:00Z,85.0309,0.60076,120.024
2026-01-05T04:35:00Z,84.9705,0.59913,119.967
2026-01-05T04:36:00Z,85.0183,0.60004,120.008
2026-01-05T04:37:00Z,84.9842,0.59944,119.978
2026-01-05T04:38:00Z,85.0208,0.60046,120.046
2026-01-05T04:39:00Z,85.0047,0.59963,119.976
2026-01-05T04:40:00Z,85.005,0.60018,120.005
2026-01-05T04:41:00Z,84.9873,0.59956,119.974
2026-01-05T04:42:00Z,85.0097,0.60025,120.043
2026-01-05T04:43:00Z,84.9947,0.59964,119.964
2026-01-05T04:44:00Z,85.0183,0.60032,120.035
2026-01-05T04:45:00Z,84.9805,0.5993,119.966
2026-01-05T04:46:00Z,85.0339,0.60057,120.046
2026-01-05T04:47:00Z,84.982,0.59972,119.976
2026-01-05T04:48:00Z,85.0143,0.6003,120.045
2026-01-05T04:49:00Z,84.9791,0.59966,119.963
2026-01-05T04:50:00Z,85.0085,0.60062,120.012
2026-01-05T04:51:00Z,84.9906,0.59963,119.955
2026-01-05T04:52:00Z,85.0131,0.60034,120.065
2026-01-05T04:53:00Z,84.9942,0.59932,119.947
2026-01-05T04:54:00Z,85.0164,0.60035,120.027
2026-01-05T04:55:00Z,84.9894,0.59973,119.943
2026-01-05T04:56:00Z,85.0036,0.60043,120.051
2026-01-05T04:57:00Z,84.9653,0.5995,119.965
2026-01-05T04:58:00Z,85.0179,0.60021,120.037
2026-01-05T04:59:00Z,84.9702,0.59946,119.975
2026-01-05T05:00:00Z,85.0232,0.6005,119.993
2026-01-05T05:01:00Z,84.9899,0.59953,119.969
2026-01-05T05:02:00Z,85.0159,0.60034,120.025
2026-01-05T05:03:00Z,84.9925,0.59977,119.934
2026-01-05T05:04:00Z,85.0038,0.60063,120.038
2026-01-05T05:05:00Z,84.983,0.59957,119.971
2026-01-05T05:06:00Z,85.0133,0.60037,120.021
2026-01-05T05:07:00Z,84.9873,0.59936,119.962
2026-01-05T05:08:00Z,85.0017,0.60037,120.045
2026-01-05T05:09:00Z,84.9898,0.59954,119.99
2026-01-05T05:10:00Z,85.0042,0.60064,119.992
2026-01-05T05:11:00Z,84.9765,0.59942,119.992
2026-01-05T05:12:00Z,85.0078,0.60019,120.024
2026-01-05T05:13:00Z,84.9839,0.59945,119.996
2026-01-05T05:14:00Z,85.0048,0.60023,120.038
2026-01-05T05:15:00Z,85.0003,0.59954,119.955
2026-01-05T05:16:00Z,85.0216,0.60073,120.02
2026-01-05T05:17:00Z,84.9776,0.59954,119.958
2026-01-05T05:18:00Z,85.0227,0.59999,120.046
2026-01-05T05:19:00Z,84.9785,0.59948,119.961
2026-01-05T05:20:00Z,85.0228,0.60014,120.037
2026-01-05T05:21:00Z,84.9822,0.59972,119.975
2026-01-05T05:22:00Z,85.0204,0.60049,120.028
2026-01-05T05:23:00Z,84.9963,0.59978,119.966
2026-01-05T05:24:00Z,85.0096,0.6005,120.043
2026-01-05T05:25:00Z,84.9818,0.59993,119.961
2026-01-05T05:26:00Z,85.0225,0.60047,120.048
2026-01-05T05:27:00Z,84.9863,0.5994,119.962
2026-01-05T05:28:00Z,85.0279,0.60027,120.025
2026-01-05T05:29:00Z,84.9775,0.59943,120.003
2026-01-05T05:30:00Z,85.0189,0.59993,120.004
2026-01-05T05:31:00Z,84.9802,0.59965,119.962
2026-01-05T05:32:00Z,85.0089,0.60044,120.023
2026-01-05T05:33:00Z,84.9776,0.59957,119.944
2026-01-05T05:34:00Z,85.0204,0.60048,120.014
2026-01-05T05:35:00Z,84.982,0.59959,119.981
2026-01-05T05:36:00Z,85.0215,0.60075,120.022
2026-01-05T05:37:00Z,84.9793,0.60013,119.975
2026-01-05T05:38:00Z,85.03,0.60044,120.012
2026-01-05T05:39:00Z,84.987,0.59974,119.961
2026-01-05T05:40:00Z,85.0107,0.60086,120.022
2026-01-05T05:41:00Z,84.986,0.59989,119.973
2026-01-05T05:42:00Z,85.0102,0.60042,120.028
2026-01-05T05:43:00Z,84.9925,0.59972,119.961
2026-01-05T05:44:00Z,85.022,0.60045,120.044
2026-01-05T05:45:00Z,84.9875,0.59939,119.989
2026-01-05T05:46:00Z,85.0185,0.60095,120.032
2026-01-05T05:47:00Z,84.995,0.59948,119.977
2026-01-05T05:48:00Z,85.0193,0.60037,120.025
2026-01-05T05:49:00Z,84.9867,0.59953,119.967
2026-01-05T05:50:00Z,85.025,0.60054,120.041
2026-01-05T05:51:00Z,84.98,0.5998,119.968
2026-01-05T05:52:00Z,85.0212,0.60043,120.038
2026-01-05T05:53:00Z,84.9877,0.59953,119.938
2026-01-05T05:54:00Z,85.0075,0.60046,120.014
2026-01-05T05:55:00Z,84.9884,0.5995,119.984
2026-01-05T05:56:00Z,85.0067,0.60004,120.039
2026-01-05T05:57:00Z,84.9895,0.59979,119.989
2026-01-05T05:58:00Z,84.9929,0.60064,120.026
2026-01-05T05:59:00Z,84.9835,0.59955,119.995
2026-01-05T06:00:00Z,85.0143,0.60039,120.018
2026-01-05T06:01:00Z,84.9947,0.59937,119.978
2026-01-05T06:02:00Z,85.0197,0.60041,120.054
2026-01-05T06:03:00Z,84.9924,0.5996,119.979
2026-01-05T06:04:00Z,85.0199,0.60071,120.033
2026-01-05T06:05:00Z,84.9896,0.60003,119.982
2026-01-05T06:06:00Z,85.0152,0.60029,120.037
2026-01-05T06:07:00Z,84.9837,0.59976,119.973
2026-01-05T06:08:00Z,85.0247,0.60044,120.018
2026-01-05T06:09:00Z,84.9844,0.59973,119.994
2026-01-05T06:10:00Z,85.0217,0.60047,120.01
2026-01-05T06:11:00Z,84.98,0.59981,119.945
2026-01-05T06:12:00Z,85.0098,0.60005,120.039
2026-01-05T06:13:00Z,84.9771,0.59965,119.985
2026-01-05T06:14:00Z,85.0139,0.60046,120.034
2026-01-05T06:15:00Z,84.9812,0.59952,119.959
2026-01-05T06:16:00Z,85.014,0.60064,120.016
2026-01-05T06:17:00Z,84.9828,0.59994,119.983
2026-01-05T06:18:00Z,85.0168,0.60044,120.006
2026-01-05T06:19:00Z,84.9752,0.59956,119.97
2026-01-05T06:20:00Z,85.0049,0.60023,120.02
2026-01-05T06:21:00Z,84.984,0.59953,119.946
2026-01-05T06:22:00Z,85.0152,0.60044,120.025
2026-01-05T06:23:00Z,84.965,0.59947,120.003
2026-01-05T06:24:00Z,85.0045,0.60052,120.028
2026-01-05T06:25:00Z,84.9748,0.5997,119.985
2026-01-05T06:26:00Z,85.0187,0.60025,120.029
2026-01-05T06:27:00Z,84.9819,0.59951,119.985
2026-01-05T06:28:00Z,85.0301,0.60035,120.008
2026-01-05T06:29:00Z,85.0024,0.59961,119.95
2026-01-05T06:30:00Z,85.0245,0.60089,120.013
2026-01-05T06:31:00Z,84.9837,0.5996,119.979
2026-01-05T06:32:00Z,84.9962,0.60057,120.063
2026-01-05T06:33:00Z,84.9968,0.59953,119.977
2026-01-05T06:34:00Z,85.0141,0.60038,120.023
2026-01-05T06:35:00Z,84.9957,0.5993,119.971
2026-01-05T06:36:00Z,85.0164,0.60045,120.019
2026-01-05T06:37:00Z,84.9847,0.59948,119.988
2026-01-05T06:38:00Z,85.0112,0.60051,120.031
2026-01-05T06:39:00Z,84.9829,0.59965,119.984
2026-01-05T06:40:00Z,85.0093,0.60039,120.007
2026-01-05T06:41:00Z,84.9872,0.5995,119.97
2026-01-05T06:42:00Z,85.0053,0.60033,120.06
2026-01-05T06:43:00Z,84.9779,0.59947,119.97
2026-01-05T06:44:00Z,85.0246,0.6005,120.035
2026-01-05T06:45:00Z,84.9919,0.59945,119.96
2026-01-05T06:46:00Z,85.0304,0.60027,120.017
2026-01-05T06:47:00Z,84.9726,0.5997,119.978
2026-01-05T06:48:00Z,85.0183,0.60036,120.023
2026-01-05T06:49:00Z,84.9845,0.59981,119.99
2026-01-05T06:50:00Z,85.0155,0.60022,120.042
2026-01-05T06:51:00Z,84.9751,0.59978,119.974
2026-01-05T06:52:00Z,85.0111,0.60056,120.052
2026-01-05T06:53:00Z,84.9882,0.59922,119.962
2026-01-05T06:54:00Z,85.0204,0.60035,120.053
2026-01-05T06:55:00Z,84.9822,0.5998,119.984
2026-01-05T06:56:00Z,85.0127,0.60045,120.05
2026-01-05T06:57:00Z,84.9742,0.59972,119.989
2026-01-05T06:58:00Z,85.0201,0.60056,120.036
2026-01-05T06:59:00Z,84.9814,0.59968,119.972
2026-01-05T07:00:00Z,85.0131,0.60053,120.019
2026-01-05T07:01:00Z,84.9897,0.59935,119.952
2026-01-05T07:02:00Z,85.0054,0.60047,120.028
2026-01-05T07:03:00Z,84.9786,0.59957,119.976
2026-01-05T07:04:00Z,85.0124,0.60007,120.034
2026-01-05T07:05:00Z,84.9945,0.59979,119.985
2026-01-05T07:06:00Z,85.0051,0.60064,120.008
2026-01-05T07:07:00Z,84.981,0.5994,119.968
2026-01-05T07:08:00Z,85.0145,0.60042,120.033
2026-01-05T07:09:00Z,84.9893,0.59982,119.985
2026-01-05T07:10:00Z,85.0061,0.60052,120.024
2026-01-05T07:11:00Z,84.9905,0.59956,119.986
2026-01-05T07:12:00Z,85.0098,0.60055,120.024
2026-01-05T07:13:00Z,84.984,0.6,119.969
2026-01-05T07:14:00Z,85.022,0.60032,120.024
2026-01-05T07:15:00Z,84.9889,0.5994,119.96
2026-01-05T07:16:00Z,85.0105,0.60014,120.013
2026-01-05T07:17:00Z,84.9799,0.59941,119.967
2026-01-05T07:18:00Z,85.0196,0.60061,120.036
2026-01-05T07:19:00Z,84.9842,0.59958,119.957
2026-01-05T07:20:00Z,85.025,0.60036,120.05
2026-01-05T07:21:00Z,84.9878,0.59971,119.993
2026-01-05T07:22:00Z,85.0202,0.60007,120.014
2026-01-05T07:23:00Z,84.9753,0.59966,119.944
2026-01-05T07:24:00Z,85.0206,0.60059,120.038
2026-01-05T07:25:00Z,84.9863,0.59971,119.976
2026-01-05T07:26:00Z,85.0065,0.60085,120.043
2026-01-05T07:27:00Z,84.9781,0.59973,119.971
2026-01-05T07:28:00Z,85.0132,0.60073,120.033
2026-01-05T07:29:00Z,84.9823,0.59964,119.963
2026-01-05T07:30:00Z,85.0266,0.60039,120.047
2026-01-05T07:31:00Z,84.9765,0.59941,119.955
2026-01-05T07:32:00Z,85.0306,0.59997,120.035
2026-01-05T07:33:00Z,84.9835,0.59988,119.953
2026-01-05T07:34:00Z,85.0177,0.6005,120.03
2026-01-05T07:35:00Z,84.9875,0.59955,119.937
2026-01-05T07:36:00Z,85.0245,0.60019,120.017
2026-01-05T07:37:00Z,84.9829,0.59969,119.965
2026-01-05T07:38:00Z,85.0307,0.60029,120.035
2026-01-05T07:39:00Z,84.9831,0.59949,119.973
2026-01-05T07:40:00Z,85.0047,0.60056,120.034
2026-01-05T07:41:00Z,84.9944,0.60006,119.965
2026-01-05T07:42:00Z,85.0106,0.60021,120.034
2026-01-05T07:43:00Z,84.9895,0.5997,119.985
2026-01-05T07:44:00Z,85.0069,0.60022,120.004
2026-01-05T07:45:00Z,84.9704,0.59962,119.977
2026-01-05T07:46:00Z,84.9953,0.59991,120.003
2026-01-05T07:47:00Z,84.9783,0.59949,119.984
2026-01-05T07:48:00Z,85.0203,0.6003,120.057
2026-01-05T07:49:00Z,84.9904,0.59943,119.946
2026-01-05T07:50:00Z,85.0168,0.60035,120.038
2026-01-05T07:51:00Z,85.0011,0.59971,119.966
2026-01-05T07:52:00Z,84.9895,0.60032,120.048
2026-01-05T07:53:00Z,84.9826,0.59961,119.967
2026-01-05T07:54:00Z,85.0047,0.60046,120.01
2026-01-05T07:55:00Z,84.9686,0.59979,119.936
2026-01-05T07:56:00Z,85.0159,0.6002,120.023
2026-01-05T07:57:00Z,84.9813,0.59974,119.981
2026-01-05T07:58:00Z,85.0207,0.60064,120.034
2026-01-05T07:59:00Z,84.9829,0.5996,119.968
2026-01-05T08:00:00Z,85.022,0.60012,120.031
2026-01-05T08:01:00Z,84.981,0.59972,119.986
2026-01-05T08:02:00Z,85.0254,0.60024,120.047
2026-01-05T08:03:00Z,84.9996,0.59943,119.979
2026-01-05T08:04:00Z,85.0241,0.6005,120.044
2026-01-05T08:05:00Z,84.9829,0.59952,119.983
2026-01-05T08:06:00Z,85.0101,0.60046,120.036
2026-01-05T08:07:00Z,84.9802,0.59948,119.99
2026-01-05T08:08:00Z,85.0211,0.6005,120.028
2026-01-05T08:09:00Z,84.9883,0.59981,119.978
2026-01-05T08:10:00Z,85.0236,0.6006,119.999
2026-01-05T08:11:00Z,84.9694,0.59947,119.978
2026-01-05T08:12:00Z,85.0082,0.60021,120.014
2026-01-05T08:13:00Z,84.9794,0.59954,119.939
2026-01-05T08:14:00Z,85.0165,0.60045,120.045
2026-01-05T08:15:00Z,84.9793,0.59974,119.996
2026-01-05T08:16:00Z,85.0079,0.60042,120.041
2026-01-05T08:17:00Z,84.989,0.5996,119.985
2026-01-05T08:18:00Z,85.0198,0.60031,120.025
2026-01-05T08:19:00Z,84.9775,0.60019,119.979
2026-01-05T08:20:00Z,85.0172,0.60029,120.039
2026-01-05T08:21:00Z,84.9843,0.59969,119.988
2026-01-05T08:22:00Z,85.015,0.60005,120.038
2026-01-05T08:23:00Z,84.974,0.59961,119.976
2026-01-05T08:24:00Z,85.0262,0.60024,120.029
2026-01-05T08:25:00Z,84.9889,0.59947,119.994
2026-01-05T08:26:00Z,85.012,0.60023,120.012
2026-01-05T08:27:00Z,84.9948,0.59934,119.958
2026-01-05T08:28:00Z,85.0188,0.60026,120.047
2026-01-05T08:29:00Z,84.9853,0.59932,119.983
2026-01-05T08:30:00Z,85.0142,0.60055,120.059
2026-01-05T08:31:00Z,84.9959,0.5995,119.989
2026-01-05T08:32:00Z,85.0239,0.60072,120.025
2026-01-05T08:33:00Z,84.98,0.59967,119.945
2026-01-05T08:34:00Z,85.0065,0.60059,120.025
2026-01-05T08:35:00Z,84.975,0.59985,119.935
2026-01-05T08:36:00Z,85.0111,0.60055,120.031
2026-01-05T08:37:00Z,84.9809,0.59935,119.981
2026-01-05T08:38:00Z,85.0169,0.60051,120.008
2026-01-05T08:39:00Z,84.9793,0.59973,119.973
2026-01-05T08:40:00Z,85.0307,0.60054,120.06
2026-01-05T08:41:00Z,84.9875,0.59962,119.954
2026-01-05T08:42:00Z,85.0146,0.60024,120.024
2026-01-05T08:43:00Z,84.9859,0.59967,119.959
2026-01-05T08:44:00Z,85.0227,0.60013,120.029
2026-01-05T08:45:00Z,84.9877,0.59978,119.972
2026-01-05T08:46:00Z,85.0193,0.60048,120.024
2026-01-05T08:47:00Z,84.9798,0.59961,119.974
2026-01-05T08:48:00Z,85.0203,0.60039,120.04
2026-01-05T08:49:00Z,84.9823,0.60004,119.962
2026-01-05T08:50:00Z,85.0135,0.60048,120.027
2026-01-05T08:51:00Z,84.9877,0.5992,119.981
2026-01-05T08:52:00Z,85.0089,0.60065,120.049
2026-01-05T08:53:00Z,84.9856,0.59976,119.959
2026-01-05T08:54:00Z,85.0127,0.60045,120.013
2026-01-05T08:55:00Z,84.9789,0.59975,119.978
2026-01-05T08:56:00Z,85.0246,0.59999,120.046
2026-01-05T08:57:00Z,84.9884,0.59982,119.953
2026-01-05T08:58:00Z,85.0164,0.60052,120.029
2026-01-05T08:59:00Z,84.9753,0.59962,119.979
2026-01-05T09:00:00Z,85.0195,0.60051,120.047
2026-01-05T09:01:00Z,84.9741,0.59969,119.985
2026-01-05T09:02:00Z,85.0232,0.60037,120.033
2026-01-05T09:03:00Z,84.9918,0.59947,119.977
2026-01-05T09:04:00Z,85.0074,0.60027,120.026
2026-01-05T09:05:00Z,84.9968,0.59978,119.991
2026-01-05T09:06:00Z,85.0284,0.60058,120.028
2026-01-05T09:07:00Z,84.9859,0.59952,119.966
2026-01-05T09:08:00Z,85.0103,0.60023,120.003
2026-01-05T09:09:00Z,84.9947,0.59981,119.948
2026-01-05T09:10:00Z,85.0233,0.60056,120.016
2026-01-05T09:11:00Z,84.994,0.59988,119.964
2026-01-05T09:12:00Z,85.0161,0.60065,120.042
2026-01-05T09:13:00Z,84.9848,0.59968,119.977
2026-01-05T09:14:00Z,85.0276,0.60045,120.012
2026-01-05T09:15:00Z,84.9916,0.59945,119.987
2026-01-05T09:16:00Z,85.0152,0.60044,120.01
2026-01-05T09:17:00Z,84.9943,0.59991,119.987
2026-01-05T09:18:00Z,85.026,0.60061,120.051
2026-01-05T09:19:00Z,84.9827,0.59981,119.965
2026-01-05T09:20:00Z,85.0234,0.60051,120.019
2026-01-05T09:21:00Z,84.9826,0.5996,119.968
2026-01-05T09:22:00Z,85.0166,0.60056,120.017
2026-01-05T09:23:00Z,84.9885,0.59957,119.972
2026-01-05T09:24:00Z,85.0094,0.60047,120.004
2026-01-05T09:25:00Z,84.9916,0.59928,119.996
2026-01-05T09:26:00Z,85.0185,0.6002,120.041
2026-01-05T09:27:00Z,84.984,0.60013,119.977
2026-01-05T09:28:00Z,85.0291,0.6003,120.014
2026-01-05T09:29:00Z,84.9815,0.59958,119.993
2026-01-05T09:30:00Z,85.0144,0.60061,120.046
2026-01-05T09:31:00Z,84.9701,0.59951,119.979
2026-01-05T09:32:00Z,85.0138,0.60042,120.047
2026-01-05T09:33:00Z,84.9881,0.59975,119.963
2026-01-05T09:34:00Z,85.013,0.6005,120.028
2026-01-05T09:35:00Z,84.9605,0.59927,119.952
2026-01-05T09:36:00Z,85.0171,0.60023,120.007
2026-01-05T09:37:00Z,84.9964,0.5997,119.971
2026-01-05T09:38:00Z,85.0168,0.60074,120.04
2026-01-05T09:39:00Z,84.9686,0.59961,119.947
2026-01-05T09:40:00Z,85.0112,0.60013,120.041
2026-01-05T09:41:00Z,84.9832,0.59967,119.986
2026-01-05T09:42:00Z,85.0119,0.60053,120.049
2026-01-05T09:43:00Z,84.9824,0.59979,119.975
2026-01-05T09:44:00Z,85.0192,0.60043,120.018
2026-01-05T09:45:00Z,84.979,0.59974,119.967
2026-01-05T09:46:00Z,85.0247,0.60069,120.037
2026-01-05T09:47:00Z,84.9741,0.59962,119.998
2026-01-05T09:48:00Z,85.0255,0.60032,120.031
2026-01-05T09:49:00Z,84.9884,0.59974,119.985
2026-01-05T09:50:00Z,85.0203,0.60041,120.024
2026-01-05T09:51:00Z,84.9757,0.59965,119.99
2026-01-05T09:52:00Z,85.0156,0.60034,120.04
2026-01-05T09:53:00Z,84.9742,0.59954,119.963
2026-01-05T09:54:00Z,85.0127,0.60027,120.055
2026-01-05T09:55:00Z,84.9865,0.59992,119.99
2026-01-05T09:56:00Z,85.0219,0.60065,120.01
2026-01-05T09:57:00Z,84.9675,0.59937,119.966
2026-01-05T09:58:00Z,85.0212,0.60073,120.037
2026-01-05T09:59:00Z,84.9712,0.59958,119.989
2026-01-05T10:00:00Z,85.014,0.60037,120.036
2026-01-05T10:01:00Z,84.9835,0.59922,119.978
2026-01-05T10:02:00Z,85.022,0.60032,120.02
2026-01-05T10:03:00Z,84.9865,0.59956,119.95
2026-01-05T10:04:00Z,85.0428,0.60011,119.987
2026-01-05T10:05:00Z,84.9892,0.59962,119.955
2026-01-05T10:06:00Z,85.0102,0.6006,120.015
2026-01-05T10:07:00Z,84.9729,0.59962,119.981
2026-01-05T10:08:00Z,85.0113,0.60015,120.044
2026-01-05T10:09:00Z,84.9818,0.59979,119.979
2026-01-05T10:10:00Z,85.0203,0.6003,120.024
2026-01-05T10:11:00Z,84.979,0.59962,119.967
2026-01-05T10:12:00Z,85.0035,0.60041,120.034
2026-01-05T10:13:00Z,84.9851,0.59974,119.951
2026-01-05T10:14:00Z,85.027,0.60047,120.028
2026-01-05T10:15:00Z,84.9809,0.59977,119.982
2026-01-05T10:16:00Z,85.0144,0.60028,120.032
2026-01-05T10:17:00Z,84.9839,0.59939,119.947
2026-01-05T10:18:00Z,85.0148,0.60035,120.058
2026-01-05T10:19:00Z,85.0076,0.59941,119.951
2026-01-05T10:20:00Z,85.0229,0.60034,120.022
2026-01-05T10:21:00Z,84.9861,0.59972,119.989
2026-01-05T10:22:00Z,85.0227,0.60048,120.041
2026-01-05T10:23:00Z,84.9753,0.59967,119.941
2026-01-05T10:24:00Z,85.0128,0.60096,120.047
2026-01-05T10:25:00Z,84.9901,0.59955,119.96
2026-01-05T10:26:00Z,85.0111,0.60022,120.036
2026-01-05T10:27:00Z,84.9619,0.5997,119.968
2026-01-05T10:28:00Z,85.0151,0.60047,120.065
2026-01-05T10:29:00Z,84.982,0.59969,119.972
2026-01-05T10:30:00Z,84.9973,0.6004,120.052
2026-01-05T10:31:00Z,84.981,0.59941,119.968
2026-01-05T10:32:00Z,85.02,0.60022,120.032
2026-01-05T10:33:00Z,84.9736,0.5994,119.979
2026-01-05T10:34:00Z,85.0046,0.60036,120.039
2026-01-05T10:35:00Z,84.9912,0.59957,119.964
2026-01-05T10:36:00Z,85.0144,0.60071,120.015
2026-01-05T10:37:00Z,84.9906,0.59931,119.995
2026-01-05T10:38:00Z,85.0008,0.60004,120.03
2026-01-05T10:39:00Z,84.9951,0.59937,119.984
2026-01-05T10:40:00Z,85.0073,0.60082,120.031
2026-01-05T10:41:00Z,84.9791,0.59963,119.972
2026-01-05T10:42:00Z,85.0052,0.6005,120.027
2026-01-05T10:43:00Z,84.9843,0.59967,119.96
2026-01-05T10:44:00Z,85.0269,0.59992,120.018
2026-01-05T10:45:00Z,84.9896,0.59976,119.969
2026-01-05T10:46:00Z,85.021,0.60034,120.041
2026-01-05T10:47:00Z,84.9811,0.59958,119.966
2026-01-05T10:48:00Z,85.0177,0.60056,120.031
2026-01-05T10:49:00Z,84.9764,0.59951,119.948
2026-01-05T10:50:00Z,85.0096,0.60044,120.033
2026-01-05T10:51:00Z,84.9871,0.59953,119.996
2026-01-05T10:52:00Z,85.0123,0.6003,120.028
2026-01-05T10:53:00Z,84.9927,0.59949,119.973
2026-01-05T10:54:00Z,85.0118,0.60047,120.024
2026-01-05T10:55:00Z,84.9813,0.59958,119.942
2026-01-05T10:56:00Z,85.0139,0.60075,120.034
2026-01-05T10:57:00Z,84.9842,0.59944,119.977
2026-01-05T10:58:00Z,85.0162,0.60063,120.022
2026-01-05T10:59:00Z,84.9843,0.59983,119.957
2026-01-05T11:00:00Z,85.0215,0.60041,120.029
2026-01-05T11:01:00Z,84.9816,0.59978,119.985
2026-01-05T11:02:00Z,85.0176,0.60054,120.014
2026-01-05T11:03:00Z,84.9595,0.59947,119.969
2026-01-05T11:04:00Z,85.0275,0.6003,120.037
2026-01-05T11:05:00Z,84.9738,0.59949,119.974
2026-01-05T11:06:00Z,85.0083,0.6003,120.034
2026-01-05T11:07:00Z,84.9875,0.59965,119.978
2026-01-05T11:08:00Z,84.9993,0.6003,120.025
2026-01-05T11:09:00Z,84.9786,0.5996,119.95
2026-01-05T11:10:00Z,85.0123,0.60042,120.036
2026-01-05T11:11:00Z,84.9943,0.59972,119.973
2026-01-05T11:12:00Z,85.0286,0.60046,120.022
2026-01-05T11:13:00Z,84.9821,0.59952,119.995
2026-01-05T11:14:00Z,85.0068,0.6005,120.014
2026-01-05T11:15:00Z,84.9894,0.59966,119.978
2026-01-05T11:16:00Z,85.0277,0.60038,120.034
2026-01-05T11:17:00Z,84.9738,0.59942,119.982
2026-01-05T11:18:00Z,85.0266,0.60055,120.021
2026-01-05T11:19:00Z,84.9934,0.59972,120.0
2026-01-05T11:20:00Z,85.0089,0.60035,120.01
2026-01-05T11:21:00Z,84.9756,0.59945,119.961
2026-01-05T11:22:00Z,85.0084,0.60032,120.032
2026-01-05T11:23:00Z,84.9929,0.59945,119.969
2026-01-05T11:24:00Z,85.0065,0.60037,120.05
2026-01-05T11:25:00Z,84.9968,0.60012,119.97
2026-01-05T11:26:00Z,85.0063,0.6003,120.032
2026-01-05T11:27:00Z,84.9802,0.59959,119.966
2026-01-05T11:28:00Z,85.0042,0.60032,120.032
2026-01-05T11:29:00Z,84.9843,0.59934,119.995
2026-01-05T11:30:00Z,85.0197,0.60048,120.013
2026-01-05T11:31:00Z,84.9904,0.59931,119.983
2026-01-05T11:32:00Z,85.0176,0.60054,120.004
2026-01-05T11:33:00Z,84.9754,0.59985,119.956
2026-01-05T11:34:00Z,85.034,0.60061,120.039
2026-01-05T11:35:00Z,84.9849,0.59962,119.967
2026-01-05T11:36:00Z,85.0194,0.6001,120.042
2026-01-05T11:37:00Z,84.9845,0.59973,119.973
2026-01-05T11:38:00Z,85.0148,0.6004,120.041
2026-01-05T11:39:00Z,84.9835,0.59958,119.996
2026-01-05T11:40:00Z,85.016,0.60044,120.036
2026-01-05T11:41:00Z,84.9898,0.59941,119.965
2026-01-05T11:42:00Z,85.0096,0.60021,120.019
2026-01-05T11:43:00Z,84.9702,0.59968,119.979
2026-01-05T11:44:00Z,85.006,0.60089,120.006
2026-01-05T11:45:00Z,84.9846,0.59949,119.963
2026-01-05T11:46:00Z,85.0198,0.60036,120.027
2026-01-05T11:47:00Z,84.9959,0.59945,119.998
2026-01-05T11:48:00Z,85.0236,0.60084,120.05
2026-01-05T11:49:00Z,84.9777,0.59955,119.965
2026-01-05T11:50:00Z,85.0154,0.60027,120.027
2026-01-05T11:51:00Z,84.9855,0.59935,120.002
2026-01-05T11:52:00Z,85.0131,0.60055,120.041
2026-01-05T11:53:00Z,84.9653,0.59953,119.973
2026-01-05T11:54:00Z,85.0077,0.6006,120.017
2026-01-05T11:55:00Z,84.9664,0.59976,119.963
2026-01-05T11:56:00Z,85.0191,0.60042,120.0
2026-01-05T11:57:00Z,84.9791,0.59952,119.97
2026-01-05T11:58:00Z,85.0189,0.60025,120.035
2026-01-05T11:59:00Z,84.9853,0.59951,119.958
2026-01-05T12:00:00Z,85.0209,0.60041,120.023
2026-01-05T12:01:00Z,84.9924,0.59947,119.998
2026-01-05T12:02:00Z,85.0028,0.6005,120.027
2026-01-05T12:03:00Z,84.9936,0.59955,119.974
2026-01-05T12:04:00Z,85.01,0.60027,120.006
2026-01-05T12:05:00Z,84.9882,0.59962,119.979
2026-01-05T12:06:00Z,85.0215,0.60013,120.02
2026-01-05T12:07:00Z,84.9726,0.59931,119.974
2026-01-05T12:08:00Z,85.0174,0.59996,120.044
2026-01-05T12:09:00Z,84.9836,0.59976,119.985
2026-01-05T12:10:00Z,85.031,0.60028,120.048
2026-01-05T12:11:00Z,84.9816,0.59933,120.006
2026-01-05T12:12:00Z,85.0121,0.60051,120.058
2026-01-05T12:13:00Z,84.9835,0.59947,119.959
2026-01-05T12:14:00Z,85.023,0.60048,120.038
2026-01-05T12:15:00Z,84.9716,0.59954,119.968
2026-01-05T12:16:00Z,85.0201,0.60044,120.022
2026-01-05T12:17:00Z,84.9897,0.59952,119.933
2026-01-05T12:18:00Z,85.0268,0.60008,120.014
2026-01-05T12:19:00Z,84.9875,0.59952,119.97
2026-01-05T12:20:00Z,85.0147,0.60068,120.038
2026-01-05T12:21:00Z,84.9842,0.5996,119.95
2026-01-05T12:22:00Z,85.0042,0.60079,120.026
2026-01-05T12:23:00Z,84.9656,0.59928,119.99
2026-01-05T12:24:00Z,85.0171,0.60037,120.052
2026-01-05T12:25:00Z,84.9848,0.59967,119.996
2026-01-05T12:26:00Z,85.0202,0.60059,120.022
2026-01-05T12:27:00Z,84.983,0.5997,119.979
2026-01-05T12:28:00Z,85.0092,0.60042,120.039
2026-01-05T12:29:00Z,84.9717,0.59929,120.004
2026-01-05T12:30:00Z,85.0135,0.60022,120.027
2026-01-05T12:31:00Z,84.9776,0.59946,119.971
2026-01-05T12:32:00Z,85.0094,0.60058,120.022
2026-01-05T12:33:00Z,84.9941,0.59981,119.979
2026-01-05T12:34:00Z,85.0203,0.60015,120.019
2026-01-05T12:35:00Z,84.9911,0.59972,119.959
2026-01-05T12:36:00Z,85.0198,0.60048,120.053
2026-01-05T12:37:00Z,84.9929,0.59948,119.963
2026-01-05T12:38:00Z,85.003,0.59995,120.026
2026-01-05T12:39:00Z,84.9753,0.59982,119.96
2026-01-05T12:40:00Z,85.0179,0.6009,120.01
2026-01-05T12:41:00Z,84.9862,0.59954,119.966
2026-01-05T12:42:00Z,85.0197,0.60041,120.019
2026-01-05T12:43:00Z,84.9704,0.59905,119.948
2026-01-05T12:44:00Z,85.0139,0.60035,120.016
2026-01-05T12:45:00Z,84.9933,0.5996,119.978
2026-01-05T12:46:00Z,85.0263,0.60019,120.031
2026-01-05T12:47:00Z,84.9778,0.59992,119.968
2026-01-05T12:48:00Z,85.022,0.60042,120.054
2026-01-05T12:49:00Z,84.9733,0.59979,119.972
2026-01-05T12:50:00Z,85.0276,0.6007,120.029
2026-01-05T12:51:00Z,84.9903,0.59984,119.963
2026-01-05T12:52:00Z,85.0214,0.60045,120.027
2026-01-05T12:53:00Z,84.9788,0.59915,119.959
2026-01-05T12:54:00Z,85.01,0.60039,120.014
2026-01-05T12:55:00Z,84.9991,0.5998,119.96
2026-01-05T12:56:00Z,85.0284,0.60025,120.047
2026-01-05T12:57:00Z,84.9895,0.59973,119.97
2026-01-05T12:58:00Z,85.0201,0.6004,120.015
2026-01-05T12:59:00Z,84.9893,0.59943,119.973
2026-01-05T13:00:00Z,85.0276,0.60043,120.008
2026-01-05T13:01:00Z,84.9844,0.59951,119.956
2026-01-05T13:02:00Z,85.0155,0.60038,120.041
2026-01-05T13:03:00Z,84.9922,0.59968,119.994
2026-01-05T13:04:00Z,84.9952,0.60065,120.023
2026-01-05T13:05:00Z,84.98,0.59963,119.942
2026-01-05T13:06:00Z,85.0098,0.6003,119.991
2026-01-05T13:07:00Z,84.9814,0.59982,119.978
2026-01-05T13:08:00Z,85.0213,0.60068,120.034
2026-01-05T13:09:00Z,84.9876,0.59947,119.974
2026-01-05T13:10:00Z,85.0266,0.6003,120.039
2026-01-05T13:11:00Z,84.9689,0.59927,119.982
2026-01-05T13:12:00Z,85.0092,0.60022,120.02
2026-01-05T13:13:00Z,84.9743,0.59931,119.968
2026-01-05T13:14:00Z,85.0141,0.60038,120.024
2026-01-05T13:15:00Z,84.9857,0.59986,119.993
2026-01-05T13:16:00Z,85.0238,0.60066,120.054
2026-01-05T13:17:00Z,85.0002,0.59964,120.012
2026-01-05T13:18:00Z,85.0251,0.60029,120.029
2026-01-05T13:19:00Z,84.9772,0.5998,119.96
2026-01-05T13:20:00Z,85.016,0.60054,120.031
2026-01-05T13:21:00Z,84.9822,0.59955,119.971
2026-01-05T13:22:00Z,85.0176,0.60023,120.013
2026-01-05T13:23:00Z,84.9883,0.59962,119.978
2026-01-05T13:24:00Z,85.0087,0.60088,120.049
2026-01-05T13:25:00Z,84.9698,0.59929,119.966
2026-01-05T13:26:00Z,85.0346,0.60046,119.995
2026-01-05T13:27:00Z,84.979,0.59965,119.982
2026-01-05T13:28:00Z,85.0246,0.60038,120.028
2026-01-05T13:29:00Z,84.9859,0.59961,119.96
2026-01-05T13:30:00Z,85.0148,0.59993,120.019
2026-01-05T13:31:00Z,84.9891,0.59968,119.974
2026-01-05T13:32:00Z,85.0027,0.60048,120.011
2026-01-05T13:33:00Z,84.9828,0.59996,119.934
2026-01-05T13:34:00Z,85.0106,0.60062,120.028
2026-01-05T13:35:00Z,84.9812,0.59965,119.977
2026-01-05T13:36:00Z,85.0161,0.60052,120.006
2026-01-05T13:37:00Z,84.985,0.59943,119.962
2026-01-05T13:38:00Z,85.0236,0.60051,120.024
2026-01-05T13:39:00Z,84.9852,0.59915,119.982
2026-01-05T13:40:00Z,85.0195,0.60045,120.026
2026-01-05T13:41:00Z,84.9881,0.59977,120.01
2026-01-05T13:42:00Z,85.0262,0.60016,120.01
2026-01-05T13:43:00Z,84.9823,0.59936,119.969
2026-01-05T13:44:00Z,85.0162,0.60049,120.027
2026-01-05T13:45:00Z,84.9942,0.60007,119.986
2026-01-05T13:46:00Z,84.9974,0.6004,120.014
2026-01-05T13:47:00Z,84.9877,0.5996,119.962
2026-01-05T13:48:00Z,85.0076,0.60077,120.017
2026-01-05T13:49:00Z,84.9812,0.59967,119.981
2026-01-05T13:50:00Z,85.0193,0.60081,120.045
2026-01-05T13:51:00Z,84.9711,0.59946,119.975
2026-01-05T13:52:00Z,85.0231,0.6006,119.991
2026-01-05T13:53:00Z,84.9814,0.59981,119.954
2026-01-05T13:54:00Z,85.0235,0.60028,120.04
2026-01-05T13:55:00Z,84.9797,0.5995,119.949
2026-01-05T13:56:00Z,85.0171,0.60029,120.016
2026-01-05T13:57:00Z,84.9764,0.59957,120.0
2026-01-05T13:58:00Z,85.012,0.60032,120.039
2026-01-05T13:59:00Z,84.9884,0.59948,119.971
2026-01-05T14:00:00Z,85.0047,0.60061,120.038
2026-01-05T14:01:00Z,84.9912,0.59936,119.985
2026-01-05T14:02:00Z,85.0223,0.60017,120.044
2026-01-05T14:03:00Z,85.0005,0.59944,119.985
2026-01-05T14:04:00Z,85.0134,0.60017,120.034
2026-01-05T14:05:00Z,84.9909,0.59969,119.925
2026-01-05T14:06:00Z,85.0265,0.6002,120.02
2026-01-05T14:07:00Z,84.9805,0.59984,120.0
2026-01-05T14:08:00Z,85.0081,0.60037,120.02
2026-01-05T14:09:00Z,84.9732,0.59982,119.958
2026-01-05T14:10:00Z,85.0154,0.60041,120.028
2026-01-05T14:11:00Z,84.9798,0.59976,119.958
2026-01-05T14:12:00Z,85.0121,0.60057,120.016
2026-01-05T14:13:00Z,84.982,0.59951,119.996
2026-01-05T14:14:00Z,85.0162,0.60048,120.024
2026-01-05T14:15:00Z,84.9894,0.59955,119.985
2026-01-05T14:16:00Z,85.0059,0.60034,120.029
2026-01-05T14:17:00Z,84.9868,0.59988,119.971
2026-01-05T14:18:00Z,85.0207,0.60056,120.05
2026-01-05T14:19:00Z,84.9762,0.59992,119.963
2026-01-05T14:20:00Z,85.0276,0.60031,120.054
2026-01-05T14:21:00Z,84.9895,0.59963,119.98
2026-01-05T14:22:00Z,85.0145,0.60045,120.041
2026-01-05T14:23:00Z,84.9878,0.59946,119.995
2026-01-05T14:24:00Z,85.0232,0.60021,120.037
2026-01-05T14:25:00Z,84.9831,0.59958,119.975
2026-01-05T14:26:00Z,85.0023,0.60048,120.044
2026-01-05T14:27:00Z,84.9738,0.59949,119.981
2026-01-05T14:28:00Z,85.0133,0.6003,120.035
2026-01-05T14:29:00Z,84.9776,0.60012,119.98
2026-01-05T14:30:00Z,85.0087,0.60052,120.038
2026-01-05T14:31:00Z,84.9915,0.59932,119.958
2026-01-05T14:32:00Z,85.0133,0.60071,120.016
2026-01-05T14:33:00Z,84.9872,0.59977,119.979
2026-01-05T14:34:00Z,85.0148,0.60035,120.029
2026-01-05T14:35:00Z,84.9892,0.59957,119.998
2026-01-05T14:36:00Z,85.0043,0.60019,120.05
2026-01-05T14:37:00Z,84.9849,0.59982,119.957
2026-01-05T14:38:00Z,85.0293,0.60031,120.006
2026-01-05T14:39:00Z,84.9925,0.59924,119.95
2026-01-05T14:40:00Z,85.0164,0.6,120.046
2026-01-05T14:41:00Z,84.9795,0.59949,119.959
2026-01-05T14:42:00Z,85.0107,0.60055,120.021
2026-01-05T14:43:00Z,84.985,0.59963,119.947
2026-01-05T14:44:00Z,85.0227,0.60028,120.008
2026-01-05T14:45:00Z,84.9878,0.59957,119.981
2026-01-05T14:46:00Z,85.0184,0.60048,120.039
2026-01-05T14:47:00Z,84.976,0.59969,119.963
2026-01-05T14:48:00Z,85.0078,0.60037,120.029
2026-01-05T14:49:00Z,85.0018,0.59968,119.984
2026-01-05T14:50:00Z,85.0004,0.60046,120.032
2026-01-05T14:51:00Z,84.9896,0.59958,119.982
2026-01-05T14:52:00Z,85.0013,0.60016,120.025
2026-01-05T14:53:00Z,84.9772,0.59967,119.994
2026-01-05T14:54:00Z,85.0058,0.60064,120.045
2026-01-05T14:55:00Z,84.9891,0.59955,119.985
2026-01-05T14:56:00Z,85.0148,0.60029,120.024
2026-01-05T14:57:00Z,84.992,0.59946,119.968
2026-01-05T14:58:00Z,85.0233,0.60036,120.023
2026-01-05T14:59:00Z,84.9657,0.59942,119.933
2026-01-05T15:00:00Z,85.0107,0.60065,119.998
2026-01-05T15:01:00Z,85.0063,0.59951,119.982
2026-01-05T15:02:00Z,85.0122,0.60003,120.02
2026-01-05T15:03:00Z,84.9962,0.59924,119.971
2026-01-05T15:04:00Z,85.0252,0.60032,120.059
2026-01-05T15:05:00Z,84.9952,0.60002,119.98
2026-01-05T15:06:00Z,85.0194,0.6002,120.031
2026-01-05T15:07:00Z,84.9822,0.59944,119.96
2026-01-05T15:08:00Z,85.0274,0.60037,120.046
2026-01-05T15:09:00Z,84.9761,0.59933,119.967
2026-01-05T15:10:00Z,85.0343,0.60031,120.029
2026-01-05T15:11:00Z,84.995,0.60006,119.98
2026-01-05T15:12:00Z,85.0144,0.60071,120.02
2026-01-05T15:13:00Z,84.9804,0.59939,119.929
2026-01-05T15:14:00Z,85.022,0.60038,120.034
2026-01-05T15:15:00Z,84.9915,0.5999,119.957
2026-01-05T15:16:00Z,85.0104,0.60032,120.002
2026-01-05T15:17:00Z,84.9775,0.59978,119.984
2026-01-05T15:18:00Z,85.0143,0.60067,120.002
2026-01-05T15:19:00Z,84.9887,0.59965,119.969
2026-01-05T15:20:00Z,85.0263,0.60042,120.05
2026-01-05T15:21:00Z,84.9857,0.59941,119.97
2026-01-05T15:22:00Z,85.0138,0.60025,120.033
2026-01-05T15:23:00Z,84.9813,0.59959,119.961
2026-01-05T15:24:00Z,85.032,0.60042,120.035
2026-01-05T15:25:00Z,84.9997,0.59954,119.953
2026-01-05T15:26:00Z,84.9982,0.60048,120.04
2026-01-05T15:27:00Z,84.9902,0.59975,119.974
2026-01-05T15:28:00Z,85.0132,0.60061,120.033
2026-01-05T15:29:00Z,84.9737,0.5996,119.966
2026-01-05T15:30:00Z,85.0005,0.60069,120.027
2026-01-05T15:31:00Z,84.9832,0.59955,119.953
2026-01-05T15:32:00Z,84.9961,0.60041,120.046
2026-01-05T15:33:00Z,84.9819,0.59951,119.944
2026-01-05T15:34:00Z,85.0076,0.60058,120.036
2026-01-05T15:35:00Z,84.9872,0.59935,119.983
2026-01-05T15:36:00Z,85.0049,0.60035,120.043
2026-01-05T15:37:00Z,84.9838,0.59946,119.954
2026-01-05T15:38:00Z,85.0173,0.60043,120.01
2026-01-05T15:39:00Z,84.9738,0.59922,119.971
2026-01-05T15:40:00Z,85.0083,0.60034,120.022
2026-01-05T15:41:00Z,84.986,0.60005,119.971
2026-01-05T15:42:00Z,85.015,0.60041,120.01
2026-01-05T15:43:00Z,84.9935,0.59943,119.949
2026-01-05T15:44:00Z,85.0029,0.60062,120.052
2026-01-05T15:45:00Z,84.9812,0.59953,119.969
2026-01-05T15:46:00Z,85.0246,0.60047,120.031
2026-01-05T15:47:00Z,84.9953,0.59998,119.968
2026-01-05T15:48:00Z,85.0098,0.60015,120.022
2026-01-05T15:49:00Z,84.9681,0.59965,119.938
2026-01-05T15:50:00Z,85.0176,0.60014,120.034
2026-01-05T15:51:00Z,84.9819,0.59991,119.996
2026-01-05T15:52:00Z,85.016,0.60014,120.044
2026-01-05T15:53:00Z,84.9845,0.5993,119.948
2026-01-05T15:54:00Z,85.0186,0.60025,120.03
2026-01-05T15:55:00Z,84.9769,0.59973,119.972
2026-01-05T15:56:00Z,85.0179,0.60044,120.027
2026-01-05T15:57:00Z,84.9923,0.59968,119.97
2026-01-05T15:58:00Z,85.0114,0.60035,120.033
2026-01-05T15:59:00Z,84.9768,0.59932,119.98
2026-01-05T16:00:00Z,85.0226,0.60056,120.054
2026-01-05T16:01:00Z,84.9878,0.59956,119.963
2026-01-05T16:02:00Z,85.0105,0.60039,120.061
2026-01-05T16:03:00Z,84.993,0.59941,119.959
2026-01-05T16:04:00Z,85.0103,0.60066,120.025
2026-01-05T16:05:00Z,84.9904,0.59961,119.976
2026-01-05T16:06:00Z,85.0221,0.59985,120.034
2026-01-05T16:07:00Z,84.9875,0.59986,119.956
2026-01-05T16:08:00Z,85.0218,0.60055,120.045
2026-01-05T16:09:00Z,84.9855,0.59964,119.98
2026-01-05T16:10:00Z,85.0381,0.60041,120.021
2026-01-05T16:11:00Z,84.9786,0.59983,119.993
2026-01-05T16:12:00Z,85.0209,0.60035,120.03
2026-01-05T16:13:00Z,84.9758,0.59962,119.96
2026-01-05T16:14:00Z,85.0278,0.60047,120.044
2026-01-05T16:15:00Z,84.9958,0.59959,119.977
2026-01-05T16:16:00Z,85.0123,0.6003,120.044
2026-01-05T16:17:00Z,84.9831,0.59944,119.973
2026-01-05T16:18:00Z,85.0233,0.60011,120.023
2026-01-05T16:19:00Z,84.9855,0.59953,119.979
2026-01-05T16:20:00Z,85.0169,0.6006,120.033
2026-01-05T16:21:00Z,84.9961,0.59972,119.976
2026-01-05T16:22:00Z,85.0102,0.6005,120.037
2026-01-05T16:23:00Z,84.9811,0.59963,119.962
2026-01-05T16:24:00Z,85.0226,0.60046,120.004
2026-01-05T16:25:00Z,84.9849,0.59975,119.942
2026-01-05T16:26:00Z,84.999,0.6005,120.006
2026-01-05T16:27:00Z,84.9767,0.59953,119.975
2026-01-05T16:28:00Z,85.0222,0.60048,120.057
2026-01-05T16:29:00Z,84.9949,0.59928,119.943
2026-01-05T16:30:00Z,85.0254,0.60055,120.03
2026-01-05T16:31:00Z,84.9813,0.59956,119.996
2026-01-05T16:32:00Z,85.0079,0.60037,120.053
2026-01-05T16:33:00Z,84.9829,0.59966,119.966
2026-01-05T16:34:00Z,85.0018,0.60021,120.036
2026-01-05T16:35:00Z,84.9801,0.59909,119.98
2026-01-05T16:36:00Z,85.0131,0.60064,120.04
2026-01-05T16:37:00Z,84.9816,0.59971,119.984
2026-01-05T16:38:00Z,85.0113,0.60057,120.047
2026-01-05T16:39:00Z,84.9891,0.59974,119.981
2026-01-05T16:40:00Z,85.0243,0.60046,120.058
2026-01-05T16:41:00Z,84.9798,0.59979,119.965
2026-01-05T16:42:00Z,85.0219,0.6007,120.045
2026-01-05T16:43:00Z,84.9822,0.59959,119.948
2026-01-05T16:44:00Z,85.0122,0.60036,120.032
2026-01-05T16:45:00Z,84.987,0.59985,119.983
2026-01-05T16:46:00Z,85.0268,0.60054,120.04
2026-01-05T16:47:00Z,84.9789,0.59925,119.97
2026-01-05T16:48:00Z,85.0231,0.60063,120.034
2026-01-05T16:49:00Z,84.9823,0.59968,119.999
2026-01-05T16:50:00Z,85.0049,0.60013,120.011
2026-01-05T16:51:00Z,84.998,0.59928,119.949
2026-01-05T16:52:00Z,85.0252,0.60026,119.994
2026-01-05T16:53:00Z,84.9951,0.59977,119.963
2026-01-05T16:54:00Z,85.012,0.60003,120.041
2026-01-05T16:55:00Z,84.9902,0.59943,119.973
2026-01-05T16:56:00Z,85.0195,0.60027,120.053
2026-01-05T16:57:00Z,84.9735,0.59966,119.972
2026-01-05T16:58:00Z,85.0198,0.60055,120.036
2026-01-05T16:59:00Z,84.9796,0.59958,119.974
2026-01-05T17:00:00Z,85.0147,0.59999,119.986
2026-01-05T17:01:00Z,84.9936,0.59975,119.955
2026-01-05T17:02:00Z,85.0092,0.60049,120.052
2026-01-05T17:03:00Z,84.9976,0.59951,119.963
2026-01-05T17:04:00Z,85.0259,0.60031,120.059
2026-01-05T17:05:00Z,84.9834,0.59965,119.981
2026-01-05T17:06:00Z,85.0189,0.60058,120.055
2026-01-05T17:07:00Z,84.995,0.59965,119.955
2026-01-05T17:08:00Z,85.025,0.60026,120.054
2026-01-05T17:09:00Z,84.9649,0.59949,119.989
2026-01-05T17:10:00Z,85.007,0.60021,120.047
2026-01-05T17:11:00Z,84.995,0.59945,119.975
2026-01-05T17:12:00Z,85.0165,0.60067,120.039
2026-01-05T17:13:00Z,84.9937,0.59954,119.996
2026-01-05T17:14:00Z,85.0281,0.60037,120.007
2026-01-05T17:15:00Z,84.9824,0.60004,119.965
2026-01-05T17:16:00Z,85.0151,0.60034,120.036
2026-01-05T17:17:00Z,84.9774,0.59952,119.958
2026-01-05T17:18:00Z,85.029,0.60053,120.044
2026-01-05T17:19:00Z,84.9835,0.59956,119.957
2026-01-05T17:20:00Z,85.0223,0.60023,120.028
2026-01-05T17:21:00Z,84.9888,0.59979,119.961
2026-01-05T17:22:00Z,85.0315,0.60067,120.035
2026-01-05T17:23:00Z,84.9865,0.59988,119.989
2026-01-05T17:24:00Z,85.0204,0.60041,120.02
2026-01-05T17:25:00Z,84.9819,0.59991,119.989
2026-01-05T17:26:00Z,85.0134,0.60035,120.014
2026-01-05T17:27:00Z,84.9928,0.59957,119.959
2026-01-05T17:28:00Z,85.0061,0.60052,120.048
2026-01-05T17:29:00Z,84.9727,0.59989,119.968
2026-01-05T17:30:00Z,85.0202,0.60045,120.043
2026-01-05T17:31:00Z,84.9789,0.59959,119.978
2026-01-05T17:32:00Z,85.0205,0.60032,120.029
2026-01-05T17:33:00Z,84.9734,0.60003,119.966
2026-01-05T17:34:00Z,85.0264,0.60065,120.009
2026-01-05T17:35:00Z,84.9852,0.59954,119.969
2026-01-05T17:36:00Z,85.0144,0.60052,120.021
2026-01-05T17:37:00Z,84.9719,0.59953,119.984
2026-01-05T17:38:00Z,85.0154,0.60055,120.032
2026-01-05T17:39:00Z,84.9871,0.59931,119.953
2026-01-05T17:40:00Z,85.0245,0.60026,120.044
2026-01-05T17:41:00Z,84.9629,0.59954,119.969
2026-01-05T17:42:00Z,85.0154,0.60042,119.993
2026-01-05T17:43:00Z,84.9724,0.59954,119.956
2026-01-05T17:44:00Z,85.013,0.60012,120.045
2026-01-05T17:45:00Z,84.9954,0.59957,119.988
2026-01-05T17:46:00Z,85.0107,0.60047,120.017
2026-01-05T17:47:00Z,84.9891,0.59953,119.994
2026-01-05T17:48:00Z,85.0105,0.60039,120.05
2026-01-05T17:49:00Z,84.9853,0.59932,119.972
2026-01-05T17:50:00Z,85.0148,0.60048,120.033
2026-01-05T17:51:00Z,84.989,0.59937,119.977
2026-01-05T17:52:00Z,85.0215,0.6003,120.021
2026-01-05T17:53:00Z,84.9834,0.59976,119.992
2026-01-05T17:54:00Z,85.012,0.6006,120.032
2026-01-05T17:55:00Z,84.9948,0.59975,119.978
2026-01-05T17:56:00Z,85.0225,0.60021,120.047
2026-01-05T17:57:00Z,84.995,0.59954,119.976
2026-01-05T17:58:00Z,85.0045,0.60046,120.045
2026-01-05T17:59:00Z,84.9943,0.59983,119.979
2026-01-05T18:00:00Z,85.0175,0.60027,120.029
2026-01-05T18:01:00Z,84.984,0.59946,120.013
2026-01-05T18:02:00Z,85.0066,0.60079,120.026
2026-01-05T18:03:00Z,84.9856,0.59955,119.977
2026-01-05T18:04:00Z,85.0205,0.60028,120.038
2026-01-05T18:05:00Z,84.9837,0.59966,119.97
2026-01-05T18:06:00Z,85.02,0.60048,120.012
2026-01-05T18:07:00Z,84.9875,0.59948,119.975
2026-01-05T18:08:00Z,85.008,0.60046,120.057
2026-01-05T18:09:00Z,84.9944,0.59937,119.98
2026-01-05T18:10:00Z,85.0239,0.60055,120.025
2026-01-05T18:11:00Z,84.9796,0.59975,119.959
2026-01-05T18:12:00Z,85.0241,0.60016,120.016
2026-01-05T18:13:00Z,84.9969,0.59981,119.966
2026-01-05T18:14:00Z,85.0142,0.60067,120.009
2026-01-05T18:15:00Z,84.9702,0.59948,119.971
2026-01-05T18:16:00Z,85.0263,0.60054,120.006
2026-01-05T18:17:00Z,84.974,0.59983,119.981
2026-01-05T18:18:00Z,85.007,0.60062,120.026
2026-01-05T18:19:00Z,84.9779,0.59974,119.967
2026-01-05T18:20:00Z,85.0206,0.60015,120.021
2026-01-05T18:21:00Z,84.975,0.60001,119.96
2026-01-05T18:22:00Z,85.0174,0.60058,120.046
2026-01-05T18:23:00Z,84.9845,0.59943,119.988
2026-01-05T18:24:00Z,85.0109,0.60032,120.032
2026-01-05T18:25:00Z,84.9901,0.59966,119.958
2026-01-05T18:26:00Z,85.0253,0.6006,120.045
2026-01-05T18:27:00Z,84.9815,0.59952,119.968
2026-01-05T18:28:00Z,85.0215,0.6006,120.013
2026-01-05T18:29:00Z,84.992,0.59962,119.968
2026-01-05T18:30:00Z,85.0084,0.60045,120.04
2026-01-05T18:31:00Z,84.9786,0.59971,120.013
2026-01-05T18:32:00Z,85.0284,0.6005,120.053
2026-01-05T18:33:00Z,84.9936,0.5995,119.981
2026-01-05T18:34:00Z,85.0121,0.6002,120.033
2026-01-05T18:35:00Z,84.9871,0.59946,119.948
2026-01-05T18:36:00Z,85.0154,0.60034,120.019
2026-01-05T18:37:00Z,84.9691,0.59994,119.972
2026-01-05T18:38:00Z,85.0233,0.60048,120.043
2026-01-05T18:39:00Z,84.9812,0.59966,119.971
2026-01-05T18:40:00Z,85.0239,0.60034,120.036
2026-01-05T18:41:00Z,84.9772,0.59987,120.002
2026-01-05T18:42:00Z,85.0253,0.60048,120.037
2026-01-05T18:43:00Z,84.9748,0.5996,119.997
2026-01-05T18:44:00Z,85.0099,0.60034,120.025
2026-01-05T18:45:00Z,84.9899,0.59908,119.981
2026-01-05T18:46:00Z,85.0063,0.60061,120.048
2026-01-05T18:47:00Z,84.989,0.5996,119.974
2026-01-05T18:48:00Z,85.0138,0.60041,120.04
2026-01-05T18:49:00Z,84.9761,0.59974,119.99
2026-01-05T18:50:00Z,85.0216,0.60023,120.005
2026-01-05T18:51:00Z,84.9784,0.59982,119.948
2026-01-05T18:52:00Z,85.0198,0.60039,120.043
2026-01-05T18:53:00Z,84.9738,0.59969,119.971
2026-01-05T18:54:00Z,85.0159,0.59987,120.027
2026-01-05T18:55:00Z,84.9869,0.59965,119.951
2026-01-05T18:56:00Z,85.0218,0.60017,120.007
2026-01-05T18:57:00Z,84.988,0.59954,119.996
2026-01-05T18:58:00Z,85.0223,0.60057,120.052
2026-01-05T18:59:00Z,84.9905,0.59987,119.99
2026-01-05T19:00:00Z,85.0252,0.60018,120.029
2026-01-05T19:01:00Z,84.9889,0.59982,119.942
2026-01-05T19:02:00Z,85.0071,0.60045,120.037
2026-01-05T19:03:00Z,84.984,0.59951,119.983
2026-01-05T19:04:00Z,85.0154,0.60065,119.994
2026-01-05T19:05:00Z,84.9798,0.59975,119.975
2026-01-05T19:06:00Z,85.0084,0.6004,120.031
2026-01-05T19:07:00Z,84.9771,0.59935,119.975
2026-01-05T19:08:00Z,85.0179,0.6004,120.024
2026-01-05T19:09:00Z,84.9842,0.59989,119.972
2026-01-05T19:10:00Z,85.0257,0.60067,120.037
2026-01-05T19:11:00Z,84.9761,0.59927,119.946
2026-01-05T19:12:00Z,85.0277,0.60027,120.026
2026-01-05T19:13:00Z,84.9867,0.59948,119.958
2026-01-05T19:14:00Z,85.015,0.60053,120.032
2026-01-05T19:15:00Z,84.9749,0.59936,119.973
2026-01-05T19:16:00Z,85.0203,0.60037,120.042
2026-01-05T19:17:00Z,84.9861,0.59976,119.965
2026-01-05T19:18:00Z,85.0088,0.60051,120.016
2026-01-05T19:19:00Z,84.9932,0.5997,119.976
2026-01-05T19:20:00Z,85.019,0.60037,120.049
2026-01-05T19:21:00Z,84.9784,0.59992,119.971
2026-01-05T19:22:00Z,85.0336,0.60058,120.006
2026-01-05T19:23:00Z,84.9857,0.5995,119.991
2026-01-05T19:24:00Z,85.0054,0.60046,120.024
2026-01-05T19:25:00Z,84.9819,0.5994,119.999
2026-01-05T19:26:00Z,85.014,0.60045,120.013
2026-01-05T19:27:00Z,84.9939,0.59949,119.974
2026-01-05T19:28:00Z,84.9954,0.60042,120.043
2026-01-05T19:29:00Z,84.9913,0.59916,119.976
2026-01-05T19:30:00Z,85.0206,0.6005,120.029
2026-01-05T19:31:00Z,84.9726,0.59959,119.947
2026-01-05T19:32:00Z,85.0298,0.60042,120.015
2026-01-05T19:33:00Z,84.9746,0.59919,119.98
2026-01-05T19:34:00Z,85.0124,0.60084,120.019
2026-01-05T19:35:00Z,84.9655,0.59995,119.979
2026-01-05T19:36:00Z,85.0176,0.60048,120.023
2026-01-05T19:37:00Z,84.9717,0.59948,119.924
2026-01-05T19:38:00Z,85.0207,0.60045,120.039
2026-01-05T19:39:00Z,84.9874,0.59967,119.934
2026-01-05T19:40:00Z,84.9993,0.60022,120.026
2026-01-05T19:41:00Z,84.9773,0.59965,119.97
2026-01-05T19:42:00Z,85.031,0.60022,120.014
2026-01-05T19:43:00Z,84.9787,0.59937,119.966
2026-01-05T19:44:00Z,85.0121,0.6004,120.05
2026-01-05T19:45:00Z,84.99,0.59941,119.958
2026-01-05T19:46:00Z,85.0231,0.60062,119.992
2026-01-05T19:47:00Z,84.9825,0.59968,119.967
2026-01-05T19:48:00Z,85.0163,0.60026,120.002
2026-01-05T19:49:00Z,84.9946,0.59957,119.968
2026-01-05T19:50:00Z,85.0113,0.60043,120.013
2026-01-05T19:51:00Z,84.9834,0.59957,119.981
2026-01-05T19:52:00Z,85.0161,0.60013,120.042
2026-01-05T19:53:00Z,84.9827,0.59951,119.952
2026-01-05T19:54:00Z,85.0133,0.6003,120.014
2026-01-05T19:55:00Z,84.982,0.59952,119.979
2026-01-05T19:56:00Z,85.0359,0.60107,120.073
2026-01-05T19:57:00Z,84.9767,0.59918,119.977
2026-01-05T19:58:00Z,85.0014,0.6002,120.022
2026-01-05T19:59:00Z,84.9855,0.59973,119.947
2026-01-05T20:00:00Z,85.0138,0.6005,120.044
2026-01-05T20:01:00Z,84.9971,0.5995,119.969
2026-01-05T20:02:00Z,85.0147,0.60047,120.02
2026-01-05T20:03:00Z,84.9841,0.59979,119.957
2026-01-05T20:04:00Z,85.0155,0.6007,120.029
2026-01-05T20:05:00Z,84.9748,0.5991,119.977
2026-01-05T20:06:00Z,85.0168,0.59986,120.02
2026-01-05T20:07:00Z,84.991,0.59966,119.958
2026-01-05T20:08:00Z,85.017,0.60056,120.02
2026-01-05T20:09:00Z,84.9782,0.59997,119.981
2026-01-05T20:10:00Z,85.0092,0.60014,120.009
2026-01-05T20:11:00Z,84.9938,0.59993,119.953
2026-01-05T20:12:00Z,85.004,0.60046,120.026
2026-01-05T20:13:00Z,84.9824,0.59963,119.985
2026-01-05T20:14:00Z,85.0167,0.60069,120.058
2026-01-05T20:15:00Z,84.9733,0.59945,119.963
2026-01-05T20:16:00Z,84.9954,0.60071,120.022
2026-01-05T20:17:00Z,85.0027,0.59938,119.989
2026-01-05T20:18:00Z,85.0016,0.60022,120.013
2026-01-05T20:19:00Z,84.9836,0.5995,119.97
2026-01-05T20:20:00Z,85.0227,0.60052,120.023
2026-01-05T20:21:00Z,84.9908,0.59969,119.962
2026-01-05T20:22:00Z,85.0192,0.60042,120.023
2026-01-05T20:23:00Z,84.9768,0.59984,119.97
2026-01-05T20:24:00Z,85.0018,0.60024,120.041
2026-01-05T20:25:00Z,84.9758,0.59921,119.952
2026-01-05T20:26:00Z,85.0196,0.6003,120.022
2026-01-05T20:27:00Z,84.9891,0.59984,119.952
2026-01-05T20:28:00Z,85.0131,0.60067,120.032
2026-01-05T20:29:00Z,84.9707,0.59967,119.981
2026-01-05T20:30:00Z,85.0189,0.60024,120.027
2026-01-05T20:31:00Z,84.9952,0.59955,119.972
2026-01-05T20:32:00Z,85.0295,0.60058,120.034
2026-01-05T20:33:00Z,84.9821,0.59965,119.98
2026-01-05T20:34:00Z,85.0125,0.60061,120.03
2026-01-05T20:35:00Z,84.9934,0.59933,119.981
2026-01-05T20:36:00Z,85.0238,0.6003,120.032
2026-01-05T20:37:00Z,84.9724,0.59944,119.98
2026-01-05T20:38:00Z,85.0095,0.60012,120.033
2026-01-05T20:39:00Z,84.9858,0.59981,119.963
2026-01-05T20:40:00Z,85.0151,0.60037,120.028
2026-01-05T20:41:00Z,84.9846,0.59931,119.973
2026-01-05T20:42:00Z,85.012,0.60058,120.041
2026-01-05T20:43:00Z,84.9972,0.59942,119.967
2026-01-05T20:44:00Z,85.0228,0.60032,120.034
2026-01-05T20:45:00Z,84.9796,0.59967,119.976
2026-01-05T20:46:00Z,85.0271,0.60026,120.048
2026-01-05T20:47:00Z,84.9903,0.59979,119.986
2026-01-05T20:48:00Z,85.0206,0.60055,120.06
2026-01-05T20:49:00Z,84.9698,0.59946,119.978
2026-01-05T20:50:00Z,85.0197,0.60034,120.04
2026-01-05T20:51:00Z,84.9989,0.59948,119.97
2026-01-05T20:52:00Z,85.0163,0.60038,120.038
2026-01-05T20:53:00Z,84.9927,0.59951,119.975
2026-01-05T20:54:00Z,85.017,0.60018,120.051
2026-01-05T20:55:00Z,84.9848,0.59955,119.965
2026-01-05T20:56:00Z,85.0096,0.60031,120.028
2026-01-05T20:57:00Z,84.9802,0.59985,119.959
2026-01-05T20:58:00Z,85.0206,0.60047,120.026
2026-01-05T20:59:00Z,84.9883,0.59973,119.974
2026-01-05T21:00:00Z,85.0208,0.60054,120.049
2026-01-05T21:01:00Z,84.9749,0.5998,119.961
2026-01-05T21:02:00Z,85.0279,0.60067,120.011
2026-01-05T21:03:00Z,84.9892,0.5996,119.952
2026-01-05T21:04:00Z,85.0094,0.60035,120.027
2026-01-05T21:05:00Z,84.9847,0.5996,119.966
2026-01-05T21:06:00Z,85.0194,0.60062,120.055
2026-01-05T21:07:00Z,84.9801,0.59975,119.969
2026-01-05T21:08:00Z,85.0185,0.60042,120.023
2026-01-05T21:09:00Z,84.9825,0.59952,119.982
2026-01-05T21:10:00Z,85.0069,0.60044,120.035
2026-01-05T21:11:00Z,84.9891,0.59987,119.95
2026-01-05T21:12:00Z,85.0216,0.6006,120.065
2026-01-05T21:13:00Z,84.9811,0.59964,119.989
2026-01-05T21:14:00Z,85.0214,0.60053,120.019
2026-01-05T21:15:00Z,84.9841,0.59944,119.98
2026-01-05T21:16:00Z,85.0089,0.60055,120.036
2026-01-05T21:17:00Z,84.9932,0.59966,119.961
2026-01-05T21:18:00Z,85.0239,0.60021,120.0
2026-01-05T21:19:00Z,84.9815,0.59981,119.976
2026-01-05T21:20:00Z,85.0209,0.60047,120.027
2026-01-05T21:21:00Z,84.9798,0.59992,119.966
2026-01-05T21:22:00Z,85.014,0.60039,120.042
2026-01-05T21:23:00Z,84.9918,0.59959,119.964
2026-01-05T21:24:00Z,85.0033,0.60051,120.04
2026-01-05T21:25:00Z,84.9784,0.59932,119.968
2026-01-05T21:26:00Z,85.0142,0.60081,120.027
2026-01-05T21:27:00Z,84.9873,0.5997,119.975
2026-01-05T21:28:00Z,85.0194,0.60042,120.027
2026-01-05T21:29:00Z,84.9817,0.59961,119.94
2026-01-05T21:30:00Z,85.0202,0.60039,120.037
2026-01-05T21:31:00Z,84.9802,0.59941,119.954
2026-01-05T21:32:00Z,85.0167,0.60035,120.03
2026-01-05T21:33:00Z,84.9873,0.59964,119.97
2026-01-05T21:34:00Z,85.0158,0.60014,120.051
2026-01-05T21:35:00Z,84.9887,0.59993,119.943
2026-01-05T21:36:00Z,85.027,0.60047,120.02
2026-01-05T21:37:00Z,84.9966,0.59968,119.961
2026-01-05T21:38:00Z,85.0194,0.60044,120.026
2026-01-05T21:39:00Z,84.9904,0.59942,119.949
2026-01-05T21:40:00Z,85.0095,0.60049,120.009
2026-01-05T21:41:00Z,84.9753,0.59935,119.977
2026-01-05T21:42:00Z,85.0129,0.60041,120.012
2026-01-05T21:43:00Z,84.9836,0.59954,119.966
2026-01-05T21:44:00Z,85.0225,0.60042,120.002
2026-01-05T21:45:00Z,84.9882,0.6,120.002
2026-01-05T21:46:00Z,85.0094,0.60047,119.995
2026-01-05T21:47:00Z,84.9708,0.59998,119.964
2026-01-05T21:48:00Z,85.0128,0.60028,120.039
2026-01-05T21:49:00Z,84.9804,0.59973,119.992
2026-01-05T21:50:00Z,85.0103,0.60037,120.045
2026-01-05T21:51:00Z,84.9842,0.59924,119.992
2026-01-05T21:52:00Z,85.0191,0.6005,120.036
2026-01-05T21:53:00Z,84.9808,0.59967,119.955
2026-01-05T21:54:00Z,85.0293,0.60077,120.026
2026-01-05T21:55:00Z,84.9803,0.59947,119.952
2026-01-05T21:56:00Z,85.0131,0.6008,120.048
2026-01-05T21:57:00Z,84.9883,0.59942,119.936
2026-01-05T21:58:00Z,85.0276,0.60037,120.023
2026-01-05T21:59:00Z,84.9941,0.59932,119.955
2026-01-05T22:00:00Z,85.0078,0.60039,120.043
2026-01-05T22:01:00Z,84.9784,0.5993,119.983
2026-01-05T22:02:00Z,85.0118,0.60077,120.043
2026-01-05T22:03:00Z,84.9892,0.59934,119.981
2026-01-05T22:04:00Z,85.0094,0.60034,120.02
2026-01-05T22:05:00Z,84.9979,0.59974,119.976
2026-01-05T22:06:00Z,85.0128,0.60023,120.034
2026-01-05T22:07:00Z,84.9841,0.59927,119.99
2026-01-05T22:08:00Z,85.0134,0.6003,120.006
2026-01-05T22:09:00Z,84.9715,0.59965,119.988
2026-01-05T22:10:00Z,85.0053,0.60011,120.064
2026-01-05T22:11:00Z,84.9832,0.59948,119.95
2026-01-05T22:12:00Z,85.0212,0.60035,120.051
2026-01-05T22:13:00Z,84.9902,0.59962,119.97
2026-01-05T22:14:00Z,85.0058,0.60038,120.037
2026-01-05T22:15:00Z,84.9903,0.59982,119.967
2026-01-05T22:16:00Z,85.0193,0.60064,120.001
2026-01-05T22:17:00Z,85.0011,0.59948,119.959
2026-01-05T22:18:00Z,85.0102,0.60065,120.002
2026-01-05T22:19:00Z,84.9832,0.59966,119.979
2026-01-05T22:20:00Z,85.0299,0.60075,120.034
2026-01-05T22:21:00Z,84.9701,0.5998,119.973
2026-01-05T22:22:00Z,85.0111,0.60029,120.025
2026-01-05T22:23:00Z,84.9775,0.5992,119.961
2026-01-05T22:24:00Z,85.008,0.60047,120.027
2026-01-05T22:25:00Z,84.989,0.59967,119.963
2026-01-05T22:26:00Z,85.0268,0.60026,120.046
2026-01-05T22:27:00Z,84.9834,0.59968,119.982
2026-01-05T22:28:00Z,85.0377,0.60024,120.031
2026-01-05T22:29:00Z,84.9877,0.59974,119.981
2026-01-05T22:30:00Z,85.0119,0.6006,120.033
2026-01-05T22:31:00Z,84.9806,0.59972,119.962
2026-01-05T22:32:00Z,84.9971,0.60021,120.042
2026-01-05T22:33:00Z,84.9819,0.59953,119.985
2026-01-05T22:34:00Z,85.0113,0.60019,120.048
2026-01-05T22:35:00Z,84.983,0.59947,119.993
2026-01-05T22:36:00Z,85.0283,0.60047,120.026
2026-01-05T22:37:00Z,84.9848,0.59935,119.978
2026-01-05T22:38:00Z,85.017,0.60048,120.03
2026-01-05T22:39:00Z,84.992,0.59936,119.957
2026-01-05T22:40:00Z,85.0092,0.60054,120.026
2026-01-05T22:41:00Z,84.979,0.59933,119.952
2026-01-05T22:42:00Z,85.0178,0.6004,120.026
2026-01-05T22:43:00Z,84.9797,0.59957,119.924
2026-01-05T22:44:00Z,85.0131,0.60051,120.027
2026-01-05T22:45:00Z,84.9729,0.59977,119.969
2026-01-05T22:46:00Z,85.0072,0.60019,120.018
2026-01-05T22:47:00Z,84.9793,0.5997,119.978
2026-01-05T22:48:00Z,85.0212,0.60045,120.03
2026-01-05T22:49:00Z,84.9904,0.59971,119.969
2026-01-05T22:50:00Z,85.0143,0.60036,120.027
2026-01-05T22:51:00Z,84.9813,0.59953,119.989
2026-01-05T22:52:00Z,85.019,0.60024,120.037
2026-01-05T22:53:00Z,84.981,0.59956,119.948
2026-01-05T22:54:00Z,85.0198,0.60019,120.032
2026-01-05T22:55:00Z,84.9816,0.59985,119.957
2026-01-05T22:56:00Z,85.0052,0.6003,120.053
2026-01-05T22:57:00Z,84.9792,0.59998,120.007
2026-01-05T22:58:00Z,85.014,0.60024,120.033
2026-01-05T22:59:00Z,84.9804,0.59942,119.97
2026-01-05T23:00:00Z,85.0195,0.60059,120.034
2026-01-05T23:01:00Z,84.9804,0.59981,119.96
2026-01-05T23:02:00Z,85.0017,0.60031,120.011
2026-01-05T23:03:00Z,84.975,0.59959,119.97
2026-01-05T23:04:00Z,85.0098,0.60057,120.028
2026-01-05T23:05:00Z,84.9857,0.59944,119.983
2026-01-05T23:06:00Z,85.008,0.6007,120.023
2026-01-05T23:07:00Z,84.9883,0.59973,119.973
2026-01-05T23:08:00Z,85.0106,0.6002,120.042
2026-01-05T23:09:00Z,85.0005,0.59959,119.959
2026-01-05T23:10:00Z,85.0145,0.6006,120.047
2026-01-05T23:11:00Z,84.981,0.59973,119.95
2026-01-05T23:12:00Z,85.0172,0.6004,120.04
2026-01-05T23:13:00Z,84.9796,0.59986,119.96
2026-01-05T23:14:00Z,85.0186,0.60028,120.02
2026-01-05T23:15:00Z,84.9747,0.59979,119.986
2026-01-05T23:16:00Z,85.0057,0.60038,120.047
2026-01-05T23:17:00Z,84.9844,0.5997,119.987
2026-01-05T23:18:00Z,85.0164,0.60044,120.034
2026-01-05T23:19:00Z,84.9888,0.59978,119.979
2026-01-05T23:20:00Z,85.0196,0.60038,119.995
2026-01-05T23:21:00Z,84.9797,0.59956,119.991
2026-01-05T23:22:00Z,85.0192,0.6001,120.034
2026-01-05T23:23:00Z,84.9879,0.59929,119.958
2026-01-05T23:24:00Z,85.0062,0.60065,120.06
2026-01-05T23:25:00Z,84.9848,0.59963,119.996
2026-01-05T23:26:00Z,85.0039,0.60044,120.054
2026-01-05T23:27:00Z,85.0002,0.59971,119.967
2026-01-05T23:28:00Z,85.0117,0.60068,120.04
2026-01-05T23:29:00Z,84.9733,0.59968,119.957
2026-01-05T23:30:00Z,85.0041,0.60025,120.0
2026-01-05T23:31:00Z,84.964,0.59959,119.962
2026-01-05T23:32:00Z,85.0035,0.60025,120.017
2026-01-05T23:33:00Z,84.991,0.59967,119.961
2026-01-05T23:34:00Z,85.0189,0.60051,120.028
2026-01-05T23:35:00Z,84.9842,0.59965,120.002
2026-01-05T23:36:00Z,85.0024,0.60038,120.035
2026-01-05T23:37:00Z,84.9905,0.59966,119.942
2026-01-05T23:38:00Z,85.0226,0.60063,120.067
2026-01-05T23:39:00Z,84.9828,0.59962,119.975
2026-01-05T23:40:00Z,85.0055,0.60001,120.04
2026-01-05T23:41:00Z,84.9706,0.59968,119.979
2026-01-05T23:42:00Z,85.0057,0.60038,120.046
2026-01-05T23:43:00Z,84.9802,0.59982,119.978
2026-01-05T23:44:00Z,85.0234,0.60069,120.037
2026-01-05T23:45:00Z,84.9808,0.59965,119.959
2026-01-05T23:46:00Z,85.0079,0.60065,120.033
2026-01-05T23:47:00Z,84.9966,0.59942,119.991
2026-01-05T23:48:00Z,85.0085,0.60016,120.021
2026-01-05T23:49:00Z,84.9872,0.59951,119.953
2026-01-05T23:50:00Z,85.0264,0.60044,120.032
2026-01-05T23:51:00Z,84.9708,0.59947,119.983
2026-01-05T23:52:00Z,85.0152,0.60035,120.044
2026-01-05T23:53:00Z,84.9847,0.59977,119.967
2026-01-05T23:54:00Z,85.026,0.60001,120.014
2026-01-05T23:55:00Z,84.9849,0.59971,119.979
2026-01-05T23:56:00Z,85.0074,0.60006,120.036
2026-01-05T23:57:00Z,84.9929,0.59922,119.952
2026-01-05T23:58:00Z,85.0203,0.60021,120.016
2026-01-05T23:59:00Z,85.0038,0.59984,119.971
2026-01-06T00:00:00Z,85.0058,0.60079,120.041
2026-01-06T00:01:00Z,84.9758,0.59962,119.973
2026-01-06T00:02:00Z,85.0214,0.60101,120.027
2026-01-06T00:03:00Z,84.9877,0.59961,119.969
2026-01-06T00:04:00Z,85.0142,0.60042,120.038
2026-01-06T00:05:00Z,84.9806,0.6,119.984
2026-01-06T00:06:00Z,85.0068,0.60015,120.043
2026-01-06T00:07:00Z,84.9869,0.59952,119.976
2026-01-06T00:08:00Z,85.0197,0.60025,120.022
2026-01-06T00:09:00Z,84.9888,0.59952,119.985
2026-01-06T00:10:00Z,85.0098,0.60037,120.045
2026-01-06T00:11:00Z,84.9988,0.59942,119.982
2026-01-06T00:12:00Z,85.0232,0.6002,120.034
2026-01-06T00:13:00Z,84.9839,0.59957,119.978
2026-01-06T00:14:00Z,85.0027,0.60002,120.046
2026-01-06T00:15:00Z,84.9802,0.59949,119.973
2026-01-06T00:16:00Z,85.0103,0.6005,120.011
2026-01-06T00:17:00Z,84.9836,0.59977,119.969
2026-01-06T00:18:00Z,85.0196,0.60055,120.056
2026-01-06T00:19:00Z,84.9884,0.59944,119.977
2026-01-06T00:20:00Z,85.0115,0.60011,120.023
2026-01-06T00:21:00Z,84.9787,0.59969,119.961
2026-01-06T00:22:00Z,85.0214,0.60035,120.027
2026-01-06T00:23:00Z,84.994,0.59927,119.959
2026-01-06T00:24:00Z,85.0286,0.60052,120.048
2026-01-06T00:25:00Z,84.9901,0.59967,119.987
2026-01-06T00:26:00Z,85.0215,0.60052,120.017
2026-01-06T00:27:00Z,84.9779,0.59958,119.974
2026-01-06T00:28:00Z,85.0147,0.60021,120.02
2026-01-06T00:29:00Z,84.9882,0.59933,119.976
2026-01-06T00:30:00Z,85.0042,0.60048,120.018
2026-01-06T00:31:00Z,84.9792,0.59982,119.969
2026-01-06T00:32:00Z,85.0037,0.60044,120.034
2026-01-06T00:33:00Z,84.9612,0.59951,119.983
2026-01-06T00:34:00Z,85.0197,0.60041,120.054
2026-01-06T00:35:00Z,84.9855,0.59973,119.97
2026-01-06T00:36:00Z,85.0231,0.60048,120.048
2026-01-06T00:37:00Z,84.9826,0.59996,119.978
2026-01-06T00:38:00Z,85.0134,0.60006,120.053
2026-01-06T00:39:00Z,84.9952,0.59972,119.973
2026-01-06T00:40:00Z,85.0354,0.60044,120.037
2026-01-06T00:41:00Z,84.9855,0.59937,119.966
2026-01-06T00:42:00Z,85.0014,0.60041,120.027
2026-01-06T00:43:00Z,84.9824,0.59936,119.971
2026-01-06T00:44:00Z,84.9887,0.60041,120.028
2026-01-06T00:45:00Z,84.9873,0.59926,119.99
2026-01-06T00:46:00Z,85.0124,0.60041,120.049
2026-01-06T00:47:00Z,84.9756,0.59982,120.001
2026-01-06T00:48:00Z,85.0178,0.60029,120.025
2026-01-06T00:49:00Z,84.9885,0.59935,119.981
2026-01-06T00:50:00Z,85.0065,0.60031,120.028
2026-01-06T00:51:00Z,84.99,0.59964,119.967
2026-01-06T00:52:00Z,85.0193,0.60011,120.048
2026-01-06T00:53:00Z,84.9894,0.59959,119.963
2026-01-06T00:54:00Z,85.0147,0.60051,120.046
2026-01-06T00:55:00Z,84.9811,0.59982,119.954
2026-01-06T00:56:00Z,85.021,0.60057,120.017
2026-01-06T00:57:00Z,84.9849,0.59963,119.988
2026-01-06T00:58:00Z,85.0116,0.60014,120.011
2026-01-06T00:59:00Z,84.9846,0.59955,119.964
2026-01-06T01:00:00Z,85.0061,0.60016,120.042
2026-01-06T01:01:00Z,84.9906,0.59975,119.987
2026-01-06T01:02:00Z,85.027,0.60034,120.034
2026-01-06T01:03:00Z,84.9847,0.59963,119.987
2026-01-06T01:04:00Z,85.0157,0.60034,120.032
2026-01-06T01:05:00Z,84.9933,0.59972,119.958
2026-01-06T01:06:00Z,85.0195,0.60043,120.052
2026-01-06T01:07:00Z,84.986,0.59966,119.976
2026-01-06T01:08:00Z,85.0217,0.60013,120.038
2026-01-06T01:09:00Z,84.9766,0.59984,119.976
2026-01-06T01:10:00Z,85.0362,0.60038,119.999
2026-01-06T01:11:00Z,84.9866,0.5995,119.979
2026-01-06T01:12:00Z,85.0039,0.60061,120.037
2026-01-06T01:13:00Z,84.9928,0.59929,119.986
2026-01-06T01:14:00Z,85.0141,0.60015,120.032
2026-01-06T01:15:00Z,84.9894,0.5996,119.939
2026-01-06T01:16:00Z,85.0108,0.60027,120.025
2026-01-06T01:17:00Z,84.9782,0.5994,119.988
2026-01-06T01:18:00Z,85.024,0.60028,120.021
2026-01-06T01:19:00Z,84.99,0.59989,119.965
2026-01-06T01:20:00Z,85.0194,0.60016,120.023
2026-01-06T01:21:00Z,84.9863,0.59969,119.959
2026-01-06T01:22:00Z,85.0288,0.6005,120.001
2026-01-06T01:23:00Z,84.9938,0.59978,119.999
2026-01-06T01:24:00Z,85.0203,0.60021,120.031
2026-01-06T01:25:00Z,84.9741,0.59972,119.947
2026-01-06T01:26:00Z,85.0224,0.60021,120.043
2026-01-06T01:27:00Z,84.9977,0.59965,119.978
2026-01-06T01:28:00Z,85.0096,0.60002,120.06
2026-01-06T01:29:00Z,84.987,0.59932,119.956
2026-01-06T01:30:00Z,85.0268,0.60027,120.041
2026-01-06T01:31:00Z,84.9748,0.59996,119.957
2026-01-06T01:32:00Z,85.012,0.60077,120.026
2026-01-06T01:33:00Z,84.9788,0.60003,119.978
2026-01-06T01:34:00Z,85.0298,0.60093,120.016
2026-01-06T01:35:00Z,84.9795,0.59956,119.949
2026-01-06T01:36:00Z,85.0131,0.60046,120.024
2026-01-06T01:37:00Z,84.9906,0.59987,119.968
2026-01-06T01:38:00Z,85.013,0.60036,120.042
2026-01-06T01:39:00Z,84.9742,0.59951,119.968
2026-01-06T01:40:00Z,85.0186,0.60058,120.016
2026-01-06T01:41:00Z,84.9881,0.59966,119.97
2026-01-06T01:42:00Z,85.0164,0.6003,120.037
2026-01-06T01:43:00Z,84.9802,0.59929,119.95
2026-01-06T01:44:00Z,85.0227,0.60036,120.024
2026-01-06T01:45:00Z,84.9881,0.59964,119.978
2026-01-06T01:46:00Z,85.0113,0.59997,120.038
2026-01-06T01:47:00Z,84.9771,0.59948,119.981
2026-01-06T01:48:00Z,85.0165,0.60054,120.024
2026-01-06T01:49:00Z,84.9793,0.59971,119.98
2026-01-06T01:50:00Z,85.0094,0.60034,120.038
2026-01-06T01:51:00Z,84.9868,0.59972,119.964
2026-01-06T01:52:00Z,85.022,0.60024,120.036
2026-01-06T01:53:00Z,84.9884,0.59963,119.962
2026-01-06T01:54:00Z,85.0156,0.60046,120.023
2026-01-06T01:55:00Z,84.9844,0.59954,119.973
2026-01-06T01:56:00Z,85.0254,0.60037,120.063
2026-01-06T01:57:00Z,84.9815,0.59939,119.973
2026-01-06T01:58:00Z,85.0133,0.60069,120.039
2026-01-06T01:59:00Z,84.9875,0.59953,119.977
2026-01-06T02:00:00Z,85.0125,0.60055,120.024
2026-01-06T02:01:00Z,84.9928,0.59982,119.984
2026-01-06T02:02:00Z,85.0152,0.60044,120.021
2026-01-06T02:03:00Z,84.9875,0.59956,119.95
2026-01-06T02:04:00Z,85.0183,0.60056,120.022
2026-01-06T02:05:00Z,84.984,0.59958,119.985
2026-01-06T02:06:00Z,85.0131,0.60038,120.02
2026-01-06T02:07:00Z,84.9775,0.59955,119.998
2026-01-06T02:08:00Z,85.007,0.60041,120.041
2026-01-06T02:09:00Z,84.9808,0.59958,119.976
2026-01-06T02:10:00Z,85.0103,0.60065,120.021
2026-01-06T02:11:00Z,84.9898,0.59942,119.973
2026-01-06T02:12:00Z,85.0158,0.60028,120.011
2026-01-06T02:13:00Z,84.9836,0.59967,119.942
2026-01-06T02:14:00Z,85.0176,0.60023,120.044
2026-01-06T02:15:00Z,84.9689,0.59989,119.975
2026-01-06T02:16:00Z,85.0119,0.60036,120.063
2026-01-06T02:17:00Z,85.0023,0.59955,119.967
2026-01-06T02:18:00Z,85.0192,0.59997,120.035
2026-01-06T02:19:00Z,84.9847,0.59942,119.962
2026-01-06T02:20:00Z,85.0246,0.60053,120.034
2026-01-06T02:21:00Z,84.9903,0.59986,119.967
2026-01-06T02:22:00Z,85.0153,0.60019,120.048
2026-01-06T02:23:00Z,84.9719,0.59941,119.971
2026-01-06T02:24:00Z,85.0089,0.60008,120.028
2026-01-06T02:25:00Z,84.9705,0.59937,119.948
2026-01-06T02:26:00Z,85.0064,0.60064,120.026
2026-01-06T02:27:00Z,84.9783,0.59923,119.961
2026-01-06T02:28:00Z,85.0204,0.6007,120.048
2026-01-06T02:29:00Z,84.9981,0.59968,119.979
2026-01-06T02:30:00Z,85.0338,0.60049,120.019
2026-01-06T02:31:00Z,84.9825,0.59925,119.972
2026-01-06T02:32:00Z,85.0243,0.60053,120.015
2026-01-06T02:33:00Z,84.9832,0.59952,119.991
2026-01-06T02:34:00Z,85.0047,0.60062,120.028
2026-01-06T02:35:00Z,84.9788,0.59979,119.995
2026-01-06T02:36:00Z,85.0167,0.6001,120.033
2026-01-06T02:37:00Z,84.992,0.59964,119.991
2026-01-06T02:38:00Z,85.0108,0.60064,120.022
2026-01-06T02:39:00Z,84.9915,0.59927,119.982
2026-01-06T02:40:00Z,85.0058,0.60064,120.055
2026-01-06T02:41:00Z,84.9683,0.59942,119.983
2026-01-06T02:42:00Z,85.0207,0.6006,120.041
2026-01-06T02:43:00Z,84.9898,0.59982,119.941
2026-01-06T02:44:00Z,85.0061,0.60043,120.045
2026-01-06T02:45:00Z,84.9889,0.59962,119.961
2026-01-06T02:46:00Z,85.0193,0.60066,120.029
2026-01-06T02:47:00Z,84.9805,0.59957,119.975
2026-01-06T02:48:00Z,85.016,0.60053,120.028
2026-01-06T02:49:00Z,85.0055,0.59956,119.966
2026-01-06T02:50:00Z,85.0292,0.60047,120.014
2026-01-06T02:51:00Z,84.9744,0.59985,119.962
2026-01-06T02:52:00Z,85.0201,0.60033,120.006
2026-01-06T02:53:00Z,84.9884,0.59973,119.968
2026-01-06T02:54:00Z,85.0244,0.60053,120.052
2026-01-06T02:55:00Z,84.9686,0.59978,119.999
2026-01-06T02:56:00Z,85.0251,0.60019,120.027
2026-01-06T02:57:00Z,84.9789,0.59941,119.949
2026-01-06T02:58:00Z,85.0068,0.60039,120.062
2026-01-06T02:59:00Z,84.9915,0.5995,119.946
2026-01-06T03:00:00Z,85.0123,0.60069,120.015
2026-01-06T03:01:00Z,84.9901,0.59976,119.996
2026-01-06T03:02:00Z,85.0116,0.60013,120.049
2026-01-06T03:03:00Z,84.9997,0.59954,119.972
2026-01-06T03:04:00Z,85.0025,0.60036,120.034
2026-01-06T03:05:00Z,85.0023,0.59958,119.954
2026-01-06T03:06:00Z,85.0007,0.60017,120.038
2026-01-06T03:07:00Z,84.9805,0.59973,119.986
2026-01-06T03:08:00Z,85.0172,0.60038,120.049
2026-01-06T03:09:00Z,84.9941,0.59971,119.988
2026-01-06T03:10:00Z,85.0191,0.60052,120.019
2026-01-06T03:11:00Z,84.9985,0.59948,119.982
2026-01-06T03:12:00Z,85.0157,0.60014,120.022
2026-01-06T03:13:00Z,84.9918,0.5996,119.973
2026-01-06T03:14:00Z,85.0178,0.60057,120.031
2026-01-06T03:15:00Z,84.9923,0.59922,119.961
2026-01-06T03:16:00Z,85.0059,0.60035,120.05
2026-01-06T03:17:00Z,84.9791,0.59987,120.019
2026-01-06T03:18:00Z,85.0177,0.60037,120.042
2026-01-06T03:19:00Z,84.9839,0.59969,119.982
2026-01-06T03:20:00Z,85.0182,0.6005,120.024
2026-01-06T03:21:00Z,84.9888,0.59967,119.974
2026-01-06T03:22:00Z,85.0094,0.60045,120.02
2026-01-06T03:23:00Z,84.998,0.59972,119.949
2026-01-06T03:24:00Z,85.0154,0.60042,120.0
2026-01-06T03:25:00Z,84.9737,0.5993,119.987
2026-01-06T03:26:00Z,85.037,0.60047,119.999
2026-01-06T03:27:00Z,84.9832,0.5995,119.987
2026-01-06T03:28:00Z,85.0058,0.60021,119.991
2026-01-06T03:29:00Z,84.9788,0.59979,119.994
2026-01-06T03:30:00Z,85.0302,0.60029,120.046
2026-01-06T03:31:00Z,84.9852,0.59964,119.954
2026-01-06T03:32:00Z,85.0204,0.60066,120.031
2026-01-06T03:33:00Z,84.98,0.59936,119.942
2026-01-06T03:34:00Z,85.025,0.60045,120.03
2026-01-06T03:35:00Z,84.9833,0.59968,119.979
2026-01-06T03:36:00Z,85.0076,0.59986,120.016
2026-01-06T03:37:00Z,84.981,0.59938,119.973
2026-01-06T03:38:00Z,85.0003,0.60032,120.033
2026-01-06T03:39:00Z,84.9747,0.59992,119.933
2026-01-06T03:40:00Z,85.0224,0.60078,120.0
2026-01-06T03:41:00Z,84.9739,0.59954,119.977
2026-01-06T03:42:00Z,85.0181,0.60021,120.048
2026-01-06T03:43:00Z,84.9769,0.59997,119.967
2026-01-06T03:44:00Z,85.0237,0.59991,120.015
2026-01-06T03:45:00Z,84.9789,0.59919,119.978
2026-01-06T03:46:00Z,85.0083,0.60058,120.026
2026-01-06T03:47:00Z,84.9921,0.59965,119.937
2026-01-06T03:48:00Z,85.0093,0.60065,120.011
2026-01-06T03:49:00Z,84.9749,0.5994,119.985
2026-01-06T03:50:00Z,85.0075,0.60036,120.061
2026-01-06T03:51:00Z,84.9839,0.59949,119.972
2026-01-06T03:52:00Z,85.0193,0.60021,120.025
2026-01-06T03:53:00Z,84.9827,0.59949,120.009
2026-01-06T03:54:00Z,85.0123,0.60049,120.044
2026-01-06T03:55:00Z,84.9907,0.59935,119.952
2026-01-06T03:56:00Z,85.0147,0.6007,120.066
2026-01-06T03:57:00Z,84.9959,0.59997,119.957
2026-01-06T03:58:00Z,85.0205,0.60055,120.055
2026-01-06T03:59:00Z,84.9877,0.59956,119.984
2026-01-06T04:00:00Z,85.0219,0.60073,120.05
2026-01-06T04:01:00Z,84.991,0.59962,119.947
2026-01-06T04:02:00Z,85.0111,0.60044,120.048
2026-01-06T04:03:00Z,84.9903,0.59976,119.981
2026-01-06T04:04:00Z,85.018,0.60039,120.041
2026-01-06T04:05:00Z,84.9807,0.59937,119.96
2026-01-06T04:06:00Z,85.0188,0.6007,120.007
2026-01-06T04:07:00Z,84.9897,0.59983,119.969
2026-01-06T04:08:00Z,85.0092,0.60016,120.014
2026-01-06T04:09:00Z,84.9738,0.59922,119.972
2026-01-06T04:10:00Z,85.0068,0.60007,120.013
2026-01-06T04:11:00Z,84.9937,0.59966,119.962
2026-01-06T04:12:00Z,85.0199,0.60042,120.029
2026-01-06T04:13:00Z,84.9673,0.59978,119.977
2026-01-06T04:14:00Z,85.0196,0.60035,120.004
2026-01-06T04:15:00Z,84.9776,0.59966,119.97
2026-01-06T04:16:00Z,85.0237,0.60033,120.043
2026-01-06T04:17:00Z,84.9828,0.59965,119.968
2026-01-06T04:18:00Z,85.0234,0.6,120.037
2026-01-06T04:19:00Z,84.9808,0.5995,119.957
2026-01-06T04:20:00Z,85.0184,0.60051,120.056
2026-01-06T04:21:00Z,84.9774,0.59984,119.965
2026-01-06T04:22:00Z,85.0072,0.60043,120.048
2026-01-06T04:23:00Z,84.9911,0.59939,119.967
2026-01-06T04:24:00Z,85.0058,0.60015,120.035
2026-01-06T04:25:00Z,84.9857,0.59976,119.974
2026-01-06T04:26:00Z,85.0178,0.6006,120.037
2026-01-06T04:27:00Z,84.9704,0.59961,119.972
2026-01-06T04:28:00Z,85.0201,0.60031,120.047
2026-01-06T04:29:00Z,84.9898,0.5996,119.971
2026-01-06T04:30:00Z,85.0243,0.60028,120.027
2026-01-06T04:31:00Z,84.9838,0.59954,119.966
2026-01-06T04:32:00Z,85.0264,0.60022,120.032
2026-01-06T04:33:00Z,84.9756,0.5997,119.947
2026-01-06T04:34:00Z,84.9993,0.6001,120.027
2026-01-06T04:35:00Z,84.9791,0.6,119.968
2026-01-06T04:36:00Z,85.0294,0.60042,120.057
2026-01-06T04:37:00Z,84.9916,0.59948,119.957
2026-01-06T04:38:00Z,85.0172,0.60045,119.994
2026-01-06T04:39:00Z,84.9918,0.59968,119.967
2026-01-06T04:40:00Z,85.0097,0.60044,120.06
2026-01-06T04:41:00Z,84.9709,0.59983,119.977
2026-01-06T04:42:00Z,85.014,0.60056,120.034
2026-01-06T04:43:00Z,84.9808,0.59948,119.98
2026-01-06T04:44:00Z,85.0165,0.60064,120.028
2026-01-06T04:45:00Z,84.9856,0.59983,119.99
2026-01-06T04:46:00Z,85.0182,0.60006,120.018
2026-01-06T04:47:00Z,84.9734,0.59949,119.975
2026-01-06T04:48:00Z,85.0296,0.60028,120.025
2026-01-06T04:49:00Z,84.9791,0.59956,119.946
2026-01-06T04:50:00Z,85.0245,0.60031,120.002
2026-01-06T04:51:00Z,84.9771,0.5994,119.987
2026-01-06T04:52:00Z,85.0291,0.60056,120.063
2026-01-06T04:53:00Z,84.9908,0.59947,119.965
2026-01-06T04:54:00Z,85.0031,0.60046,120.043
2026-01-06T04:55:00Z,84.9588,0.59959,119.947
2026-01-06T04:56:00Z,85.0223,0.60037,120.031
2026-01-06T04:57:00Z,84.977,0.59946,119.946
2026-01-06T04:58:00Z,85.0223,0.6004,120.008
2026-01-06T04:59:00Z,84.9817,0.59975,119.989
2026-01-06T05:00:00Z,85.024,0.60032,120.028
2026-01-06T05:01:00Z,84.9935,0.59975,119.998
2026-01-06T05:02:00Z,85.0111,0.60054,120.021
2026-01-06T05:03:00Z,84.988,0.5995,119.947
2026-01-06T05:04:00Z,84.999,0.60037,120.046
2026-01-06T05:05:00Z,84.9807,0.60007,119.955
2026-01-06T05:06:00Z,85.0104,0.6005,120.043
2026-01-06T05:07:00Z,84.973,0.5997,120.001
2026-01-06T05:08:00Z,85.0156,0.60036,120.048
2026-01-06T05:09:00Z,84.9856,0.59973,119.994
2026-01-06T05:10:00Z,85.0135,0.60036,120.012
2026-01-06T05:11:00Z,84.9806,0.59973,119.97
2026-01-06T05:12:00Z,85.0149,0.60065,120.026
2026-01-06T05:13:00Z,84.9825,0.59983,119.97
2026-01-06T05:14:00Z,85.0221,0.60042,120.016
2026-01-06T05:15:00Z,84.983,0.59963,119.961
2026-01-06T05:16:00Z,85.0127,0.59988,120.033
2026-01-06T05:17:00Z,84.9876,0.59926,119.962
2026-01-06T05:18:00Z,85.0199,0.6,120.045
2026-01-06T05:19:00Z,84.9873,0.5994,119.946
2026-01-06T05:20:00Z,85.0172,0.60045,120.019
2026-01-06T05:21:00Z,84.9749,0.59981,119.967
2026-01-06T05:22:00Z,85.0106,0.60024,120.043
2026-01-06T05:23:00Z,84.9891,0.60005,119.965
2026-01-06T05:24:00Z,85.0113,0.60001,120.033
2026-01-06T05:25:00Z,84.988,0.59982,119.971
2026-01-06T05:26:00Z,85.0125,0.60051,120.016
2026-01-06T05:27:00Z,84.991,0.59975,119.964
2026-01-06T05:28:00Z,85.0232,0.60026,120.018
2026-01-06T05:29:00Z,84.9905,0.59951,119.986
2026-01-06T05:30:00Z,85.0129,0.60038,120.025
2026-01-06T05:31:00Z,84.9934,0.5995,119.945
2026-01-06T05:32:00Z,85.0156,0.60017,120.041
2026-01-06T05:33:00Z,84.985,0.59929,119.977
2026-01-06T05:34:00Z,85.0176,0.60024,120.034
2026-01-06T05:35:00Z,84.9858,0.5995,120.0
2026-01-06T05:36:00Z,85.0195,0.60028,120.023
2026-01-06T05:37:00Z,84.9807,0.59982,119.968
2026-01-06T05:38:00Z,85.0057,0.60089,120.025
2026-01-06T05:39:00Z,84.9873,0.59987,120.005
2026-01-06T05:40:00Z,85.0151,0.60025,120.04
2026-01-06T05:41:00Z,84.988,0.59982,119.977
2026-01-06T05:42:00Z,85.0305,0.60039,120.031
2026-01-06T05:43:00Z,84.9879,0.59972,119.95
2026-01-06T05:44:00Z,85.0304,0.60015,120.049
2026-01-06T05:45:00Z,84.9924,0.59982,119.986
2026-01-06T05:46:00Z,85.0108,0.6004,120.039
2026-01-06T05:47:00Z,84.9668,0.5994,119.985
2026-01-06T05:48:00Z,85.0198,0.60034,120.018
2026-01-06T05:49:00Z,84.9904,0.59973,119.969
2026-01-06T05:50:00Z,85.0134,0.60018,120.024
2026-01-06T05:51:00Z,84.9815,0.59984,119.984
2026-01-06T05:52:00Z,85.0281,0.6003,120.06
2026-01-06T05:53:00Z,84.9945,0.59942,119.969
2026-01-06T05:54:00Z,85.0168,0.60107,120.012
2026-01-06T05:55:00Z,84.9818,0.59972,119.964
2026-01-06T05:56:00Z,85.0217,0.60064,120.007
2026-01-06T05:57:00Z,84.9853,0.59944,119.981
2026-01-06T05:58:00Z,85.0293,0.60055,120.034
2026-01-06T05:59:00Z,84.9828,0.59947,119.963
2026-01-06T06:00:00Z,85.0165,0.60013,120.011
2026-01-06T06:01:00Z,84.9876,0.59952,119.984
2026-01-06T06:02:00Z,85.0327,0.60041,120.026
2026-01-06T06:03:00Z,84.9756,0.59954,119.957
2026-01-06T06:04:00Z,85.0246,0.60084,120.017
2026-01-06T06:05:00Z,84.9869,0.59982,119.967
2026-01-06T06:06:00Z,85.0156,0.60064,120.046
2026-01-06T06:07:00Z,84.9815,0.5996,119.982
2026-01-06T06:08:00Z,85.0182,0.6004,120.03
2026-01-06T06:09:00Z,84.9776,0.59945,119.957
2026-01-06T06:10:00Z,85.0091,0.60007,120.044
2026-01-06T06:11:00Z,84.9854,0.60002,119.964
2026-01-06T06:12:00Z,85.0057,0.6004,120.032
2026-01-06T06:13:00Z,84.9988,0.59947,119.96
2026-01-06T06:14:00Z,85.0149,0.60034,120.009
2026-01-06T06:15:00Z,84.984,0.59926,119.969
2026-01-06T06:16:00Z,85.0233,0.60062,120.009
2026-01-06T06:17:00Z,84.9882,0.59966,119.982
2026-01-06T06:18:00Z,85.0035,0.60076,120.013
2026-01-06T06:19:00Z,84.9821,0.59951,119.959
2026-01-06T06:20:00Z,85.0224,0.60029,120.012
2026-01-06T06:21:00Z,85.0041,0.59944,119.978
2026-01-06T06:22:00Z,85.0107,0.6003,120.033
2026-01-06T06:23:00Z,84.9873,0.59978,119.972
2026-01-06T06:24:00Z,85.0164,0.60059,120.044
2026-01-06T06:25:00Z,84.968,0.59956,119.976
2026-01-06T06:26:00Z,85.006,0.60016,120.049
2026-01-06T06:27:00Z,84.9916,0.59955,119.967
2026-01-06T06:28:00Z,85.0273,0.6005,120.03
2026-01-06T06:29:00Z,84.9959,0.59982,119.979
2026-01-06T06:30:00Z,85.018,0.60009,120.039
2026-01-06T06:31:00Z,84.9737,0.59967,119.956
2026-01-06T06:32:00Z,85.0113,0.6,120.029
2026-01-06T06:33:00Z,84.9795,0.59939,119.975
2026-01-06T06:34:00Z,85.0372,0.6004,120.02
2026-01-06T06:35:00Z,84.995,0.59951,119.961
2026-01-06T06:36:00Z,85.0187,0.60041,120.039
2026-01-06T06:37:00Z,84.9947,0.59952,119.963
2026-01-06T06:38:00Z,85.0283,0.60027,120.042
2026-01-06T06:39:00Z,84.9831,0.59972,119.966
2026-01-06T06:40:00Z,85.0212,0.60088,120.024
2026-01-06T06:41:00Z,84.995,0.59973,119.969
2026-01-06T06:42:00Z,85.0114,0.60035,120.038
2026-01-06T06:43:00Z,84.9855,0.59965,119.993
2026-01-06T06:44:00Z,85.0127,0.60044,120.019
2026-01-06T06:45:00Z,84.9828,0.59974,119.979
2026-01-06T06:46:00Z,85.0114,0.60033,120.013
2026-01-06T06:47:00Z,84.9972,0.5994,119.976
2026-01-06T06:48:00Z,85.0116,0.59998,119.99
2026-01-06T06:49:00Z,84.9708,0.59993,119.99
2026-01-06T06:50:00Z,85.0161,0.60018,120.0
2026-01-06T06:51:00Z,84.9877,0.59976,119.971
2026-01-06T06:52:00Z,85.0046,0.60048,120.017
2026-01-06T06:53:00Z,84.9871,0.59971,119.977
2026-01-06T06:54:00Z,85.0136,0.60043,120.037
2026-01-06T06:55:00Z,84.9718,0.59977,119.988
2026-01-06T06:56:00Z,85.0045,0.6005,120.014
2026-01-06T06:57:00Z,84.9857,0.5996,119.968
2026-01-06T06:58:00Z,85.0179,0.60017,120.037
2026-01-06T06:59:00Z,84.9904,0.59969,119.952
2026-01-06T07:00:00Z,85.0291,0.59991,120.028
2026-01-06T07:01:00Z,84.9888,0.59961,119.945
2026-01-06T07:02:00Z,85.0226,0.60033,120.039
2026-01-06T07:03:00Z,84.97,0.59991,119.982
2026-01-06T07:04:00Z,84.9994,0.6,120.02
2026-01-06T07:05:00Z,84.9817,0.59961,119.975
2026-01-06T07:06:00Z,85.0246,0.60062,120.018
2026-01-06T07:07:00Z,84.9904,0.59958,119.974
2026-01-06T07:08:00Z,85.0112,0.60027,120.049
2026-01-06T07:09:00Z,84.9713,0.59987,119.977
2026-01-06T07:10:00Z,85.0268,0.60041,120.037
2026-01-06T07:11:00Z,84.9787,0.59976,119.98
2026-01-06T07:12:00Z,85.0184,0.60044,120.017
2026-01-06T07:13:00Z,84.9817,0.5998,120.0
2026-01-06T07:14:00Z,85.0143,0.60054,120.031
2026-01-06T07:15:00Z,84.9809,0.59953,119.962
2026-01-06T07:16:00Z,85.0138,0.6,120.035
2026-01-06T07:17:00Z,84.9861,0.59945,119.955
2026-01-06T07:18:00Z,85.0248,0.60057,120.032
2026-01-06T07:19:00Z,84.9818,0.59983,119.975
2026-01-06T07:20:00Z,85.0086,0.60049,120.021
2026-01-06T07:21:00Z,84.9861,0.59966,119.971
2026-01-06T07:22:00Z,85.0184,0.60044,120.052
2026-01-06T07:23:00Z,84.9807,0.5997,119.958
2026-01-06T07:24:00Z,85.0192,0.60036,120.041
2026-01-06T07:25:00Z,84.9697,0.59975,119.938
2026-01-06T07:26:00Z,85.0202,0.60081,120.03
2026-01-06T07:27:00Z,85.0031,0.59968,119.981
2026-01-06T07:28:00Z,85.0133,0.6006,120.045
2026-01-06T07:29:00Z,84.9834,0.59966,119.978
2026-01-06T07:30:00Z,85.0059,0.60055,120.032
2026-01-06T07:31:00Z,84.9905,0.59949,119.947
2026-01-06T07:32:00Z,85.0096,0.60062,120.034
2026-01-06T07:33:00Z,84.984,0.59957,119.972
2026-01-06T07:34:00Z,85.0106,0.60038,120.019
2026-01-06T07:35:00Z,84.9908,0.59936,119.967
2026-01-06T07:36:00Z,85.0154,0.60066,120.038
2026-01-06T07:37:00Z,84.9705,0.59945,119.958
2026-01-06T07:38:00Z,85.0162,0.60062,120.025
2026-01-06T07:39:00Z,84.9988,0.59955,119.96
2026-01-06T07:40:00Z,85.0145,0.60059,120.045
2026-01-06T07:41:00Z,84.984,0.59969,119.97
2026-01-06T07:42:00Z,85.0079,0.60045,119.998
2026-01-06T07:43:00Z,84.9816,0.59947,119.971
2026-01-06T07:44:00Z,85.0193,0.60057,120.009
2026-01-06T07:45:00Z,84.9873,0.59981,119.953
2026-01-06T07:46:00Z,85.0147,0.60057,120.036
2026-01-06T07:47:00Z,84.9902,0.59956,119.968
2026-01-06T07:48:00Z,85.0309,0.6003,120.042
2026-01-06T07:49:00Z,84.976,0.59949,119.982
2026-01-06T07:50:00Z,85.0103,0.60039,120.041
2026-01-06T07:51:00Z,84.9816,0.59961,119.99
2026-01-06T07:52:00Z,85.0164,0.60067,120.046
2026-01-06T07:53:00Z,84.9733,0.59956,119.958
2026-01-06T07:54:00Z,85.0228,0.60068,120.047
2026-01-06T07:55:00Z,84.9849,0.59944,119.968
2026-01-06T07:56:00Z,85.0138,0.60056,120.01
2026-01-06T07:57:00Z,84.9915,0.59937,119.981
2026-01-06T07:58:00Z,85.0161,0.60015,120.016
2026-01-06T07:59:00Z,84.9856,0.59957,119.991
2026-01-06T08:00:00Z,85.0106,0.60064,120.037
2026-01-06T08:01:00Z,84.976,0.59942,119.961
2026-01-06T08:02:00Z,85.0025,0.60045,120.066
2026-01-06T08:03:00Z,84.9889,0.59962,119.985
2026-01-06T08:04:00Z,85.0035,0.60019,120.036
2026-01-06T08:05:00Z,84.9823,0.59956,120.014
2026-01-06T08:06:00Z,85.0272,0.60062,120.069
2026-01-06T08:07:00Z,84.9909,0.59932,119.99
2026-01-06T08:08:00Z,85.0005,0.60049,120.05
2026-01-06T08:09:00Z,84.9894,0.59934,119.957
2026-01-06T08:10:00Z,85.0233,0.60082,120.06
2026-01-06T08:11:00Z,84.9876,0.59999,119.978
2026-01-06T08:12:00Z,85.0167,0.60023,120.014
2026-01-06T08:13:00Z,84.9827,0.59922,119.95
2026-01-06T08:14:00Z,85.0197,0.60022,120.037
2026-01-06T08:15:00Z,84.9972,0.59927,119.961
2026-01-06T08:16:00Z,85.019,0.60048,120.038
2026-01-06T08:17:00Z,84.996,0.59953,119.993
2026-01-06T08:18:00Z,85.022,0.60039,120.052
2026-01-06T08:19:00Z,84.9815,0.59959,119.977
2026-01-06T08:20:00Z,85.0076,0.60061,120.033
2026-01-06T08:21:00Z,84.9912,0.59951,119.958
2026-01-06T08:22:00Z,85.0121,0.60037,120.017
2026-01-06T08:23:00Z,84.9837,0.59959,119.97
2026-01-06T08:24:00Z,85.0009,0.60033,120.021
2026-01-06T08:25:00Z,84.9799,0.5996,119.964
2026-01-06T08:26:00Z,85.0258,0.60028,120.024
2026-01-06T08:27:00Z,84.98,0.59996,119.988
2026-01-06T08:28:00Z,85.0174,0.60037,120.017
2026-01-06T08:29:00Z,84.9843,0.59955,119.984
2026-01-06T08:30:00Z,85.0187,0.60061,120.05
2026-01-06T08:31:00Z,84.9811,0.59956,119.97
2026-01-06T08:32:00Z,85.0133,0.6005,120.043
2026-01-06T08:33:00Z,84.9934,0.59944,119.97
2026-01-06T08:34:00Z,85.0141,0.60012,120.031
2026-01-06T08:35:00Z,84.972,0.59968,119.972
2026-01-06T08:36:00Z,85.0233,0.60049,120.046
2026-01-06T08:37:00Z,84.9982,0.5994,119.988
2026-01-06T08:38:00Z,85.02,0.60047,120.046
2026-01-06T08:39:00Z,84.9915,0.59921,119.994
2026-01-06T08:40:00Z,85.0316,0.60039,120.047
2026-01-06T08:41:00Z,84.9825,0.59959,119.967
2026-01-06T08:42:00Z,85.0182,0.60033,120.037
2026-01-06T08:43:00Z,84.9851,0.5994,119.975
2026-01-06T08:44:00Z,85.0248,0.60038,120.059
2026-01-06T08:45:00Z,84.9781,0.59967,119.956
2026-01-06T08:46:00Z,85.0115,0.60066,120.007
2026-01-06T08:47:00Z,84.9812,0.5996,119.961
2026-01-06T08:48:00Z,85.0254,0.60032,120.03
2026-01-06T08:49:00Z,84.9927,0.59935,119.964
2026-01-06T08:50:00Z,85.0163,0.60062,120.029
2026-01-06T08:51:00Z,84.9792,0.59957,119.942
2026-01-06T08:52:00Z,85.0122,0.60072,120.018
2026-01-06T08:53:00Z,84.988,0.59937,119.927
2026-01-06T08:54:00Z,85.0182,0.60076,120.033
2026-01-06T08:55:00Z,84.979,0.59934,119.962
2026-01-06T08:56:00Z,85.019,0.60043,120.027
2026-01-06T08:57:00Z,84.9774,0.59966,119.985
2026-01-06T08:58:00Z,85.0156,0.60026,120.025
2026-01-06T08:59:00Z,84.991,0.59914,119.96
2026-01-06T09:00:00Z,85.0213,0.60033,120.026
2026-01-06T09:01:00Z,84.9937,0.59959,119.969
2026-01-06T09:02:00Z,85.0318,0.60041,120.06
2026-01-06T09:03:00Z,84.9937,0.59922,119.96
2026-01-06T09:04:00Z,85.0261,0.60047,120.025
2026-01-06T09:05:00Z,84.9699,0.59959,119.983
2026-01-06T09:06:00Z,85.0095,0.60031,120.055
2026-01-06T09:07:00Z,84.9861,0.59938,119.956
2026-01-06T09:08:00Z,85.0086,0.60062,120.041
2026-01-06T09:09:00Z,84.9866,0.59983,119.964
2026-01-06T09:10:00Z,85.005,0.60043,120.052
2026-01-06T09:11:00Z,84.9845,0.59954,119.963
2026-01-06T09:12:00Z,85.0105,0.60043,120.06
2026-01-06T09:13:00Z,84.9843,0.59947,119.99
2026-01-06T09:14:00Z,85.0162,0.60035,120.026
2026-01-06T09:15:00Z,84.9824,0.59937,119.951
2026-01-06T09:16:00Z,85.0221,0.60049,120.019
2026-01-06T09:17:00Z,84.9849,0.59972,119.978
2026-01-06T09:18:00Z,85.0228,0.60015,120.017
2026-01-06T09:19:00Z,84.9868,0.59948,119.946
2026-01-06T09:20:00Z,85.014,0.60045,120.013
2026-01-06T09:21:00Z,84.9826,0.59962,119.958
2026-01-06T09:22:00Z,85.0158,0.60036,120.036
2026-01-06T09:23:00Z,84.9799,0.59921,119.993
2026-01-06T09:24:00Z,85.0174,0.60031,120.023
2026-01-06T09:25:00Z,84.9722,0.59973,119.956
2026-01-06T09:26:00Z,84.9973,0.60035,120.023
2026-01-06T09:27:00Z,84.9784,0.59942,119.949
2026-01-06T09:28:00Z,85.0173,0.60037,120.046
2026-01-06T09:29:00Z,84.9888,0.59965,119.958
2026-01-06T09:30:00Z,85.0071,0.60035,120.024
2026-01-06T09:31:00Z,84.9767,0.59959,119.982
2026-01-06T09:32:00Z,85.0117,0.60055,120.032
2026-01-06T09:33:00Z,84.9823,0.59966,119.939
2026-01-06T09:34:00Z,85.0308,0.60036,120.043
2026-01-06T09:35:00Z,84.9769,0.59965,119.969
2026-01-06T09:36:00Z,85.0257,0.60027,120.052
2026-01-06T09:37:00Z,84.9812,0.59958,119.981
2026-01-06T09:38:00Z,85.0166,0.60042,120.006
2026-01-06T09:39:00Z,84.9862,0.59913,119.958
2026-01-06T09:40:00Z,85.0095,0.59994,120.018
2026-01-06T09:41:00Z,84.9787,0.59956,119.976
2026-01-06T09:42:00Z,85.0164,0.60049,120.021
2026-01-06T09:43:00Z,84.9871,0.59963,119.963
2026-01-06T09:44:00Z,85.0136,0.60051,120.012
2026-01-06T09:45:00Z,84.9792,0.59943,119.965
2026-01-06T09:46:00Z,85.0027,0.60061,120.02
2026-01-06T09:47:00Z,84.9892,0.59959,119.98
2026-01-06T09:48:00Z,85.0041,0.60085,120.044
2026-01-06T09:49:00Z,84.9749,0.59964,119.965
2026-01-06T09:50:00Z,85.0112,0.60028,120.001
2026-01-06T09:51:00Z,84.9711,0.59938,119.95
2026-01-06T09:52:00Z,85.0004,0.60034,120.024
2026-01-06T09:53:00Z,84.9878,0.59968,119.959
2026-01-06T09:54:00Z,85.0097,0.6002,120.066
2026-01-06T09:55:00Z,84.9841,0.60003,119.967
2026-01-06T09:56:00Z,85.0086,0.60036,120.036
2026-01-06T09:57:00Z,84.9916,0.59958,119.983
2026-01-06T09:58:00Z,85.025,0.60015,120.025
2026-01-06T09:59:00Z,84.9858,0.59983,119.984
2026-01-06T10:00:00Z,85.0252,0.6005,120.006
2026-01-06T10:01:00Z,84.9905,0.5996,119.98
2026-01-06T10:02:00Z,85.0154,0.60008,120.026
2026-01-06T10:03:00Z,84.9786,0.59979,119.943
2026-01-06T10:04:00Z,85.0259,0.6004,120.052
2026-01-06T10:05:00Z,84.9742,0.59945,119.948
2026-01-06T10:06:00Z,85.0221,0.60042,120.042
2026-01-06T10:07:00Z,84.9809,0.59942,119.978
2026-01-06T10:08:00Z,85.0224,0.60039,120.032
2026-01-06T10:09:00Z,84.9806,0.59991,119.968
2026-01-06T10:10:00Z,85.0112,0.60025,120.02
2026-01-06T10:11:00Z,84.99,0.59946,119.965
2026-01-06T10:12:00Z,85.0112,0.60004,120.033
2026-01-06T10:13:00Z,84.9883,0.5997,119.958
2026-01-06T10:14:00Z,85.007,0.60025,120.052
2026-01-06T10:15:00Z,84.9769,0.59988,119.968
2026-01-06T10:16:00Z,85.0016,0.60038,120.039
2026-01-06T10:17:00Z,84.9737,0.59945,119.988
2026-01-06T10:18:00Z,85.0118,0.6001,120.041
2026-01-06T10:19:00Z,84.973,0.59916,119.957
2026-01-06T10:20:00Z,85.0204,0.60048,120.034
2026-01-06T10:21:00Z,84.9951,0.59921,119.984
2026-01-06T10:22:00Z,85.0159,0.60011,120.003
2026-01-06T10:23:00Z,84.9922,0.59986,119.972
2026-01-06T10:24:00Z,85.0141,0.60016,120.04
2026-01-06T10:25:00Z,84.9975,0.59954,119.979
2026-01-06T10:26:00Z,85.0162,0.60007,120.047
2026-01-06T10:27:00Z,84.9963,0.59958,119.951
2026-01-06T10:28:00Z,85.0146,0.60052,120.017
2026-01-06T10:29:00Z,84.9769,0.59975,119.977
2026-01-06T10:30:00Z,85.004,0.60057,120.072
2026-01-06T10:31:00Z,84.9791,0.59997,119.979
2026-01-06T10:32:00Z,85.0119,0.60021,120.022
2026-01-06T10:33:00Z,84.9822,0.59946,120.007
2026-01-06T10:34:00Z,85.0163,0.60045,120.033
2026-01-06T10:35:00Z,84.9844,0.59919,119.981
2026-01-06T10:36:00Z,85.032,0.60053,120.026
2026-01-06T10:37:00Z,84.9599,0.59976,119.963
2026-01-06T10:38:00Z,85.0221,0.60057,120.035
2026-01-06T10:39:00Z,84.987,0.5994,119.953
2026-01-06T10:40:00Z,85.019,0.60052,120.018
2026-01-06T10:41:00Z,84.9827,0.59947,119.978
2026-01-06T10:42:00Z,85.0059,0.60037,120.03
2026-01-06T10:43:00Z,84.9945,0.59959,119.969
2026-01-06T10:44:00Z,85.0052,0.6002,120.039
2026-01-06T10:45:00Z,84.9831,0.59925,119.963
2026-01-06T10:46:00Z,85.0181,0.60023,120.037
2026-01-06T10:47:00Z,84.9707,0.5993,119.965
2026-01-06T10:48:00Z,85.0244,0.60029,120.032
2026-01-06T10:49:00Z,84.9864,0.59955,119.968
2026-01-06T10:50:00Z,85.0225,0.60029,120.04
2026-01-06T10:51:00Z,84.9743,0.59939,119.98
2026-01-06T10:52:00Z,85.0124,0.60042,120.019
2026-01-06T10:53:00Z,84.9768,0.59943,119.936
2026-01-06T10:54:00Z,85.0189,0.60009,120.026
2026-01-06T10:55:00Z,84.9842,0.59975,120.0
2026-01-06T10:56:00Z,85.0138,0.60036,120.037
2026-01-06T10:57:00Z,84.9764,0.59995,119.985
2026-01-06T10:58:00Z,85.01,0.60042,120.036
2026-01-06T10:59:00Z,84.9896,0.59957,119.959
2026-01-06T11:00:00Z,85.0206,0.60037,120.034
2026-01-06T11:01:00Z,84.9783,0.59969,119.985
2026-01-06T11:02:00Z,85.0098,0.60021,120.016
2026-01-06T11:03:00Z,84.985,0.59981,119.978
2026-01-06T11:04:00Z,85.0256,0.60033,120.013
2026-01-06T11:05:00Z,84.978,0.59933,119.975
2026-01-06T11:06:00Z,85.0194,0.60013,120.021
2026-01-06T11:07:00Z,84.9858,0.59956,119.998
2026-01-06T11:08:00Z,85.0033,0.60046,120.032
2026-01-06T11:09:00Z,84.9981,0.5996,119.953
2026-01-06T11:10:00Z,85.0125,0.60075,120.025
2026-01-06T11:11:00Z,84.9779,0.59931,119.978
2026-01-06T11:12:00Z,85.0154,0.60005,120.05
2026-01-06T11:13:00Z,84.992,0.59928,119.966
2026-01-06T11:14:00Z,85.0163,0.60041,120.038
2026-01-06T11:15:00Z,84.9783,0.59974,119.967
2026-01-06T11:16:00Z,85.0134,0.60022,120.038
2026-01-06T11:17:00Z,84.9688,0.59962,119.966
2026-01-06T11:18:00Z,85.0243,0.60034,120.01
2026-01-06T11:19:00Z,84.978,0.59935,119.969
2026-01-06T11:20:00Z,84.9899,0.59983,120.049
2026-01-06T11:21:00Z,84.989,0.59964,119.989
2026-01-06T11:22:00Z,85.0199,0.60003,120.006
2026-01-06T11:23:00Z,84.9825,0.5994,119.963
2026-01-06T11:24:00Z,85.0243,0.60032,120.035
2026-01-06T11:25:00Z,84.9815,0.5995,119.954
2026-01-06T11:26:00Z,85.0143,0.60031,120.035
2026-01-06T11:27:00Z,84.9801,0.59938,119.962
2026-01-06T11:28:00Z,85.0095,0.60049,120.029
2026-01-06T11:29:00Z,84.9833,0.59956,119.946
2026-01-06T11:30:00Z,85.0147,0.60089,120.042
2026-01-06T11:31:00Z,84.9916,0.59943,119.969
2026-01-06T11:32:00Z,85.0158,0.60042,120.069
2026-01-06T11:33:00Z,84.9826,0.59949,119.986
2026-01-06T11:34:00Z,85.0106,0.60029,120.027
2026-01-06T11:35:00Z,84.9789,0.5998,119.939
2026-01-06T11:36:00Z,85.0128,0.60054,120.036
2026-01-06T11:37:00Z,84.9916,0.59974,119.968
2026-01-06T11:38:00Z,85.0319,0.60039,120.024
2026-01-06T11:39:00Z,84.9871,0.59949,119.947
2026-01-06T11:40:00Z,85.0155,0.60051,120.033
2026-01-06T11:41:00Z,84.979,0.59955,119.948
2026-01-06T11:42:00Z,85.0111,0.60037,120.015
2026-01-06T11:43:00Z,84.9838,0.5997,119.962
2026-01-06T11:44:00Z,85.0078,0.60041,120.038
2026-01-06T11:45:00Z,84.9922,0.59926,119.991
2026-01-06T11:46:00Z,85.0032,0.60037,120.035
2026-01-06T11:47:00Z,84.9913,0.59974,119.969
2026-01-06T11:48:00Z,85.0219,0.60056,120.009
2026-01-06T11:49:00Z,84.9806,0.59927,119.982
2026-01-06T11:50:00Z,85.018,0.60038,120.055
2026-01-06T11:51:00Z,84.9829,0.59939,119.963
2026-01-06T11:52:00Z,85.0163,0.6004,119.998
2026-01-06T11:53:00Z,84.9903,0.59938,119.975
2026-01-06T11:54:00Z,85.0228,0.59997,120.049
2026-01-06T11:55:00Z,84.9803,0.59955,119.966
2026-01-06T11:56:00Z,85.0296,0.60034,120.05
2026-01-06T11:57:00Z,84.9924,0.59947,119.947
2026-01-06T11:58:00Z,85.0279,0.60029,120.002
2026-01-06T11:59:00Z,84.9814,0.59981,119.974
2026-01-06T12:00:00Z,85.0331,0.60019,120.026
2026-01-06T12:01:00Z,84.9827,0.59958,119.986
2026-01-06T12:02:00Z,85.0122,0.60052,120.067
2026-01-06T12:03:00Z,84.9802,0.59978,119.966
2026-01-06T12:04:00Z,85.0112,0.60007,120.051
2026-01-06T12:05:00Z,84.9787,0.59963,119.955
2026-01-06T12:06:00Z,85.0119,0.60027,120.02
2026-01-06T12:07:00Z,84.9783,0.59962,119.98
2026-01-06T12:08:00Z,85.0198,0.60035,120.027
2026-01-06T12:09:00Z,84.9808,0.59947,119.967
2026-01-06T12:10:00Z,85.024,0.60006,120.017
2026-01-06T12:11:00Z,85.0003,0.59965,119.929
2026-01-06T12:12:00Z,85.015,0.60041,120.021
2026-01-06T12:13:00Z,84.9984,0.59954,119.952
2026-01-06T12:14:00Z,85.0244,0.60017,120.016
2026-01-06T12:15:00Z,84.9671,0.59948,119.981
2026-01-06T12:16:00Z,85.0121,0.60045,120.012
2026-01-06T12:17:00Z,84.9818,0.59934,119.964
2026-01-06T12:18:00Z,84.9945,0.60045,120.052
2026-01-06T12:19:00Z,84.9803,0.59936,119.965
2026-01-06T12:20:00Z,85.0192,0.60073,120.051
2026-01-06T12:21:00Z,84.9961,0.59955,119.976
2026-01-06T12:22:00Z,85.0156,0.60093,120.002
2026-01-06T12:23:00Z,84.9718,0.59978,119.973
2026-01-06T12:24:00Z,84.9923,0.60079,120.038
2026-01-06T12:25:00Z,84.9842,0.59938,119.96
2026-01-06T12:26:00Z,85.017,0.60034,120.022
2026-01-06T12:27:00Z,84.9769,0.59962,119.97
2026-01-06T12:28:00Z,85.0168,0.60053,120.038
2026-01-06T12:29:00Z,84.9863,0.59951,119.955
2026-01-06T12:30:00Z,85.0157,0.60018,120.011
2026-01-06T12:31:00Z,84.9897,0.59971,119.986
2026-01-06T12:32:00Z,85.032,0.6001,120.011
2026-01-06T12:33:00Z,84.9893,0.59951,119.978
2026-01-06T12:34:00Z,85.0148,0.60041,120.051
2026-01-06T12:35:00Z,84.9823,0.59968,119.955
2026-01-06T12:36:00Z,85.0204,0.60074,120.006
2026-01-06T12:37:00Z,84.989,0.59966,119.965
2026-01-06T12:38:00Z,85.0031,0.60021,120.044
2026-01-06T12:39:00Z,84.982,0.59957,119.964
2026-01-06T12:40:00Z,85.0133,0.60044,120.058
2026-01-06T12:41:00Z,84.9843,0.59981,119.984
2026-01-06T12:42:00Z,85.0232,0.60072,120.029
2026-01-06T12:43:00Z,84.9902,0.59954,119.975
2026-01-06T12:44:00Z,85.0221,0.60006,120.04
2026-01-06T12:45:00Z,84.9714,0.5991,119.986
2026-01-06T12:46:00Z,85.0159,0.60079,120.002
2026-01-06T12:47:00Z,84.9823,0.5998,119.963
2026-01-06T12:48:00Z,85.0228,0.60017,120.047
2026-01-06T12:49:00Z,84.99,0.60011,119.948
2026-01-06T12:50:00Z,85.0114,0.60082,120.008
2026-01-06T12:51:00Z,84.9871,0.59951,119.984
2026-01-06T12:52:00Z,85.0109,0.60036,120.046
2026-01-06T12:53:00Z,84.9805,0.59959,119.974
2026-01-06T12:54:00Z,85.0102,0.6004,120.027
2026-01-06T12:55:00Z,84.9846,0.59949,119.964
2026-01-06T12:56:00Z,85.0176,0.60025,120.051
2026-01-06T12:57:00Z,84.9884,0.59956,119.974
2026-01-06T12:58:00Z,85.0155,0.60036,120.033
2026-01-06T12:59:00Z,84.9861,0.59965,119.963
2026-01-06T13:00:00Z,85.0158,0.60044,120.025
2026-01-06T13:01:00Z,84.9796,0.59961,119.967
2026-01-06T13:02:00Z,85.025,0.60035,120.031
2026-01-06T13:03:00Z,84.965,0.59955,119.979
2026-01-06T13:04:00Z,85.0151,0.60032,120.035
2026-01-06T13:05:00Z,84.9855,0.59962,119.974
2026-01-06T13:06:00Z,85.0082,0.60037,120.054
2026-01-06T13:07:00Z,84.9934,0.59953,119.984
2026-01-06T13:08:00Z,85.0073,0.60051,120.02
2026-01-06T13:09:00Z,84.9915,0.59998,120.0
2026-01-06T13:10:00Z,85.013,0.60078,120.037
2026-01-06T13:11:00Z,84.9757,0.5997,119.962
2026-01-06T13:12:00Z,85.0213,0.60048,120.028
2026-01-06T13:13:00Z,84.98,0.59954,119.971
2026-01-06T13:14:00Z,85.0177,0.60001,120.037
2026-01-06T13:15:00Z,84.9856,0.59947,119.991
2026-01-06T13:16:00Z,85.0082,0.59997,120.057
2026-01-06T13:17:00Z,84.9972,0.59968,119.972
2026-01-06T13:18:00Z,85.0276,0.60004,120.041
2026-01-06T13:19:00Z,84.9859,0.59948,119.974
2026-01-06T13:20:00Z,84.9987,0.59997,120.039
2026-01-06T13:21:00Z,84.9784,0.60017,119.978
2026-01-06T13:22:00Z,85.0105,0.60033,120.047
2026-01-06T13:23:00Z,84.9697,0.59948,119.969
2026-01-06T13:24:00Z,85.0098,0.60026,120.018
2026-01-06T13:25:00Z,85.0005,0.59947,119.953
2026-01-06T13:26:00Z,85.0053,0.60025,120.041
2026-01-06T13:27:00Z,84.9706,0.59969,119.975
2026-01-06T13:28:00Z,85.0197,0.60046,120.001
2026-01-06T13:29:00Z,84.9796,0.59978,119.969
2026-01-06T13:30:00Z,85.0165,0.60054,120.034
2026-01-06T13:31:00Z,84.9851,0.59947,119.979
2026-01-06T13:32:00Z,85.0293,0.60054,120.035
2026-01-06T13:33:00Z,84.9864,0.59966,119.976
2026-01-06T13:34:00Z,85.0043,0.60024,120.043
2026-01-06T13:35:00Z,84.976,0.5994,119.966
2026-01-06T13:36:00Z,85.0121,0.60057,120.026
2026-01-06T13:37:00Z,84.9705,0.59965,119.968
2026-01-06T13:38:00Z,85.0143,0.60001,120.021
2026-01-06T13:39:00Z,84.9787,0.59986,119.946
2026-01-06T13:40:00Z,85.0131,0.60037,120.035
2026-01-06T13:41:00Z,84.9817,0.59965,119.971
2026-01-06T13:42:00Z,85.007,0.60047,120.024
2026-01-06T13:43:00Z,84.9869,0.59972,119.933
2026-01-06T13:44:00Z,85.0116,0.60027,120.028
2026-01-06T13:45:00Z,84.972,0.59955,119.956
2026-01-06T13:46:00Z,85.0279,0.60018,120.006
2026-01-06T13:47:00Z,84.9952,0.59968,119.96
2026-01-06T13:48:00Z,85.0212,0.60045,120.062
2026-01-06T13:49:00Z,84.9743,0.59965,120.012
2026-01-06T13:50:00Z,85.0229,0.60039,120.024
2026-01-06T13:51:00Z,84.9746,0.59972,119.97
2026-01-06T13:52:00Z,85.0061,0.60032,120.017
2026-01-06T13:53:00Z,84.9928,0.59941,119.974
2026-01-06T13:54:00Z,85.0106,0.60011,120.058
2026-01-06T13:55:00Z,84.9869,0.59977,119.992
2026-01-06T13:56:00Z,85.0156,0.60031,120.052
2026-01-06T13:57:00Z,84.9837,0.59985,119.958
2026-01-06T13:58:00Z,85.0405,0.60014,120.031
2026-01-06T13:59:00Z,84.983,0.59941,119.987
2026-01-06T14:00:00Z,85.0102,0.60082,120.029
2026-01-06T14:01:00Z,84.9973,0.59974,119.983
2026-01-06T14:02:00Z,85.0158,0.60033,120.009
2026-01-06T14:03:00Z,84.9773,0.59954,119.978
2026-01-06T14:04:00Z,85.0233,0.60048,120.04
2026-01-06T14:05:00Z,84.9798,0.5996,119.966
2026-01-06T14:06:00Z,85.0092,0.60055,120.02
2026-01-06T14:07:00Z,84.9848,0.59934,119.977
2026-01-06T14:08:00Z,85.0191,0.60049,120.014
2026-01-06T14:09:00Z,84.9835,0.59975,119.941
2026-01-06T14:10:00Z,85.0169,0.60018,120.033
2026-01-06T14:11:00Z,84.9723,0.59948,119.947
2026-01-06T14:12:00Z,85.0158,0.60037,120.033
2026-01-06T14:13:00Z,84.9802,0.59978,119.993
2026-01-06T14:14:00Z,84.9954,0.60067,120.027
2026-01-06T14:15:00Z,84.9769,0.5997,119.934
2026-01-06T14:16:00Z,85.0085,0.60035,119.997
2026-01-06T14:17:00Z,84.9856,0.59981,119.957
2026-01-06T14:18:00Z,85.0081,0.60003,120.043
2026-01-06T14:19:00Z,84.9739,0.59969,119.964
2026-01-06T14:20:00Z,85.0189,0.60026,120.025
2026-01-06T14:21:00Z,84.9893,0.59973,119.973
2026-01-06T14:22:00Z,85.0196,0.60051,120.02
2026-01-06T14:23:00Z,84.9811,0.59961,119.978
2026-01-06T14:24:00Z,85.0192,0.60022,120.048
2026-01-06T14:25:00Z,84.9854,0.59992,119.98
2026-01-06T14:26:00Z,85.013,0.60043,120.039
2026-01-06T14:27:00Z,84.9957,0.59965,119.988
2026-01-06T14:28:00Z,85.0183,0.60011,120.026
2026-01-06T14:29:00Z,84.9935,0.5994,119.951
2026-01-06T14:30:00Z,85.0012,0.59999,120.015
2026-01-06T14:31:00Z,84.9905,0.5995,119.954
2026-01-06T14:32:00Z,85.0081,0.60036,120.024
2026-01-06T14:33:00Z,84.9875,0.59923,119.981
2026-01-06T14:34:00Z,85.0227,0.60061,120.007
2026-01-06T14:35:00Z,84.9936,0.5997,119.974
2026-01-06T14:36:00Z,85.017,0.60038,120.034
2026-01-06T14:37:00Z,84.9694,0.59956,119.979
2026-01-06T14:38:00Z,85.0089,0.60033,120.044
2026-01-06T14:39:00Z,84.9821,0.5994,119.988
2026-01-06T14:40:00Z,85.0255,0.60065,120.024
2026-01-06T14:41:00Z,84.9878,0.59978,119.962
2026-01-06T14:42:00Z,85.0019,0.6005,120.025
2026-01-06T14:43:00Z,84.9869,0.59956,120.005
2026-01-06T14:44:00Z,85.014,0.60053,120.0
2026-01-06T14:45:00Z,84.9791,0.59982,119.968
2026-01-06T14:46:00Z,85.0166,0.60062,120.013
2026-01-06T14:47:00Z,84.9832,0.59945,119.973
2026-01-06T14:48:00Z,84.9998,0.60049,120.035
2026-01-06T14:49:00Z,84.9812,0.59981,119.924
2026-01-06T14:50:00Z,85.0124,0.60017,120.013
2026-01-06T14:51:00Z,84.9885,0.59967,119.954
2026-01-06T14:52:00Z,85.0078,0.59971,120.04
2026-01-06T14:53:00Z,84.9791,0.59967,119.987
2026-01-06T14:54:00Z,85.0202,0.60039,120.04
2026-01-06T14:55:00Z,84.9869,0.6,119.97
2026-01-06T14:56:00Z,85.0253,0.60052,120.028
2026-01-06T14:57:00Z,84.9668,0.59919,119.979
2026-01-06T14:58:00Z,85.0255,0.60045,120.049
2026-01-06T14:59:00Z,84.9864,0.59968,119.971
2026-01-06T15:00:00Z,85.0317,0.60076,120.022
2026-01-06T15:01:00Z,84.9773,0.59978,119.97
2026-01-06T15:02:00Z,85.0047,0.60012,120.038
2026-01-06T15:03:00Z,84.9728,0.59961,119.997
2026-01-06T15:04:00Z,85.011,0.60037,120.025
2026-01-06T15:05:00Z,84.986,0.59939,119.97
2026-01-06T15:06:00Z,85.011,0.60058,120.035
2026-01-06T15:07:00Z,84.9798,0.59924,119.937
2026-01-06T15:08:00Z,85.0096,0.60021,120.012
2026-01-06T15:09:00Z,84.9866,0.5992,119.97
2026-01-06T15:10:00Z,85.0081,0.60018,120.01
2026-01-06T15:11:00Z,84.9881,0.59948,119.974
2026-01-06T15:12:00Z,85.0038,0.60025,120.005
2026-01-06T15:13:00Z,84.9807,0.59964,119.983
2026-01-06T15:14:00Z,85.0086,0.60005,120.036
2026-01-06T15:15:00Z,84.9955,0.59995,119.987
2026-01-06T15:16:00Z,85.0151,0.60018,120.031
2026-01-06T15:17:00Z,84.9849,0.59943,119.99
2026-01-06T15:18:00Z,85.0259,0.60049,120.052
2026-01-06T15:19:00Z,84.9865,0.59946,119.968
2026-01-06T15:20:00Z,85.0226,0.60063,120.027
2026-01-06T15:21:00Z,84.9787,0.59977,119.965
2026-01-06T15:22:00Z,85.0229,0.60035,120.028
2026-01-06T15:23:00Z,84.987,0.59938,119.969
2026-01-06T15:24:00Z,85.0163,0.60044,120.014
2026-01-06T15:25:00Z,84.9857,0.59967,119.971
2026-01-06T15:26:00Z,85.003,0.6004,120.027
2026-01-06T15:27:00Z,84.9939,0.59953,119.973
2026-01-06T15:28:00Z,85.0177,0.60027,120.033
2026-01-06T15:29:00Z,84.9796,0.59993,119.952
2026-01-06T15:30:00Z,85.0204,0.60013,120.03
2026-01-06T15:31:00Z,84.9933,0.59943,119.986
2026-01-06T15:32:00Z,85.0235,0.60042,120.042
2026-01-06T15:33:00Z,84.9849,0.59965,119.963
2026-01-06T15:34:00Z,85.018,0.60017,120.019
2026-01-06T15:35:00Z,84.9891,0.59923,119.954
2026-01-06T15:36:00Z,85.0151,0.60027,120.029
2026-01-06T15:37:00Z,84.9798,0.59952,119.975
2026-01-06T15:38:00Z,85.0191,0.60056,120.016
2026-01-06T15:39:00Z,84.9853,0.59938,119.991
2026-01-06T15:40:00Z,85.0052,0.60022,120.026
2026-01-06T15:41:00Z,84.9863,0.59944,119.965
2026-01-06T15:42:00Z,85.0005,0.5998,120.029
2026-01-06T15:43:00Z,84.987,0.59984,119.989
2026-01-06T15:44:00Z,85.0219,0.60021,120.026
2026-01-06T15:45:00Z,84.9882,0.59957,119.998
2026-01-06T15:46:00Z,85.0194,0.60012,120.039
2026-01-06T15:47:00Z,84.9922,0.59977,119.982
2026-01-06T15:48:00Z,85.0144,0.60045,120.014
2026-01-06T15:49:00Z,84.9868,0.5995,119.979
2026-01-06T15:50:00Z,85.0156,0.60042,120.036
2026-01-06T15:51:00Z,84.9803,0.59946,119.956
2026-01-06T15:52:00Z,85.0294,0.60057,120.022
2026-01-06T15:53:00Z,84.9846,0.59953,119.955
2026-01-06T15:54:00Z,85.0054,0.60042,120.025
2026-01-06T15:55:00Z,84.9796,0.59955,119.999
2026-01-06T15:56:00Z,85.0161,0.6002,120.027
2026-01-06T15:57:00Z,84.9928,0.59968,119.98
2026-01-06T15:58:00Z,85.008,0.60059,120.031
2026-01-06T15:59:00Z,84.981,0.59978,119.972
2026-01-06T16:00:00Z,85.0168,0.60016,120.025
2026-01-06T16:01:00Z,84.9813,0.59965,119.989
2026-01-06T16:02:00Z,85.0228,0.60062,120.044
2026-01-06T16:03:00Z,84.9961,0.59957,119.983
2026-01-06T16:04:00Z,85.0274,0.60077,120.029
2026-01-06T16:05:00Z,84.9746,0.59931,119.95
2026-01-06T16:06:00Z,85.0198,0.60007,120.057
2026-01-06T16:07:00Z,84.9904,0.59974,119.961
2026-01-06T16:08:00Z,85.0133,0.60042,120.038
2026-01-06T16:09:00Z,84.9876,0.5999,119.951
2026-01-06T16:10:00Z,85.006,0.6004,120.024
2026-01-06T16:11:00Z,85.0,0.59966,119.947
2026-01-06T16:12:00Z,85.0204,0.60016,120.036
2026-01-06T16:13:00Z,84.9774,0.5997,119.948
2026-01-06T16:14:00Z,85.0025,0.6005,120.028
2026-01-06T16:15:00Z,84.9997,0.59957,119.988
2026-01-06T16:16:00Z,85.0249,0.60069,120.044
2026-01-06T16:17:00Z,84.9842,0.59929,119.975
2026-01-06T16:18:00Z,85.0099,0.60076,120.045
2026-01-06T16:19:00Z,84.9958,0.5993,119.952
2026-01-06T16:20:00Z,85.0093,0.60031,120.024
2026-01-06T16:21:00Z,84.987,0.59949,119.968
2026-01-06T16:22:00Z,84.994,0.60006,120.042
2026-01-06T16:23:00Z,84.9891,0.59971,119.977
2026-01-06T16:24:00Z,85.0218,0.60038,120.031
2026-01-06T16:25:00Z,84.9623,0.5995,119.951
2026-01-06T16:26:00Z,85.0086,0.60012,120.036
2026-01-06T16:27:00Z,84.9878,0.59976,119.965
2026-01-06T16:28:00Z,85.0213,0.60058,120.039
2026-01-06T16:29:00Z,84.9955,0.59957,119.976
2026-01-06T16:30:00Z,85.0231,0.60047,120.045
2026-01-06T16:31:00Z,84.9709,0.59961,119.989
2026-01-06T16:32:00Z,85.0164,0.60038,120.031
2026-01-06T16:33:00Z,84.9848,0.59936,119.961
2026-01-06T16:34:00Z,85.0101,0.60059,120.033
2026-01-06T16:35:00Z,84.9893,0.59949,119.99
2026-01-06T16:36:00Z,85.0172,0.60061,120.038
2026-01-06T16:37:00Z,84.9886,0.59911,120.0
2026-01-06T16:38:00Z,85.0161,0.60037,120.023
2026-01-06T16:39:00Z,84.9845,0.5995,119.989
2026-01-06T16:40:00Z,85.0241,0.60066,120.044
2026-01-06T16:41:00Z,84.9618,0.59965,119.954
2026-01-06T16:42:00Z,85.0099,0.60031,120.023
2026-01-06T16:43:00Z,84.9789,0.59971,119.953
2026-01-06T16:44:00Z,85.0202,0.60055,120.042
2026-01-06T16:45:00Z,84.9899,0.59977,119.959
2026-01-06T16:46:00Z,85.0197,0.60022,120.056
2026-01-06T16:47:00Z,84.9742,0.60007,119.958
2026-01-06T16:48:00Z,85.0152,0.60009,120.013
2026-01-06T16:49:00Z,84.9829,0.59979,119.996
2026-01-06T16:50:00Z,85.0187,0.60022,120.037
2026-01-06T16:51:00Z,84.9806,0.5999,119.986
2026-01-06T16:52:00Z,85.0161,0.60039,120.025
2026-01-06T16:53:00Z,84.9957,0.59997,119.976
2026-01-06T16:54:00Z,85.0206,0.60058,120.024
2026-01-06T16:55:00Z,84.9831,0.59992,119.959
2026-01-06T16:56:00Z,85.0188,0.60038,120.036
2026-01-06T16:57:00Z,84.9797,0.59911,119.971
2026-01-06T16:58:00Z,85.001,0.60033,120.014
2026-01-06T16:59:00Z,84.9797,0.59959,119.995
2026-01-06T17:00:00Z,85.0062,0.60015,120.019
2026-01-06T17:01:00Z,84.9854,0.59951,119.993
2026-01-06T17:02:00Z,85.026,0.60047,120.029
2026-01-06T17:03:00Z,84.987,0.59953,119.963
2026-01-06T17:04:00Z,85.0212,0.6003,120.023
2026-01-06T17:05:00Z,84.9835,0.5997,119.962
2026-01-06T17:06:00Z,85.0091,0.60082,120.016
2026-01-06T17:07:00Z,84.9961,0.59964,119.955
2026-01-06T17:08:00Z,85.0171,0.60038,120.042
2026-01-06T17:09:00Z,84.9672,0.60002,119.989
2026-01-06T17:10:00Z,85.0199,0.60011,120.013
2026-01-06T17:11:00Z,84.9859,0.59936,119.972
2026-01-06T17:12:00Z,85.0232,0.6004,120.035
2026-01-06T17:13:00Z,84.9993,0.59961,119.963
2026-01-06T17:14:00Z,85.0173,0.60025,120.039
2026-01-06T17:15:00Z,84.9824,0.59991,119.986
2026-01-06T17:16:00Z,85.0166,0.60067,120.028
2026-01-06T17:17:00Z,84.9963,0.59943,119.967
2026-01-06T17:18:00Z,85.0067,0.60047,120.048
2026-01-06T17:19:00Z,84.9782,0.59961,119.948
2026-01-06T17:20:00Z,85.0082,0.60022,120.027
2026-01-06T17:21:00Z,84.9862,0.59947,120.004
2026-01-06T17:22:00Z,85.0094,0.6005,120.037
2026-01-06T17:23:00Z,84.9942,0.5996,119.966
2026-01-06T17:24:00Z,85.0186,0.60068,120.042
2026-01-06T17:25:00Z,84.9866,0.5998,119.949
2026-01-06T17:26:00Z,85.0233,0.60049,120.012
2026-01-06T17:27:00Z,84.9892,0.59973,119.974
2026-01-06T17:28:00Z,85.0134,0.60081,120.028
2026-01-06T17:29:00Z,84.9888,0.59934,119.932
2026-01-06T17:30:00Z,85.0111,0.60086,120.047
2026-01-06T17:31:00Z,84.9912,0.59959,119.985
2026-01-06T17:32:00Z,85.0321,0.60047,119.974
2026-01-06T17:33:00Z,84.9905,0.5997,119.983
2026-01-06T17:34:00Z,85.0149,0.60016,120.033
2026-01-06T17:35:00Z,84.9866,0.59936,119.989
2026-01-06T17:36:00Z,85.0242,0.60056,120.048
2026-01-06T17:37:00Z,84.9828,0.59974,119.966
2026-01-06T17:38:00Z,85.0294,0.60042,120.017
2026-01-06T17:39:00Z,84.9826,0.59957,119.972
2026-01-06T17:40:00Z,84.9941,0.60035,120.028
2026-01-06T17:41:00Z,84.9846,0.59961,119.972
2026-01-06T17:42:00Z,85.0162,0.60019,120.062
2026-01-06T17:43:00Z,84.9878,0.59966,119.985
2026-01-06T17:44:00Z,85.0142,0.6004,120.019
2026-01-06T17:45:00Z,84.9787,0.59956,119.95
2026-01-06T17:46:00Z,85.0147,0.60063,120.009
2026-01-06T17:47:00Z,84.974,0.59973,119.956
2026-01-06T17:48:00Z,85.0185,0.60061,120.035
2026-01-06T17:49:00Z,84.9836,0.59988,119.971
2026-01-06T17:50:00Z,85.0397,0.60049,120.022
2026-01-06T17:51:00Z,84.9725,0.59953,119.976
2026-01-06T17:52:00Z,85.0129,0.60016,120.028
2026-01-06T17:53:00Z,84.9726,0.59959,119.967
2026-01-06T17:54:00Z,85.0358,0.60071,120.047
2026-01-06T17:55:00Z,84.9865,0.59953,119.955
2026-01-06T17:56:00Z,85.0144,0.60086,120.034
2026-01-06T17:57:00Z,84.9943,0.59978,119.978
2026-01-06T17:58:00Z,85.0277,0.6005,120.041
2026-01-06T17:59:00Z,84.9904,0.59955,119.966
2026-01-06T18:00:00Z,85.0061,0.60023,120.001
2026-01-06T18:01:00Z,84.9759,0.59951,119.978
2026-01-06T18:02:00Z,85.0155,0.60014,120.013
2026-01-06T18:03:00Z,84.9981,0.59952,119.949
2026-01-06T18:04:00Z,85.0147,0.6,120.028
2026-01-06T18:05:00Z,84.9833,0.59995,119.993
2026-01-06T18:06:00Z,85.0205,0.60068,120.015
2026-01-06T18:07:00Z,84.9883,0.59961,119.967
2026-01-06T18:08:00Z,85.0156,0.60044,120.015
2026-01-06T18:09:00Z,84.9843,0.59976,119.944
2026-01-06T18:10:00Z,85.0107,0.60053,119.984
2026-01-06T18:11:00Z,84.9791,0.59952,119.971
2026-01-06T18:12:00Z,85.0163,0.60013,120.035
2026-01-06T18:13:00Z,84.9843,0.59933,119.988
2026-01-06T18:14:00Z,85.0181,0.60011,120.053
2026-01-06T18:15:00Z,84.9878,0.59973,119.974
2026-01-06T18:16:00Z,85.0113,0.60057,120.033
2026-01-06T18:17:00Z,85.0083,0.5993,119.96
2026-01-06T18:18:00Z,85.0146,0.60028,120.014
2026-01-06T18:19:00Z,84.9834,0.59962,119.984
2026-01-06T18:20:00Z,84.9988,0.60029,120.048
2026-01-06T18:21:00Z,84.9855,0.59951,119.979
2026-01-06T18:22:00Z,85.0264,0.60036,120.008
2026-01-06T18:23:00Z,84.9805,0.59968,119.943
2026-01-06T18:24:00Z,85.0136,0.60053,119.985
2026-01-06T18:25:00Z,84.9916,0.59978,119.966
2026-01-06T18:26:00Z,85.0086,0.60026,120.034
2026-01-06T18:27:00Z,84.97,0.59966,119.954
2026-01-06T18:28:00Z,85.0115,0.60051,120.026
2026-01-06T18:29:00Z,84.9752,0.5997,119.929
2026-01-06T18:30:00Z,85.02,0.60028,120.033
2026-01-06T18:31:00Z,84.98,0.59949,119.978
2026-01-06T18:32:00Z,85.0242,0.60062,120.048
2026-01-06T18:33:00Z,84.996,0.59943,119.967
2026-01-06T18:34:00Z,85.0262,0.60048,120.043
2026-01-06T18:35:00Z,84.9797,0.59923,119.97
2026-01-06T18:36:00Z,85.0188,0.60089,120.035
2026-01-06T18:37:00Z,84.9716,0.59909,119.956
2026-01-06T18:38:00Z,85.0202,0.60094,120.002
2026-01-06T18:39:00Z,84.9843,0.59946,119.97
2026-01-06T18:40:00Z,85.0217,0.60044,120.021
2026-01-06T18:41:00Z,84.9876,0.59956,119.96
2026-01-06T18:42:00Z,85.0287,0.60036,120.028
2026-01-06T18:43:00Z,84.9837,0.5996,119.977
2026-01-06T18:44:00Z,85.0096,0.60045,120.013
2026-01-06T18:45:00Z,84.9689,0.59943,119.967
2026-01-06T18:46:00Z,85.0139,0.60017,120.05
2026-01-06T18:47:00Z,84.9928,0.59927,119.989
2026-01-06T18:48:00Z,85.0164,0.60075,120.033
2026-01-06T18:49:00Z,84.9852,0.59947,119.969
2026-01-06T18:50:00Z,85.0281,0.60051,120.042
2026-01-06T18:51:00Z,84.9924,0.59947,119.944
2026-01-06T18:52:00Z,85.022,0.60054,120.025
2026-01-06T18:53:00Z,84.9817,0.59953,119.971
2026-01-06T18:54:00Z,85.0288,0.60056,120.017
2026-01-06T18:55:00Z,84.9812,0.59924,119.994
2026-01-06T18:56:00Z,85.0275,0.60063,120.02
2026-01-06T18:57:00Z,84.9834,0.59932,119.967
2026-01-06T18:58:00Z,85.0235,0.60029,120.045
2026-01-06T18:59:00Z,84.978,0.59946,119.962
2026-01-06T19:00:00Z,85.0211,0.60071,120.049
2026-01-06T19:01:00Z,84.9644,0.59975,119.978
2026-01-06T19:02:00Z,85.0118,0.59998,120.033
2026-01-06T19:03:00Z,84.987,0.59972,119.975
2026-01-06T19:04:00Z,85.0126,0.6002,120.014
2026-01-06T19:05:00Z,84.9779,0.59982,119.973
2026-01-06T19:06:00Z,85.0034,0.60026,120.031
2026-01-06T19:07:00Z,84.9702,0.59975,119.981
2026-01-06T19:08:00Z,85.0092,0.60037,120.015
2026-01-06T19:09:00Z,84.9698,0.59977,119.926
2026-01-06T19:10:00Z,85.0173,0.60047,120.034
2026-01-06T19:11:00Z,84.9722,0.59947,119.971
2026-01-06T19:12:00Z,85.006,0.60008,120.016
2026-01-06T19:13:00Z,84.9853,0.5998,119.999
2026-01-06T19:14:00Z,85.0235,0.6007,120.038
2026-01-06T19:15:00Z,84.999,0.59992,119.992
2026-01-06T19:16:00Z,85.009,0.60063,120.024
2026-01-06T19:17:00Z,84.9901,0.59962,119.988
2026-01-06T19:18:00Z,85.0316,0.60034,120.032
2026-01-06T19:19:00Z,84.9903,0.59979,119.944
2026-01-06T19:20:00Z,85.0079,0.60013,120.022
2026-01-06T19:21:00Z,84.9849,0.59957,119.974
2026-01-06T19:22:00Z,85.0202,0.60041,120.026
2026-01-06T19:23:00Z,84.975,0.5998,119.972
2026-01-06T19:24:00Z,85.0097,0.60051,120.012
2026-01-06T19:25:00Z,84.9647,0.6,119.971
2026-01-06T19:26:00Z,85.0127,0.60038,120.027
2026-01-06T19:27:00Z,84.9766,0.5995,119.946
2026-01-06T19:28:00Z,85.0305,0.6,120.044
2026-01-06T19:29:00Z,84.9819,0.59983,119.984
2026-01-06T19:30:00Z,85.0131,0.6002,120.034
2026-01-06T19:31:00Z,84.9917,0.59941,119.989
2026-01-06T19:32:00Z,85.0171,0.60024,120.049
2026-01-06T19:33:00Z,84.9839,0.59961,119.99
2026-01-06T19:34:00Z,85.0214,0.60032,120.043
2026-01-06T19:35:00Z,84.9935,0.59985,119.964
2026-01-06T19:36:00Z,85.0027,0.60037,120.051
2026-01-06T19:37:00Z,84.9692,0.59948,119.979
2026-01-06T19:38:00Z,85.0319,0.60056,120.018
2026-01-06T19:39:00Z,84.9757,0.59979,119.986
2026-01-06T19:40:00Z,85.0001,0.60059,120.041
2026-01-06T19:41:00Z,84.983,0.59968,119.966
2026-01-06T19:42:00Z,85.0022,0.60052,120.01
2026-01-06T19:43:00Z,84.9829,0.59954,119.952
2026-01-06T19:44:00Z,85.015,0.60045,120.03
2026-01-06T19:45:00Z,84.9856,0.59944,119.966
2026-01-06T19:46:00Z,85.0216,0.60012,120.044
2026-01-06T19:47:00Z,84.9929,0.59944,119.978
2026-01-06T19:48:00Z,85.0124,0.60038,120.043
2026-01-06T19:49:00Z,84.9846,0.59956,119.959
2026-01-06T19:50:00Z,85.0107,0.60043,120.034
2026-01-06T19:51:00Z,84.9885,0.59946,119.992
2026-01-06T19:52:00Z,85.0008,0.60058,120.036
2026-01-06T19:53:00Z,84.9892,0.59955,119.961
2026-01-06T19:54:00Z,85.0176,0.6003,120.028
2026-01-06T19:55:00Z,84.9799,0.59971,119.966
2026-01-06T19:56:00Z,85.0067,0.60036,120.011
2026-01-06T19:57:00Z,84.9907,0.59962,119.975
2026-01-06T19:58:00Z,85.0152,0.60097,120.051
2026-01-06T19:59:00Z,84.9752,0.59955,119.984
2026-01-06T20:00:00Z,85.0203,0.60032,120.032
2026-01-06T20:01:00Z,84.9672,0.59956,120.008
2026-01-06T20:02:00Z,85.0096,0.60055,120.021
2026-01-06T20:03:00Z,84.9776,0.59982,119.945
2026-01-06T20:04:00Z,85.0109,0.60054,120.032
2026-01-06T20:05:00Z,84.9747,0.59962,119.982
2026-01-06T20:06:00Z,85.0188,0.60054,120.025
2026-01-06T20:07:00Z,84.9797,0.59915,119.944
2026-01-06T20:08:00Z,85.0045,0.60037,120.031
2026-01-06T20:09:00Z,84.975,0.59975,119.97
2026-01-06T20:10:00Z,85.0224,0.6005,120.015
2026-01-06T20:11:00Z,84.9873,0.59944,119.978
2026-01-06T20:12:00Z,85.0232,0.60027,120.036
2026-01-06T20:13:00Z,84.9731,0.59971,119.976
2026-01-06T20:14:00Z,85.0173,0.6004,120.034
2026-01-06T20:15:00Z,84.9798,0.59957,119.968
2026-01-06T20:16:00Z,85.021,0.60047,120.037
2026-01-06T20:17:00Z,84.9906,0.59951,119.966
2026-01-06T20:18:00Z,85.0121,0.60029,120.05
2026-01-06T20:19:00Z,84.9901,0.59973,119.958
2026-01-06T20:20:00Z,85.0086,0.60037,120.033
2026-01-06T20:21:00Z,84.9758,0.59971,119.948
2026-01-06T20:22:00Z,85.0132,0.60028,120.023
2026-01-06T20:23:00Z,84.9815,0.59944,119.97
2026-01-06T20:24:00Z,85.0344,0.60054,120.025
2026-01-06T20:25:00Z,84.9816,0.60005,119.954
2026-01-06T20:26:00Z,85.0157,0.60061,120.069
2026-01-06T20:27:00Z,84.9917,0.59985,119.938
2026-01-06T20:28:00Z,85.0275,0.60065,119.991
2026-01-06T20:29:00Z,84.9889,0.59957,119.969
2026-01-06T20:30:00Z,85.024,0.60061,120.049
2026-01-06T20:31:00Z,84.9808,0.59993,119.985
2026-01-06T20:32:00Z,84.9992,0.60068,120.025
2026-01-06T20:33:00Z,84.9914,0.59974,119.932
2026-01-06T20:34:00Z,85.0145,0.60048,120.049
2026-01-06T20:35:00Z,84.9841,0.59946,119.96
2026-01-06T20:36:00Z,85.0144,0.60036,120.028
2026-01-06T20:37:00Z,84.9806,0.59942,119.969
2026-01-06T20:38:00Z,85.0123,0.6002,120.03
2026-01-06T20:39:00Z,84.9859,0.5992,119.959
2026-01-06T20:40:00Z,85.0125,0.60026,120.015
2026-01-06T20:41:00Z,84.9882,0.59947,119.974
2026-01-06T20:42:00Z,85.015,0.60055,120.045
2026-01-06T20:43:00Z,84.984,0.59972,119.962
2026-01-06T20:44:00Z,85.0242,0.60024,120.019
2026-01-06T20:45:00Z,84.9855,0.59951,119.952
2026-01-06T20:46:00Z,85.0221,0.6,120.017
2026-01-06T20:47:00Z,84.9817,0.59973,119.984
2026-01-06T20:48:00Z,85.0196,0.60039,120.031
2026-01-06T20:49:00Z,84.9687,0.59972,119.951
2026-01-06T20:50:00Z,85.0219,0.60045,120.022
2026-01-06T20:51:00Z,84.9832,0.59954,119.983
2026-01-06T20:52:00Z,85.0252,0.60049,120.034
2026-01-06T20:53:00Z,84.9859,0.59945,119.996
2026-01-06T20:54:00Z,85.0114,0.60061,120.044
2026-01-06T20:55:00Z,84.9783,0.59968,119.973
2026-01-06T20:56:00Z,85.0193,0.60065,120.056
2026-01-06T20:57:00Z,84.9673,0.59974,119.988
2026-01-06T20:58:00Z,85.0119,0.6007,120.049
2026-01-06T20:59:00Z,84.9725,0.59956,119.959
2026-01-06T21:00:00Z,85.0147,0.60041,120.015
2026-01-06T21:01:00Z,84.991,0.59931,119.963
2026-01-06T21:02:00Z,85.0217,0.60047,120.004
2026-01-06T21:03:00Z,84.9818,0.59978,119.964
2026-01-06T21:04:00Z,85.0127,0.6005,120.01
2026-01-06T21:05:00Z,84.9766,0.59948,119.973
2026-01-06T21:06:00Z,85.0207,0.60046,120.014
2026-01-06T21:07:00Z,84.9882,0.59927,120.0
2026-01-06T21:08:00Z,85.0204,0.60028,120.056
2026-01-06T21:09:00Z,84.971,0.59993,119.957
2026-01-06T21:10:00Z,85.0283,0.60055,120.049
2026-01-06T21:11:00Z,84.9899,0.59981,119.958
2026-01-06T21:12:00Z,85.021,0.60052,120.034
2026-01-06T21:13:00Z,84.9927,0.59965,119.993
2026-01-06T21:14:00Z,85.0142,0.60031,120.005
2026-01-06T21:15:00Z,84.9914,0.60004,119.96
2026-01-06T21:16:00Z,85.0141,0.6004,120.028
2026-01-06T21:17:00Z,84.9928,0.5999,119.97
2026-01-06T21:18:00Z,85.0224,0.59999,120.007
2026-01-06T21:19:00Z,84.9839,0.59956,119.976
2026-01-06T21:20:00Z,85.0122,0.60068,120.056
2026-01-06T21:21:00Z,84.9726,0.59943,119.991
2026-01-06T21:22:00Z,85.0244,0.60039,120.015
2026-01-06T21:23:00Z,84.9925,0.59936,119.987
2026-01-06T21:24:00Z,85.0167,0.60055,120.022
2026-01-06T21:25:00Z,84.9751,0.59969,119.987
2026-01-06T21:26:00Z,85.0032,0.60053,120.039
2026-01-06T21:27:00Z,84.9884,0.59972,119.97
2026-01-06T21:28:00Z,85.0217,0.60043,120.036
2026-01-06T21:29:00Z,84.9982,0.59951,119.988
2026-01-06T21:30:00Z,85.0074,0.6003,120.02
2026-01-06T21:31:00Z,84.9829,0.59935,119.964
2026-01-06T21:32:00Z,85.0336,0.60005,120.061
2026-01-06T21:33:00Z,84.985,0.59949,119.979
2026-01-06T21:34:00Z,85.0259,0.60004,120.048
2026-01-06T21:35:00Z,84.9822,0.59987,119.955
2026-01-06T21:36:00Z,85.022,0.60049,120.039
2026-01-06T21:37:00Z,84.9671,0.59971,119.944
2026-01-06T21:38:00Z,85.0216,0.6005,119.999
2026-01-06T21:39:00Z,84.9811,0.5993,119.99
2026-01-06T21:40:00Z,85.0202,0.60001,120.049
2026-01-06T21:41:00Z,84.9817,0.59942,119.975
2026-01-06T21:42:00Z,85.0068,0.60058,120.042
2026-01-06T21:43:00Z,84.9805,0.59957,119.982
2026-01-06T21:44:00Z,85.0191,0.60081,120.014
2026-01-06T21:45:00Z,85.0144,0.59986,119.981
2026-01-06T21:46:00Z,85.0069,0.60041,120.047
2026-01-06T21:47:00Z,84.9736,0.59955,119.966
2026-01-06T21:48:00Z,85.0095,0.60027,120.013
2026-01-06T21:49:00Z,84.9771,0.59987,119.969
2026-01-06T21:50:00Z,85.0327,0.6005,120.038
2026-01-06T21:51:00Z,84.9781,0.5998,119.995
2026-01-06T21:52:00Z,85.0102,0.60054,120.022
2026-01-06T21:53:00Z,84.9877,0.59919,119.977
2026-01-06T21:54:00Z,85.0291,0.60021,120.025
2026-01-06T21:55:00Z,84.9989,0.59982,119.99
2026-01-06T21:56:00Z,85.018,0.60047,120.035
2026-01-06T21:57:00Z,84.9709,0.59997,120.007
2026-01-06T21:58:00Z,85.0151,0.60054,120.036
2026-01-06T21:59:00Z,84.9814,0.59943,119.973
2026-01-06T22:00:00Z,85.025,0.60025,120.046
2026-01-06T22:01:00Z,84.9806,0.59925,119.95
2026-01-06T22:02:00Z,85.0218,0.60028,120.045
2026-01-06T22:03:00Z,84.9946,0.59938,119.955
2026-01-06T22:04:00Z,85.0068,0.60051,120.052
2026-01-06T22:05:00Z,84.9943,0.59964,119.983
2026-01-06T22:06:00Z,85.0102,0.5998,120.033
2026-01-06T22:07:00Z,84.9718,0.59956,119.971
2026-01-06T22:08:00Z,85.0251,0.60027,120.019
2026-01-06T22:09:00Z,84.9852,0.59933,119.964
2026-01-06T22:10:00Z,85.0172,0.60021,120.001
2026-01-06T22:11:00Z,84.9739,0.59965,119.972
2026-01-06T22:12:00Z,85.016,0.60063,120.053
2026-01-06T22:13:00Z,84.9889,0.59937,119.979
2026-01-06T22:14:00Z,85.0268,0.60049,120.026
2026-01-06T22:15:00Z,84.9849,0.59961,119.963
2026-01-06T22:16:00Z,85.023,0.60044,120.047
2026-01-06T22:17:00Z,84.9744,0.59954,119.991
2026-01-06T22:18:00Z,85.0092,0.60039,120.017
2026-01-06T22:19:00Z,84.9839,0.59935,119.955
2026-01-06T22:20:00Z,85.0178,0.60056,120.044
2026-01-06T22:21:00Z,84.9863,0.59952,119.97
2026-01-06T22:22:00Z,85.0293,0.60016,120.049
2026-01-06T22:23:00Z,84.9899,0.59931,119.964
2026-01-06T22:24:00Z,85.0237,0.60048,120.011
2026-01-06T22:25:00Z,84.9742,0.59948,119.967
2026-01-06T22:26:00Z,85.0251,0.60044,120.045
2026-01-06T22:27:00Z,84.9866,0.59947,119.976
2026-01-06T22:28:00Z,85.0073,0.60053,120.032
2026-01-06T22:29:00Z,84.9784,0.59973,119.977
2026-01-06T22:30:00Z,85.0121,0.60028,120.049
2026-01-06T22:31:00Z,84.986,0.59955,119.973
2026-01-06T22:32:00Z,85.0227,0.60057,120.032
2026-01-06T22:33:00Z,84.9752,0.59973,119.982
2026-01-06T22:34:00Z,85.0095,0.60023,120.046
2026-01-06T22:35:00Z,84.9769,0.5998,119.971
2026-01-06T22:36:00Z,85.018,0.60056,119.996
2026-01-06T22:37:00Z,84.9837,0.59964,119.968
2026-01-06T22:38:00Z,85.0153,0.60068,120.012
2026-01-06T22:39:00Z,84.992,0.59996,119.963
2026-01-06T22:40:00Z,85.0275,0.60043,120.018
2026-01-06T22:41:00Z,84.9819,0.59972,119.941
2026-01-06T22:42:00Z,85.0101,0.60063,120.024
2026-01-06T22:43:00Z,84.9846,0.59948,119.978
2026-01-06T22:44:00Z,85.0238,0.60082,120.028
2026-01-06T22:45:00Z,84.9784,0.59961,119.974
2026-01-06T22:46:00Z,85.027,0.60064,120.019
2026-01-06T22:47:00Z,84.9866,0.59928,119.984
2026-01-06T22:48:00Z,85.0079,0.60039,120.041
2026-01-06T22:49:00Z,84.9692,0.59955,119.967
2026-01-06T22:50:00Z,85.0252,0.60051,120.05
2026-01-06T22:51:00Z,84.9773,0.59978,119.972
2026-01-06T22:52:00Z,85.0206,0.60062,120.024
2026-01-06T22:53:00Z,84.9889,0.59968,119.976
2026-01-06T22:54:00Z,85.0191,0.60019,120.003
2026-01-06T22:55:00Z,84.985,0.5995,119.978
2026-01-06T22:56:00Z,85.0024,0.60058,120.025
2026-01-06T22:57:00Z,84.9939,0.59948,119.964
2026-01-06T22:58:00Z,85.0132,0.60047,120.016
2026-01-06T22:59:00Z,84.9857,0.5992,119.994
2026-01-06T23:00:00Z,85.0118,0.60092,120.034
2026-01-06T23:01:00Z,84.9739,0.59981,119.965
2026-01-06T23:02:00Z,85.0072,0.60007,120.031
2026-01-06T23:03:00Z,84.997,0.59952,119.971
2026-01-06T23:04:00Z,85.0032,0.60054,120.046
2026-01-06T23:05:00Z,84.9973,0.59933,119.975
2026-01-06T23:06:00Z,85.0251,0.60023,120.033
2026-01-06T23:07:00Z,84.9748,0.59955,119.983
2026-01-06T23:08:00Z,85.0209,0.60032,120.031
2026-01-06T23:09:00Z,84.9926,0.59928,119.977
2026-01-06T23:10:00Z,85.0086,0.60054,120.043
2026-01-06T23:11:00Z,84.9815,0.59974,119.974
2026-01-06T23:12:00Z,85.0091,0.60026,120.027
2026-01-06T23:13:00Z,84.9843,0.59974,119.98
2026-01-06T23:14:00Z,85.0125,0.60051,120.024
2026-01-06T23:15:00Z,84.98,0.59956,119.946
2026-01-06T23:16:00Z,85.0076,0.60042,120.01
2026-01-06T23:17:00Z,84.9865,0.59964,119.957
2026-01-06T23:18:00Z,85.021,0.60029,120.013
2026-01-06T23:19:00Z,84.9853,0.59943,119.992
2026-01-06T23:20:00Z,85.0136,0.60045,120.047
2026-01-06T23:21:00Z,84.9924,0.59973,119.973
2026-01-06T23:22:00Z,84.9974,0.60042,120.03
2026-01-06T23:23:00Z,84.9861,0.59976,119.965
2026-01-06T23:24:00Z,85.0193,0.60024,120.065
2026-01-06T23:25:00Z,84.9966,0.59943,119.982
2026-01-06T23:26:00Z,85.0114,0.60046,120.025
2026-01-06T23:27:00Z,84.9812,0.59972,119.95
2026-01-06T23:28:00Z,85.0197,0.60062,120.03
2026-01-06T23:29:00Z,84.9778,0.59933,119.961
2026-01-06T23:30:00Z,85.0275,0.60035,120.01
2026-01-06T23:31:00Z,84.9868,0.59922,119.972
2026-01-06T23:32:00Z,85.0122,0.60037,120.025
2026-01-06T23:33:00Z,84.9842,0.59941,119.963
2026-01-06T23:34:00Z,85.0219,0.60029,120.012
2026-01-06T23:35:00Z,84.9762,0.59964,119.959
2026-01-06T23:36:00Z,85.0209,0.60039,120.017
2026-01-06T23:37:00Z,84.9881,0.59977,119.973
2026-01-06T23:38:00Z,85.0068,0.60058,120.026
2026-01-06T23:39:00Z,84.9798,0.59964,119.973
2026-01-06T23:40:00Z,85.0199,0.60039,120.03
2026-01-06T23:41:00Z,84.971,0.59958,119.977
2026-01-06T23:42:00Z,85.0186,0.60067,120.002
2026-01-06T23:43:00Z,84.969,0.59961,119.969
2026-01-06T23:44:00Z,85.0032,0.60077,120.037
2026-01-06T23:45:00Z,84.9869,0.59979,119.983
2026-01-06T23:46:00Z,85.0351,0.60058,120.02
2026-01-06T23:47:00Z,84.9884,0.59998,119.966
2026-01-06T23:48:00Z,84.9991,0.6004,120.057
2026-01-06T23:49:00Z,84.9777,0.59988,119.972
2026-01-06T23:50:00Z,85.0121,0.6005,120.043
2026-01-06T23:51:00Z,84.962,0.5998,119.97
2026-01-06T23:52:00Z,85.026,0.60041,120.031
2026-01-06T23:53:00Z,84.9793,0.59993,119.969
2026-01-06T23:54:00Z,85.0078,0.60051,120.054
2026-01-06T23:55:00Z,84.9976,0.59981,119.966
2026-01-06T23:56:00Z,85.0056,0.60036,120.038
2026-01-06T23:57:00Z,84.9945,0.59992,119.952
2026-01-06T23:58:00Z,85.0191,0.60031,120.018
2026-01-06T23:59:00Z,84.9872,0.59949,119.979
2026-01-07T00:00:00Z,85.0106,0.60059,120.031
2026-01-07T00:01:00Z,84.9816,0.59998,119.962
2026-01-07T00:02:00Z,85.0074,0.60038,120.028
2026-01-07T00:03:00Z,84.9728,0.59946,119.944
2026-01-07T00:04:00Z,85.0088,0.60029,120.008
2026-01-07T00:05:00Z,84.9869,0.59956,119.973
2026-01-07T00:06:00Z,85.0132,0.60064,120.039
2026-01-07T00:07:00Z,84.9861,0.59922,119.98
2026-01-07T00:08:00Z,85.0295,0.6007,120.027
2026-01-07T00:09:00Z,84.994,0.59973,119.958
2026-01-07T00:10:00Z,85.0178,0.60027,120.06
2026-01-07T00:11:00Z,84.9895,0.59975,119.968
2026-01-07T00:12:00Z,85.0174,0.60024,120.006
2026-01-07T00:13:00Z,84.9786,0.59971,119.964
2026-01-07T00:14:00Z,85.0181,0.60069,120.042
2026-01-07T00:15:00Z,84.9731,0.59969,119.965
2026-01-07T00:16:00Z,85.0176,0.60015,120.031
2026-01-07T00:17:00Z,84.9857,0.59957,119.966
2026-01-07T00:18:00Z,85.0114,0.60031,120.069
2026-01-07T00:19:00Z,84.9946,0.59977,119.963
2026-01-07T00:20:00Z,84.9998,0.60079,120.015
2026-01-07T00:21:00Z,84.9869,0.5996,119.989
2026-01-07T00:22:00Z,85.023,0.60067,120.009
2026-01-07T00:23:00Z,84.9808,0.59943,119.944
2026-01-07T00:24:00Z,85.0298,0.6003,120.05
2026-01-07T00:25:00Z,84.9752,0.59967,119.987
2026-01-07T00:26:00Z,85.0251,0.60058,120.046
2026-01-07T00:27:00Z,84.9758,0.59993,119.948
2026-01-07T00:28:00Z,85.0189,0.60031,120.043
2026-01-07T00:29:00Z,84.9947,0.59929,119.963
2026-01-07T00:30:00Z,85.0199,0.60078,120.028
2026-01-07T00:31:00Z,84.9756,0.59953,119.954
2026-01-07T00:32:00Z,85.0071,0.60067,120.044
2026-01-07T00:33:00Z,84.9797,0.59944,119.969
2026-01-07T00:34:00Z,85.0034,0.6009,120.046
2026-01-07T00:35:00Z,84.9703,0.59973,119.97
2026-01-07T00:36:00Z,84.9922,0.60062,120.026
2026-01-07T00:37:00Z,84.9766,0.59959,119.952
2026-01-07T00:38:00Z,85.0118,0.60022,120.033
2026-01-07T00:39:00Z,84.9818,0.59996,119.985
2026-01-07T00:40:00Z,85.0152,0.60073,120.068
2026-01-07T00:41:00Z,84.9661,0.59983,119.971
2026-01-07T00:42:00Z,85.0115,0.60027,120.031
2026-01-07T00:43:00Z,84.9807,0.59997,119.981
2026-01-07T00:44:00Z,85.0218,0.60045,120.019
2026-01-07T00:45:00Z,84.9805,0.59941,119.965
2026-01-07T00:46:00Z,85.0178,0.60047,120.002
2026-01-07T00:47:00Z,84.9818,0.59991,119.94
2026-01-07T00:48:00Z,85.0154,0.60064,120.041
2026-01-07T00:49:00Z,84.9873,0.59985,119.983
2026-01-07T00:50:00Z,85.0077,0.60037,120.021
2026-01-07T00:51:00Z,84.9823,0.5997,119.975
2026-01-07T00:52:00Z,85.0206,0.60052,120.064
2026-01-07T00:53:00Z,84.9772,0.59964,119.968
2026-01-07T00:54:00Z,85.0125,0.60042,120.007
2026-01-07T00:55:00Z,84.9859,0.59959,119.939
2026-01-07T00:56:00Z,85.0159,0.60009,120.017
2026-01-07T00:57:00Z,84.9847,0.59966,119.965
2026-01-07T00:58:00Z,85.0201,0.60046,120.023
2026-01-07T00:59:00Z,84.9775,0.59971,119.981
2026-01-07T01:00:00Z,85.0115,0.59987,120.024
2026-01-07T01:01:00Z,84.9856,0.59961,119.962
2026-01-07T01:02:00Z,85.0088,0.60074,120.032
2026-01-07T01:03:00Z,84.996,0.5997,119.985
2026-01-07T01:04:00Z,85.0067,0.60054,120.052
2026-01-07T01:05:00Z,84.9857,0.59955,119.946
2026-01-07T01:06:00Z,85.0236,0.60046,120.022
2026-01-07T01:07:00Z,84.961,0.59982,119.973
2026-01-07T01:08:00Z,84.995,0.60033,120.05
2026-01-07T01:09:00Z,84.9953,0.59974,119.968
2026-01-07T01:10:00Z,85.0103,0.6004,120.018
2026-01-07T01:11:00Z,84.9912,0.59967,119.961
2026-01-07T01:12:00Z,85.0057,0.60058,120.044
2026-01-07T01:13:00Z,84.9773,0.59949,119.939
2026-01-07T01:14:00Z,85.0082,0.6001,120.037
2026-01-07T01:15:00Z,84.9817,0.59947,119.952
2026-01-07T01:16:00Z,85.0138,0.60061,120.047
2026-01-07T01:17:00Z,84.9887,0.5996,119.974
2026-01-07T01:18:00Z,85.0088,0.60038,120.027
2026-01-07T01:19:00Z,84.989,0.59939,119.969
2026-01-07T01:20:00Z,85.0052,0.60036,119.999
2026-01-07T01:21:00Z,84.9889,0.59935,119.989
2026-01-07T01:22:00Z,85.0219,0.60069,120.028
2026-01-07T01:23:00Z,84.9788,0.59928,119.976
2026-01-07T01:24:00Z,84.9965,0.60079,120.031
2026-01-07T01:25:00Z,84.9875,0.59982,119.976
2026-01-07T01:26:00Z,85.0169,0.60046,120.005
2026-01-07T01:27:00Z,84.9783,0.59967,119.978
2026-01-07T01:28:00Z,85.02,0.60059,120.054
2026-01-07T01:29:00Z,84.9833,0.5994,119.975
2026-01-07T01:30:00Z,85.0128,0.60054,120.023
2026-01-07T01:31:00Z,84.9855,0.59983,119.97
2026-01-07T01:32:00Z,85.0191,0.60007,120.031
2026-01-07T01:33:00Z,84.9795,0.59968,119.966
2026-01-07T01:34:00Z,85.0103,0.60049,120.004
2026-01-07T01:35:00Z,84.9992,0.59986,119.974
2026-01-07T01:36:00Z,85.021,0.60061,120.043
2026-01-07T01:37:00Z,84.9805,0.59984,119.965
2026-01-07T01:38:00Z,85.0136,0.6006,120.017
2026-01-07T01:39:00Z,84.975,0.59967,119.951
2026-01-07T01:40:00Z,85.0233,0.60063,120.054
2026-01-07T01:41:00Z,84.9696,0.59968,119.976
2026-01-07T01:42:00Z,85.0296,0.60034,120.009
2026-01-07T01:43:00Z,84.9848,0.59967,119.94
2026-01-07T01:44:00Z,85.0139,0.60083,120.031
2026-01-07T01:45:00Z,84.9926,0.59989,119.974
2026-01-07T01:46:00Z,85.0128,0.6002,120.016
2026-01-07T01:47:00Z,84.9854,0.59939,119.963
2026-01-07T01:48:00Z,85.0224,0.60081,120.04
2026-01-07T01:49:00Z,84.9753,0.59942,119.979
2026-01-07T01:50:00Z,85.011,0.60063,120.012
2026-01-07T01:51:00Z,84.9798,0.59941,119.979
2026-01-07T01:52:00Z,85.0101,0.60011,120.036
2026-01-07T01:53:00Z,85.0034,0.59923,119.976
2026-01-07T01:54:00Z,85.0159,0.60011,119.986
2026-01-07T01:55:00Z,84.977,0.59974,119.95
2026-01-07T01:56:00Z,85.0298,0.60046,120.048
2026-01-07T01:57:00Z,84.9959,0.59951,119.953
2026-01-07T01:58:00Z,85.0,0.60067,120.039
2026-01-07T01:59:00Z,84.9894,0.59962,119.961
2026-01-07T02:00:00Z,85.0043,0.60049,120.03
2026-01-07T02:01:00Z,84.9757,0.59963,119.973
2026-01-07T02:02:00Z,85.0132,0.60075,120.04
2026-01-07T02:03:00Z,84.9813,0.5995,119.962
2026-01-07T02:04:00Z,85.0266,0.60072,120.044
2026-01-07T02:05:00Z,84.9791,0.59966,119.945
2026-01-07T02:06:00Z,85.0277,0.60021,120.014
2026-01-07T02:07:00Z,84.9786,0.59945,119.974
2026-01-07T02:08:00Z,85.0105,0.60079,120.035
2026-01-07T02:09:00Z,84.9782,0.59992,119.981
2026-01-07T02:10:00Z,85.0222,0.60046,120.047
2026-01-07T02:11:00Z,84.9917,0.59953,119.987
2026-01-07T02:12:00Z,85.0243,0.6004,120.026
2026-01-07T02:13:00Z,84.9941,0.59944,119.953
2026-01-07T02:14:00Z,85.0298,0.60054,120.017
2026-01-07T02:15:00Z,85.0,0.59958,119.978
2026-01-07T02:16:00Z,85.0233,0.60025,120.005
2026-01-07T02:17:00Z,84.9834,0.59938,119.955
2026-01-07T02:18:00Z,85.024,0.60086,120.023
2026-01-07T02:19:00Z,85.0013,0.59959,119.939
2026-01-07T02:20:00Z,85.0241,0.60045,120.03
2026-01-07T02:21:00Z,84.9977,0.59984,119.99
2026-01-07T02:22:00Z,85.0156,0.60037,120.026
2026-01-07T02:23:00Z,84.9913,0.59944,119.984
2026-01-07T02:24:00Z,85.0513,0.60023,120.007
2026-01-07T02:25:00Z,85.009,0.59968,119.981
2026-01-07T02:26:00Z,85.0225,0.60064,120.038
2026-01-07T02:27:00Z,84.9879,0.59954,119.974
2026-01-07T02:28:00Z,85.0338,0.60043,120.039
2026-01-07T02:29:00Z,84.9984,0.59987,119.98
2026-01-07T02:30:00Z,85.0523,0.60003,120.047
2026-01-07T02:31:00Z,84.9921,0.59932,119.967
2026-01-07T02:32:00Z,85.0354,0.60029,120.002
2026-01-07T02:33:00Z,85.0145,0.59984,119.946
2026-01-07T02:34:00Z,85.0336,0.60026,120.017
2026-01-07T02:35:00Z,84.9988,0.59959,119.971
2026-01-07T02:36:00Z,85.0435,0.60036,120.021
2026-01-07T02:37:00Z,85.0238,0.59957,119.971
2026-01-07T02:38:00Z,85.0463,0.60059,120.039
2026-01-07T02:39:00Z,85.007,0.59957,119.978
2026-01-07T02:40:00Z,85.0345,0.60032,120.032
2026-01-07T02:41:00Z,85.0109,0.59967,119.966
2026-01-07T02:42:00Z,85.038,0.60028,120.03
2026-01-07T02:43:00Z,85.0115,0.59948,119.97
2026-01-07T02:44:00Z,85.0481,0.60046,120.026
2026-01-07T02:45:00Z,85.0248,0.59988,119.954
2026-01-07T02:46:00Z,85.0283,0.60065,120.047
2026-01-07T02:47:00Z,84.9983,0.59969,119.975
2026-01-07T02:48:00Z,85.0234,0.60038,120.023
2026-01-07T02:49:00Z,85.0078,0.59974,119.993
2026-01-07T02:50:00Z,85.0561,0.60026,120.062
2026-01-07T02:51:00Z,85.0143,0.59971,119.972
2026-01-07T02:52:00Z,85.0513,0.60063,120.015
2026-01-07T02:53:00Z,85.0123,0.59952,119.969
2026-01-07T02:54:00Z,85.0498,0.60024,120.028
2026-01-07T02:55:00Z,85.0093,0.59992,119.989
2026-01-07T02:56:00Z,85.052,0.60025,120.024
2026-01-07T02:57:00Z,85.0116,0.5993,119.972
2026-01-07T02:58:00Z,85.0465,0.60041,120.032
2026-01-07T02:59:00Z,85.0271,0.59971,119.992
2026-01-07T03:00:00Z,85.0417,0.6002,120.057
2026-01-07T03:01:00Z,85.0215,0.59953,119.959
2026-01-07T03:02:00Z,85.0544,0.60056,120.016
2026-01-07T03:03:00Z,85.0421,0.59971,119.973
2026-01-07T03:04:00Z,85.0519,0.59989,120.035
2026-01-07T03:05:00Z,85.024,0.59968,119.961
2026-01-07T03:06:00Z,85.0533,0.60027,120.025
2026-01-07T03:07:00Z,85.0176,0.59951,119.991
2026-01-07T03:08:00Z,85.0492,0.6002,120.02
2026-01-07T03:09:00Z,85.0163,0.59984,119.983
2026-01-07T03:10:00Z,85.0536,0.60021,120.04
2026-01-07T03:11:00Z,85.0281,0.5994,119.958
2026-01-07T03:12:00Z,85.0673,0.59996,120.038
2026-01-07T03:13:00Z,85.0179,0.5995,119.96
2026-01-07T03:14:00Z,85.0631,0.60065,120.048
2026-01-07T03:15:00Z,85.0179,0.59936,119.94
2026-01-07T03:16:00Z,85.059,0.60051,120.007
2026-01-07T03:17:00Z,85.0189,0.59987,119.985
2026-01-07T03:18:00Z,85.0636,0.59997,120.062
2026-01-07T03:19:00Z,85.0398,0.5997,119.99
2026-01-07T03:20:00Z,85.066,0.60045,120.011
2026-01-07T03:21:00Z,85.0504,0.59976,119.962
2026-01-07T03:22:00Z,85.0669,0.60035,120.028
2026-01-07T03:23:00Z,85.0268,0.5995,119.959
2026-01-07T03:24:00Z,85.067,0.60056,120.034
2026-01-07T03:25:00Z,85.023,0.59985,119.99
2026-01-07T03:26:00Z,85.0655,0.60048,120.045
2026-01-07T03:27:00Z,85.029,0.59945,119.949
2026-01-07T03:28:00Z,85.075,0.59997,120.012
2026-01-07T03:29:00Z,85.0402,0.59973,119.993
2026-01-07T03:30:00Z,85.0712,0.60058,120.027
2026-01-07T03:31:00Z,85.0411,0.59922,119.973
2026-01-07T03:32:00Z,85.0682,0.60048,120.04
2026-01-07T03:33:00Z,85.0376,0.59977,119.957
2026-01-07T03:34:00Z,85.0669,0.60073,120.032
2026-01-07T03:35:00Z,85.0311,0.59942,119.942
2026-01-07T03:36:00Z,85.0772,0.60042,120.018
2026-01-07T03:37:00Z,85.0415,0.59991,119.965
2026-01-07T03:38:00Z,85.0775,0.6004,120.01
2026-01-07T03:39:00Z,85.0415,0.59999,119.973
2026-01-07T03:40:00Z,85.0782,0.59997,120.017
2026-01-07T03:41:00Z,85.0368,0.59965,119.981
2026-01-07T03:42:00Z,85.0696,0.6003,119.998
2026-01-07T03:43:00Z,85.0446,0.59936,119.979
2026-01-07T03:44:00Z,85.0753,0.60084,120.005
2026-01-07T03:45:00Z,85.0476,0.59948,119.986
2026-01-07T03:46:00Z,85.0592,0.60046,120.039
2026-01-07T03:47:00Z,85.0517,0.59948,119.949
2026-01-07T03:48:00Z,85.0839,0.60018,120.029
2026-01-07T03:49:00Z,85.0367,0.59957,119.939
2026-01-07T03:50:00Z,85.0948,0.60048,119.993
2026-01-07T03:51:00Z,85.0553,0.59972,119.991
2026-01-07T03:52:00Z,85.0751,0.60061,120.043
2026-01-07T03:53:00Z,85.047,0.59968,119.946
2026-01-07T03:54:00Z,85.0912,0.60049,120.031
2026-01-07T03:55:00Z,85.0494,0.5994,119.975
2026-01-07T03:56:00Z,85.0801,0.60065,120.053
2026-01-07T03:57:00Z,85.051,0.6,119.971
2026-01-07T03:58:00Z,85.087,0.60055,120.061
2026-01-07T03:59:00Z,85.0649,0.59969,119.954
2026-01-07T04:00:00Z,85.0776,0.60022,120.028
2026-01-07T04:01:00Z,85.0687,0.59965,119.983
2026-01-07T04:02:00Z,85.0766,0.6002,120.04
2026-01-07T04:03:00Z,85.0564,0.6,119.994
2026-01-07T04:04:00Z,85.0559,0.60058,120.022
2026-01-07T04:05:00Z,85.0537,0.59944,119.957
2026-01-07T04:06:00Z,85.102,0.60059,120.022
2026-01-07T04:07:00Z,85.0685,0.59948,119.976
2026-01-07T04:08:00Z,85.086,0.60091,120.018
2026-01-07T04:09:00Z,85.0572,0.599,119.946
2026-01-07T04:10:00Z,85.0818,0.60051,120.034
2026-01-07T04:11:00Z,85.07,0.59995,119.956
2026-01-07T04:12:00Z,85.1043,0.6,120.039
2026-01-07T04:13:00Z,85.0495,0.59911,119.93
2026-01-07T04:14:00Z,85.1049,0.60065,120.028
2026-01-07T04:15:00Z,85.0657,0.59991,119.964
2026-01-07T04:16:00Z,85.1027,0.60009,120.03
2026-01-07T04:17:00Z,85.0737,0.59975,119.978
2026-01-07T04:18:00Z,85.0894,0.60036,120.05
2026-01-07T04:19:00Z,85.0677,0.59981,119.96
2026-01-07T04:20:00Z,85.0953,0.60009,120.011
2026-01-07T04:21:00Z,85.0602,0.59954,119.961
2026-01-07T04:22:00Z,85.0851,0.60053,120.03
2026-01-07T04:23:00Z,85.063,0.59954,119.969
2026-01-07T04:24:00Z,85.0922,0.60067,120.037
2026-01-07T04:25:00Z,85.0653,0.59963,119.988
2026-01-07T04:26:00Z,85.1003,0.60049,120.007
2026-01-07T04:27:00Z,85.0813,0.59933,119.993
2026-01-07T04:28:00Z,85.1172,0.60019,120.024
2026-01-07T04:29:00Z,85.0757,0.59976,119.969
2026-01-07T04:30:00Z,85.1003,0.60077,120.015
2026-01-07T04:31:00Z,85.0879,0.5998,119.971
2026-01-07T04:32:00Z,85.0842,0.60042,120.035
2026-01-07T04:33:00Z,85.0769,0.59948,119.928
2026-01-07T04:34:00Z,85.1109,0.60032,119.991
2026-01-07T04:35:00Z,85.0746,0.59966,119.99
2026-01-07T04:36:00Z,85.1044,0.60025,119.989
2026-01-07T04:37:00Z,85.0735,0.59943,119.983
2026-01-07T04:38:00Z,85.116,0.60046,120.011
2026-01-07T04:39:00Z,85.0931,0.59962,119.993
2026-01-07T04:40:00Z,85.1295,0.6005,120.014
2026-01-07T04:41:00Z,85.0849,0.59947,119.974
2026-01-07T04:42:00Z,85.121,0.60006,120.026
2026-01-07T04:43:00Z,85.0901,0.59969,119.974
2026-01-07T04:44:00Z,85.1186,0.60025,120.033
2026-01-07T04:45:00Z,85.076,0.59972,119.983
2026-01-07T04:46:00Z,85.1143,0.60089,120.057
2026-01-07T04:47:00Z,85.0876,0.5997,119.965
2026-01-07T04:48:00Z,85.1166,0.60044,120.033
2026-01-07T04:49:00Z,85.0828,0.59947,119.964
2026-01-07T04:50:00Z,85.1188,0.60057,120.025
2026-01-07T04:51:00Z,85.0867,0.5994,119.966
2026-01-07T04:52:00Z,85.1293,0.60013,120.05
2026-01-07T04:53:00Z,85.0924,0.59957,119.98
2026-01-07T04:54:00Z,85.1181,0.60042,119.989
2026-01-07T04:55:00Z,85.0994,0.59963,119.952
2026-01-07T04:56:00Z,85.1151,0.60019,120.019
2026-01-07T04:57:00Z,85.1061,0.59919,119.995
2026-01-07T04:58:00Z,85.1202,0.60063,120.032
2026-01-07T04:59:00Z,85.0839,0.59958,119.96
2026-01-07T05:00:00Z,85.1318,0.60027,120.023
2026-01-07T05:01:00Z,85.0848,0.59953,119.987
2026-01-07T05:02:00Z,85.1173,0.60045,120.015
2026-01-07T05:03:00Z,85.0884,0.59978,119.958
2026-01-07T05:04:00Z,85.1198,0.60046,120.042
2026-01-07T05:05:00Z,85.0904,0.59974,119.977
2026-01-07T05:06:00Z,85.1134,0.60017,120.043
2026-01-07T05:07:00Z,85.0916,0.59962,119.959
2026-01-07T05:08:00Z,85.1415,0.60007,120.049
2026-01-07T05:09:00Z,85.1012,0.59946,119.973
2026-01-07T05:10:00Z,85.136,0.60068,119.985
2026-01-07T05:11:00Z,85.0953,0.59972,119.985
2026-01-07T05:12:00Z,85.1313,0.60012,120.046
2026-01-07T05:13:00Z,85.1093,0.59955,119.972
2026-01-07T05:14:00Z,85.1403,0.6005,120.025
2026-01-07T05:15:00Z,85.1031,0.59963,119.986
2026-01-07T05:16:00Z,85.134,0.6004,120.021
2026-01-07T05:17:00Z,85.1061,0.59945,119.983
2026-01-07T05:18:00Z,85.1323,0.60012,120.045
2026-01-07T05:19:00Z,85.1029,0.59976,119.961
2026-01-07T05:20:00Z,85.1411,0.60049,120.014
2026-01-07T05:21:00Z,85.1088,0.59994,119.964
2026-01-07T05:22:00Z,85.1384,0.60051,120.014
2026-01-07T05:23:00Z,85.1258,0.59971,119.976
2026-01-07T05:24:00Z,85.1451,0.60049,120.081
2026-01-07T05:25:00Z,85.1016,0.59949,119.971
2026-01-07T05:26:00Z,85.1389,0.60033,120.065
2026-01-07T05:27:00Z,85.1092,0.59928,119.978
2026-01-07T05:28:00Z,85.1498,0.60035,120.033
2026-01-07T05:29:00Z,85.1129,0.59972,119.977
2026-01-07T05:30:00Z,85.1371,0.60076,119.991
2026-01-07T05:31:00Z,85.0995,0.59959,119.995
2026-01-07T05:32:00Z,85.1405,0.60041,120.05
2026-01-07T05:33:00Z,85.1114,0.59949,119.992
2026-01-07T05:34:00Z,85.1369,0.60081,120.035
2026-01-07T05:35:00Z,85.1063,0.59949,119.981
2026-01-07T05:36:00Z,85.1381,0.60067,120.033
2026-01-07T05:37:00Z,85.1144,0.59968,119.97
2026-01-07T05:38:00Z,85.1433,0.60103,120.043
2026-01-07T05:39:00Z,85.1151,0.59927,119.981
2026-01-07T05:40:00Z,85.1603,0.59995,120.032
2026-01-07T05:41:00Z,85.1092,0.59919,119.971
2026-01-07T05:42:00Z,85.1464,0.60027,120.034
2026-01-07T05:43:00Z,85.113,0.59942,119.952
2026-01-07T05:44:00Z,85.1546,0.60054,120.007
2026-01-07T05:45:00Z,85.1312,0.59984,119.952
2026-01-07T05:46:00Z,85.1432,0.60023,120.056
2026-01-07T05:47:00Z,85.1307,0.59965,119.961
2026-01-07T05:48:00Z,85.1397,0.60042,120.053
2026-01-07T05:49:00Z,85.1115,0.59952,119.939
2026-01-07T05:50:00Z,85.1537,0.60038,120.03
2026-01-07T05:51:00Z,85.1162,0.59963,119.975
2026-01-07T05:52:00Z,85.1509,0.60045,120.05
2026-01-07T05:53:00Z,85.1276,0.5996,119.949
2026-01-07T05:54:00Z,85.1571,0.6003,120.0
2026-01-07T05:55:00Z,85.1186,0.59954,119.955
2026-01-07T05:56:00Z,85.1522,0.60011,120.037
2026-01-07T05:57:00Z,85.1286,0.59954,119.963
2026-01-07T05:58:00Z,85.1741,0.6003,120.021
2026-01-07T05:59:00Z,85.119,0.59932,119.973
2026-01-07T06:00:00Z,85.1593,0.6006,120.017
2026-01-07T06:01:00Z,85.126,0.59923,119.995
2026-01-07T06:02:00Z,85.1522,0.60027,120.033
2026-01-07T06:03:00Z,85.1306,0.59977,119.938
2026-01-07T06:04:00Z,85.1666,0.60051,120.02
2026-01-07T06:05:00Z,85.1475,0.59957,119.953
2026-01-07T06:06:00Z,85.1618,0.60028,120.014
2026-01-07T06:07:00Z,85.1323,0.59962,119.968
2026-01-07T06:08:00Z,85.1601,0.60047,120.035
2026-01-07T06:09:00Z,85.1281,0.59934,119.997
2026-01-07T06:10:00Z,85.1564,0.60038,120.043
2026-01-07T06:11:00Z,85.14,0.59994,119.949
2026-01-07T06:12:00Z,85.1682,0.60011,120.023
2026-01-07T06:13:00Z,85.1307,0.59968,119.955
2026-01-07T06:14:00Z,85.1751,0.60034,120.039
2026-01-07T06:15:00Z,85.1253,0.59979,119.989
2026-01-07T06:16:00Z,85.1559,0.60038,120.058
2026-01-07T06:17:00Z,85.1401,0.59962,119.954
2026-01-07T06:18:00Z,85.172,0.60057,120.035
2026-01-07T06:19:00Z,85.1399,0.5995,119.972
2026-01-07T06:20:00Z,85.1649,0.60051,120.019
2026-01-07T06:21:00Z,85.1371,0.59965,119.99
2026-01-07T06:22:00Z,85.1773,0.60024,120.045
2026-01-07T06:23:00Z,85.1272,0.59961,119.944
2026-01-07T06:24:00Z,85.1844,0.6004,120.043
2026-01-07T06:25:00Z,85.1489,0.59984,119.97
2026-01-07T06:26:00Z,85.1739,0.60023,120.016
2026-01-07T06:27:00Z,85.144,0.59971,119.992
2026-01-07T06:28:00Z,85.1858,0.60027,120.048
2026-01-07T06:29:00Z,85.1302,0.59965,119.953
2026-01-07T06:30:00Z,85.1728,0.60075,120.044
2026-01-07T06:31:00Z,85.1484,0.59963,119.955
2026-01-07T06:32:00Z,85.1808,0.60047,120.019
2026-01-07T06:33:00Z,85.1508,0.59975,119.951
2026-01-07T06:34:00Z,85.1819,0.60025,120.026
2026-01-07T06:35:00Z,85.1741,0.59933,119.973
2026-01-07T06:36:00Z,85.1836,0.60008,120.06
2026-01-07T06:37:00Z,85.1522,0.59976,119.961
2026-01-07T06:38:00Z,85.1797,0.60024,120.031
2026-01-07T06:39:00Z,85.1546,0.5995,119.966
2026-01-07T06:40:00Z,85.1888,0.60034,120.025
2026-01-07T06:41:00Z,85.134,0.59941,120.002
2026-01-07T06:42:00Z,85.1723,0.60006,120.029
2026-01-07T06:43:00Z,85.1539,0.59939,119.978
2026-01-07T06:44:00Z,85.1792,0.60009,120.044
2026-01-07T06:45:00Z,85.1645,0.59982,119.961
2026-01-07T06:46:00Z,85.1867,0.59983,120.049
2026-01-07T06:47:00Z,85.1627,0.59947,119.961
2026-01-07T06:48:00Z,85.1874,0.60043,120.02
2026-01-07T06:49:00Z,85.1584,0.59984,119.966
2026-01-07T06:50:00Z,85.1928,0.60039,120.045
2026-01-07T06:51:00Z,85.1487,0.59976,119.956
2026-01-07T06:52:00Z,85.1989,0.60036,120.02
2026-01-07T06:53:00Z,85.163,0.59987,119.99
2026-01-07T06:54:00Z,85.2071,0.60061,120.025
2026-01-07T06:55:00Z,85.1622,0.59966,119.955
2026-01-07T06:56:00Z,85.1831,0.60058,120.035
2026-01-07T06:57:00Z,85.1593,0.59973,119.961
2026-01-07T06:58:00Z,85.2051,0.60053,120.033
2026-01-07T06:59:00Z,85.1596,0.60004,119.979
2026-01-07T07:00:00Z,85.1964,0.60024,120.007
2026-01-07T07:01:00Z,85.1708,0.59967,119.991
2026-01-07T07:02:00Z,85.1753,0.60047,120.054
2026-01-07T07:03:00Z,85.1748,0.5996,119.971
2026-01-07T07:04:00Z,85.1884,0.60053,120.028
2026-01-07T07:05:00Z,85.1584,0.59976,119.977
2026-01-07T07:06:00Z,85.2018,0.60054,120.031
2026-01-07T07:07:00Z,85.1823,0.59956,119.986
2026-01-07T07:08:00Z,85.2048,0.60046,120.032
2026-01-07T07:09:00Z,85.1666,0.59976,119.976
2026-01-07T07:10:00Z,85.2021,0.60076,120.033
2026-01-07T07:11:00Z,85.1614,0.59956,119.988
2026-01-07T07:12:00Z,85.2093,0.60057,120.035
2026-01-07T07:13:00Z,85.1773,0.59965,119.969
2026-01-07T07:14:00Z,85.213,0.60022,120.017
2026-01-07T07:15:00Z,85.179,0.59986,119.962
2026-01-07T07:16:00Z,85.2046,0.60031,120.003
2026-01-07T07:17:00Z,85.183,0.59949,120.007
2026-01-07T07:18:00Z,85.1952,0.60059,120.024
2026-01-07T07:19:00Z,85.1923,0.59951,119.959
2026-01-07T07:20:00Z,85.2012,0.60069,120.015
2026-01-07T07:21:00Z,85.1808,0.59963,120.012
2026-01-07T07:22:00Z,85.2044,0.60036,120.026
2026-01-07T07:23:00Z,85.1693,0.59996,119.988
2026-01-07T07:24:00Z,85.2136,0.60012,120.039
2026-01-07T07:25:00Z,85.1856,0.59962,119.956
2026-01-07T07:26:00Z,85.2085,0.60052,120.039
2026-01-07T07:27:00Z,85.1844,0.59957,119.957
2026-01-07T07:28:00Z,85.1996,0.60045,120.045
2026-01-07T07:29:00Z,85.1782,0.59963,119.981
2026-01-07T07:30:00Z,85.2165,0.60028,120.045
2026-01-07T07:31:00Z,85.1816,0.59933,119.977
2026-01-07T07:32:00Z,85.2114,0.60027,120.043
2026-01-07T07:33:00Z,85.1862,0.59963,119.956
2026-01-07T07:34:00Z,85.2023,0.60062,120.034
2026-01-07T07:35:00Z,85.181,0.59955,119.943
2026-01-07T07:36:00Z,85.2043,0.60055,120.04
2026-01-07T07:37:00Z,85.1739,0.59948,119.974
2026-01-07T07:38:00Z,85.2255,0.60043,120.029
2026-01-07T07:39:00Z,85.198,0.59938,119.961
2026-01-07T07:40:00Z,85.2182,0.60031,120.032
2026-01-07T07:41:00Z,85.1902,0.59928,119.961
2026-01-07T07:42:00Z,85.2261,0.60054,120.052
2026-01-07T07:43:00Z,85.192,0.59953,119.971
2026-01-07T07:44:00Z,85.2274,0.60045,120.007
2026-01-07T07:45:00Z,85.19,0.59952,119.974
2026-01-07T07:46:00Z,85.231,0.60035,120.05
2026-01-07T07:47:00Z,85.188,0.59977,119.975
2026-01-07T07:48:00Z,85.2337,0.60031,120.013
2026-01-07T07:49:00Z,85.1978,0.59947,119.975
2026-01-07T07:50:00Z,85.2176,0.60034,120.036
2026-01-07T07:51:00Z,85.1925,0.59981,119.953
2026-01-07T07:52:00Z,85.235,0.60066,120.05
2026-01-07T07:53:00Z,85.1857,0.59944,119.963
2026-01-07T07:54:00Z,85.2368,0.6007,120.02
2026-01-07T07:55:00Z,85.2067,0.60001,119.969
2026-01-07T07:56:00Z,85.2292,0.6002,120.04
2026-01-07T07:57:00Z,85.1978,0.59947,120.007
2026-01-07T07:58:00Z,85.2369,0.60045,120.034
2026-01-07T07:59:00Z,85.1982,0.5997,119.954
2026-01-07T08:00:00Z,85.2356,0.60039,120.032
2026-01-07T08:01:00Z,85.2041,0.59992,119.971
2026-01-07T08:02:00Z,85.2392,0.60076,120.04
2026-01-07T08:03:00Z,85.1903,0.59973,119.985
2026-01-07T08:04:00Z,85.2246,0.6004,120.016
2026-01-07T08:05:00Z,85.2041,0.59978,119.996
2026-01-07T08:06:00Z,85.2327,0.60051,120.022
2026-01-07T08:07:00Z,85.2074,0.59967,119.976
2026-01-07T08:08:00Z,85.2445,0.60076,120.006
2026-01-07T08:09:00Z,85.2019,0.59965,119.958
2026-01-07T08:10:00Z,85.2474,0.60063,120.001
2026-01-07T08:11:00Z,85.202,0.59985,119.975
2026-01-07T08:12:00Z,85.2243,0.60046,120.011
2026-01-07T08:13:00Z,85.2114,0.59975,119.997
2026-01-07T08:14:00Z,85.2328,0.60042,120.041
2026-01-07T08:15:00Z,85.2181,0.59965,119.983
2026-01-07T08:16:00Z,85.234,0.60026,120.03
2026-01-07T08:17:00Z,85.2024,0.60022,119.943
2026-01-07T08:18:00Z,85.2499,0.60025,120.045
2026-01-07T08:19:00Z,85.2119,0.5996,119.983
2026-01-07T08:20:00Z,85.2421,0.60075,120.024
2026-01-07T08:21:00Z,85.2037,0.59973,119.983
2026-01-07T08:22:00Z,85.2457,0.60032,120.03
2026-01-07T08:23:00Z,85.2061,0.60005,119.996
2026-01-07T08:24:00Z,85.2502,0.60026,120.046
2026-01-07T08:25:00Z,85.2159,0.59926,119.989
2026-01-07T08:26:00Z,85.2454,0.60062,120.048
2026-01-07T08:27:00Z,85.2055,0.5995,119.958
2026-01-07T08:28:00Z,85.2547,0.60052,120.042
2026-01-07T08:29:00Z,85.2262,0.59965,119.945
2026-01-07T08:30:00Z,85.2561,0.60049,120.022
2026-01-07T08:31:00Z,85.2095,0.59979,119.991
2026-01-07T08:32:00Z,85.2458,0.60065,120.037
2026-01-07T08:33:00Z,85.2125,0.59933,119.963
2026-01-07T08:34:00Z,85.264,0.60045,120.034
2026-01-07T08:35:00Z,85.2246,0.59962,119.971
2026-01-07T08:36:00Z,85.2368,0.60071,120.032
2026-01-07T08:37:00Z,85.2141,0.59936,119.987
2026-01-07T08:38:00Z,85.2585,0.60027,120.012
2026-01-07T08:39:00Z,85.2244,0.59919,119.967
2026-01-07T08:40:00Z,85.2579,0.60054,120.024
2026-01-07T08:41:00Z,85.2305,0.59962,119.96
2026-01-07T08:42:00Z,85.249,0.60044,120.028
2026-01-07T08:43:00Z,85.2242,0.59936,119.95
2026-01-07T08:44:00Z,85.2609,0.60006,120.018
2026-01-07T08:45:00Z,85.2306,0.59927,119.954
2026-01-07T08:46:00Z,85.2658,0.60047,120.03
2026-01-07T08:47:00Z,85.222,0.59993,119.971
2026-01-07T08:48:00Z,85.2599,0.60048,120.033
2026-01-07T08:49:00Z,85.2416,0.59917,119.975
2026-01-07T08:50:00Z,85.265,0.60034,120.035
2026-01-07T08:51:00Z,85.2277,0.59931,119.982
2026-01-07T08:52:00Z,85.2641,0.60039,120.06
2026-01-07T08:53:00Z,85.2519,0.5996,119.96
2026-01-07T08:54:00Z,85.26,0.60039,120.025
2026-01-07T08:55:00Z,85.2251,0.59973,119.97
2026-01-07T08:56:00Z,85.2643,0.6002,120.027
2026-01-07T08:57:00Z,85.229,0.59954,119.967
2026-01-07T08:58:00Z,85.2568,0.60044,120.018
2026-01-07T08:59:00Z,85.2389,0.59959,119.965
2026-01-07T09:00:00Z,85.276,0.60047,120.019
2026-01-07T09:01:00Z,85.2404,0.59913,119.977
2026-01-07T09:02:00Z,85.2682,0.60031,120.033
2026-01-07T09:03:00Z,85.2313,0.59949,119.956
2026-01-07T09:04:00Z,85.2808,0.6002,120.023
2026-01-07T09:05:00Z,85.2374,0.59934,119.976
2026-01-07T09:06:00Z,85.2714,0.60024,120.03
2026-01-07T09:07:00Z,85.2429,0.59933,119.954
2026-01-07T09:08:00Z,85.2702,0.60064,120.009
2026-01-07T09:09:00Z,85.2433,0.59995,119.975
2026-01-07T09:10:00Z,85.2734,0.60042,120.05
2026-01-07T09:11:00Z,85.2506,0.59971,119.966
2026-01-07T09:12:00Z,85.2835,0.60032,120.037
2026-01-07T09:13:00Z,85.2367,0.59949,119.971
2026-01-07T09:14:00Z,85.2772,0.6005,120.02
2026-01-07T09:15:00Z,85.2463,0.59939,119.959
2026-01-07T09:16:00Z,85.276,0.60069,120.02
2026-01-07T09:17:00Z,85.2488,0.59961,119.983
2026-01-07T09:18:00Z,85.2691,0.60058,120.006
2026-01-07T09:19:00Z,85.2446,0.59959,119.966
2026-01-07T09:20:00Z,85.2876,0.60007,120.037
2026-01-07T09:21:00Z,85.2403,0.59937,119.975
2026-01-07T09:22:00Z,85.2608,0.60047,120.035
2026-01-07T09:23:00Z,85.2456,0.59926,119.98
2026-01-07T09:24:00Z,85.2841,0.60031,120.038
2026-01-07T09:25:00Z,85.2645,0.59933,119.98
2026-01-07T09:26:00Z,85.2833,0.60043,120.013
2026-01-07T09:27:00Z,85.25,0.5995,119.965
2026-01-07T09:28:00Z,85.2815,0.59989,120.04
2026-01-07T09:29:00Z,85.2533,0.60002,119.989
2026-01-07T09:30:00Z,85.2838,0.60063,120.029
2026-01-07T09:31:00Z,85.2465,0.59934,119.993
2026-01-07T09:32:00Z,85.2885,0.60016,120.024
2026-01-07T09:33:00Z,85.2538,0.59959,119.955
2026-01-07T09:34:00Z,85.2903,0.60034,120.026
2026-01-07T09:35:00Z,85.2645,0.60004,119.97
2026-01-07T09:36:00Z,85.2884,0.60043,120.045
2026-01-07T09:37:00Z,85.2532,0.59954,119.984
2026-01-07T09:38:00Z,85.2821,0.60016,120.057
2026-01-07T09:39:00Z,85.2537,0.59976,119.973
2026-01-07T09:40:00Z,85.2976,0.6008,120.036
2026-01-07T09:41:00Z,85.2646,0.59964,119.968
2026-01-07T09:42:00Z,85.3002,0.60048,120.035
2026-01-07T09:43:00Z,85.2617,0.59961,119.975
2026-01-07T09:44:00Z,85.2978,0.60065,120.013
2026-01-07T09:45:00Z,85.2632,0.59963,119.986
2026-01-07T09:46:00Z,85.2967,0.60012,120.056
2026-01-07T09:47:00Z,85.2709,0.59947,119.946
2026-01-07T09:48:00Z,85.3085,0.60083,120.013
2026-01-07T09:49:00Z,85.263,0.59944,119.972
2026-01-07T09:50:00Z,85.2962,0.60017,120.006
2026-01-07T09:51:00Z,85.2826,0.59955,119.966
2026-01-07T09:52:00Z,85.3012,0.60012,120.044
2026-01-07T09:53:00Z,85.2679,0.59941,119.958
2026-01-07T09:54:00Z,85.3028,0.60068,120.049
2026-01-07T09:55:00Z,85.2689,0.59925,119.984
2026-01-07T09:56:00Z,85.3248,0.60077,120.019
2026-01-07T09:57:00Z,85.2618,0.59966,120.0
2026-01-07T09:58:00Z,85.2929,0.60019,120.01
2026-01-07T09:59:00Z,85.2791,0.59953,119.983
2026-01-07T10:00:00Z,85.289,0.60013,120.034
2026-01-07T10:01:00Z,85.2688,0.5995,119.957
2026-01-07T10:02:00Z,85.2986,0.60033,120.024
2026-01-07T10:03:00Z,85.2825,0.59923,119.968
2026-01-07T10:04:00Z,85.3044,0.6,120.055
2026-01-07T10:05:00Z,85.2691,0.59978,119.977
2026-01-07T10:06:00Z,85.3119,0.60007,119.998
2026-01-07T10:07:00Z,85.2759,0.59946,120.002
2026-01-07T10:08:00Z,85.3085,0.60023,120.02
2026-01-07T10:09:00Z,85.2898,0.5999,119.962
2026-01-07T10:10:00Z,85.3175,0.60018,120.003
2026-01-07T10:11:00Z,85.2813,0.59977,119.945
2026-01-07T10:12:00Z,85.3006,0.60041,120.069
2026-01-07T10:13:00Z,85.2844,0.59932,119.98
2026-01-07T10:14:00Z,85.3217,0.60009,120.017
2026-01-07T10:15:00Z,85.2735,0.59981,119.975
2026-01-07T10:16:00Z,85.314,0.60017,120.022
2026-01-07T10:17:00Z,85.2834,0.59933,120.002
2026-01-07T10:18:00Z,85.3101,0.60047,120.017
2026-01-07T10:19:00Z,85.2757,0.59952,119.989
2026-01-07T10:20:00Z,85.3211,0.60053,120.056
2026-01-07T10:21:00Z,85.2632,0.59971,119.983
2026-01-07T10:22:00Z,85.3349,0.60033,120.049
2026-01-07T10:23:00Z,85.284,0.59976,119.97
2026-01-07T10:24:00Z,85.327,0.60022,120.002
2026-01-07T10:25:00Z,85.3051,0.59975,119.977
2026-01-07T10:26:00Z,85.314,0.60016,120.005
2026-01-07T10:27:00Z,85.2815,0.59949,119.959
2026-01-07T10:28:00Z,85.3271,0.60039,120.009
2026-01-07T10:29:00Z,85.3096,0.59966,120.005
2026-01-07T10:30:00Z,85.3271,0.60017,120.012
2026-01-07T10:31:00Z,85.2741,0.5997,119.951
2026-01-07T10:32:00Z,85.3187,0.60049,120.015
2026-01-07T10:33:00Z,85.3036,0.59931,119.967
2026-01-07T10:34:00Z,85.3246,0.60014,120.072
2026-01-07T10:35:00Z,85.3043,0.60023,119.954
2026-01-07T10:36:00Z,85.325,0.60045,120.024
2026-01-07T10:37:00Z,85.2764,0.59967,119.947
2026-01-07T10:38:00Z,85.3184,0.60072,120.022
2026-01-07T10:39:00Z,85.2985,0.59966,119.936
2026-01-07T10:40:00Z,85.3225,0.60023,120.04
2026-01-07T10:41:00Z,85.2978,0.59959,119.983
2026-01-07T10:42:00Z,85.3404,0.60059,120.018
2026-01-07T10:43:00Z,85.2991,0.59982,119.973
2026-01-07T10:44:00Z,85.3399,0.60079,120.012
2026-01-07T10:45:00Z,85.3117,0.59967,119.972
2026-01-07T10:46:00Z,85.3448,0.6001,120.006
2026-01-07T10:47:00Z,85.2978,0.59941,119.945
2026-01-07T10:48:00Z,85.3304,0.60052,120.048
2026-01-07T10:49:00Z,85.2994,0.59978,119.988
2026-01-07T10:50:00Z,85.323,0.6005,120.05
2026-01-07T10:51:00Z,85.3099,0.59966,119.967
2026-01-07T10:52:00Z,85.3315,0.60027,120.045
2026-01-07T10:53:00Z,85.2859,0.59978,119.976
2026-01-07T10:54:00Z,85.3313,0.60022,120.03
2026-01-07T10:55:00Z,85.3179,0.60001,119.951
2026-01-07T10:56:00Z,85.3346,0.6003,120.03
2026-01-07T10:57:00Z,85.2979,0.59977,119.98
2026-01-07T10:58:00Z,85.3346,0.60035,120.045
2026-01-07T10:59:00Z,85.3028,0.59958,119.978
2026-01-07T11:00:00Z,85.337,0.60064,120.021
2026-01-07T11:01:00Z,85.3059,0.59958,119.977
2026-01-07T11:02:00Z,85.3494,0.60008,119.997
2026-01-07T11:03:00Z,85.3185,0.59959,119.979
2026-01-07T11:04:00Z,85.3415,0.6004,120.038
2026-01-07T11:05:00Z,85.3154,0.59945,119.99
2026-01-07T11:06:00Z,85.3352,0.60013,120.024
2026-01-07T11:07:00Z,85.3039,0.59935,119.971
2026-01-07T11:08:00Z,85.3369,0.60034,120.06
2026-01-07T11:09:00Z,85.3044,0.59946,119.971
2026-01-07T11:10:00Z,85.3475,0.60026,120.038
2026-01-07T11:11:00Z,85.3124,0.59937,119.959
2026-01-07T11:12:00Z,85.3463,0.60026,120.015
2026-01-07T11:13:00Z,85.3099,0.5996,119.987
2026-01-07T11:14:00Z,85.3516,0.60054,120.027
2026-01-07T11:15:00Z,85.3195,0.59974,119.992
2026-01-07T11:16:00Z,85.3467,0.60009,120.021
2026-01-07T11:17:00Z,85.3262,0.59949,119.975
2026-01-07T11:18:00Z,85.3388,0.60037,120.03
2026-01-07T11:19:00Z,85.3184,0.5996,119.975
2026-01-07T11:20:00Z,85.3429,0.59995,120.043
2026-01-07T11:21:00Z,85.3249,0.5997,119.983
2026-01-07T11:22:00Z,85.3484,0.60078,120.025
2026-01-07T11:23:00Z,85.3285,0.59937,119.973
2026-01-07T11:24:00Z,85.3672,0.60003,120.006
2026-01-07T11:25:00Z,85.3322,0.60007,119.965
2026-01-07T11:26:00Z,85.3507,0.60025,120.02
2026-01-07T11:27:00Z,85.3237,0.59941,119.981
2026-01-07T11:28:00Z,85.3637,0.60025,120.013
2026-01-07T11:29:00Z,85.3339,0.59991,119.98
2026-01-07T11:30:00Z,85.3506,0.60001,120.05
2026-01-07T11:31:00Z,85.3083,0.59941,119.965
2026-01-07T11:32:00Z,85.3591,0.60061,120.026
2026-01-07T11:33:00Z,85.3282,0.59983,119.957
2026-01-07T11:34:00Z,85.3494,0.60022,120.04
2026-01-07T11:35:00Z,85.3319,0.59949,119.978
2026-01-07T11:36:00Z,85.3579,0.6003,120.033
2026-01-07T11:37:00Z,85.3323,0.59939,119.992
2026-01-07T11:38:00Z,85.3664,0.60069,120.033
2026-01-07T11:39:00Z,85.3303,0.60014,119.966
2026-01-07T11:40:00Z,85.3636,0.60069,119.997
2026-01-07T11:41:00Z,85.3349,0.59991,119.966
2026-01-07T11:42:00Z,85.3631,0.60017,120.038
2026-01-07T11:43:00Z,85.3301,0.59973,119.968
2026-01-07T11:44:00Z,85.3582,0.6004,120.0
2026-01-07T11:45:00Z,85.3233,0.59971,119.962
2026-01-07T11:46:00Z,85.3684,0.60036,120.036
2026-01-07T11:47:00Z,85.3417,0.59994,119.969
2026-01-07T11:48:00Z,85.3658,0.60015,120.054
2026-01-07T11:49:00Z,85.3508,0.59958,119.96
2026-01-07T11:50:00Z,85.3735,0.60014,120.013
2026-01-07T11:51:00Z,85.3391,0.59969,119.99
2026-01-07T11:52:00Z,85.3708,0.60046,120.02
2026-01-07T11:53:00Z,85.3469,0.59952,119.972
2026-01-07T11:54:00Z,85.3792,0.60023,120.037
2026-01-07T11:55:00Z,85.3439,0.60001,119.969
2026-01-07T11:56:00Z,85.3778,0.6003,120.025
2026-01-07T11:57:00Z,85.3262,0.59972,119.959
2026-01-07T11:58:00Z,85.3704,0.60045,120.027
2026-01-07T11:59:00Z,85.3495,0.59948,119.963
2026-01-07T12:00:00Z,85.3763,0.60029,120.035
2026-01-07T12:01:00Z,85.3536,0.60005,119.989
2026-01-07T12:02:00Z,85.379,0.60047,120.037
2026-01-07T12:03:00Z,85.3518,0.59951,119.994
2026-01-07T12:04:00Z,85.3724,0.60052,120.021
2026-01-07T12:05:00Z,85.3344,0.59965,120.003
2026-01-07T12:06:00Z,85.3877,0.60055,120.038
2026-01-07T12:07:00Z,85.3579,0.59977,119.941
2026-01-07T12:08:00Z,85.3937,0.60021,120.015
2026-01-07T12:09:00Z,85.3588,0.59979,119.959
2026-01-07T12:10:00Z,85.3762,0.60042,120.04
2026-01-07T12:11:00Z,85.3549,0.5998,119.951
2026-01-07T12:12:00Z,85.3801,0.60045,120.033
2026-01-07T12:13:00Z,85.3486,0.59936,119.969
2026-01-07T12:14:00Z,85.3977,0.6002,120.036
2026-01-07T12:15:00Z,85.3702,0.59956,119.976
2026-01-07T12:16:00Z,85.3883,0.60039,120.026
2026-01-07T12:17:00Z,85.3609,0.59941,119.969
2026-01-07T12:18:00Z,85.3712,0.60051,120.028
2026-01-07T12:19:00Z,85.3552,0.59959,119.947
2026-01-07T12:20:00Z,85.3881,0.60064,120.027
2026-01-07T12:21:00Z,85.3502,0.59943,119.967
2026-01-07T12:22:00Z,85.3755,0.60036,120.021
2026-01-07T12:23:00Z,85.3666,0.59948,119.979
2026-01-07T12:24:00Z,85.4005,0.60065,120.014
2026-01-07T12:25:00Z,85.3578,0.59999,119.978
2026-01-07T12:26:00Z,85.3899,0.59997,120.026
2026-01-07T12:27:00Z,85.3561,0.59968,119.988
2026-01-07T12:28:00Z,85.3965,0.60042,120.031
2026-01-07T12:29:00Z,85.3583,0.59952,119.963
2026-01-07T12:30:00Z,85.3847,0.6001,120.022
2026-01-07T12:31:00Z,85.3634,0.5995,119.953
2026-01-07T12:32:00Z,85.4051,0.60021,120.017
2026-01-07T12:33:00Z,85.3561,0.5997,119.959
2026-01-07T12:34:00Z,85.3973,0.60008,120.053
2026-01-07T12:35:00Z,85.3504,0.5996,119.965
2026-01-07T12:36:00Z,85.3911,0.60047,120.038
2026-01-07T12:37:00Z,85.377,0.59945,119.966
2026-01-07T12:38:00Z,85.3896,0.60074,120.041
2026-01-07T12:39:00Z,85.3631,0.59945,119.938
2026-01-07T12:40:00Z,85.4012,0.60098,120.006
2026-01-07T12:41:00Z,85.3657,0.59951,119.952
2026-01-07T12:42:00Z,85.3904,0.60062,120.027
2026-01-07T12:43:00Z,85.379,0.59916,119.966
2026-01-07T12:44:00Z,85.3961,0.60055,120.007
2026-01-07T12:45:00Z,85.3665,0.59965,119.957
2026-01-07T12:46:00Z,85.3973,0.60024,120.029
2026-01-07T12:47:00Z,85.3809,0.5995,119.963
2026-01-07T12:48:00Z,85.4057,0.60074,120.022
2026-01-07T12:49:00Z,85.389,0.59991,119.968
2026-01-07T12:50:00Z,85.415,0.60066,120.024
2026-01-07T12:51:00Z,85.3794,0.59973,119.973
2026-01-07T12:52:00Z,85.4099,0.60069,120.052
2026-01-07T12:53:00Z,85.3713,0.5993,119.977
2026-01-07T12:54:00Z,85.4028,0.60016,120.024
2026-01-07T12:55:00Z,85.3875,0.59931,119.965
2026-01-07T12:56:00Z,85.3852,0.60039,120.039
2026-01-07T12:57:00Z,85.3859,0.59957,119.944
2026-01-07T12:58:00Z,85.4183,0.60084,120.02
2026-01-07T12:59:00Z,85.3735,0.59953,119.981
2026-01-07T13:00:00Z,85.4071,0.60027,120.027
2026-01-07T13:01:00Z,85.3772,0.59954,119.99
2026-01-07T13:02:00Z,85.4192,0.60072,120.036
2026-01-07T13:03:00Z,85.4004,0.59959,119.954
2026-01-07T13:04:00Z,85.4214,0.60057,120.034
2026-01-07T13:05:00Z,85.3901,0.59946,119.959
2026-01-07T13:06:00Z,85.4123,0.60045,120.028
2026-01-07T13:07:00Z,85.3846,0.5998,119.973
2026-01-07T13:08:00Z,85.4054,0.60078,120.02
2026-01-07T13:09:00Z,85.3787,0.59965,119.966
2026-01-07T13:10:00Z,85.4227,0.60046,120.036
2026-01-07T13:11:00Z,85.3948,0.59982,119.96
2026-01-07T13:12:00Z,85.4232,0.60057,120.021
2026-01-07T13:13:00Z,85.3806,0.59939,119.954
2026-01-07T13:14:00Z,85.4178,0.60033,120.028
2026-01-07T13:15:00Z,85.388,0.59942,119.951
2026-01-07T13:16:00Z,85.4117,0.60018,120.042
2026-01-07T13:17:00Z,85.3965,0.59976,119.957
2026-01-07T13:18:00Z,85.4263,0.60007,120.016
2026-01-07T13:19:00Z,85.387,0.59955,119.961
2026-01-07T13:20:00Z,85.4269,0.60031,120.006
2026-01-07T13:21:00Z,85.3944,0.59972,119.985
2026-01-07T13:22:00Z,85.4062,0.60044,120.057
2026-01-07T13:23:00Z,85.4096,0.59952,119.955
2026-01-07T13:24:00Z,85.4132,0.60046,120.012
2026-01-07T13:25:00Z,85.3977,0.59951,119.977
2026-01-07T13:26:00Z,85.4473,0.60049,120.039
2026-01-07T13:27:00Z,85.4022,0.59967,119.96
2026-01-07T13:28:00Z,85.4301,0.60094,120.004
2026-01-07T13:29:00Z,85.3932,0.59947,119.951
2026-01-07T13:30:00Z,85.4282,0.60015,120.033
2026-01-07T13:31:00Z,85.3934,0.59962,119.977
2026-01-07T13:32:00Z,85.4234,0.60053,120.05
2026-01-07T13:33:00Z,85.3903,0.59948,119.954
2026-01-07T13:34:00Z,85.4322,0.60053,120.065
2026-01-07T13:35:00Z,85.3979,0.59962,119.947
2026-01-07T13:36:00Z,85.4435,0.60041,120.052
2026-01-07T13:37:00Z,85.4021,0.59947,119.967
2026-01-07T13:38:00Z,85.4388,0.60086,120.024
2026-01-07T13:39:00Z,85.4053,0.59982,119.998
2026-01-07T13:40:00Z,85.4357,0.60018,120.03
2026-01-07T13:41:00Z,85.4079,0.59945,119.967
2026-01-07T13:42:00Z,85.448,0.60023,120.04
2026-01-07T13:43:00Z,85.3985,0.59966,119.985
2026-01-07T13:44:00Z,85.4341,0.60043,120.03
2026-01-07T13:45:00Z,85.4046,0.59954,119.957
2026-01-07T13:46:00Z,85.4197,0.60036,120.017
2026-01-07T13:47:00Z,85.4229,0.59955,119.955
2026-01-07T13:48:00Z,85.4401,0.60046,120.049
2026-01-07T13:49:00Z,85.4127,0.5995,119.944
2026-01-07T13:50:00Z,85.4368,0.60076,120.023
2026-01-07T13:51:00Z,85.4034,0.59942,119.979
2026-01-07T13:52:00Z,85.4346,0.6004,120.04
2026-01-07T13:53:00Z,85.4193,0.5997,120.008
2026-01-07T13:54:00Z,85.4356,0.60058,120.017
2026-01-07T13:55:00Z,85.4155,0.59936,119.964
2026-01-07T13:56:00Z,85.4512,0.60037,120.052
2026-01-07T13:57:00Z,85.4163,0.5999,119.956
2026-01-07T13:58:00Z,85.4466,0.60049,120.03
2026-01-07T13:59:00Z,85.414,0.59947,119.952
2026-01-07T14:00:00Z,85.4423,0.60049,120.038
2026-01-07T14:01:00Z,85.4054,0.5994,119.957
2026-01-07T14:02:00Z,85.4493,0.60059,120.068
2026-01-07T14:03:00Z,85.4124,0.59968,119.975
2026-01-07T14:04:00Z,85.4605,0.60028,120.023
2026-01-07T14:05:00Z,85.432,0.59983,119.992
2026-01-07T14:06:00Z,85.4542,0.60038,120.046
2026-01-07T14:07:00Z,85.4133,0.59959,119.969
2026-01-07T14:08:00Z,85.4579,0.60063,120.046
2026-01-07T14:09:00Z,85.4111,0.59958,119.968
2026-01-07T14:10:00Z,85.4647,0.60013,120.055
2026-01-07T14:11:00Z,85.4132,0.5996,119.963
2026-01-07T14:12:00Z,85.4648,0.6005,120.036
2026-01-07T14:13:00Z,85.4216,0.59947,119.932
2026-01-07T14:14:00Z,85.4595,0.60035,120.04
2026-01-07T14:15:00Z,85.4203,0.59929,119.962
2026-01-07T14:16:00Z,85.4642,0.60026,120.042
2026-01-07T14:17:00Z,85.4169,0.59938,119.958
2026-01-07T14:18:00Z,85.4631,0.60062,120.029
2026-01-07T14:19:00Z,85.4152,0.59982,119.981
2026-01-07T14:20:00Z,85.4597,0.6003,120.062
2026-01-07T14:21:00Z,85.4172,0.59947,119.981
2026-01-07T14:22:00Z,85.4602,0.60052,120.024
2026-01-07T14:23:00Z,85.4195,0.59921,119.965
2026-01-07T14:24:00Z,85.4615,0.60038,120.005
2026-01-07T14:25:00Z,85.4265,0.59964,119.974
2026-01-07T14:26:00Z,85.4618,0.60037,120.037
2026-01-07T14:27:00Z,85.4327,0.59958,119.957
2026-01-07T14:28:00Z,85.4662,0.60036,120.005
2026-01-07T14:29:00Z,85.4283,0.5998,119.955
2026-01-07T14:30:00Z,85.4732,0.60042,120.022
2026-01-07T14:31:00Z,85.4317,0.59967,119.955
2026-01-07T14:32:00Z,85.4594,0.60052,120.024
2026-01-07T14:33:00Z,85.431,0.59922,119.97
2026-01-07T14:34:00Z,85.4576,0.60041,120.013
2026-01-07T14:35:00Z,85.432,0.59962,119.971
2026-01-07T14:36:00Z,85.4784,0.60044,120.019
2026-01-07T14:37:00Z,85.4438,0.59932,119.959
2026-01-07T14:38:00Z,85.4589,0.6004,120.045
2026-01-07T14:39:00Z,85.432,0.59951,119.968
2026-01-07T14:40:00Z,85.4677,0.6003,120.019
2026-01-07T14:41:00Z,85.438,0.59984,119.99
2026-01-07T14:42:00Z,85.471,0.60032,120.002
2026-01-07T14:43:00Z,85.4589,0.59982,119.979
2026-01-07T14:44:00Z,85.4718,0.60058,120.008
2026-01-07T14:45:00Z,85.4317,0.59945,119.975
2026-01-07T14:46:00Z,85.4624,0.60028,120.012
2026-01-07T14:47:00Z,85.4403,0.59993,119.963
2026-01-07T14:48:00Z,85.4791,0.60027,120.046
2026-01-07T14:49:00Z,85.436,0.59956,119.973
2026-01-07T14:50:00Z,85.4858,0.60009,120.022
2026-01-07T14:51:00Z,85.4473,0.59945,119.973
2026-01-07T14:52:00Z,85.4681,0.60035,120.033
2026-01-07T14:53:00Z,85.4466,0.5993,119.976
2026-01-07T14:54:00Z,85.4878,0.6002,120.033
2026-01-07T14:55:00Z,85.4537,0.59963,119.99
2026-01-07T14:56:00Z,85.4887,0.60009,120.015
2026-01-07T14:57:00Z,85.4695,0.59928,119.954
2026-01-07T14:58:00Z,85.474,0.60045,120.019
2026-01-07T14:59:00Z,85.4504,0.59927,119.997
2026-01-07T15:00:00Z,85.4819,0.60064,120.051
2026-01-07T15:01:00Z,85.4491,0.59974,119.971
2026-01-07T15:02:00Z,85.4983,0.60007,120.023
2026-01-07T15:03:00Z,85.4577,0.59948,119.968
2026-01-07T15:04:00Z,85.4793,0.60074,120.042
2026-01-07T15:05:00Z,85.4537,0.59953,119.969
2026-01-07T15:06:00Z,85.4819,0.60053,120.06
2026-01-07T15:07:00Z,85.4405,0.59955,119.95
2026-01-07T15:08:00Z,85.4925,0.60038,120.002
2026-01-07T15:09:00Z,85.4595,0.59958,119.957
2026-01-07T15:10:00Z,85.484,0.60044,120.033
2026-01-07T15:11:00Z,85.4501,0.59972,119.96
2026-01-07T15:12:00Z,85.4828,0.60038,120.05
2026-01-07T15:13:00Z,85.4537,0.59949,119.997
2026-01-07T15:14:00Z,85.4863,0.60084,120.033
2026-01-07T15:15:00Z,85.4645,0.59995,119.978
2026-01-07T15:16:00Z,85.4983,0.60027,120.031
2026-01-07T15:17:00Z,85.4498,0.59956,119.973
2026-01-07T15:18:00Z,85.4886,0.60026,120.013
2026-01-07T15:19:00Z,85.4697,0.59951,119.987
2026-01-07T15:20:00Z,85.4972,0.60058,120.004
2026-01-07T15:21:00Z,85.4612,0.59948,119.963
2026-01-07T15:22:00Z,85.4913,0.60063,120.003
2026-01-07T15:23:00Z,85.4652,0.59952,119.966
2026-01-07T15:24:00Z,85.4884,0.60018,120.016
2026-01-07T15:25:00Z,85.4612,0.59959,119.966
2026-01-07T15:26:00Z,85.5048,0.60045,120.037
2026-01-07T15:27:00Z,85.4681,0.60003,119.968
2026-01-07T15:28:00Z,85.5104,0.60084,120.042
2026-01-07T15:29:00Z,85.459,0.59954,119.965
2026-01-07T15:30:00Z,85.4926,0.60026,120.024
2026-01-07T15:31:00Z,85.4681,0.59954,119.998
2026-01-07T15:32:00Z,85.4992,0.60027,120.015
2026-01-07T15:33:00Z,85.4618,0.59969,119.981
2026-01-07T15:34:00Z,85.5113,0.6002,120.031
2026-01-07T15:35:00Z,85.4706,0.5995,120.003
2026-01-07T15:36:00Z,85.5013,0.60026,120.034
2026-01-07T15:37:00Z,85.4704,0.59938,119.965
2026-01-07T15:38:00Z,85.5088,0.59988,120.04
2026-01-07T15:39:00Z,85.4866,0.59962,119.969
2026-01-07T15:40:00Z,85.4929,0.60085,120.063
2026-01-07T15:41:00Z,85.4717,0.59949,119.97
2026-01-07T15:42:00Z,85.5123,0.60043,120.037
2026-01-07T15:43:00Z,85.4803,0.59967,119.975
2026-01-07T15:44:00Z,85.5031,0.60093,120.024
2026-01-07T15:45:00Z,85.4719,0.59961,119.978
2026-01-07T15:46:00Z,85.5203,0.60008,120.032
2026-01-07T15:47:00Z,85.4882,0.59958,119.994
2026-01-07T15:48:00Z,85.5064,0.60025,120.031
2026-01-07T15:49:00Z,85.4783,0.5998,119.987
2026-01-07T15:50:00Z,85.5078,0.60045,120.013
2026-01-07T15:51:00Z,85.4607,0.59965,119.971
2026-01-07T15:52:00Z,85.5057,0.60029,120.041
2026-01-07T15:53:00Z,85.4879,0.59916,119.981
2026-01-07T15:54:00Z,85.5178,0.6004,120.04
2026-01-07T15:55:00Z,85.5002,0.59979,119.996
2026-01-07T15:56:00Z,85.5143,0.60061,120.03
2026-01-07T15:57:00Z,85.4763,0.59965,119.97
2026-01-07T15:58:00Z,85.5175,0.60012,120.032
2026-01-07T15:59:00Z,85.4862,0.59983,119.962
2026-01-07T16:00:00Z,85.5059,0.60052,120.018
2026-01-07T16:01:00Z,85.4895,0.59933,119.982
2026-01-07T16:02:00Z,85.5208,0.60075,120.018
2026-01-07T16:03:00Z,85.4982,0.59935,119.989
2026-01-07T16:04:00Z,85.5108,0.60054,120.056
2026-01-07T16:05:00Z,85.4966,0.5995,119.973
2026-01-07T16:06:00Z,85.5216,0.60045,120.039
2026-01-07T16:07:00Z,85.4872,0.5991,119.987
2026-01-07T16:08:00Z,85.5124,0.60008,120.048
2026-01-07T16:09:00Z,85.4853,0.59951,119.974
2026-01-07T16:10:00Z,85.5276,0.6002,120.033
2026-01-07T16:11:00Z,85.4964,0.59975,119.97
2026-01-07T16:12:00Z,85.5353,0.60004,120.031
2026-01-07T16:13:00Z,85.5085,0.59976,119.99
2026-01-07T16:14:00Z,85.5256,0.60057,120.019
2026-01-07T16:15:00Z,85.5076,0.59955,119.975
2026-01-07T16:16:00Z,85.534,0.60063,120.038
2026-01-07T16:17:00Z,85.4832,0.59955,119.977
2026-01-07T16:18:00Z,85.5352,0.60036,120.033
2026-01-07T16:19:00Z,85.4839,0.59937,119.965
2026-01-07T16:20:00Z,85.5284,0.60043,120.028
2026-01-07T16:21:00Z,85.4986,0.59999,119.962
2026-01-07T16:22:00Z,85.5296,0.6005,120.045
2026-01-07T16:23:00Z,85.4947,0.59981,119.969
2026-01-07T16:24:00Z,85.5347,0.60031,120.008
2026-01-07T16:25:00Z,85.4941,0.59946,119.972
2026-01-07T16:26:00Z,85.5289,0.60062,120.076
2026-01-07T16:27:00Z,85.5043,0.59937,120.008
2026-01-07T16:28:00Z,85.5469,0.60054,120.006
2026-01-07T16:29:00Z,85.5169,0.59943,119.951
2026-01-07T16:30:00Z,85.5285,0.60018,120.04
2026-01-07T16:31:00Z,85.4971,0.59951,119.955
2026-01-07T16:32:00Z,85.5405,0.60073,120.047
2026-01-07T16:33:00Z,85.4999,0.59993,119.98
2026-01-07T16:34:00Z,85.5484,0.60065,120.014
2026-01-07T16:35:00Z,85.5135,0.59972,119.962
2026-01-07T16:36:00Z,85.546,0.60043,120.026
2026-01-07T16:37:00Z,85.5051,0.59953,119.982
2026-01-07T16:38:00Z,85.5403,0.6005,120.055
2026-01-07T16:39:00Z,85.5183,0.59959,119.981
2026-01-07T16:40:00Z,85.5454,0.6,120.024
2026-01-07T16:41:00Z,85.4951,0.5996,119.98
2026-01-07T16:42:00Z,85.5314,0.60031,120.02
2026-01-07T16:43:00Z,85.5154,0.60006,119.954
2026-01-07T16:44:00Z,85.554,0.60026,120.041
2026-01-07T16:45:00Z,85.5025,0.59972,119.961
2026-01-07T16:46:00Z,85.5556,0.60045,120.047
2026-01-07T16:47:00Z,85.5058,0.59952,119.969
2026-01-07T16:48:00Z,85.545,0.60032,120.003
2026-01-07T16:49:00Z,85.5102,0.59962,119.976
2026-01-07T16:50:00Z,85.5579,0.60029,120.029
2026-01-07T16:51:00Z,85.5178,0.59955,119.929
2026-01-07T16:52:00Z,85.5606,0.6005,120.002
2026-01-07T16:53:00Z,85.513,0.59942,119.962
2026-01-07T16:54:00Z,85.5508,0.6004,120.059
2026-01-07T16:55:00Z,85.5203,0.59962,119.99
2026-01-07T16:56:00Z,85.5367,0.60039,120.025
2026-01-07T16:57:00Z,85.5163,0.59956,119.909
2026-01-07T16:58:00Z,85.561,0.60043,120.01
2026-01-07T16:59:00Z,85.5289,0.60006,120.035
2026-01-07T17:00:00Z,85.5564,0.60024,120.041
2026-01-07T17:01:00Z,85.5243,0.59976,119.94
2026-01-07T17:02:00Z,85.5409,0.60051,120.025
2026-01-07T17:03:00Z,85.5196,0.59985,119.956
2026-01-07T17:04:00Z,85.5557,0.60035,120.023
2026-01-07T17:05:00Z,85.528,0.59977,119.942
2026-01-07T17:06:00Z,85.5695,0.60025,120.044
2026-01-07T17:07:00Z,85.5193,0.59964,119.937
2026-01-07T17:08:00Z,85.563,0.60074,120.043
2026-01-07T17:09:00Z,85.5397,0.59959,119.97
2026-01-07T17:10:00Z,85.5659,0.60027,120.047
2026-01-07T17:11:00Z,85.5371,0.59965,119.973
2026-01-07T17:12:00Z,85.5608,0.60049,120.018
2026-01-07T17:13:00Z,85.5332,0.59937,119.983
2026-01-07T17:14:00Z,85.5587,0.6005,120.035
2026-01-07T17:15:00Z,85.5384,0.59956,119.981
2026-01-07T17:16:00Z,85.586,0.60026,120.025
2026-01-07T17:17:00Z,85.5428,0.59944,119.97
2026-01-07T17:18:00Z,85.5615,0.60065,120.019
2026-01-07T17:19:00Z,85.5445,0.59907,119.958
2026-01-07T17:20:00Z,85.5645,0.60036,120.026
2026-01-07T17:21:00Z,85.5324,0.59959,119.969
2026-01-07T17:22:00Z,85.5721,0.60036,120.066
2026-01-07T17:23:00Z,85.5422,0.59942,119.984
2026-01-07T17:24:00Z,85.5677,0.60061,120.037
2026-01-07T17:25:00Z,85.5367,0.59968,119.968
2026-01-07T17:26:00Z,85.5641,0.60007,120.031
2026-01-07T17:27:00Z,85.541,0.59934,119.993
2026-01-07T17:28:00Z,85.5822,0.60029,120.031
2026-01-07T17:29:00Z,85.5435,0.59986,119.96
2026-01-07T17:30:00Z,85.5632,0.60034,120.051
2026-01-07T17:31:00Z,85.5458,0.59972,119.98
2026-01-07T17:32:00Z,85.5692,0.60042,120.048
2026-01-07T17:33:00Z,85.5345,0.59946,119.961
2026-01-07T17:34:00Z,85.5776,0.60054,120.058
2026-01-07T17:35:00Z,85.5376,0.59988,119.983
2026-01-07T17:36:00Z,85.567,0.60035,120.004
2026-01-07T17:37:00Z,85.5372,0.59965,119.959
2026-01-07T17:38:00Z,85.5713,0.60032,120.022
2026-01-07T17:39:00Z,85.5473,0.59913,119.99
2026-01-07T17:40:00Z,85.5844,0.60056,120.028
2026-01-07T17:41:00Z,85.5615,0.59974,119.966
2026-01-07T17:42:00Z,85.577,0.60044,120.061
2026-01-07T17:43:00Z,85.5701,0.59981,119.964
2026-01-07T17:44:00Z,85.577,0.60065,120.038
2026-01-07T17:45:00Z,85.5441,0.59924,119.959
2026-01-07T17:46:00Z,85.579,0.60025,120.054
2026-01-07T17:47:00Z,85.5595,0.59953,119.963
2026-01-07T17:48:00Z,85.5758,0.60054,120.014
2026-01-07T17:49:00Z,85.5493,0.59992,119.956
2026-01-07T17:50:00Z,85.5894,0.59991,120.042
2026-01-07T17:51:00Z,85.5435,0.5999,119.97
2026-01-07T17:52:00Z,85.5999,0.59999,120.026
2026-01-07T17:53:00Z,85.5576,0.59959,119.967
2026-01-07T17:54:00Z,85.5946,0.60025,120.034
2026-01-07T17:55:00Z,85.5609,0.59977,119.966
2026-01-07T17:56:00Z,85.5921,0.60043,120.043
2026-01-07T17:57:00Z,85.559,0.59976,119.977
2026-01-07T17:58:00Z,85.5988,0.60044,120.006
2026-01-07T17:59:00Z,85.5657,0.59942,119.944
2026-01-07T18:00:00Z,85.5931,0.60053,120.038
2026-01-07T18:01:00Z,85.5598,0.59977,119.972
2026-01-07T18:02:00Z,85.5768,0.60042,120.016
2026-01-07T18:03:00Z,85.5621,0.59925,119.963
2026-01-07T18:04:00Z,85.5788,0.60064,120.05
2026-01-07T18:05:00Z,85.5726,0.59977,119.975
2026-01-07T18:06:00Z,85.6058,0.60022,120.053
2026-01-07T18:07:00Z,85.5746,0.59956,119.967
2026-01-07T18:08:00Z,85.5919,0.60043,120.006
2026-01-07T18:09:00Z,85.5632,0.59946,119.998
2026-01-07T18:10:00Z,85.5795,0.60033,120.034
2026-01-07T18:11:00Z,85.5783,0.59976,119.966
2026-01-07T18:12:00Z,85.6008,0.60021,120.029
2026-01-07T18:13:00Z,85.568,0.5996,119.989
2026-01-07T18:14:00Z,85.6133,0.60032,120.03
2026-01-07T18:15:00Z,85.5682,0.59969,119.966
2026-01-07T18:16:00Z,85.5938,0.60074,120.014
2026-01-07T18:17:00Z,85.5646,0.59988,119.981
2026-01-07T18:18:00Z,85.5933,0.60048,120.026
2026-01-07T18:19:00Z,85.5514,0.59949,119.94
2026-01-07T18:20:00Z,85.609,0.60038,120.032
2026-01-07T18:21:00Z,85.5711,0.59945,119.956
2026-01-07T18:22:00Z,85.6019,0.6007,120.017
2026-01-07T18:23:00Z,85.5741,0.59981,119.978
2026-01-07T18:24:00Z,85.611,0.60045,120.026
2026-01-07T18:25:00Z,85.5755,0.59956,119.985
2026-01-07T18:26:00Z,85.6054,0.60055,120.032
2026-01-07T18:27:00Z,85.5654,0.59963,119.95
2026-01-07T18:28:00Z,85.6064,0.60055,120.025
2026-01-07T18:29:00Z,85.5816,0.59969,119.971
2026-01-07T18:30:00Z,85.6081,0.60057,120.016
2026-01-07T18:31:00Z,85.5851,0.59924,119.968
2026-01-07T18:32:00Z,85.6117,0.60065,120.017
2026-01-07T18:33:00Z,85.586,0.59948,119.937
2026-01-07T18:34:00Z,85.6041,0.60047,119.999
2026-01-07T18:35:00Z,85.5729,0.59974,119.97
2026-01-07T18:36:00Z,85.6065,0.60049,120.025
2026-01-07T18:37:00Z,85.5805,0.59992,119.969
2026-01-07T18:38:00Z,85.6054,0.60027,120.035
2026-01-07T18:39:00Z,85.5835,0.5997,119.962
2026-01-07T18:40:00Z,85.6186,0.60069,120.04
2026-01-07T18:41:00Z,85.5759,0.59963,119.965
2026-01-07T18:42:00Z,85.6173,0.60036,120.009
2026-01-07T18:43:00Z,85.578,0.59967,119.975
2026-01-07T18:44:00Z,85.6204,0.60049,120.019
2026-01-07T18:45:00Z,85.5943,0.59955,119.968
2026-01-07T18:46:00Z,85.6146,0.60065,120.028
2026-01-07T18:47:00Z,85.5871,0.59956,119.982
2026-01-07T18:48:00Z,85.5997,0.60052,120.024
2026-01-07T18:49:00Z,85.5985,0.59969,119.961
2026-01-07T18:50:00Z,85.6224,0.60052,120.008
2026-01-07T18:51:00Z,85.5834,0.59962,119.986
2026-01-07T18:52:00Z,85.627,0.60011,120.051
2026-01-07T18:53:00Z,85.5922,0.59921,119.958
2026-01-07T18:54:00Z,85.6197,0.60059,120.051
2026-01-07T18:55:00Z,85.5872,0.59961,119.983
2026-01-07T18:56:00Z,85.6447,0.60057,120.038
2026-01-07T18:57:00Z,85.5823,0.59958,119.963
2026-01-07T18:58:00Z,85.6302,0.60068,120.024
2026-01-07T18:59:00Z,85.6003,0.59943,119.96
2026-01-07T19:00:00Z,85.6243,0.59982,120.041
2026-01-07T19:01:00Z,85.6029,0.59984,119.974
2026-01-07T19:02:00Z,85.6212,0.60022,120.038
2026-01-07T19:03:00Z,85.5895,0.59969,119.946
2026-01-07T19:04:00Z,85.6214,0.60044,120.054
2026-01-07T19:05:00Z,85.6046,0.59976,119.977
2026-01-07T19:06:00Z,85.6175,0.60026,120.041
2026-01-07T19:07:00Z,85.596,0.59955,119.966
2026-01-07T19:08:00Z,85.6303,0.60055,120.007
2026-01-07T19:09:00Z,85.6063,0.59943,119.983
2026-01-07T19:10:00Z,85.6326,0.6005,120.032
2026-01-07T19:11:00Z,85.6008,0.59946,119.975
2026-01-07T19:12:00Z,85.6288,0.60044,120.055
2026-01-07T19:13:00Z,85.6064,0.59956,119.974
2026-01-07T19:14:00Z,85.6216,0.60044,120.026
2026-01-07T19:15:00Z,85.5969,0.59986,119.97
2026-01-07T19:16:00Z,85.6355,0.60064,120.017
2026-01-07T19:17:00Z,85.607,0.59969,119.975
2026-01-07T19:18:00Z,85.6235,0.60019,120.011
2026-01-07T19:19:00Z,85.5955,0.59982,119.977
2026-01-07T19:20:00Z,85.6349,0.60038,120.039
2026-01-07T19:21:00Z,85.617,0.59937,119.99
2026-01-07T19:22:00Z,85.6469,0.60044,120.027
2026-01-07T19:23:00Z,85.6017,0.60002,119.965
2026-01-07T19:24:00Z,85.6529,0.60041,120.055
2026-01-07T19:25:00Z,85.6104,0.59956,119.98
2026-01-07T19:26:00Z,85.6428,0.60013,120.038
2026-01-07T19:27:00Z,85.617,0.60021,119.984
2026-01-07T19:28:00Z,85.6368,0.60041,120.034
2026-01-07T19:29:00Z,85.6121,0.59941,119.96
2026-01-07T19:30:00Z,85.6471,0.60085,120.023
2026-01-07T19:31:00Z,85.5945,0.59992,119.954
2026-01-07T19:32:00Z,85.6393,0.60035,120.016
2026-01-07T19:33:00Z,85.6052,0.59961,119.977
2026-01-07T19:34:00Z,85.6653,0.60037,120.033
2026-01-07T19:35:00Z,85.6053,0.59984,119.985
2026-01-07T19:36:00Z,85.6448,0.60031,120.012
2026-01-07T19:37:00Z,85.6085,0.59962,119.971
2026-01-07T19:38:00Z,85.6559,0.59986,120.036
2026-01-07T19:39:00Z,85.6124,0.59939,119.96
2026-01-07T19:40:00Z,85.6658,0.60011,120.048
2026-01-07T19:41:00Z,85.6199,0.59941,119.976
2026-01-07T19:42:00Z,85.66,0.60028,120.036
2026-01-07T19:43:00Z,85.6224,0.59958,119.984
2026-01-07T19:44:00Z,85.6619,0.59989,120.035
2026-01-07T19:45:00Z,85.6338,0.59965,119.968
2026-01-07T19:46:00Z,85.6594,0.60034,120.036
2026-01-07T19:47:00Z,85.629,0.59966,119.995
2026-01-07T19:48:00Z,85.6753,0.60036,120.021
2026-01-07T19:49:00Z,85.6152,0.59984,120.0
2026-01-07T19:50:00Z,85.6513,0.60082,120.041
2026-01-07T19:51:00Z,85.6241,0.59958,119.986
2026-01-07T19:52:00Z,85.6538,0.60052,120.016
2026-01-07T19:53:00Z,85.6236,0.59982,119.953
2026-01-07T19:54:00Z,85.638,0.60047,120.023
2026-01-07T19:55:00Z,85.6306,0.59962,119.97
2026-01-07T19:56:00Z,85.6769,0.60041,120.033
2026-01-07T19:57:00Z,85.617,0.59961,119.976
2026-01-07T19:58:00Z,85.6643,0.60023,120.035
2026-01-07T19:59:00Z,85.6447,0.59941,119.982
2026-01-07T20:00:00Z,85.6531,0.60017,120.018
2026-01-07T20:01:00Z,85.6356,0.59958,119.972
2026-01-07T20:02:00Z,85.6762,0.6004,120.045
2026-01-07T20:03:00Z,85.6344,0.59967,119.951
2026-01-07T20:04:00Z,85.6676,0.60054,120.023
2026-01-07T20:05:00Z,85.6448,0.59965,119.974
2026-01-07T20:06:00Z,85.6703,0.60046,120.037
2026-01-07T20:07:00Z,85.6292,0.59936,119.958
2026-01-07T20:08:00Z,85.6703,0.59995,120.028
2026-01-07T20:09:00Z,85.6282,0.59971,119.972
2026-01-07T20:10:00Z,85.6658,0.60058,120.0
2026-01-07T20:11:00Z,85.6364,0.60001,119.948
2026-01-07T20:12:00Z,85.6796,0.60069,120.047
2026-01-07T20:13:00Z,85.6383,0.59916,119.989
2026-01-07T20:14:00Z,85.6924,0.60018,120.049
2026-01-07T20:15:00Z,85.6354,0.5996,119.973
2026-01-07T20:16:00Z,85.6716,0.60025,120.051
2026-01-07T20:17:00Z,85.6443,0.59976,119.967
2026-01-07T20:18:00Z,85.6554,0.60047,120.032
2026-01-07T20:19:00Z,85.6349,0.59953,119.957
2026-01-07T20:20:00Z,85.6899,0.60079,120.058
2026-01-07T20:21:00Z,85.6415,0.59958,119.962
2026-01-07T20:22:00Z,85.676,0.60034,120.025
2026-01-07T20:23:00Z,85.6559,0.59971,119.972
2026-01-07T20:24:00Z,85.6693,0.60039,120.031
2026-01-07T20:25:00Z,85.6456,0.59976,119.972
2026-01-07T20:26:00Z,85.6881,0.60084,120.027
2026-01-07T20:27:00Z,85.6653,0.59943,119.966
2026-01-07T20:28:00Z,85.6912,0.60043,120.06
2026-01-07T20:29:00Z,85.6397,0.59956,119.992
2026-01-07T20:30:00Z,85.6712,0.60038,120.04
2026-01-07T20:31:00Z,85.6539,0.59948,119.948
2026-01-07T20:32:00Z,85.6747,0.60005,120.022
2026-01-07T20:33:00Z,85.6574,0.59979,119.953
2026-01-07T20:34:00Z,85.6877,0.6,120.025
2026-01-07T20:35:00Z,85.6441,0.59977,119.969
2026-01-07T20:36:00Z,85.6892,0.60026,120.024
2026-01-07T20:37:00Z,85.6576,0.5998,119.979
2026-01-07T20:38:00Z,85.6934,0.60057,120.016
2026-01-07T20:39:00Z,85.6656,0.59959,119.974
2026-01-07T20:40:00Z,85.6921,0.60007,120.042
2026-01-07T20:41:00Z,85.6613,0.59966,119.978
2026-01-07T20:42:00Z,85.6961,0.60033,120.0
2026-01-07T20:43:00Z,85.6415,0.59966,119.97
2026-01-07T20:44:00Z,85.6868,0.60029,120.052
2026-01-07T20:45:00Z,85.6588,0.59958,119.963
2026-01-07T20:46:00Z,85.6785,0.60012,120.033
2026-01-07T20:47:00Z,85.6552,0.59928,119.972
2026-01-07T20:48:00Z,85.6966,0.60024,120.022
2026-01-07T20:49:00Z,85.6567,0.59972,119.992
2026-01-07T20:50:00Z,85.7058,0.60031,120.02
2026-01-07T20:51:00Z,85.666,0.5998,119.976
2026-01-07T20:52:00Z,85.6937,0.60057,120.06
2026-01-07T20:53:00Z,85.6525,0.59954,119.951
2026-01-07T20:54:00Z,85.704,0.60066,120.037
2026-01-07T20:55:00Z,85.6558,0.59952,119.968
2026-01-07T20:56:00Z,85.7004,0.60027,120.016
2026-01-07T20:57:00Z,85.6548,0.59967,119.969
2026-01-07T20:58:00Z,85.7063,0.60012,120.024
2026-01-07T20:59:00Z,85.6718,0.59942,119.992
2026-01-07T21:00:00Z,85.7001,0.60032,120.024
2026-01-07T21:01:00Z,85.6732,0.59971,119.989
2026-01-07T21:02:00Z,85.7024,0.60023,120.024
2026-01-07T21:03:00Z,85.6648,0.5998,119.97
2026-01-07T21:04:00Z,85.6957,0.60079,120.004
2026-01-07T21:05:00Z,85.6806,0.5995,119.991
2026-01-07T21:06:00Z,85.6976,0.60028,120.017
2026-01-07T21:07:00Z,85.6628,0.59955,119.968
2026-01-07T21:08:00Z,85.7022,0.60046,120.026
2026-01-07T21:09:00Z,85.6709,0.59974,119.946
2026-01-07T21:10:00Z,85.6899,0.60064,120.026
2026-01-07T21:11:00Z,85.66,0.59975,120.005
2026-01-07T21:12:00Z,85.7109,0.60047,120.027
2026-01-07T21:13:00Z,85.6583,0.59969,119.974
2026-01-07T21:14:00Z,85.6998,0.60015,120.043
2026-01-07T21:15:00Z,85.6752,0.59952,119.949
2026-01-07T21:16:00Z,85.7001,0.6004,120.051
2026-01-07T21:17:00Z,85.6785,0.59963,119.976
2026-01-07T21:18:00Z,85.7184,0.60038,120.047
2026-01-07T21:19:00Z,85.6687,0.59961,119.982
2026-01-07T21:20:00Z,85.7064,0.60016,120.023
2026-01-07T21:21:00Z,85.6824,0.59962,119.97
2026-01-07T21:22:00Z,85.7161,0.60042,120.048
2026-01-07T21:23:00Z,85.6823,0.59954,119.982
2026-01-07T21:24:00Z,85.7157,0.60033,120.018
2026-01-07T21:25:00Z,85.6778,0.59961,119.991
2026-01-07T21:26:00Z,85.7104,0.60059,120.021
2026-01-07T21:27:00Z,85.7006,0.59939,119.953
2026-01-07T21:28:00Z,85.704,0.60036,120.024
2026-01-07T21:29:00Z,85.686,0.59965,119.956
2026-01-07T21:30:00Z,85.7256,0.60044,120.011
2026-01-07T21:31:00Z,85.6909,0.59973,120.003
2026-01-07T21:32:00Z,85.7167,0.60007,120.039
2026-01-07T21:33:00Z,85.6861,0.59907,119.943
2026-01-07T21:34:00Z,85.7204,0.60019,120.03
2026-01-07T21:35:00Z,85.7004,0.59958,119.964
2026-01-07T21:36:00Z,85.7257,0.60068,120.036
2026-01-07T21:37:00Z,85.6974,0.59973,119.991
2026-01-07T21:38:00Z,85.7129,0.60045,120.041
2026-01-07T21:39:00Z,85.69,0.59949,119.964
2026-01-07T21:40:00Z,85.7122,0.60063,120.029
2026-01-07T21:41:00Z,85.6808,0.59992,119.992
2026-01-07T21:42:00Z,85.7169,0.60056,120.032
2026-01-07T21:43:00Z,85.7042,0.59944,119.969
2026-01-07T21:44:00Z,85.7341,0.60033,120.038
2026-01-07T21:45:00Z,85.6982,0.59958,119.962
2026-01-07T21:46:00Z,85.7358,0.6006,120.039
2026-01-07T21:47:00Z,85.693,0.59948,119.988
2026-01-07T21:48:00Z,85.7346,0.60048,120.032
2026-01-07T21:49:00Z,85.6979,0.59933,119.968
2026-01-07T21:50:00Z,85.7384,0.60034,120.024
2026-01-07T21:51:00Z,85.7039,0.5996,119.953
2026-01-07T21:52:00Z,85.7233,0.60056,120.036
2026-01-07T21:53:00Z,85.7009,0.59941,119.996
2026-01-07T21:54:00Z,85.7287,0.60021,120.034
2026-01-07T21:55:00Z,85.6844,0.59944,119.992
2026-01-07T21:56:00Z,85.7262,0.6003,120.041
2026-01-07T21:57:00Z,85.6861,0.59926,119.965
2026-01-07T21:58:00Z,85.7355,0.60024,120.057
2026-01-07T21:59:00Z,85.7027,0.59919,119.961
2026-01-07T22:00:00Z,85.7476,0.6004,120.031
2026-01-07T22:01:00Z,85.7053,0.59977,119.98
2026-01-07T22:02:00Z,85.7255,0.59996,120.037
2026-01-07T22:03:00Z,85.6977,0.59973,119.961
2026-01-07T22:04:00Z,85.735,0.60041,120.026
2026-01-07T22:05:00Z,85.6916,0.59951,119.99
2026-01-07T22:06:00Z,85.7371,0.60044,120.04
2026-01-07T22:07:00Z,85.7134,0.59953,119.949
2026-01-07T22:08:00Z,85.7446,0.60049,119.987
2026-01-07T22:09:00Z,85.7125,0.59947,119.969
2026-01-07T22:10:00Z,85.7312,0.60043,119.997
2026-01-07T22:11:00Z,85.7005,0.59946,119.989
2026-01-07T22:12:00Z,85.7489,0.6,120.057
2026-01-07T22:13:00Z,85.7169,0.59938,119.969
2026-01-07T22:14:00Z,85.7503,0.60058,120.029
2026-01-07T22:15:00Z,85.6991,0.59944,119.979
2026-01-07T22:16:00Z,85.7469,0.60036,120.047
2026-01-07T22:17:00Z,85.7242,0.59956,119.997
2026-01-07T22:18:00Z,85.7508,0.60068,120.028
2026-01-07T22:19:00Z,85.7188,0.59978,119.97
2026-01-07T22:20:00Z,85.7418,0.60017,120.013
2026-01-07T22:21:00Z,85.7114,0.59975,119.93
2026-01-07T22:22:00Z,85.7519,0.60009,120.022
2026-01-07T22:23:00Z,85.712,0.59975,119.963
2026-01-07T22:24:00Z,85.7523,0.60066,120.04
2026-01-07T22:25:00Z,85.7179,0.59975,119.977
2026-01-07T22:26:00Z,85.7588,0.60033,120.031
2026-01-07T22:27:00Z,85.7187,0.59948,119.984
2026-01-07T22:28:00Z,85.7448,0.60083,120.012
2026-01-07T22:29:00Z,85.717,0.59964,119.98
2026-01-07T22:30:00Z,85.7588,0.60031,120.001
2026-01-07T22:31:00Z,85.7216,0.59966,119.963
2026-01-07T22:32:00Z,85.7383,0.6003,120.038
2026-01-07T22:33:00Z,85.7203,0.59976,119.989
2026-01-07T22:34:00Z,85.7616,0.60032,119.992
2026-01-07T22:35:00Z,85.7281,0.59942,119.977
2026-01-07T22:36:00Z,85.7623,0.60058,120.037
2026-01-07T22:37:00Z,85.7204,0.59932,119.972
2026-01-07T22:38:00Z,85.7652,0.60033,120.027
2026-01-07T22:39:00Z,85.7453,0.59988,119.937
2026-01-07T22:40:00Z,85.7675,0.60038,120.025
2026-01-07T22:41:00Z,85.731,0.59932,119.971
2026-01-07T22:42:00Z,85.7597,0.60044,120.032
2026-01-07T22:43:00Z,85.7338,0.59964,119.978
2026-01-07T22:44:00Z,85.7681,0.60046,120.036
2026-01-07T22:45:00Z,85.7198,0.60003,119.974
2026-01-07T22:46:00Z,85.7763,0.60046,120.033
2026-01-07T22:47:00Z,85.74,0.59953,119.96
2026-01-07T22:48:00Z,85.7606,0.60079,120.005
2026-01-07T22:49:00Z,85.732,0.59938,119.997
2026-01-07T22:50:00Z,85.7677,0.60027,120.028
2026-01-07T22:51:00Z,85.731,0.59945,119.968
2026-01-07T22:52:00Z,85.7626,0.5998,120.02
2026-01-07T22:53:00Z,85.7199,0.59954,119.945
2026-01-07T22:54:00Z,85.7727,0.60046,120.063
2026-01-07T22:55:00Z,85.7311,0.5996,119.953
2026-01-07T22:56:00Z,85.7583,0.60041,120.01
2026-01-07T22:57:00Z,85.7486,0.59969,119.962
2026-01-07T22:58:00Z,85.787,0.6005,120.054
2026-01-07T22:59:00Z,85.7343,0.59963,119.991
2026-01-07T23:00:00Z,85.7724,0.60051,120.027
2026-01-07T23:01:00Z,85.7484,0.59978,119.969
2026-01-07T23:02:00Z,85.7586,0.6008,120.021
2026-01-07T23:03:00Z,85.7508,0.59944,119.951
2026-01-07T23:04:00Z,85.7818,0.60021,120.036
2026-01-07T23:05:00Z,85.7351,0.59954,119.984
2026-01-07T23:06:00Z,85.7807,0.60035,120.034
2026-01-07T23:07:00Z,85.7421,0.59939,119.955
2026-01-07T23:08:00Z,85.7954,0.60079,120.027
2026-01-07T23:09:00Z,85.7488,0.59964,119.986
2026-01-07T23:10:00Z,85.7738,0.60072,120.034
2026-01-07T23:11:00Z,85.7464,0.59948,119.968
2026-01-07T23:12:00Z,85.7902,0.60016,120.017
2026-01-07T23:13:00Z,85.7411,0.59942,119.977
2026-01-07T23:14:00Z,85.7786,0.60029,120.033
2026-01-07T23:15:00Z,85.7657,0.59985,120.005
2026-01-07T23:16:00Z,85.7775,0.60021,120.022
2026-01-07T23:17:00Z,85.7702,0.59926,119.965
2026-01-07T23:18:00Z,85.7763,0.60027,120.035
2026-01-07T23:19:00Z,85.7613,0.59967,119.962
2026-01-07T23:20:00Z,85.7746,0.60042,120.047
2026-01-07T23:21:00Z,85.7529,0.5996,119.958
2026-01-07T23:22:00Z,85.7853,0.60019,120.04
2026-01-07T23:23:00Z,85.7562,0.5998,119.959
2026-01-07T23:24:00Z,85.7804,0.60033,120.019
2026-01-07T23:25:00Z,85.7552,0.59979,119.942
2026-01-07T23:26:00Z,85.7801,0.60053,120.028
2026-01-07T23:27:00Z,85.7682,0.59996,119.973
2026-01-07T23:28:00Z,85.7857,0.60037,119.999
2026-01-07T23:29:00Z,85.7479,0.59979,119.974
2026-01-07T23:30:00Z,85.7952,0.60067,120.043
2026-01-07T23:31:00Z,85.7691,0.5995,119.951
2026-01-07T23:32:00Z,85.7916,0.60042,120.037
2026-01-07T23:33:00Z,85.7715,0.59929,119.983
2026-01-07T23:34:00Z,85.8011,0.60046,120.025
2026-01-07T23:35:00Z,85.7493,0.59948,119.976
2026-01-07T23:36:00Z,85.7958,0.60078,120.046
2026-01-07T23:37:00Z,85.7596,0.59966,119.963
2026-01-07T23:38:00Z,85.787,0.60043,120.047
2026-01-07T23:39:00Z,85.7539,0.59946,119.939
2026-01-07T23:40:00Z,85.7928,0.60042,120.009
2026-01-07T23:41:00Z,85.7772,0.5995,119.974
2026-01-07T23:42:00Z,85.8038,0.60034,120.01
2026-01-07T23:43:00Z,85.76,0.59959,119.975
2026-01-07T23:44:00Z,85.7869,0.60018,120.035
2026-01-07T23:45:00Z,85.7667,0.59968,119.956
2026-01-07T23:46:00Z,85.7955,0.60065,120.017
2026-01-07T23:47:00Z,85.7549,0.59989,119.98
2026-01-07T23:48:00Z,85.8012,0.60039,120.048
2026-01-07T23:49:00Z,85.7781,0.59951,119.947
2026-01-07T23:50:00Z,85.7945,0.60069,120.012
2026-01-07T23:51:00Z,85.7774,0.59964,119.959
2026-01-07T23:52:00Z,85.7987,0.60008,120.028
2026-01-07T23:53:00Z,85.7745,0.59973,119.971
2026-01-07T23:54:00Z,85.8102,0.60037,120.021
2026-01-07T23:55:00Z,85.7747,0.59931,119.96
2026-01-07T23:56:00Z,85.8087,0.60037,120.019
2026-01-07T23:57:00Z,85.7815,0.59986,119.979
2026-01-07T23:58:00Z,85.803,0.60023,120.049
2026-01-07T23:59:00Z,85.7824,0.59976,119.979
2026-01-08T00:00:00Z,85.8042,0.60042,120.025
2026-01-08T00:01:00Z,85.7798,0.59961,119.965
2026-01-08T00:02:00Z,85.8208,0.60024,120.029
2026-01-08T00:03:00Z,85.7794,0.59939,119.976
2026-01-08T00:04:00Z,85.8169,0.60024,119.991
2026-01-08T00:05:00Z,85.7861,0.59955,120.004
2026-01-08T00:06:00Z,85.7959,0.60072,120.037
2026-01-08T00:07:00Z,85.7799,0.59941,119.972
2026-01-08T00:08:00Z,85.8113,0.60053,120.058
2026-01-08T00:09:00Z,85.7798,0.59961,119.945
2026-01-08T00:10:00Z,85.8089,0.60051,120.01
2026-01-08T00:11:00Z,85.7808,0.59959,119.978
2026-01-08T00:12:00Z,85.822,0.60042,120.014
2026-01-08T00:13:00Z,85.7794,0.59983,119.99
2026-01-08T00:14:00Z,85.8117,0.60017,120.038
2026-01-08T00:15:00Z,85.7855,0.59969,119.972
2026-01-08T00:16:00Z,85.8156,0.60008,120.058
2026-01-08T00:17:00Z,85.785,0.5998,119.945
2026-01-08T00:18:00Z,85.8176,0.60057,120.059
2026-01-08T00:19:00Z,85.791,0.59979,119.973
2026-01-08T00:20:00Z,85.8283,0.60016,120.026
2026-01-08T00:21:00Z,85.7983,0.59923,119.963
2026-01-08T00:22:00Z,85.8205,0.60041,120.016
2026-01-08T00:23:00Z,85.79,0.59975,119.98
2026-01-08T00:24:00Z,85.8178,0.60039,120.046
2026-01-08T00:25:00Z,85.799,0.59959,119.962
2026-01-08T00:26:00Z,85.8219,0.60039,120.01
2026-01-08T00:27:00Z,85.791,0.59941,119.962
2026-01-08T00:28:00Z,85.82,0.60052,120.059
2026-01-08T00:29:00Z,85.7903,0.59959,119.953
2026-01-08T00:30:00Z,85.8404,0.60051,120.003
2026-01-08T00:31:00Z,85.8011,0.59975,119.979
2026-01-08T00:32:00Z,85.8174,0.60104,120.04
2026-01-08T00:33:00Z,85.7904,0.59962,119.988
2026-01-08T00:34:00Z,85.8358,0.60041,120.02
2026-01-08T00:35:00Z,85.7991,0.5996,119.963
2026-01-08T00:36:00Z,85.8336,0.60053,120.031
2026-01-08T00:37:00Z,85.8171,0.5994,119.967
2026-01-08T00:38:00Z,85.839,0.60053,120.035
2026-01-08T00:39:00Z,85.7991,0.59967,119.969
2026-01-08T00:40:00Z,85.8284,0.6004,120.029
2026-01-08T00:41:00Z,85.7915,0.59981,119.965
2026-01-08T00:42:00Z,85.8078,0.60059,120.021
2026-01-08T00:43:00Z,85.8223,0.59979,119.945
2026-01-08T00:44:00Z,85.8314,0.60032,120.052
2026-01-08T00:45:00Z,85.8022,0.59938,119.963
2026-01-08T00:46:00Z,85.8357,0.60037,120.034
2026-01-08T00:47:00Z,85.8164,0.5994,119.996
2026-01-08T00:48:00Z,85.8277,0.6007,120.047
2026-01-08T00:49:00Z,85.8028,0.59974,119.971
2026-01-08T00:50:00Z,85.8422,0.60034,120.04
2026-01-08T00:51:00Z,85.8039,0.59952,119.984
2026-01-08T00:52:00Z,85.8619,0.60018,120.057
2026-01-08T00:53:00Z,85.8115,0.59968,119.971
2026-01-08T00:54:00Z,85.8364,0.60066,120.036
2026-01-08T00:55:00Z,85.8256,0.59918,119.949
2026-01-08T00:56:00Z,85.8426,0.60052,120.021
2026-01-08T00:57:00Z,85.8193,0.59944,119.974
2026-01-08T00:58:00Z,85.843,0.60067,120.018
2026-01-08T00:59:00Z,85.8283,0.59979,119.987
2026-01-08T01:00:00Z,85.8434,0.60009,119.993
2026-01-08T01:01:00Z,85.8266,0.59953,119.958
2026-01-08T01:02:00Z,85.8296,0.60014,120.044
2026-01-08T01:03:00Z,85.8141,0.59944,119.963
2026-01-08T01:04:00Z,85.8525,0.60013,120.009
2026-01-08T01:05:00Z,85.8117,0.5996,119.969
2026-01-08T01:06:00Z,85.8479,0.60022,120.027
2026-01-08T01:07:00Z,85.8162,0.59964,119.973
2026-01-08T01:08:00Z,85.8547,0.6004,120.017
2026-01-08T01:09:00Z,85.817,0.5994,119.982
2026-01-08T01:10:00Z,85.8463,0.60061,120.024
2026-01-08T01:11:00Z,85.8322,0.59932,120.005
2026-01-08T01:12:00Z,85.8564,0.6006,120.022
2026-01-08T01:13:00Z,85.8173,0.5994,119.992
2026-01-08T01:14:00Z,85.8474,0.60031,120.024
2026-01-08T01:15:00Z,85.8127,0.59932,119.965
2026-01-08T01:16:00Z,85.8571,0.60016,119.998
2026-01-08T01:17:00Z,85.8065,0.59962,119.982
2026-01-08T01:18:00Z,85.8444,0.60031,120.041
2026-01-08T01:19:00Z,85.8321,0.59987,119.973
2026-01-08T01:20:00Z,85.8542,0.6004,120.03
2026-01-08T01:21:00Z,85.8213,0.59952,119.955
2026-01-08T01:22:00Z,85.8524,0.60007,120.045
2026-01-08T01:23:00Z,85.811,0.59963,119.974
2026-01-08T01:24:00Z,85.8593,0.60018,120.055
2026-01-08T01:25:00Z,85.8354,0.59961,119.966
2026-01-08T01:26:00Z,85.8669,0.60064,120.018
2026-01-08T01:27:00Z,85.8278,0.59982,119.977
2026-01-08T01:28:00Z,85.8794,0.60059,120.009
2026-01-08T01:29:00Z,85.8192,0.59983,119.985
2026-01-08T01:30:00Z,85.8579,0.60083,120.025
2026-01-08T01:31:00Z,85.8285,0.59985,119.964
2026-01-08T01:32:00Z,85.8658,0.60019,120.011
2026-01-08T01:33:00Z,85.834,0.5997,119.98
2026-01-08T01:34:00Z,85.8608,0.60014,120.019
2026-01-08T01:35:00Z,85.8202,0.59936,119.962
2026-01-08T01:36:00Z,85.8627,0.6003,120.05
2026-01-08T01:37:00Z,85.8337,0.59966,119.963
2026-01-08T01:38:00Z,85.8698,0.60093,120.044
2026-01-08T01:39:00Z,85.8366,0.59974,120.02
2026-01-08T01:40:00Z,85.8632,0.6005,120.039
2026-01-08T01:41:00Z,85.825,0.59955,119.992
2026-01-08T01:42:00Z,85.8591,0.60008,119.996
2026-01-08T01:43:00Z,85.8474,0.59998,119.954
2026-01-08T01:44:00Z,85.8752,0.59983,120.037
2026-01-08T01:45:00Z,85.8351,0.5997,119.953
2026-01-08T01:46:00Z,85.8656,0.60045,120.003
2026-01-08T01:47:00Z,85.8353,0.59946,119.962
2026-01-08T01:48:00Z,85.8793,0.60055,120.008
2026-01-08T01:49:00Z,85.8322,0.59938,119.971
2026-01-08T01:50:00Z,85.8739,0.60011,120.043
2026-01-08T01:51:00Z,85.8404,0.59936,119.976
2026-01-08T01:52:00Z,85.8691,0.60053,120.017
2026-01-08T01:53:00Z,85.8486,0.59963,119.973
2026-01-08T01:54:00Z,85.8667,0.60007,120.002
2026-01-08T01:55:00Z,85.8567,0.59934,119.955
2026-01-08T01:56:00Z,85.8721,0.60026,119.966
2026-01-08T01:57:00Z,85.845,0.59946,119.982
2026-01-08T01:58:00Z,85.8773,0.6003,120.016
2026-01-08T01:59:00Z,85.844,0.59953,119.961
2026-01-08T02:00:00Z,85.8681,0.60034,120.019
2026-01-08T02:01:00Z,85.8538,0.59986,119.97
2026-01-08T02:02:00Z,85.8719,0.60045,120.04
2026-01-08T02:03:00Z,85.8564,0.59928,119.977
2026-01-08T02:04:00Z,85.8717,0.60057,120.019
2026-01-08T02:05:00Z,85.8379,0.59944,119.969
2026-01-08T02:06:00Z,85.885,0.60027,120.039
2026-01-08T02:07:00Z,85.8544,0.59942,119.958
2026-01-08T02:08:00Z,85.8911,0.60012,120.021
2026-01-08T02:09:00Z,85.8542,0.59958,119.953
2026-01-08T02:10:00Z,85.8735,0.60056,120.025
2026-01-08T02:11:00Z,85.8677,0.59967,119.934
2026-01-08T02:12:00Z,85.8959,0.60053,120.045
2026-01-08T02:13:00Z,85.8557,0.5993,119.993
2026-01-08T02:14:00Z,85.8922,0.6005,120.022
2026-01-08T02:15:00Z,85.862,0.59939,119.96
2026-01-08T02:16:00Z,85.8944,0.60019,120.013
2026-01-08T02:17:00Z,85.8629,0.59988,119.972
2026-01-08T02:18:00Z,85.8922,0.6007,120.039
2026-01-08T02:19:00Z,85.857,0.59972,119.966
2026-01-08T02:20:00Z,85.894,0.60076,120.046
2026-01-08T02:21:00Z,85.8602,0.59945,119.998
2026-01-08T02:22:00Z,85.8846,0.60052,120.049
2026-01-08T02:23:00Z,85.8566,0.6001,119.986
2026-01-08T02:24:00Z,85.8949,0.60037,120.035
2026-01-08T02:25:00Z,85.8667,0.59964,119.975
2026-01-08T02:26:00Z,85.8929,0.60063,120.024
2026-01-08T02:27:00Z,85.8565,0.59921,120.002
2026-01-08T02:28:00Z,85.8952,0.60072,120.037
2026-01-08T02:29:00Z,85.8664,0.59964,119.957
2026-01-08T02:30:00Z,85.9049,0.60013,120.027
2026-01-08T02:31:00Z,85.8497,0.59937,119.974
2026-01-08T02:32:00Z,85.9023,0.60027,120.013
2026-01-08T02:33:00Z,85.8784,0.59949,119.978
2026-01-08T02:34:00Z,85.8937,0.60012,120.044
2026-01-08T02:35:00Z,85.8759,0.59982,119.973
2026-01-08T02:36:00Z,85.893,0.60043,120.018
2026-01-08T02:37:00Z,85.8783,0.5996,119.961
2026-01-08T02:38:00Z,85.8937,0.60025,120.023
2026-01-08T02:39:00Z,85.8721,0.59962,119.995
2026-01-08T02:40:00Z,85.9149,0.60038,120.04
2026-01-08T02:41:00Z,85.8786,0.59928,119.983
2026-01-08T02:42:00Z,85.9146,0.60068,120.047
2026-01-08T02:43:00Z,85.8683,0.59941,119.974
2026-01-08T02:44:00Z,85.9053,0.60071,120.033
2026-01-08T02:45:00Z,85.8753,0.59988,119.954
2026-01-08T02:46:00Z,85.915,0.6003,120.053
2026-01-08T02:47:00Z,85.8829,0.59951,119.981
2026-01-08T02:48:00Z,85.9085,0.60064,120.02
2026-01-08T02:49:00Z,85.8937,0.59967,119.989
2026-01-08T02:50:00Z,85.9104,0.60053,120.041
2026-01-08T02:51:00Z,85.8747,0.5996,119.994
2026-01-08T02:52:00Z,85.907,0.60038,120.014
2026-01-08T02:53:00Z,85.8954,0.59978,119.999
2026-01-08T02:54:00Z,85.9064,0.60051,120.016
2026-01-08T02:55:00Z,85.8788,0.60011,119.973
2026-01-08T02:56:00Z,85.9141,0.60027,120.046
2026-01-08T02:57:00Z,85.8889,0.59971,119.968
2026-01-08T02:58:00Z,85.9118,0.60081,120.019
2026-01-08T02:59:00Z,85.8996,0.59953,119.963
2026-01-08T03:00:00Z,85.9207,0.60028,120.019
2026-01-08T03:01:00Z,85.8765,0.59956,119.966
2026-01-08T03:02:00Z,85.9254,0.60036,120.019
2026-01-08T03:03:00Z,85.8879,0.59969,119.995
2026-01-08T03:04:00Z,85.918,0.60049,120.015
2026-01-08T03:05:00Z,85.8991,0.59973,119.986
2026-01-08T03:06:00Z,85.9154,0.60061,120.05
2026-01-08T03:07:00Z,85.8823,0.59965,119.956
2026-01-08T03:08:00Z,85.936,0.60044,120.016
2026-01-08T03:09:00Z,85.8885,0.59961,119.974
2026-01-08T03:10:00Z,85.9316,0.60078,120.048
2026-01-08T03:11:00Z,85.9017,0.5996,119.975
2026-01-08T03:12:00Z,85.919,0.60028,120.029
2026-01-08T03:13:00Z,85.8688,0.60003,119.957
2026-01-08T03:14:00Z,85.9294,0.60038,120.018
2026-01-08T03:15:00Z,85.8935,0.59968,119.979
2026-01-08T03:16:00Z,85.9324,0.60034,120.031
2026-01-08T03:17:00Z,85.9032,0.60002,119.954
2026-01-08T03:18:00Z,85.9252,0.60062,120.03
2026-01-08T03:19:00Z,85.8947,0.59961,119.968
2026-01-08T03:20:00Z,85.9328,0.60041,120.033
2026-01-08T03:21:00Z,85.8877,0.59962,119.977
2026-01-08T03:22:00Z,85.9349,0.60029,120.051
2026-01-08T03:23:00Z,85.8998,0.59946,119.969
2026-01-08T03:24:00Z,85.9331,0.60003,119.995
2026-01-08T03:25:00Z,85.8905,0.59958,119.968
2026-01-08T03:26:00Z,85.9385,0.6001,120.051
2026-01-08T03:27:00Z,85.8972,0.5998,119.992
2026-01-08T03:28:00Z,85.9334,0.60053,120.034
2026-01-08T03:29:00Z,85.904,0.59973,119.984
2026-01-08T03:30:00Z,85.9374,0.60038,120.039
2026-01-08T03:31:00Z,85.8972,0.59942,119.967
2026-01-08T03:32:00Z,85.9407,0.60025,120.031
2026-01-08T03:33:00Z,85.8945,0.59955,119.964
2026-01-08T03:34:00Z,85.9308,0.60022,120.02
2026-01-08T03:35:00Z,85.8924,0.59931,119.971
2026-01-08T03:36:00Z,85.9339,0.60014,120.015
2026-01-08T03:37:00Z,85.9003,0.59927,119.976
2026-01-08T03:38:00Z,85.9485,0.60037,120.014
2026-01-08T03:39:00Z,85.9192,0.59957,119.975
2026-01-08T03:40:00Z,85.9298,0.6005,120.03
2026-01-08T03:41:00Z,85.9139,0.59989,119.978
2026-01-08T03:42:00Z,85.9378,0.60035,120.037
2026-01-08T03:43:00Z,85.9154,0.59971,119.986
2026-01-08T03:44:00Z,85.9691,0.60065,120.04
2026-01-08T03:45:00Z,85.9038,0.59939,119.972
2026-01-08T03:46:00Z,85.9476,0.6005,120.026
2026-01-08T03:47:00Z,85.9137,0.59952,119.994
2026-01-08T03:48:00Z,85.9449,0.6004,119.997
2026-01-08T03:49:00Z,85.92,0.59986,119.949
2026-01-08T03:50:00Z,85.9454,0.60021,120.02
2026-01-08T03:51:00Z,85.9164,0.59942,119.955
2026-01-08T03:52:00Z,85.9571,0.59994,119.998
2026-01-08T03:53:00Z,85.9168,0.59975,119.972
2026-01-08T03:54:00Z,85.9374,0.60074,120.018
2026-01-08T03:55:00Z,85.926,0.59954,119.952
2026-01-08T03:56:00Z,85.9565,0.60083,120.036
2026-01-08T03:57:00Z,85.9198,0.59959,120.001
2026-01-08T03:58:00Z,85.9585,0.60034,120.044
2026-01-08T03:59:00Z,85.9223,0.59947,119.975
2026-01-08T04:00:00Z,85.9456,0.60026,120.036
2026-01-08T04:01:00Z,85.9266,0.59965,119.979
2026-01-08T04:02:00Z,85.9518,0.6005,120.036
2026-01-08T04:03:00Z,85.9178,0.59935,119.97
2026-01-08T04:04:00Z,85.9556,0.60069,120.052
2026-01-08T04:05:00Z,85.9358,0.59953,119.955
2026-01-08T04:06:00Z,85.9604,0.60018,120.037
2026-01-08T04:07:00Z,85.9193,0.59948,119.941
2026-01-08T04:08:00Z,85.9632,0.6002,120.016
2026-01-08T04:09:00Z,85.9312,0.59937,119.974
2026-01-08T04:10:00Z,85.9581,0.60079,120.051
2026-01-08T04:11:00Z,85.9217,0.59967,119.957
2026-01-08T04:12:00Z,85.971,0.60033,120.016
2026-01-08T04:13:00Z,85.9427,0.59959,119.956
2026-01-08T04:14:00Z,85.9585,0.60042,120.048
2026-01-08T04:15:00Z,85.9249,0.60019,119.954
2026-01-08T04:16:00Z,85.963,0.60051,120.029
2026-01-08T04:17:00Z,85.9187,0.59954,119.975
2026-01-08T04:18:00Z,85.9455,0.60021,120.029
2026-01-08T04:19:00Z,85.933,0.59938,119.961
2026-01-08T04:20:00Z,85.9785,0.60027,120.048
2026-01-08T04:21:00Z,85.9488,0.59987,119.957
2026-01-08T04:22:00Z,85.9864,0.60002,120.019
2026-01-08T04:23:00Z,85.9003,0.59932,120.01
2026-01-08T04:24:00Z,85.971,0.60061,120.06
2026-01-08T04:25:00Z,85.9414,0.59939,119.964
2026-01-08T04:26:00Z,85.9525,0.60068,120.042
2026-01-08T04:27:00Z,85.9352,0.59954,119.966
2026-01-08T04:28:00Z,85.9651,0.60031,120.045
2026-01-08T04:29:00Z,85.9389,0.5997,119.978
2026-01-08T04:30:00Z,85.9677,0.60016,120.042
2026-01-08T04:31:00Z,85.9482,0.5991,119.981
2026-01-08T04:32:00Z,85.9694,0.60042,120.044
2026-01-08T04:33:00Z,85.9336,0.59967,119.961
2026-01-08T04:34:00Z,85.964,0.60037,120.032
2026-01-08T04:35:00Z,85.9376,0.59966,119.977
2026-01-08T04:36:00Z,85.9741,0.60038,120.046
2026-01-08T04:37:00Z,85.9394,0.59956,119.965
2026-01-08T04:38:00Z,85.9629,0.60034,120.03
2026-01-08T04:39:00Z,85.9304,0.5996,119.947
2026-01-08T04:40:00Z,85.9953,0.60036,120.034
2026-01-08T04:41:00Z,85.9378,0.59975,119.97
2026-01-08T04:42:00Z,85.9678,0.59991,120.011
2026-01-08T04:43:00Z,85.9497,0.59952,119.969
2026-01-08T04:44:00Z,85.9769,0.60028,120.048
2026-01-08T04:45:00Z,85.9464,0.5998,119.993
2026-01-08T04:46:00Z,85.9765,0.60044,119.996
2026-01-08T04:47:00Z,85.9437,0.59947,119.963
2026-01-08T04:48:00Z,85.9724,0.60068,120.044
2026-01-08T04:49:00Z,85.9469,0.59934,119.996
2026-01-08T04:50:00Z,85.9877,0.60041,120.02
2026-01-08T04:51:00Z,85.9369,0.60004,119.959
2026-01-08T04:52:00Z,85.9784,0.60035,120.026
2026-01-08T04:53:00Z,85.9561,0.59962,119.949
2026-01-08T04:54:00Z,85.9747,0.60013,120.04
2026-01-08T04:55:00Z,85.959,0.59949,119.985
2026-01-08T04:56:00Z,85.9754,0.60035,120.032
2026-01-08T04:57:00Z,85.9459,0.5996,119.952
2026-01-08T04:58:00Z,85.974,0.60052,120.027
2026-01-08T04:59:00Z,85.9476,0.5996,119.97
2026-01-08T05:00:00Z,86.0002,0.60053,120.035
2026-01-08T05:01:00Z,85.9604,0.59945,119.975
2026-01-08T05:02:00Z,85.986,0.60049,120.033
2026-01-08T05:03:00Z,85.9723,0.59967,119.973
2026-01-08T05:04:00Z,85.9797,0.60027,120.022
2026-01-08T05:05:00Z,85.9649,0.59956,119.973
2026-01-08T05:06:00Z,85.9923,0.60039,120.019
2026-01-08T05:07:00Z,85.9716,0.59947,119.951
2026-01-08T05:08:00Z,85.9942,0.60025,120.041
2026-01-08T05:09:00Z,85.9778,0.59963,119.962
2026-01-08T05:10:00Z,85.9948,0.60056,120.01
2026-01-08T05:11:00Z,85.9685,0.59988,119.986
2026-01-08T05:12:00Z,85.9962,0.60026,120.035
2026-01-08T05:13:00Z,85.9519,0.59957,119.943
2026-01-08T05:14:00Z,86.0103,0.60088,120.022
2026-01-08T05:15:00Z,85.9575,0.59974,119.977
2026-01-08T05:16:00Z,85.9895,0.60094,120.03
2026-01-08T05:17:00Z,85.9606,0.59956,119.976
2026-01-08T05:18:00Z,86.0122,0.6003,120.03
2026-01-08T05:19:00Z,85.9739,0.59991,119.96
2026-01-08T05:20:00Z,85.9914,0.60016,120.022
2026-01-08T05:21:00Z,85.9686,0.59987,119.951
2026-01-08T05:22:00Z,85.9978,0.60031,120.073
2026-01-08T05:23:00Z,85.9614,0.59926,119.968
2026-01-08T05:24:00Z,86.0027,0.60071,120.037
2026-01-08T05:25:00Z,85.9606,0.59967,119.97
2026-01-08T05:26:00Z,85.9891,0.60043,120.016
2026-01-08T05:27:00Z,85.9643,0.59935,119.973
2026-01-08T05:28:00Z,86.0195,0.60034,120.015
2026-01-08T05:29:00Z,85.97,0.59997,119.984
2026-01-08T05:30:00Z,86.0138,0.60046,120.037
2026-01-08T05:31:00Z,85.9816,0.5997,119.974
2026-01-08T05:32:00Z,86.0123,0.60084,120.014
2026-01-08T05:33:00Z,85.9958,0.59974,119.966
2026-01-08T05:34:00Z,86.0018,0.60023,120.009
2026-01-08T05:35:00Z,85.9679,0.5994,119.972
2026-01-08T05:36:00Z,86.0214,0.6003,120.042
2026-01-08T05:37:00Z,85.9687,0.59971,119.974
2026-01-08T05:38:00Z,86.0139,0.60023,120.038
2026-01-08T05:39:00Z,85.9681,0.59956,119.961
2026-01-08T05:40:00Z,86.0137,0.60003,120.012
2026-01-08T05:41:00Z,85.9878,0.59983,119.969
2026-01-08T05:42:00Z,86.0072,0.60023,120.017
2026-01-08T05:43:00Z,85.9991,0.59966,119.955
2026-01-08T05:44:00Z,86.0184,0.60048,120.05
2026-01-08T05:45:00Z,85.9839,0.5996,119.96
2026-01-08T05:46:00Z,86.0276,0.60037,120.055
2026-01-08T05:47:00Z,85.9931,0.60005,119.958
2026-01-08T05:48:00Z,86.0164,0.60027,120.028
2026-01-08T05:49:00Z,85.9924,0.59919,119.951
2026-01-08T05:50:00Z,86.012,0.60081,120.027
2026-01-08T05:51:00Z,85.9852,0.59972,119.968
2026-01-08T05:52:00Z,86.022,0.6004,120.026
2026-01-08T05:53:00Z,85.9839,0.59947,119.989
2026-01-08T05:54:00Z,86.0135,0.60072,120.059
2026-01-08T05:55:00Z,85.9796,0.59973,119.973
2026-01-08T05:56:00Z,86.0125,0.6005,120.036
2026-01-08T05:57:00Z,85.9852,0.59988,119.985
2026-01-08T05:58:00Z,86.0204,0.60055,120.05
2026-01-08T05:59:00Z,85.9815,0.59972,119.98
2026-01-08T06:00:00Z,86.0239,0.60034,120.032
2026-01-08T06:01:00Z,86.0011,0.59964,119.96
2026-01-08T06:02:00Z,86.0135,0.60054,120.019
2026-01-08T06:03:00Z,85.9952,0.59951,119.989
2026-01-08T06:04:00Z,86.0231,0.60056,120.05
2026-01-08T06:05:00Z,86.004,0.5998,119.963
2026-01-08T06:06:00Z,86.0199,0.60051,120.018
2026-01-08T06:07:00Z,86.0104,0.59922,119.978
2026-01-08T06:08:00Z,86.0431,0.60056,120.036
2026-01-08T06:09:00Z,85.9834,0.59963,119.96
2026-01-08T06:10:00Z,86.0295,0.59991,120.038
2026-01-08T06:11:00Z,85.9943,0.59938,119.977
2026-01-08T06:12:00Z,86.0382,0.60007,120.023
2026-01-08T06:13:00Z,85.994,0.5999,119.968
2026-01-08T06:14:00Z,86.0287,0.60038,120.027
2026-01-08T06:15:00Z,86.0179,0.59961,119.976
2026-01-08T06:16:00Z,86.023,0.60043,120.041
2026-01-08T06:17:00Z,86.002,0.59993,120.002
2026-01-08T06:18:00Z,86.0278,0.60042,120.017
2026-01-08T06:19:00Z,86.0137,0.59937,119.993
2026-01-08T06:20:00Z,86.0443,0.60004,120.033
2026-01-08T06:21:00Z,85.997,0.59971,119.969
2026-01-08T06:22:00Z,86.044,0.60001,120.018
2026-01-08T06:23:00Z,86.0093,0.59929,119.979
2026-01-08T06:24:00Z,86.0452,0.60031,120.011
2026-01-08T06:25:00Z,86.0012,0.59948,119.974
2026-01-08T06:26:00Z,86.0412,0.60025,120.043
2026-01-08T06:27:00Z,85.9985,0.59973,119.943
2026-01-08T06:28:00Z,86.042,0.60043,120.009
2026-01-08T06:29:00Z,86.0023,0.59962,119.971
2026-01-08T06:30:00Z,86.0468,0.60045,120.031
2026-01-08T06:31:00Z,86.0187,0.59944,119.986
2026-01-08T06:32:00Z,86.0416,0.60019,120.058
2026-01-08T06:33:00Z,86.0034,0.59988,119.959
2026-01-08T06:34:00Z,86.0568,0.60017,120.047
2026-01-08T06:35:00Z,86.0102,0.5997,119.986
2026-01-08T06:36:00Z,86.0487,0.60016,120.035
2026-01-08T06:37:00Z,86.0155,0.59957,119.957
2026-01-08T06:38:00Z,86.0566,0.6004,120.01
2026-01-08T06:39:00Z,86.0189,0.59961,119.977
2026-01-08T06:40:00Z,86.0438,0.60022,120.009
2026-01-08T06:41:00Z,86.0248,0.59979,119.968
2026-01-08T06:42:00Z,86.0468,0.6006,120.027
2026-01-08T06:43:00Z,86.0222,0.59945,119.981
2026-01-08T06:44:00Z,86.0549,0.60042,120.003
2026-01-08T06:45:00Z,86.0176,0.59964,119.971
2026-01-08T06:46:00Z,86.0616,0.60058,120.038
2026-01-08T06:47:00Z,86.0192,0.60013,119.958
2026-01-08T06:48:00Z,86.0605,0.60014,120.018
2026-01-08T06:49:00Z,86.02,0.59956,119.94
2026-01-08T06:50:00Z,86.0408,0.60055,119.987
2026-01-08T06:51:00Z,86.0352,0.5997,119.957
2026-01-08T06:52:00Z,86.0404,0.60032,120.004
2026-01-08T06:53:00Z,86.0279,0.5993,119.958
2026-01-08T06:54:00Z,86.0624,0.60037,120.022
2026-01-08T06:55:00Z,86.0272,0.59942,119.957
2026-01-08T06:56:00Z,86.0465,0.60061,120.036
2026-01-08T06:57:00Z,86.0304,0.59957,119.943
2026-01-08T06:58:00Z,86.0494,0.60017,120.038
2026-01-08T06:59:00Z,86.0277,0.59949,119.995
2026-01-08T07:00:00Z,86.0674,0.6005,120.058
2026-01-08T07:01:00Z,86.0196,0.60007,119.988
2026-01-08T07:02:00Z,86.0689,0.60013,120.03
2026-01-08T07:03:00Z,86.0282,0.59949,119.958
2026-01-08T07:04:00Z,86.066,0.60044,120.047
2026-01-08T07:05:00Z,86.0606,0.59962,119.961
2026-01-08T07:06:00Z,86.0773,0.60061,120.053
2026-01-08T07:07:00Z,86.0307,0.59964,119.957
2026-01-08T07:08:00Z,86.0684,0.6005,120.042
2026-01-08T07:09:00Z,86.0225,0.59957,119.98
2026-01-08T07:10:00Z,86.0684,0.59991,120.054
2026-01-08T07:11:00Z,86.0398,0.59953,119.968
2026-01-08T07:12:00Z,86.073,0.6008,120.041
2026-01-08T07:13:00Z,86.041,0.59988,119.982
2026-01-08T07:14:00Z,86.0784,0.60054,120.022
2026-01-08T07:15:00Z,86.0251,0.59948,119.966
2026-01-08T07:16:00Z,86.0632,0.60035,120.026
2026-01-08T07:17:00Z,86.0394,0.59945,119.973
2026-01-08T07:18:00Z,86.0825,0.59982,120.045
2026-01-08T07:19:00Z,86.027,0.59966,119.963
2026-01-08T07:20:00Z,86.0659,0.60038,120.038
2026-01-08T07:21:00Z,86.037,0.59954,119.98
2026-01-08T07:22:00Z,86.0626,0.60092,120.015
2026-01-08T07:23:00Z,86.0478,0.59974,119.953
2026-01-08T07:24:00Z,86.0814,0.60008,120.042
2026-01-08T07:25:00Z,86.0589,0.59977,119.966
2026-01-08T07:26:00Z,86.065,0.60044,120.003
2026-01-08T07:27:00Z,86.0483,0.59938,119.967
2026-01-08T07:28:00Z,86.0834,0.60038,120.045
2026-01-08T07:29:00Z,86.0458,0.59947,119.989
2026-01-08T07:30:00Z,86.0764,0.60046,120.026
2026-01-08T07:31:00Z,86.0486,0.59954,119.963
2026-01-08T07:32:00Z,86.0736,0.60019,120.052
2026-01-08T07:33:00Z,86.0619,0.59932,119.992
2026-01-08T07:34:00Z,86.076,0.60024,120.023
2026-01-08T07:35:00Z,86.0578,0.59967,119.954
2026-01-08T07:36:00Z,86.0888,0.60067,120.028
2026-01-08T07:37:00Z,86.043,0.5994,119.973
2026-01-08T07:38:00Z,86.0746,0.60054,120.029
2026-01-08T07:39:00Z,86.0566,0.59945,119.952
2026-01-08T07:40:00Z,86.0789,0.60048,120.026
2026-01-08T07:41:00Z,86.0437,0.59976,119.975
2026-01-08T07:42:00Z,86.0764,0.60005,120.029
2026-01-08T07:43:00Z,86.0643,0.59888,119.969
2026-01-08T07:44:00Z,86.0843,0.60028,120.036
2026-01-08T07:45:00Z,86.0424,0.59949,119.976
2026-01-08T07:46:00Z,86.0805,0.60027,120.022
2026-01-08T07:47:00Z,86.0483,0.59956,119.973
2026-01-08T07:48:00Z,86.0782,0.60021,120.034
2026-01-08T07:49:00Z,86.0558,0.59953,119.961
2026-01-08T07:50:00Z,86.081,0.60031,120.006
2026-01-08T07:51:00Z,86.0522,0.59983,119.966
2026-01-08T07:52:00Z,86.085,0.60068,120.03
2026-01-08T07:53:00Z,86.0512,0.59982,119.963
2026-01-08T07:54:00Z,86.0942,0.60058,120.027
2026-01-08T07:55:00Z,86.0635,0.59956,119.932
2026-01-08T07:56:00Z,86.0902,0.60023,120.018
2026-01-08T07:57:00Z,86.0572,0.59972,119.968
2026-01-08T07:58:00Z,86.1001,0.60045,120.035
2026-01-08T07:59:00Z,86.0556,0.5997,119.994
2026-01-08T08:00:00Z,86.1003,0.60047,120.017
2026-01-08T08:01:00Z,86.0737,0.59956,119.97
2026-01-08T08:02:00Z,86.0967,0.60036,120.017
2026-01-08T08:03:00Z,86.0687,0.59956,119.97
2026-01-08T08:04:00Z,86.1129,0.60027,120.02
2026-01-08T08:05:00Z,86.0645,0.59945,119.946
2026-01-08T08:06:00Z,86.1124,0.60045,120.015
2026-01-08T08:07:00Z,86.0704,0.59932,119.962
2026-01-08T08:08:00Z,86.1121,0.60077,120.034
2026-01-08T08:09:00Z,86.0655,0.59947,119.953
2026-01-08T08:10:00Z,86.1045,0.60013,120.046
2026-01-08T08:11:00Z,86.0611,0.5995,119.976
2026-01-08T08:12:00Z,86.1107,0.60065,120.016
2026-01-08T08:13:00Z,86.0765,0.59968,119.971
2026-01-08T08:14:00Z,86.0972,0.60034,120.033
2026-01-08T08:15:00Z,86.0781,0.59921,119.955
2026-01-08T08:16:00Z,86.105,0.60012,120.038
2026-01-08T08:17:00Z,86.0725,0.59987,119.983
2026-01-08T08:18:00Z,86.109,0.60033,120.035
2026-01-08T08:19:00Z,86.0773,0.59936,119.988
2026-01-08T08:20:00Z,86.1109,0.60059,120.015
2026-01-08T08:21:00Z,86.0709,0.59931,119.984
2026-01-08T08:22:00Z,86.1001,0.60059,120.021
2026-01-08T08:23:00Z,86.0771,0.59968,119.975
2026-01-08T08:24:00Z,86.1137,0.60049,120.011
2026-01-08T08:25:00Z,86.0767,0.59985,119.956
2026-01-08T08:26:00Z,86.1061,0.60052,120.048
2026-01-08T08:27:00Z,86.0851,0.59936,119.97
2026-01-08T08:28:00Z,86.1138,0.60052,120.032
2026-01-08T08:29:00Z,86.0829,0.59967,119.965
2026-01-08T08:30:00Z,86.1207,0.60063,120.009
2026-01-08T08:31:00Z,86.0859,0.59953,119.984
2026-01-08T08:32:00Z,86.1187,0.60051,120.03
2026-01-08T08:33:00Z,86.0812,0.59926,119.965
2026-01-08T08:34:00Z,86.1097,0.60052,120.037
2026-01-08T08:35:00Z,86.0881,0.59952,119.966
2026-01-08T08:36:00Z,86.1147,0.60042,120.015
2026-01-08T08:37:00Z,86.0894,0.59963,119.955
2026-01-08T08:38:00Z,86.123,0.6003,120.054
2026-01-08T08:39:00Z,86.0878,0.59983,119.99
2026-01-08T08:40:00Z,86.1154,0.60072,120.015
2026-01-08T08:41:00Z,86.092,0.59945,119.963
2026-01-08T08:42:00Z,86.1133,0.60026,120.038
2026-01-08T08:43:00Z,86.0775,0.5999,119.98
2026-01-08T08:44:00Z,86.1249,0.60018,120.019
2026-01-08T08:45:00Z,86.0888,0.59956,119.958
2026-01-08T08:46:00Z,86.1248,0.60047,120.049
2026-01-08T08:47:00Z,86.0917,0.59933,119.953
2026-01-08T08:48:00Z,86.1178,0.60041,120.032
2026-01-08T08:49:00Z,86.0944,0.59958,119.965
2026-01-08T08:50:00Z,86.122,0.59985,120.031
2026-01-08T08:51:00Z,86.0929,0.59984,119.988
2026-01-08T08:52:00Z,86.1333,0.60042,120.048
2026-01-08T08:53:00Z,86.0966,0.59977,119.952
2026-01-08T08:54:00Z,86.1271,0.60064,120.039
2026-01-08T08:55:00Z,86.0873,0.5993,119.965
2026-01-08T08:56:00Z,86.1206,0.60038,120.025
2026-01-08T08:57:00Z,86.0985,0.59954,119.961
2026-01-08T08:58:00Z,86.1363,0.60035,120.026
2026-01-08T08:59:00Z,86.1082,0.59997,119.984
2026-01-08T09:00:00Z,86.1289,0.60063,120.041
2026-01-08T09:01:00Z,86.0998,0.59955,119.979
2026-01-08T09:02:00Z,86.1406,0.60043,120.026
2026-01-08T09:03:00Z,86.1134,0.59998,119.984
2026-01-08T09:04:00Z,86.1364,0.60035,120.04
2026-01-08T09:05:00Z,86.0872,0.59936,119.96
2026-01-08T09:06:00Z,86.1307,0.60013,120.033
2026-01-08T09:07:00Z,86.1197,0.59929,119.956
2026-01-08T09:08:00Z,86.147,0.60001,120.043
2026-01-08T09:09:00Z,86.1153,0.59962,119.954
2026-01-08T09:10:00Z,86.1521,0.60077,120.023
2026-01-08T09:11:00Z,86.1002,0.59985,119.941
2026-01-08T09:12:00Z,86.1365,0.60064,120.027
2026-01-08T09:13:00Z,86.115,0.59972,119.981
2026-01-08T09:14:00Z,86.1441,0.60078,120.015
2026-01-08T09:15:00Z,86.1051,0.59948,119.99
2026-01-08T09:16:00Z,86.1448,0.60053,120.03
2026-01-08T09:17:00Z,86.0949,0.59956,119.934
2026-01-08T09:18:00Z,86.155,0.60047,120.037
2026-01-08T09:19:00Z,86.1129,0.5997,119.98
2026-01-08T09:20:00Z,86.1554,0.60032,120.016
2026-01-08T09:21:00Z,86.1262,0.59956,119.974
2026-01-08T09:22:00Z,86.1586,0.60064,120.035
2026-01-08T09:23:00Z,86.1114,0.59951,119.957
2026-01-08T09:24:00Z,86.1437,0.60057,120.035
2026-01-08T09:25:00Z,86.0988,0.59952,119.95
2026-01-08T09:26:00Z,86.143,0.60056,120.036
2026-01-08T09:27:00Z,86.119,0.59971,119.967
2026-01-08T09:28:00Z,86.1528,0.60033,120.031
2026-01-08T09:29:00Z,86.1141,0.5996,119.972
2026-01-08T09:30:00Z,86.155,0.60063,120.06
2026-01-08T09:31:00Z,86.1202,0.59963,119.962
2026-01-08T09:32:00Z,86.1471,0.59993,120.054
2026-01-08T09:33:00Z,86.1257,0.59968,119.963
2026-01-08T09:34:00Z,86.1474,0.60028,120.054
2026-01-08T09:35:00Z,86.1111,0.59952,119.962
2026-01-08T09:36:00Z,86.1487,0.60102,120.057
2026-01-08T09:37:00Z,86.1234,0.59916,119.983
2026-01-08T09:38:00Z,86.1375,0.60035,120.024
2026-01-08T09:39:00Z,86.1126,0.59928,119.972
2026-01-08T09:40:00Z,86.1537,0.60006,120.03
2026-01-08T09:41:00Z,86.1338,0.5997,119.961
2026-01-08T09:42:00Z,86.1602,0.60017,120.041
2026-01-08T09:43:00Z,86.1292,0.59974,119.985
2026-01-08T09:44:00Z,86.1605,0.60025,120.048
2026-01-08T09:45:00Z,86.1286,0.59955,119.964
2026-01-08T09:46:00Z,86.1452,0.60029,120.035
2026-01-08T09:47:00Z,86.1267,0.59982,119.96
2026-01-08T09:48:00Z,86.1656,0.60042,120.042
2026-01-08T09:49:00Z,86.1303,0.59976,119.977
2026-01-08T09:50:00Z,86.1734,0.59996,120.049
2026-01-08T09:51:00Z,86.1258,0.59948,119.984
2026-01-08T09:52:00Z,86.1671,0.6005,120.032
2026-01-08T09:53:00Z,86.127,0.60005,119.95
2026-01-08T09:54:00Z,86.1501,0.60057,120.01
2026-01-08T09:55:00Z,86.1293,0.59958,119.984
2026-01-08T09:56:00Z,86.1674,0.60045,120.013
2026-01-08T09:57:00Z,86.1296,0.59971,120.0
2026-01-08T09:58:00Z,86.162,0.60074,120.031
2026-01-08T09:59:00Z,86.1456,0.5999,119.952
2026-01-08T10:00:00Z,86.1694,0.60051,120.017
2026-01-08T10:01:00Z,86.1475,0.59962,119.948
2026-01-08T10:02:00Z,86.1627,0.60057,120.048
2026-01-08T10:03:00Z,86.14,0.59943,119.979
2026-01-08T10:04:00Z,86.1666,0.6005,120.034
2026-01-08T10:05:00Z,86.13,0.59958,119.966
2026-01-08T10:06:00Z,86.1716,0.60049,120.028
2026-01-08T10:07:00Z,86.1397,0.59928,119.96
2026-01-08T10:08:00Z,86.1775,0.60021,120.003
2026-01-08T10:09:00Z,86.1378,0.59961,119.963
2026-01-08T10:10:00Z,86.1655,0.60031,120.038
2026-01-08T10:11:00Z,86.1392,0.59938,119.984
2026-01-08T10:12:00Z,86.1769,0.60065,120.031
2026-01-08T10:13:00Z,86.1648,0.59969,119.96
2026-01-08T10:14:00Z,86.1783,0.60041,120.023
2026-01-08T10:15:00Z,86.1435,0.59938,119.996
2026-01-08T10:16:00Z,86.171,0.60015,120.038
2026-01-08T10:17:00Z,86.1542,0.5998,119.959
2026-01-08T10:18:00Z,86.1691,0.60039,120.011
2026-01-08T10:19:00Z,86.1439,0.59954,119.971
2026-01-08T10:20:00Z,86.1575,0.60042,120.006
2026-01-08T10:21:00Z,86.1489,0.59977,119.996
2026-01-08T10:22:00Z,86.2064,0.60051,120.043
2026-01-08T10:23:00Z,86.1473,0.59971,119.971
2026-01-08T10:24:00Z,86.1863,0.60047,120.052
2026-01-08T10:25:00Z,86.1482,0.59955,119.949
2026-01-08T10:26:00Z,86.1872,0.6004,120.035
2026-01-08T10:27:00Z,86.1408,0.59967,119.952
2026-01-08T10:28:00Z,86.1853,0.60058,120.005
2026-01-08T10:29:00Z,86.1637,0.59967,119.986
2026-01-08T10:30:00Z,86.2001,0.6002,120.052
2026-01-08T10:31:00Z,86.1554,0.59982,119.964
2026-01-08T10:32:00Z,86.1931,0.60024,120.052
2026-01-08T10:33:00Z,86.1647,0.59987,119.975
2026-01-08T10:34:00Z,86.1967,0.6002,120.029
2026-01-08T10:35:00Z,86.1631,0.59969,119.984
2026-01-08T10:36:00Z,86.191,0.59999,120.031
2026-01-08T10:37:00Z,86.1696,0.59951,119.968
2026-01-08T10:38:00Z,86.2,0.60044,120.022
2026-01-08T10:39:00Z,86.1745,0.59972,119.982
2026-01-08T10:40:00Z,86.1697,0.60027,120.049
2026-01-08T10:41:00Z,86.1719,0.59957,119.973
2026-01-08T10:42:00Z,86.1885,0.60042,120.037
2026-01-08T10:43:00Z,86.1708,0.59976,119.958
2026-01-08T10:44:00Z,86.1886,0.60033,120.042
2026-01-08T10:45:00Z,86.1522,0.59978,119.982
2026-01-08T10:46:00Z,86.1915,0.60048,120.016
2026-01-08T10:47:00Z,86.1724,0.5995,119.976
2026-01-08T10:48:00Z,86.2016,0.60034,120.031
2026-01-08T10:49:00Z,86.1631,0.59981,119.952
2026-01-08T10:50:00Z,86.1996,0.60057,120.0
2026-01-08T10:51:00Z,86.1676,0.59952,119.985
2026-01-08T10:52:00Z,86.1948,0.60028,120.009
2026-01-08T10:53:00Z,86.1654,0.59974,119.979
2026-01-08T10:54:00Z,86.1995,0.60067,119.983
2026-01-08T10:55:00Z,86.1576,0.59952,119.952
2026-01-08T10:56:00Z,86.2037,0.60033,120.05
2026-01-08T10:57:00Z,86.1651,0.59934,119.949
2026-01-08T10:58:00Z,86.2036,0.60017,120.037
2026-01-08T10:59:00Z,86.1772,0.59967,119.987
2026-01-08T11:00:00Z,86.1969,0.60032,120.028
2026-01-08T11:01:00Z,86.1764,0.6,119.979
2026-01-08T11:02:00Z,86.216,0.60019,120.04
2026-01-08T11:03:00Z,86.1785,0.59938,119.964
2026-01-08T11:04:00Z,86.2136,0.60053,120.032
2026-01-08T11:05:00Z,86.1693,0.60017,119.954
2026-01-08T11:06:00Z,86.203,0.60066,120.01
2026-01-08T11:07:00Z,86.1651,0.59956,119.979
2026-01-08T11:08:00Z,86.1995,0.60064,120.029
2026-01-08T11:09:00Z,86.1751,0.59969,119.986
2026-01-08T11:10:00Z,86.2156,0.60069,120.012
2026-01-08T11:11:00Z,86.1493,0.59947,119.973
2026-01-08T11:12:00Z,86.2185,0.60055,120.042
2026-01-08T11:13:00Z,86.1853,0.59929,119.989
2026-01-08T11:14:00Z,86.2148,0.60055,120.04
2026-01-08T11:15:00Z,86.1871,0.5997,119.957
2026-01-08T11:16:00Z,86.2138,0.60075,120.042
2026-01-08T11:17:00Z,86.1837,0.5997,119.973
2026-01-08T11:18:00Z,86.2127,0.60071,120.036
2026-01-08T11:19:00Z,86.172,0.59946,119.978
2026-01-08T11:20:00Z,86.2166,0.6004,120.041
2026-01-08T11:21:00Z,86.1907,0.59995,119.956
2026-01-08T11:22:00Z,86.2113,0.60042,120.036
2026-01-08T11:23:00Z,86.1864,0.59966,119.96
2026-01-08T11:24:00Z,86.2125,0.59989,120.028
2026-01-08T11:25:00Z,86.1732,0.59926,119.954
2026-01-08T11:26:00Z,86.2235,0.60058,120.045
2026-01-08T11:27:00Z,86.1808,0.59961,119.95
2026-01-08T11:28:00Z,86.2172,0.6,120.054
2026-01-08T11:29:00Z,86.1914,0.59971,119.993
2026-01-08T11:30:00Z,86.2338,0.60072,120.034
2026-01-08T11:31:00Z,86.1905,0.59941,119.968
2026-01-08T11:32:00Z,86.2201,0.60038,120.063
2026-01-08T11:33:00Z,86.184,0.59955,119.949
2026-01-08T11:34:00Z,86.232,0.60033,120.03
2026-01-08T11:35:00Z,86.1848,0.60014,119.976
2026-01-08T11:36:00Z,86.2241,0.6004,120.049
2026-01-08T11:37:00Z,86.1949,0.59918,119.98
2026-01-08T11:38:00Z,86.2202,0.60033,120.039
2026-01-08T11:39:00Z,86.1817,0.59986,119.935
2026-01-08T11:40:00Z,86.2278,0.60004,120.022
2026-01-08T11:41:00Z,86.195,0.59988,119.965
2026-01-08T11:42:00Z,86.2357,0.6004,120.023
2026-01-08T11:43:00Z,86.1957,0.59972,119.998
2026-01-08T11:44:00Z,86.2408,0.60035,120.049
2026-01-08T11:45:00Z,86.1921,0.5998,119.966
2026-01-08T11:46:00Z,86.2408,0.60061,120.03
2026-01-08T11:47:00Z,86.1981,0.59967,119.986
2026-01-08T11:48:00Z,86.236,0.60027,120.046
2026-01-08T11:49:00Z,86.2075,0.59963,119.969
2026-01-08T11:50:00Z,86.2401,0.60072,120.035
2026-01-08T11:51:00Z,86.2006,0.59936,119.959
2026-01-08T11:52:00Z,86.2558,0.60057,120.038
2026-01-08T11:53:00Z,86.2039,0.59944,119.97
2026-01-08T11:54:00Z,86.2261,0.60026,120.051
2026-01-08T11:55:00Z,86.2027,0.59987,119.953
2026-01-08T11:56:00Z,86.2399,0.60056,120.039
2026-01-08T11:57:00Z,86.2197,0.59978,119.98
2026-01-08T11:58:00Z,86.2289,0.59979,120.064
2026-01-08T11:59:00Z,86.2079,0.59996,119.974
2026-01-08T12:00:00Z,86.2492,0.60064,120.026
2026-01-08T12:01:00Z,86.2125,0.59947,119.974
2026-01-08T12:02:00Z,86.2378,0.60042,120.032
2026-01-08T12:03:00Z,86.2075,0.5993,119.972
2026-01-08T12:04:00Z,86.235,0.60016,120.024
2026-01-08T12:05:00Z,86.2127,0.59966,119.969
2026-01-08T12:06:00Z,86.2342,0.60067,120.025
2026-01-08T12:07:00Z,86.2013,0.59982,119.994
2026-01-08T12:08:00Z,86.236,0.60057,120.057
2026-01-08T12:09:00Z,86.2139,0.5996,119.958
2026-01-08T12:10:00Z,86.2511,0.60009,120.057
2026-01-08T12:11:00Z,86.2139,0.5996,119.98
2026-01-08T12:12:00Z,86.2492,0.60022,120.035
2026-01-08T12:13:00Z,86.2227,0.59949,119.959
2026-01-08T12:14:00Z,86.2508,0.60036,120.018
2026-01-08T12:15:00Z,86.2269,0.59953,119.957
2026-01-08T12:16:00Z,86.2683,0.60062,120.036
2026-01-08T12:17:00Z,86.2189,0.59949,119.986
2026-01-08T12:18:00Z,86.2538,0.60057,120.033
2026-01-08T12:19:00Z,86.2174,0.59918,119.973
2026-01-08T12:20:00Z,86.2536,0.60058,120.03
2026-01-08T12:21:00Z,86.2028,0.59964,119.964
2026-01-08T12:22:00Z,86.2512,0.60007,120.02
2026-01-08T12:23:00Z,86.2296,0.59965,119.976
2026-01-08T12:24:00Z,86.2642,0.60047,120.004
2026-01-08T12:25:00Z,86.2361,0.59914,119.984
2026-01-08T12:26:00Z,86.2552,0.60021,120.037
2026-01-08T12:27:00Z,86.2246,0.59948,119.97
2026-01-08T12:28:00Z,86.2382,0.60066,120.028
2026-01-08T12:29:00Z,86.2219,0.59961,119.971
2026-01-08T12:30:00Z,86.246,0.60051,120.026
2026-01-08T12:31:00Z,86.2252,0.59947,119.992
2026-01-08T12:32:00Z,86.2602,0.60044,120.014
2026-01-08T12:33:00Z,86.2162,0.59983,119.98
2026-01-08T12:34:00Z,86.2485,0.6004,120.023
2026-01-08T12:35:00Z,86.2283,0.59982,119.967
2026-01-08T12:36:00Z,86.2484,0.60053,120.017
2026-01-08T12:37:00Z,86.2257,0.59961,120.001
2026-01-08T12:38:00Z,86.2583,0.60024,120.008
2026-01-08T12:39:00Z,86.2423,0.59967,119.946
2026-01-08T12:40:00Z,86.2634,0.60044,120.055
2026-01-08T12:41:00Z,86.2232,0.59955,119.974
2026-01-08T12:42:00Z,86.2554,0.60037,120.012
2026-01-08T12:43:00Z,86.2336,0.5993,119.981
2026-01-08T12:44:00Z,86.2565,0.60006,120.022
2026-01-08T12:45:00Z,86.2376,0.59956,119.989
2026-01-08T12:46:00Z,86.2736,0.60074,120.031
2026-01-08T12:47:00Z,86.2443,0.59962,119.961
2026-01-08T12:48:00Z,86.2659,0.60055,120.035
2026-01-08T12:49:00Z,86.2344,0.59909,119.965
2026-01-08T12:50:00Z,86.2709,0.60037,120.042
2026-01-08T12:51:00Z,86.2394,0.59968,119.95
2026-01-08T12:52:00Z,86.274,0.60024,120.027
2026-01-08T12:53:00Z,86.2339,0.59966,119.973
2026-01-08T12:54:00Z,86.2675,0.60025,120.033
2026-01-08T12:55:00Z,86.2439,0.59971,119.96
2026-01-08T12:56:00Z,86.2619,0.60054,120.046
2026-01-08T12:57:00Z,86.2453,0.59977,119.979
2026-01-08T12:58:00Z,86.2726,0.60039,120.02
2026-01-08T12:59:00Z,86.2394,0.5996,119.967
2026-01-08T13:00:00Z,86.2773,0.6003,120.057
2026-01-08T13:01:00Z,86.2341,0.59931,119.98
2026-01-08T13:02:00Z,86.2812,0.60057,120.014
2026-01-08T13:03:00Z,86.24,0.59973,119.957
2026-01-08T13:04:00Z,86.2804,0.60041,120.032
2026-01-08T13:05:00Z,86.2477,0.59949,119.986
2026-01-08T13:06:00Z,86.299,0.60047,120.032
2026-01-08T13:07:00Z,86.2453,0.59973,119.989
2026-01-08T13:08:00Z,86.2882,0.60054,120.022
2026-01-08T13:09:00Z,86.2476,0.59987,119.937
2026-01-08T13:10:00Z,86.2683,0.60071,120.038
2026-01-08T13:11:00Z,86.2507,0.59958,119.953
2026-01-08T13:12:00Z,86.2761,0.60033,120.013
2026-01-08T13:13:00Z,86.2326,0.59956,119.946
2026-01-08T13:14:00Z,86.278,0.60029,120.038
2026-01-08T13:15:00Z,86.2445,0.59958,119.963
2026-01-08T13:16:00Z,86.2789,0.60047,120.022
2026-01-08T13:17:00Z,86.2551,0.59969,119.989
2026-01-08T13:18:00Z,86.2829,0.60023,120.028
2026-01-08T13:19:00Z,86.2456,0.59976,119.979
2026-01-08T13:20:00Z,86.299,0.60019,120.03
2026-01-08T13:21:00Z,86.2639,0.59932,119.95
2026-01-08T13:22:00Z,86.2989,0.60014,120.028
2026-01-08T13:23:00Z,86.2612,0.5997,119.988
2026-01-08T13:24:00Z,86.2909,0.60048,120.035
2026-01-08T13:25:00Z,86.2593,0.5997,119.993
2026-01-08T13:26:00Z,86.2971,0.60082,120.03
2026-01-08T13:27:00Z,86.2617,0.59973,119.936
2026-01-08T13:28:00Z,86.2749,0.60067,120.006
2026-01-08T13:29:00Z,86.285,0.59967,119.952
2026-01-08T13:30:00Z,86.2826,0.60042,120.033
2026-01-08T13:31:00Z,86.2734,0.59975,119.966
2026-01-08T13:32:00Z,86.2916,0.6006,120.049
2026-01-08T13:33:00Z,86.265,0.59955,119.953
2026-01-08T13:34:00Z,86.3036,0.60065,120.017
2026-01-08T13:35:00Z,86.2695,0.59941,119.98
2026-01-08T13:36:00Z,86.3,0.60027,120.033
2026-01-08T13:37:00Z,86.2512,0.59951,119.982
2026-01-08T13:38:00Z,86.2962,0.60038,120.04
2026-01-08T13:39:00Z,86.2649,0.59959,119.95
2026-01-08T13:40:00Z,86.3173,0.60016,120.048
2026-01-08T13:41:00Z,86.2652,0.59982,119.969
2026-01-08T13:42:00Z,86.2905,0.60021,120.02
2026-01-08T13:43:00Z,86.2752,0.59969,119.962
2026-01-08T13:44:00Z,86.3036,0.60039,120.028
2026-01-08T13:45:00Z,86.2677,0.59973,119.953
2026-01-08T13:46:00Z,86.3087,0.6004,120.07
2026-01-08T13:47:00Z,86.2688,0.5999,119.977
2026-01-08T13:48:00Z,86.3171,0.60054,120.057
2026-01-08T13:49:00Z,86.2667,0.59958,119.984
2026-01-08T13:50:00Z,86.3061,0.60033,120.034
2026-01-08T13:51:00Z,86.2868,0.59981,119.979
2026-01-08T13:52:00Z,86.3019,0.60064,120.045
2026-01-08T13:53:00Z,86.2756,0.59988,119.986
2026-01-08T13:54:00Z,86.2896,0.60045,120.027
2026-01-08T13:55:00Z,86.2791,0.5996,119.959
2026-01-08T13:56:00Z,86.322,0.60012,120.004
2026-01-08T13:57:00Z,86.2818,0.59932,119.987
2026-01-08T13:58:00Z,86.3135,0.60071,120.047
2026-01-08T13:59:00Z,86.2879,0.59924,119.962
2026-01-08T14:00:00Z,86.3117,0.60045,120.047
2026-01-08T14:01:00Z,86.2793,0.59947,119.965
2026-01-08T14:02:00Z,86.3168,0.60057,120.012
2026-01-08T14:03:00Z,86.2854,0.59931,119.985
2026-01-08T14:04:00Z,86.3063,0.60062,120.025
2026-01-08T14:05:00Z,86.2921,0.59939,119.978
2026-01-08T14:06:00Z,86.3169,0.60047,120.032
2026-01-08T14:07:00Z,86.2679,0.5996,119.951
2026-01-08T14:08:00Z,86.302,0.60067,120.046
2026-01-08T14:09:00Z,86.2774,0.59982,119.968
2026-01-08T14:10:00Z,86.3137,0.60028,120.039
2026-01-08T14:11:00Z,86.2777,0.59968,119.968
2026-01-08T14:12:00Z,86.3176,0.60039,120.003
2026-01-08T14:13:00Z,86.2846,0.5993,119.969
2026-01-08T14:14:00Z,86.3152,0.60036,120.042
2026-01-08T14:15:00Z,86.2814,0.59928,119.993
2026-01-08T14:16:00Z,86.3152,0.60018,120.01
2026-01-08T14:17:00Z,86.2939,0.59928,119.993
2026-01-08T14:18:00Z,86.322,0.60047,120.028
2026-01-08T14:19:00Z,86.2883,0.59989,119.963
2026-01-08T14:20:00Z,86.3356,0.60033,120.01
2026-01-08T14:21:00Z,86.2958,0.59964,119.969
2026-01-08T14:22:00Z,86.3185,0.60032,120.032
2026-01-08T14:23:00Z,86.2925,0.59979,119.961
2026-01-08T14:24:00Z,86.3289,0.60032,120.034
2026-01-08T14:25:00Z,86.301,0.59959,119.957
2026-01-08T14:26:00Z,86.3322,0.60041,120.052
2026-01-08T14:27:00Z,86.2855,0.59985,119.971
2026-01-08T14:28:00Z,86.3295,0.60012,119.995
2026-01-08T14:29:00Z,86.2931,0.59946,119.959
2026-01-08T14:30:00Z,86.3247,0.60056,120.04
2026-01-08T14:31:00Z,86.2973,0.59988,119.957
2026-01-08T14:32:00Z,86.3345,0.60027,120.028
2026-01-08T14:33:00Z,86.2916,0.59962,119.966
2026-01-08T14:34:00Z,86.3311,0.60028,120.023
2026-01-08T14:35:00Z,86.2923,0.59928,119.968
2026-01-08T14:36:00Z,86.3411,0.6005,120.004
2026-01-08T14:37:00Z,86.2878,0.5996,119.943
2026-01-08T14:38:00Z,86.3383,0.60029,120.056
2026-01-08T14:39:00Z,86.3068,0.59966,119.983
2026-01-08T14:40:00Z,86.3302,0.60075,120.029
2026-01-08T14:41:00Z,86.2803,0.59978,119.985
2026-01-08T14:42:00Z,86.3288,0.60008,120.035
2026-01-08T14:43:00Z,86.304,0.5994,119.977
2026-01-08T14:44:00Z,86.3437,0.6002,120.031
2026-01-08T14:45:00Z,86.3047,0.59972,119.991
2026-01-08T14:46:00Z,86.3343,0.6004,120.026
2026-01-08T14:47:00Z,86.2966,0.59974,119.998
2026-01-08T14:48:00Z,86.3474,0.60028,120.032
2026-01-08T14:49:00Z,86.3093,0.59989,119.985
2026-01-08T14:50:00Z,86.353,0.60049,120.028
2026-01-08T14:51:00Z,86.3096,0.59956,119.967
2026-01-08T14:52:00Z,86.3464,0.60036,120.026
2026-01-08T14:53:00Z,86.3076,0.59961,119.955
2026-01-08T14:54:00Z,86.3593,0.60027,120.015
2026-01-08T14:55:00Z,86.3065,0.59914,119.975
2026-01-08T14:56:00Z,86.3385,0.60033,120.056
2026-01-08T14:57:00Z,86.3183,0.59973,119.982
2026-01-08T14:58:00Z,86.3541,0.6003,120.029
2026-01-08T14:59:00Z,86.3224,0.59947,119.975
2026-01-08T15:00:00Z,86.3519,0.60038,120.009
2026-01-08T15:01:00Z,86.3224,0.59969,119.977
2026-01-08T15:02:00Z,86.3394,0.60048,120.029
2026-01-08T15:03:00Z,86.314,0.59952,119.966
2026-01-08T15:04:00Z,86.3595,0.60045,120.06
2026-01-08T15:05:00Z,86.3128,0.59946,119.962
2026-01-08T15:06:00Z,86.3565,0.60034,119.996
2026-01-08T15:07:00Z,86.3285,0.59919,119.966
2026-01-08T15:08:00Z,86.3534,0.60037,120.025
2026-01-08T15:09:00Z,86.3182,0.59946,119.974
2026-01-08T15:10:00Z,86.343,0.60039,120.048
2026-01-08T15:11:00Z,86.3205,0.59932,119.96
2026-01-08T15:12:00Z,86.361,0.6006,120.039
2026-01-08T15:13:00Z,86.3194,0.59946,119.971
2026-01-08T15:14:00Z,86.3576,0.6002,120.037
2026-01-08T15:15:00Z,86.3261,0.59935,119.974
2026-01-08T15:16:00Z,86.3526,0.60015,120.037
2026-01-08T15:17:00Z,86.3313,0.59954,119.975
2026-01-08T15:18:00Z,86.3605,0.59993,120.057
2026-01-08T15:19:00Z,86.3241,0.59976,119.993
2026-01-08T15:20:00Z,86.3468,0.60033,120.021
2026-01-08T15:21:00Z,86.3313,0.59951,119.967
2026-01-08T15:22:00Z,86.359,0.59996,120.051
2026-01-08T15:23:00Z,86.3342,0.59973,119.982
2026-01-08T15:24:00Z,86.3491,0.60023,120.028
2026-01-08T15:25:00Z,86.3162,0.59924,119.982
2026-01-08T15:26:00Z,86.3627,0.60055,120.039
2026-01-08T15:27:00Z,86.3312,0.59967,119.996
2026-01-08T15:28:00Z,86.3746,0.6006,120.024
2026-01-08T15:29:00Z,86.3361,0.59946,119.981
2026-01-08T15:30:00Z,86.367,0.59988,120.022
2026-01-08T15:31:00Z,86.3314,0.59954,119.967
2026-01-08T15:32:00Z,86.354,0.60028,120.042
2026-01-08T15:33:00Z,86.3319,0.59964,119.961
2026-01-08T15:34:00Z,86.3741,0.60027,120.032
2026-01-08T15:35:00Z,86.341,0.60003,119.96
2026-01-08T15:36:00Z,86.3624,0.60093,120.035
2026-01-08T15:37:00Z,86.3389,0.59979,119.968
2026-01-08T15:38:00Z,86.3801,0.60007,120.047
2026-01-08T15:39:00Z,86.3424,0.59957,119.958
2026-01-08T15:40:00Z,86.3679,0.60048,120.068
2026-01-08T15:41:00Z,86.3392,0.59968,119.972
2026-01-08T15:42:00Z,86.3625,0.60046,120.03
2026-01-08T15:43:00Z,86.3379,0.59948,119.967
2026-01-08T15:44:00Z,86.3682,0.60035,120.002
2026-01-08T15:45:00Z,86.3359,0.59935,119.968
2026-01-08T15:46:00Z,86.3824,0.60054,120.044
2026-01-08T15:47:00Z,86.3427,0.59953,119.986
2026-01-08T15:48:00Z,86.3772,0.60042,120.047
2026-01-08T15:49:00Z,86.3494,0.5995,119.961
2026-01-08T15:50:00Z,86.3738,0.6006,120.042
2026-01-08T15:51:00Z,86.348,0.59939,119.979
2026-01-08T15:52:00Z,86.3679,0.60041,120.01
2026-01-08T15:53:00Z,86.3438,0.59965,119.965
2026-01-08T15:54:00Z,86.3804,0.60055,120.018
2026-01-08T15:55:00Z,86.3496,0.5996,119.954
2026-01-08T15:56:00Z,86.3696,0.60048,120.032
2026-01-08T15:57:00Z,86.3562,0.59949,119.968
2026-01-08T15:58:00Z,86.3752,0.60027,120.026
2026-01-08T15:59:00Z,86.3488,0.59978,119.971
2026-01-08T16:00:00Z,86.3888,0.60027,120.033
2026-01-08T16:01:00Z,86.3556,0.59968,119.949
2026-01-08T16:02:00Z,86.4019,0.60041,120.04
2026-01-08T16:03:00Z,86.3636,0.59965,119.956
2026-01-08T16:04:00Z,86.372,0.60053,120.058
2026-01-08T16:05:00Z,86.3525,0.59943,119.984
2026-01-08T16:06:00Z,86.3868,0.59999,120.045
2026-01-08T16:07:00Z,86.3532,0.5999,119.961
2026-01-08T16:08:00Z,86.3715,0.60065,120.026
2026-01-08T16:09:00Z,86.3575,0.59953,119.976
2026-01-08T16:10:00Z,86.4017,0.60055,120.037
2026-01-08T16:11:00Z,86.3599,0.59953,119.962
2026-01-08T16:12:00Z,86.395,0.60041,120.033
2026-01-08T16:13:00Z,86.3665,0.59941,119.968
2026-01-08T16:14:00Z,86.3801,0.60067,120.045
2026-01-08T16:15:00Z,86.3676,0.59969,119.961
2026-01-08T16:16:00Z,86.3884,0.60061,120.025
2026-01-08T16:17:00Z,86.3624,0.59976,119.969
2026-01-08T16:18:00Z,86.392,0.60033,120.019
2026-01-08T16:19:00Z,86.3547,0.59956,119.972
2026-01-08T16:20:00Z,86.3991,0.60073,120.033
2026-01-08T16:21:00Z,86.369,0.59976,119.977
2026-01-08T16:22:00Z,86.3737,0.60044,120.039
2026-01-08T16:23:00Z,86.3593,0.59965,119.965
2026-01-08T16:24:00Z,86.3848,0.60057,120.062
2026-01-08T16:25:00Z,86.3601,0.5995,119.974
2026-01-08T16:26:00Z,86.4028,0.60036,120.041
2026-01-08T16:27:00Z,86.3834,0.5998,119.923
2026-01-08T16:28:00Z,86.3956,0.60022,120.059
2026-01-08T16:29:00Z,86.3751,0.59964,119.961
2026-01-08T16:30:00Z,86.4173,0.60068,120.037
2026-01-08T16:31:00Z,86.3669,0.59929,119.978
2026-01-08T16:32:00Z,86.4136,0.60029,120.049
2026-01-08T16:33:00Z,86.3754,0.59943,119.986
2026-01-08T16:34:00Z,86.4024,0.60039,120.033
2026-01-08T16:35:00Z,86.3677,0.59951,119.956
2026-01-08T16:36:00Z,86.4047,0.60044,120.025
2026-01-08T16:37:00Z,86.382,0.59967,119.971
2026-01-08T16:38:00Z,86.4182,0.60054,120.026
2026-01-08T16:39:00Z,86.3728,0.59917,119.974
2026-01-08T16:40:00Z,86.3994,0.6005,120.013
2026-01-08T16:41:00Z,86.3794,0.59964,119.974
2026-01-08T16:42:00Z,86.4034,0.60051,120.025
2026-01-08T16:43:00Z,86.378,0.59896,119.964
2026-01-08T16:44:00Z,86.4092,0.60045,120.022
2026-01-08T16:45:00Z,86.3803,0.59952,119.967
2026-01-08T16:46:00Z,86.4232,0.60031,120.02
2026-01-08T16:47:00Z,86.3803,0.59954,119.984
2026-01-08T16:48:00Z,86.4189,0.60055,120.029
2026-01-08T16:49:00Z,86.3938,0.59972,119.965
2026-01-08T16:50:00Z,86.4081,0.60063,120.024
2026-01-08T16:51:00Z,86.3946,0.59942,119.984
2026-01-08T16:52:00Z,86.4261,0.60023,120.058
2026-01-08T16:53:00Z,86.3899,0.59947,119.965
2026-01-08T16:54:00Z,86.4132,0.60022,120.037
2026-01-08T16:55:00Z,86.3852,0.59953,119.966
2026-01-08T16:56:00Z,86.4119,0.60022,120.026
2026-01-08T16:57:00Z,86.4012,0.59969,119.981
2026-01-08T16:58:00Z,86.4333,0.60057,120.03
2026-01-08T16:59:00Z,86.3869,0.59975,119.972
2026-01-08T17:00:00Z,86.4184,0.60005,120.04
2026-01-08T17:01:00Z,86.3973,0.59957,119.977
2026-01-08T17:02:00Z,86.4249,0.60062,120.031
2026-01-08T17:03:00Z,86.3736,0.59911,119.941
2026-01-08T17:04:00Z,86.4209,0.60053,120.044
2026-01-08T17:05:00Z,86.3973,0.59951,119.989
2026-01-08T17:06:00Z,86.4202,0.6007,120.009
2026-01-08T17:07:00Z,86.3952,0.59967,119.99
2026-01-08T17:08:00Z,86.421,0.60044,120.036
2026-01-08T17:09:00Z,86.395,0.59966,119.978
2026-01-08T17:10:00Z,86.4358,0.59982,120.01
2026-01-08T17:11:00Z,86.3987,0.59939,119.977
2026-01-08T17:12:00Z,86.4257,0.60013,120.038
2026-01-08T17:13:00Z,86.4052,0.59946,119.947
2026-01-08T17:14:00Z,86.4347,0.60024,120.047
2026-01-08T17:15:00Z,86.3993,0.59979,119.973
2026-01-08T17:16:00Z,86.4172,0.60026,120.029
2026-01-08T17:17:00Z,86.4043,0.59983,119.963
2026-01-08T17:18:00Z,86.4273,0.60029,120.029
2026-01-08T17:19:00Z,86.4127,0.59945,119.951
2026-01-08T17:20:00Z,86.4418,0.60025,120.044
2026-01-08T17:21:00Z,86.3955,0.59969,119.984
2026-01-08T17:22:00Z,86.438,0.60019,120.025
2026-01-08T17:23:00Z,86.3957,0.5997,119.995
2026-01-08T17:24:00Z,86.4388,0.60062,120.032
2026-01-08T17:25:00Z,86.4051,0.59977,119.983
2026-01-08T17:26:00Z,86.4375,0.60034,120.032
2026-01-08T17:27:00Z,86.4033,0.59963,119.943
2026-01-08T17:28:00Z,86.4362,0.60049,120.043
2026-01-08T17:29:00Z,86.4152,0.59988,119.972
2026-01-08T17:30:00Z,86.4447,0.60063,120.04
2026-01-08T17:31:00Z,86.4049,0.59976,119.952
2026-01-08T17:32:00Z,86.4385,0.60044,120.058
2026-01-08T17:33:00Z,86.4133,0.59962,119.964
2026-01-08T17:34:00Z,86.4468,0.60038,120.057
2026-01-08T17:35:00Z,86.4218,0.59981,119.979
2026-01-08T17:36:00Z,86.4554,0.6006,120.035
2026-01-08T17:37:00Z,86.4042,0.59957,119.969
2026-01-08T17:38:00Z,86.4466,0.60056,120.015
2026-01-08T17:39:00Z,86.4108,0.59945,119.964
2026-01-08T17:40:00Z,86.4467,0.60062,120.038
2026-01-08T17:41:00Z,86.4076,0.59962,119.999
2026-01-08T17:42:00Z,86.4454,0.60044,120.025
2026-01-08T17:43:00Z,86.403,0.59922,119.981
2026-01-08T17:44:00Z,86.442,0.60033,120.03
2026-01-08T17:45:00Z,86.4174,0.59986,119.97
2026-01-08T17:46:00Z,86.4399,0.60079,120.044
2026-01-08T17:47:00Z,86.4206,0.59977,119.942
2026-01-08T17:48:00Z,86.4609,0.6003,120.037
2026-01-08T17:49:00Z,86.4148,0.59965,119.979
2026-01-08T17:50:00Z,86.4467,0.60021,120.055
2026-01-08T17:51:00Z,86.411,0.59942,119.965
2026-01-08T17:52:00Z,86.4553,0.60023,120.052
2026-01-08T17:53:00Z,86.4072,0.59999,119.979
2026-01-08T17:54:00Z,86.4559,0.60054,120.031
2026-01-08T17:55:00Z,86.4098,0.59946,119.959
2026-01-08T17:56:00Z,86.4469,0.60044,119.99
2026-01-08T17:57:00Z,86.4252,0.59923,119.978
2026-01-08T17:58:00Z,86.4425,0.60044,120.059
2026-01-08T17:59:00Z,86.4097,0.59935,119.979
2026-01-08T18:00:00Z,86.4683,0.60065,120.027
2026-01-08T18:01:00Z,86.4166,0.59972,119.95
2026-01-08T18:02:00Z,86.4419,0.60036,120.028
2026-01-08T18:03:00Z,86.4116,0.59931,119.949
2026-01-08T18:04:00Z,86.4832,0.60052,120.034
2026-01-08T18:05:00Z,86.4299,0.59936,119.967
2026-01-08T18:06:00Z,86.4628,0.60043,120.038
2026-01-08T18:07:00Z,86.4312,0.59938,119.991
2026-01-08T18:08:00Z,86.448,0.60041,120.016
2026-01-08T18:09:00Z,86.4108,0.59963,119.981
2026-01-08T18:10:00Z,86.4645,0.60037,120.045
2026-01-08T18:11:00Z,86.4451,0.59972,119.981
2026-01-08T18:12:00Z,86.4601,0.60053,120.001
2026-01-08T18:13:00Z,86.4285,0.59944,119.947
2026-01-08T18:14:00Z,86.4613,0.60071,120.037
2026-01-08T18:15:00Z,86.4377,0.59953,119.998
2026-01-08T18:16:00Z,86.4672,0.60053,120.022
2026-01-08T18:17:00Z,86.4379,0.59938,119.968
2026-01-08T18:18:00Z,86.4659,0.60028,120.029
2026-01-08T18:19:00Z,86.4519,0.6001,119.984
2026-01-08T18:20:00Z,86.4713,0.60031,120.056
2026-01-08T18:21:00Z,86.4313,0.59985,119.99
2026-01-08T18:22:00Z,86.4767,0.60028,120.071
2026-01-08T18:23:00Z,86.445,0.59968,119.95
2026-01-08T18:24:00Z,86.4837,0.60062,120.032
2026-01-08T18:25:00Z,86.4311,0.59942,119.983
2026-01-08T18:26:00Z,86.4783,0.6008,120.031
2026-01-08T18:27:00Z,86.4319,0.59952,119.962
2026-01-08T18:28:00Z,86.4718,0.60006,120.005
2026-01-08T18:29:00Z,86.4458,0.59969,119.967
2026-01-08T18:30:00Z,86.4781,0.59984,120.059
2026-01-08T18:31:00Z,86.4505,0.59998,119.964
2026-01-08T18:32:00Z,86.4662,0.60055,120.034
2026-01-08T18:33:00Z,86.4409,0.59961,119.948
2026-01-08T18:34:00Z,86.4767,0.60027,120.025
2026-01-08T18:35:00Z,86.4522,0.59926,119.974
2026-01-08T18:36:00Z,86.4788,0.60052,120.025
2026-01-08T18:37:00Z,86.4392,0.59937,119.973
2026-01-08T18:38:00Z,86.477,0.60051,120.03
2026-01-08T18:39:00Z,86.4403,0.59963,119.967
2026-01-08T18:40:00Z,86.481,0.60066,120.029
2026-01-08T18:41:00Z,86.4585,0.59935,119.954
2026-01-08T18:42:00Z,86.4828,0.60036,120.036
2026-01-08T18:43:00Z,86.4372,0.59965,119.968
2026-01-08T18:44:00Z,86.4925,0.60072,120.031
2026-01-08T18:45:00Z,86.4514,0.59985,119.995
2026-01-08T18:46:00Z,86.4888,0.60078,120.04
2026-01-08T18:47:00Z,86.456,0.59954,119.968
2026-01-08T18:48:00Z,86.4868,0.60055,120.067
2026-01-08T18:49:00Z,86.4739,0.59954,119.996
2026-01-08T18:50:00Z,86.4836,0.6004,120.043
2026-01-08T18:51:00Z,86.4565,0.59929,119.966
2026-01-08T18:52:00Z,86.494,0.59977,120.03
2026-01-08T18:53:00Z,86.4628,0.59961,119.986
2026-01-08T18:54:00Z,86.4853,0.60028,120.022
2026-01-08T18:55:00Z,86.4536,0.59965,119.955
2026-01-08T18:56:00Z,86.496,0.60071,120.035
2026-01-08T18:57:00Z,86.463,0.59956,119.987
2026-01-08T18:58:00Z,86.5068,0.60033,120.046
2026-01-08T18:59:00Z,86.4683,0.59974,119.953
2026-01-08T19:00:00Z,86.4851,0.60027,120.011
2026-01-08T19:01:00Z,86.4565,0.5995,119.982
2026-01-08T19:02:00Z,86.4921,0.60028,120.031
2026-01-08T19:03:00Z,86.4744,0.59964,119.971
2026-01-08T19:04:00Z,86.5071,0.6004,120.038
2026-01-08T19:05:00Z,86.4617,0.59935,119.953
2026-01-08T19:06:00Z,86.4966,0.60041,120.04
2026-01-08T19:07:00Z,86.4701,0.5998,119.958
2026-01-08T19:08:00Z,86.4832,0.60074,120.036
2026-01-08T19:09:00Z,86.4655,0.59926,119.979
2026-01-08T19:10:00Z,86.5058,0.60032,120.011
2026-01-08T19:11:00Z,86.4627,0.59971,119.966
2026-01-08T19:12:00Z,86.4935,0.60091,120.024
2026-01-08T19:13:00Z,86.4646,0.59951,119.981
2026-01-08T19:14:00Z,86.4934,0.60012,120.042
2026-01-08T19:15:00Z,86.4755,0.59981,119.951
2026-01-08T19:16:00Z,86.5129,0.60007,120.023
2026-01-08T19:17:00Z,86.4691,0.59943,119.961
2026-01-08T19:18:00Z,86.4975,0.60071,120.028
2026-01-08T19:19:00Z,86.4627,0.59942,119.972
2026-01-08T19:20:00Z,86.5021,0.60035,120.016
2026-01-08T19:21:00Z,86.4598,0.59958,119.966
2026-01-08T19:22:00Z,86.5093,0.60006,120.056
2026-01-08T19:23:00Z,86.475,0.59951,119.976
2026-01-08T19:24:00Z,86.5051,0.60039,120.023
2026-01-08T19:25:00Z,86.468,0.59951,119.963
2026-01-08T19:26:00Z,86.5208,0.60066,120.024
2026-01-08T19:27:00Z,86.4696,0.59927,119.979
2026-01-08T19:28:00Z,86.5147,0.6001,120.029
2026-01-08T19:29:00Z,86.4677,0.60015,119.998
2026-01-08T19:30:00Z,86.5092,0.60053,120.011
2026-01-08T19:31:00Z,86.4749,0.59956,119.955
2026-01-08T19:32:00Z,86.5055,0.6004,120.044
2026-01-08T19:33:00Z,86.4876,0.59959,119.969
2026-01-08T19:34:00Z,86.498,0.60051,120.035
2026-01-08T19:35:00Z,86.4817,0.5999,119.958
2026-01-08T19:36:00Z,86.5097,0.60017,120.007
2026-01-08T19:37:00Z,86.4772,0.59964,119.982
2026-01-08T19:38:00Z,86.5078,0.60044,120.03
2026-01-08T19:39:00Z,86.4756,0.59948,119.974
2026-01-08T19:40:00Z,86.5186,0.60063,120.046
2026-01-08T19:41:00Z,86.4802,0.5996,119.958
2026-01-08T19:42:00Z,86.5294,0.60031,120.022
2026-01-08T19:43:00Z,86.503,0.59962,119.985
2026-01-08T19:44:00Z,86.5218,0.6006,120.037
2026-01-08T19:45:00Z,86.4866,0.59972,119.942
2026-01-08T19:46:00Z,86.5112,0.60042,120.029
2026-01-08T19:47:00Z,86.4801,0.59982,119.955
2026-01-08T19:48:00Z,86.5202,0.60014,120.059
2026-01-08T19:49:00Z,86.4819,0.59948,119.973
2026-01-08T19:50:00Z,86.5319,0.60032,120.047
2026-01-08T19:51:00Z,86.4968,0.59959,119.95
2026-01-08T19:52:00Z,86.5329,0.59998,120.028
2026-01-08T19:53:00Z,86.4855,0.59927,119.993
2026-01-08T19:54:00Z,86.5214,0.6003,120.005
2026-01-08T19:55:00Z,86.5043,0.59952,119.99
2026-01-08T19:56:00Z,86.5237,0.60025,120.05
2026-01-08T19:57:00Z,86.4962,0.59935,119.948
2026-01-08T19:58:00Z,86.5248,0.60063,119.994
2026-01-08T19:59:00Z,86.4889,0.59967,119.947
2026-01-08T20:00:00Z,86.534,0.6001,120.007
2026-01-08T20:01:00Z,86.4873,0.5997,119.975
2026-01-08T20:02:00Z,86.5301,0.60013,120.058
2026-01-08T20:03:00Z,86.4904,0.59962,119.966
2026-01-08T20:04:00Z,86.5366,0.60037,120.052
2026-01-08T20:05:00Z,86.4958,0.59993,119.961
2026-01-08T20:06:00Z,86.5293,0.60084,120.025
2026-01-08T20:07:00Z,86.4859,0.59962,119.965
2026-01-08T20:08:00Z,86.5317,0.60034,120.049
2026-01-08T20:09:00Z,86.4929,0.59976,119.94
2026-01-08T20:10:00Z,86.537,0.60047,120.052
2026-01-08T20:11:00Z,86.5057,0.59978,119.973
2026-01-08T20:12:00Z,86.5376,0.6007,120.024
2026-01-08T20:13:00Z,86.5062,0.59982,119.965
2026-01-08T20:14:00Z,86.5315,0.60006,120.028
2026-01-08T20:15:00Z,86.5132,0.59967,119.979
2026-01-08T20:16:00Z,86.536,0.60036,120.041
2026-01-08T20:17:00Z,86.4972,0.59912,119.943
2026-01-08T20:18:00Z,86.5397,0.60049,120.041
2026-01-08T20:19:00Z,86.5051,0.59955,119.971
2026-01-08T20:20:00Z,86.5447,0.60023,120.026
2026-01-08T20:21:00Z,86.5022,0.59982,119.954
2026-01-08T20:22:00Z,86.5404,0.60052,120.024
2026-01-08T20:23:00Z,86.5038,0.59941,119.966
2026-01-08T20:24:00Z,86.5499,0.60026,120.028
2026-01-08T20:25:00Z,86.5183,0.5998,119.981
2026-01-08T20:26:00Z,86.5451,0.60034,120.015
2026-01-08T20:27:00Z,86.5276,0.59968,119.983
2026-01-08T20:28:00Z,86.5456,0.60022,120.038
2026-01-08T20:29:00Z,86.5103,0.59956,119.972
2026-01-08T20:30:00Z,86.5437,0.60055,120.02
2026-01-08T20:31:00Z,86.5175,0.59944,119.936
2026-01-08T20:32:00Z,86.5323,0.60057,120.04
2026-01-08T20:33:00Z,86.5278,0.59937,119.995
2026-01-08T20:34:00Z,86.542,0.60037,120.026
2026-01-08T20:35:00Z,86.5082,0.59991,119.989
2026-01-08T20:36:00Z,86.5553,0.60033,120.045
2026-01-08T20:37:00Z,86.5121,0.59962,119.959
2026-01-08T20:38:00Z,86.5376,0.60029,120.01
2026-01-08T20:39:00Z,86.5181,0.59955,119.97
2026-01-08T20:40:00Z,86.5484,0.6005,120.017
2026-01-08T20:41:00Z,86.5254,0.5994,119.977
2026-01-08T20:42:00Z,86.5576,0.6005,120.057
2026-01-08T20:43:00Z,86.5314,0.59971,119.933
2026-01-08T20:44:00Z,86.5534,0.60058,120.041
2026-01-08T20:45:00Z,86.5207,0.5999,119.983
2026-01-08T20:46:00Z,86.5542,0.60051,119.994
2026-01-08T20:47:00Z,86.5074,0.59948,119.975
2026-01-08T20:48:00Z,86.5649,0.6007,120.055
2026-01-08T20:49:00Z,86.5086,0.59929,119.977
2026-01-08T20:50:00Z,86.5601,0.60065,120.029
2026-01-08T20:51:00Z,86.5357,0.59942,119.968
2026-01-08T20:52:00Z,86.5579,0.60007,120.008
2026-01-08T20:53:00Z,86.5195,0.59954,119.972
2026-01-08T20:54:00Z,86.5607,0.60048,120.06
2026-01-08T20:55:00Z,86.5221,0.59947,119.967
2026-01-08T20:56:00Z,86.5666,0.60048,119.996
2026-01-08T20:57:00Z,86.5192,0.59951,119.969
2026-01-08T20:58:00Z,86.5568,0.60041,120.031
2026-01-08T20:59:00Z,86.5289,0.59979,119.973
2026-01-08T21:00:00Z,86.5607,0.60065,120.026
2026-01-08T21:01:00Z,86.5388,0.59966,119.974
2026-01-08T21:02:00Z,86.5534,0.60054,120.03
2026-01-08T21:03:00Z,86.5405,0.59944,119.978
2026-01-08T21:04:00Z,86.548,0.60042,119.997
2026-01-08T21:05:00Z,86.5312,0.59943,119.962
2026-01-08T21:06:00Z,86.5729,0.60011,120.027
2026-01-08T21:07:00Z,86.5445,0.59972,119.955
2026-01-08T21:08:00Z,86.5758,0.60053,120.023
2026-01-08T21:09:00Z,86.5366,0.59935,119.969
2026-01-08T21:10:00Z,86.5716,0.60067,120.038
2026-01-08T21:11:00Z,86.5384,0.59958,119.962
2026-01-08T21:12:00Z,86.5774,0.60024,120.054
2026-01-08T21:13:00Z,86.5321,0.59989,119.966
2026-01-08T21:14:00Z,86.5558,0.60034,120.033
2026-01-08T21:15:00Z,86.5411,0.59937,119.988
2026-01-08T21:16:00Z,86.5778,0.60032,120.037
2026-01-08T21:17:00Z,86.5387,0.59938,119.964
2026-01-08T21:18:00Z,86.5779,0.6004,120.043
2026-01-08T21:19:00Z,86.5471,0.59949,119.974
2026-01-08T21:20:00Z,86.5817,0.60016,120.034
2026-01-08T21:21:00Z,86.5529,0.60003,119.985
2026-01-08T21:22:00Z,86.5645,0.60037,120.027
2026-01-08T21:23:00Z,86.5338,0.59968,119.959
2026-01-08T21:24:00Z,86.5799,0.60018,120.045
2026-01-08T21:25:00Z,86.5579,0.59939,119.995
2026-01-08T21:26:00Z,86.5769,0.60053,120.023
2026-01-08T21:27:00Z,86.5513,0.59976,119.949
2026-01-08T21:28:00Z,86.5649,0.60073,120.053
2026-01-08T21:29:00Z,86.5427,0.59979,119.946
2026-01-08T21:30:00Z,86.5861,0.60028,120.029
2026-01-08T21:31:00Z,86.549,0.59976,119.963
2026-01-08T21:32:00Z,86.5814,0.60055,120.037
2026-01-08T21:33:00Z,86.5472,0.59964,119.983
2026-01-08T21:34:00Z,86.5833,0.60052,120.014
2026-01-08T21:35:00Z,86.5538,0.59937,119.962
2026-01-08T21:36:00Z,86.5982,0.60063,120.009
2026-01-08T21:37:00Z,86.5446,0.59942,119.972
2026-01-08T21:38:00Z,86.5856,0.60024,120.02
2026-01-08T21:39:00Z,86.559,0.59944,119.954
2026-01-08T21:40:00Z,86.5852,0.60087,120.03
2026-01-08T21:41:00Z,86.5622,0.59962,119.954
2026-01-08T21:42:00Z,86.5751,0.6005,120.046
2026-01-08T21:43:00Z,86.5563,0.59955,119.995
2026-01-08T21:44:00Z,86.6008,0.60066,120.05
2026-01-08T21:45:00Z,86.5597,0.59936,119.965
2026-01-08T21:46:00Z,86.6063,0.60037,120.019
2026-01-08T21:47:00Z,86.5543,0.59988,119.953
2026-01-08T21:48:00Z,86.592,0.60058,120.081
2026-01-08T21:49:00Z,86.5595,0.59952,119.967
2026-01-08T21:50:00Z,86.5926,0.60023,120.023
2026-01-08T21:51:00Z,86.5575,0.6,119.956
2026-01-08T21:52:00Z,86.5981,0.60053,120.031
2026-01-08T21:53:00Z,86.5586,0.59976,119.97
2026-01-08T21:54:00Z,86.6003,0.60024,119.999
2026-01-08T21:55:00Z,86.5538,0.59976,119.953
2026-01-08T21:56:00Z,86.5904,0.6004,120.027
2026-01-08T21:57:00Z,86.5682,0.59978,119.974
2026-01-08T21:58:00Z,86.5914,0.6004,120.023
2026-01-08T21:59:00Z,86.5768,0.59955,119.983
2026-01-08T22:00:00Z,86.6069,0.60037,119.997
2026-01-08T22:01:00Z,86.5622,0.59973,119.964
2026-01-08T22:02:00Z,86.6041,0.60034,120.008
2026-01-08T22:03:00Z,86.5699,0.59958,119.973
2026-01-08T22:04:00Z,86.6105,0.60005,120.031
2026-01-08T22:05:00Z,86.5788,0.59978,119.974
2026-01-08T22:06:00Z,86.6098,0.60024,120.028
2026-01-08T22:07:00Z,86.569,0.59985,119.98
2026-01-08T22:08:00Z,86.6175,0.60018,120.036
2026-01-08T22:09:00Z,86.5789,0.59974,119.949
2026-01-08T22:10:00Z,86.5986,0.60007,120.02
2026-01-08T22:11:00Z,86.5497,0.59933,119.965
2026-01-08T22:12:00Z,86.6223,0.60064,120.034
2026-01-08T22:13:00Z,86.587,0.59974,119.951
2026-01-08T22:14:00Z,86.6111,0.60001,120.021
2026-01-08T22:15:00Z,86.5815,0.59953,119.956
2026-01-08T22:16:00Z,86.6156,0.6005,120.031
2026-01-08T22:17:00Z,86.5758,0.59954,119.962
2026-01-08T22:18:00Z,86.6085,0.60022,120.063
2026-01-08T22:19:00Z,86.5772,0.5995,119.98
2026-01-08T22:20:00Z,86.6225,0.60061,120.004
2026-01-08T22:21:00Z,86.572,0.59983,119.973
2026-01-08T22:22:00Z,86.6038,0.60051,120.03
2026-01-08T22:23:00Z,86.5955,0.59968,119.991
2026-01-08T22:24:00Z,86.6124,0.60082,120.028
2026-01-08T22:25:00Z,86.5821,0.59969,119.991
2026-01-08T22:26:00Z,86.5985,0.60032,120.052
2026-01-08T22:27:00Z,86.5855,0.5995,119.963
2026-01-08T22:28:00Z,86.6175,0.60022,120.038
2026-01-08T22:29:00Z,86.5853,0.59971,119.957
2026-01-08T22:30:00Z,86.6189,0.60023,120.038
2026-01-08T22:31:00Z,86.5772,0.59931,119.993
2026-01-08T22:32:00Z,86.6281,0.60012,120.036
2026-01-08T22:33:00Z,86.5951,0.59953,119.947
2026-01-08T22:34:00Z,86.6217,0.60019,120.019
2026-01-08T22:35:00Z,86.567,0.59942,119.955
2026-01-08T22:36:00Z,86.6131,0.60046,120.056
2026-01-08T22:37:00Z,86.5942,0.59936,119.951
2026-01-08T22:38:00Z,86.6191,0.60013,120.023
2026-01-08T22:39:00Z,86.6013,0.59956,119.988
2026-01-08T22:40:00Z,86.6324,0.60018,120.033
2026-01-08T22:41:00Z,86.5995,0.59981,119.981
2026-01-08T22:42:00Z,86.6144,0.60058,120.057
2026-01-08T22:43:00Z,86.5824,0.5994,119.951
2026-01-08T22:44:00Z,86.6249,0.60038,120.003
2026-01-08T22:45:00Z,86.5924,0.59941,119.963
2026-01-08T22:46:00Z,86.6275,0.60071,120.022
2026-01-08T22:47:00Z,86.5979,0.59962,119.981
2026-01-08T22:48:00Z,86.6171,0.60044,120.027
2026-01-08T22:49:00Z,86.5976,0.59935,119.953
2026-01-08T22:50:00Z,86.6524,0.60035,120.015
2026-01-08T22:51:00Z,86.5834,0.59987,119.966
2026-01-08T22:52:00Z,86.6396,0.6005,120.028
2026-01-08T22:53:00Z,86.5905,0.59926,119.962
2026-01-08T22:54:00Z,86.6404,0.60063,120.034
2026-01-08T22:55:00Z,86.5955,0.59958,119.983
2026-01-08T22:56:00Z,86.6436,0.60044,120.027
2026-01-08T22:57:00Z,86.6151,0.59971,119.975
2026-01-08T22:58:00Z,86.6346,0.60063,120.056
2026-01-08T22:59:00Z,86.6084,0.59952,119.958
2026-01-08T23:00:00Z,86.6367,0.60039,120.039
2026-01-08T23:01:00Z,86.6129,0.59985,119.964
2026-01-08T23:02:00Z,86.6236,0.60039,120.026
2026-01-08T23:03:00Z,86.6199,0.59941,119.955
2026-01-08T23:04:00Z,86.625,0.60032,120.027
2026-01-08T23:05:00Z,86.6013,0.59972,119.974
2026-01-08T23:06:00Z,86.6398,0.60028,120.015
2026-01-08T23:07:00Z,86.6007,0.59923,119.97
2026-01-08T23:08:00Z,86.6293,0.60038,120.016
2026-01-08T23:09:00Z,86.6009,0.5993,119.956
2026-01-08T23:10:00Z,86.6484,0.6006,120.044
2026-01-08T23:11:00Z,86.6097,0.59958,120.0
2026-01-08T23:12:00Z,86.6522,0.6003,120.041
2026-01-08T23:13:00Z,86.6096,0.5996,119.968
2026-01-08T23:14:00Z,86.6481,0.60042,120.054
2026-01-08T23:15:00Z,86.6116,0.5995,119.969
2026-01-08T23:16:00Z,86.6498,0.60041,120.015
2026-01-08T23:17:00Z,86.6222,0.59967,119.96
2026-01-08T23:18:00Z,86.6633,0.60043,120.042
2026-01-08T23:19:00Z,86.6143,0.59982,119.983
2026-01-08T23:20:00Z,86.6377,0.60043,120.014
2026-01-08T23:21:00Z,86.6226,0.5993,119.963
2026-01-08T23:22:00Z,86.6529,0.6004,120.03
2026-01-08T23:23:00Z,86.6234,0.59954,119.98
2026-01-08T23:24:00Z,86.6469,0.60014,120.012
2026-01-08T23:25:00Z,86.6212,0.59994,119.971
2026-01-08T23:26:00Z,86.6459,0.60047,120.044
2026-01-08T23:27:00Z,86.6238,0.59953,119.978
2026-01-08T23:28:00Z,86.6446,0.60035,120.03
2026-01-08T23:29:00Z,86.6104,0.59963,119.978
2026-01-08T23:30:00Z,86.6525,0.60047,119.999
2026-01-08T23:31:00Z,86.6155,0.59958,119.971
2026-01-08T23:32:00Z,86.6555,0.6007,120.045
2026-01-08T23:33:00Z,86.6143,0.59974,119.945
2026-01-08T23:34:00Z,86.6434,0.59992,120.035
2026-01-08T23:35:00Z,86.6111,0.59936,119.974
2026-01-08T23:36:00Z,86.6572,0.60066,120.052
2026-01-08T23:37:00Z,86.6344,0.59974,119.971
2026-01-08T23:38:00Z,86.6639,0.60037,120.023
2026-01-08T23:39:00Z,86.6218,0.59928,119.954
2026-01-08T23:40:00Z,86.6659,0.60038,120.036
2026-01-08T23:41:00Z,86.6373,0.59926,119.978
2026-01-08T23:42:00Z,86.6511,0.60041,120.008
2026-01-08T23:43:00Z,86.6407,0.59982,119.973
2026-01-08T23:44:00Z,86.6746,0.60051,120.012
2026-01-08T23:45:00Z,86.6337,0.59966,119.954
2026-01-08T23:46:00Z,86.6606,0.60022,120.018
2026-01-08T23:47:00Z,86.6284,0.59969,119.976
2026-01-08T23:48:00Z,86.6814,0.60083,120.013
2026-01-08T23:49:00Z,86.6284,0.59972,119.939
2026-01-08T23:50:00Z,86.6654,0.60076,120.021
2026-01-08T23:51:00Z,86.627,0.59951,119.973
2026-01-08T23:52:00Z,86.6595,0.6007,120.018
2026-01-08T23:53:00Z,86.6387,0.59984,119.958
2026-01-08T23:54:00Z,86.6755,0.60043,120.044
2026-01-08T23:55:00Z,86.6346,0.59946,119.951
2026-01-08T23:56:00Z,86.6633,0.60056,120.019
2026-01-08T23:57:00Z,86.6406,0.59918,119.969
2026-01-08T23:58:00Z,86.6553,0.60051,120.032
2026-01-08T23:59:00Z,86.6429,0.59971,119.95
2026-01-09T00:00:00Z,86.6781,0.60027,120.026
2026-01-09T00:01:00Z,86.6403,0.59928,119.947
2026-01-09T00:02:00Z,86.6718,0.60051,120.001
2026-01-09T00:03:00Z,86.6533,0.59933,119.965
2026-01-09T00:04:00Z,86.6878,0.60035,119.991
2026-01-09T00:05:00Z,86.6688,0.59983,119.972
2026-01-09T00:06:00Z,86.6638,0.60042,120.043
2026-01-09T00:07:00Z,86.653,0.59984,119.97
2026-01-09T00:08:00Z,86.6629,0.60041,120.001
2026-01-09T00:09:00Z,86.6417,0.59961,119.959
2026-01-09T00:10:00Z,86.686,0.60029,120.034
2026-01-09T00:11:00Z,86.6626,0.59999,119.95
2026-01-09T00:12:00Z,86.6867,0.60013,120.051
2026-01-09T00:13:00Z,86.6449,0.59956,119.94
2026-01-09T00:14:00Z,86.6861,0.60043,120.05
2026-01-09T00:15:00Z,86.6552,0.59946,119.986
2026-01-09T00:16:00Z,86.6746,0.60016,120.046
2026-01-09T00:17:00Z,86.6405,0.59958,119.956
2026-01-09T00:18:00Z,86.6863,0.60053,120.03
2026-01-09T00:19:00Z,86.647,0.59991,119.979
2026-01-09T00:20:00Z,86.7055,0.60058,119.999
2026-01-09T00:21:00Z,86.6437,0.59976,119.978
2026-01-09T00:22:00Z,86.6695,0.60008,120.022
2026-01-09T00:23:00Z,86.6538,0.5994,119.984
2026-01-09T00:24:00Z,86.6831,0.60077,120.034
2026-01-09T00:25:00Z,86.6516,0.59988,119.965
2026-01-09T00:26:00Z,86.6977,0.60061,120.029
2026-01-09T00:27:00Z,86.6643,0.59963,119.962
2026-01-09T00:28:00Z,86.6698,0.60066,120.041
2026-01-09T00:29:00Z,86.6534,0.59962,119.99
2026-01-09T00:30:00Z,86.6819,0.60025,120.007
2026-01-09T00:31:00Z,86.6574,0.59957,119.982
2026-01-09T00:32:00Z,86.6981,0.60052,120.065
2026-01-09T00:33:00Z,86.6582,0.59969,119.952
2026-01-09T00:34:00Z,86.6917,0.60044,120.017
2026-01-09T00:35:00Z,86.6588,0.59952,119.979
2026-01-09T00:36:00Z,86.6886,0.60052,120.012
2026-01-09T00:37:00Z,86.6696,0.59963,119.989
2026-01-09T00:38:00Z,86.6842,0.60001,120.001
2026-01-09T00:39:00Z,86.6559,0.59981,119.979
2026-01-09T00:40:00Z,86.6911,0.60036,120.019
2026-01-09T00:41:00Z,86.677,0.59953,119.96
2026-01-09T00:42:00Z,86.7011,0.60035,120.038
2026-01-09T00:43:00Z,86.6721,0.59976,119.956
2026-01-09T00:44:00Z,86.6928,0.60012,120.031
2026-01-09T00:45:00Z,86.6648,0.59956,119.982
2026-01-09T00:46:00Z,86.6963,0.60021,120.012
2026-01-09T00:47:00Z,86.6619,0.59927,119.986
2026-01-09T00:48:00Z,86.7113,0.60084,120.052
2026-01-09T00:49:00Z,86.6639,0.59954,119.976
2026-01-09T00:50:00Z,86.7038,0.60045,120.012
2026-01-09T00:51:00Z,86.674,0.59945,119.979
2026-01-09T00:52:00Z,86.7064,0.60056,120.041
2026-01-09T00:53:00Z,86.667,0.59966,120.0
2026-01-09T00:54:00Z,86.7019,0.60064,120.038
2026-01-09T00:55:00Z,86.6769,0.5994,119.962
2026-01-09T00:56:00Z,86.7004,0.6005,120.034
2026-01-09T00:57:00Z,86.6785,0.59945,119.982
2026-01-09T00:58:00Z,86.6955,0.60028,120.023
2026-01-09T00:59:00Z,86.6655,0.59973,119.978
2026-01-09T01:00:00Z,86.715,0.60038,120.016
2026-01-09T01:01:00Z,86.67,0.59951,119.943
2026-01-09T01:02:00Z,86.7043,0.6004,120.003
2026-01-09T01:03:00Z,86.6699,0.59932,119.941
2026-01-09T01:04:00Z,86.7121,0.6003,120.035
2026-01-09T01:05:00Z,86.6792,0.59943,119.952
2026-01-09T01:06:00Z,86.7156,0.60013,120.013
2026-01-09T01:07:00Z,86.6782,0.59953,119.974
2026-01-09T01:08:00Z,86.7233,0.60015,120.026
2026-01-09T01:09:00Z,86.6697,0.59954,119.971
2026-01-09T01:10:00Z,86.7144,0.60032,120.005
2026-01-09T01:11:00Z,86.685,0.59949,119.961
2026-01-09T01:12:00Z,86.7158,0.60029,120.03
2026-01-09T01:13:00Z,86.6925,0.59948,119.967
2026-01-09T01:14:00Z,86.696,0.60047,120.029
2026-01-09T01:15:00Z,86.6948,0.59968,119.96
2026-01-09T01:16:00Z,86.7181,0.60074,120.036
2026-01-09T01:17:00Z,86.6706,0.59932,119.972
2026-01-09T01:18:00Z,86.7043,0.6007,120.048
2026-01-09T01:19:00Z,86.682,0.59958,119.961
2026-01-09T01:20:00Z,86.7244,0.60014,120.044
2026-01-09T01:21:00Z,86.6871,0.59941,119.965
2026-01-09T01:22:00Z,86.7254,0.60035,120.021
2026-01-09T01:23:00Z,86.6886,0.59972,119.974
2026-01-09T01:24:00Z,86.7163,0.60029,120.042
2026-01-09T01:25:00Z,86.6974,0.59964,119.988
2026-01-09T01:26:00Z,86.7182,0.60053,120.031
2026-01-09T01:27:00Z,86.7019,0.59939,119.97
2026-01-09T01:28:00Z,86.7372,0.60018,120.046
2026-01-09T01:29:00Z,86.7039,0.59959,119.975
2026-01-09T01:30:00Z,86.731,0.60048,120.0
2026-01-09T01:31:00Z,86.6937,0.59952,119.966
2026-01-09T01:32:00Z,86.7245,0.60028,120.03
2026-01-09T01:33:00Z,86.6836,0.59976,119.959
2026-01-09T01:34:00Z,86.7246,0.60041,120.003
2026-01-09T01:35:00Z,86.7063,0.59982,119.964
2026-01-09T01:36:00Z,86.7446,0.60035,120.037
2026-01-09T01:37:00Z,86.6949,0.5997,119.965
2026-01-09T01:38:00Z,86.7229,0.60053,120.01
2026-01-09T01:39:00Z,86.7031,0.59988,119.983
2026-01-09T01:40:00Z,86.7435,0.60053,120.041
2026-01-09T01:41:00Z,86.6986,0.60005,119.942
2026-01-09T01:42:00Z,86.7435,0.60033,120.025
2026-01-09T01:43:00Z,86.6856,0.59993,120.008
2026-01-09T01:44:00Z,86.7241,0.60052,120.029
2026-01-09T01:45:00Z,86.6772,0.59971,119.989
2026-01-09T01:46:00Z,86.7432,0.60012,120.03
2026-01-09T01:47:00Z,86.6962,0.59942,119.96
2026-01-09T01:48:00Z,86.7343,0.60054,120.025
2026-01-09T01:49:00Z,86.7146,0.59942,119.974
2026-01-09T01:50:00Z,86.7313,0.60025,120.015
2026-01-09T01:51:00Z,86.7021,0.59958,119.961
2026-01-09T01:52:00Z,86.7278,0.60052,120.021
2026-01-09T01:53:00Z,86.6982,0.59968,119.95
2026-01-09T01:54:00Z,86.7409,0.60071,120.037
2026-01-09T01:55:00Z,86.7096,0.5995,119.97
2026-01-09T01:56:00Z,86.743,0.6005,120.054
2026-01-09T01:57:00Z,86.7229,0.59934,119.972
2026-01-09T01:58:00Z,86.7422,0.6002,120.041
2026-01-09T01:59:00Z,86.7112,0.59968,119.978
2026-01-09T02:00:00Z,86.7335,0.60024,120.044
2026-01-09T02:01:00Z,86.7204,0.59964,119.965
2026-01-09T02:02:00Z,86.7401,0.60054,120.015
2026-01-09T02:03:00Z,86.728,0.59961,119.975
2026-01-09T02:04:00Z,86.7442,0.60051,120.034
2026-01-09T02:05:00Z,86.7113,0.5994,119.949
2026-01-09T02:06:00Z,86.7423,0.6002,120.046
2026-01-09T02:07:00Z,86.7197,0.59951,119.961
2026-01-09T02:08:00Z,86.7557,0.60069,120.051
2026-01-09T02:09:00Z,86.7116,0.59969,119.969
2026-01-09T02:10:00Z,86.7569,0.60034,120.035
2026-01-09T02:11:00Z,86.7235,0.59965,119.933
2026-01-09T02:12:00Z,86.7613,0.6006,120.037
2026-01-09T02:13:00Z,86.7009,0.59966,119.957
2026-01-09T02:14:00Z,86.7368,0.60039,120.044
2026-01-09T02:15:00Z,86.7166,0.59935,119.967
2026-01-09T02:16:00Z,86.7529,0.60041,120.044
2026-01-09T02:17:00Z,86.7108,0.59941,119.956
2026-01-09T02:18:00Z,86.7459,0.6002,119.987
2026-01-09T02:19:00Z,86.7277,0.5994,119.938
2026-01-09T02:20:00Z,86.7657,0.60063,120.035
2026-01-09T02:21:00Z,86.7107,0.59931,119.971
2026-01-09T02:22:00Z,86.7622,0.60029,120.018
2026-01-09T02:23:00Z,86.7158,0.59953,119.999
2026-01-09T02:24:00Z,86.7539,0.6004,120.045
2026-01-09T02:25:00Z,86.7156,0.59963,119.986
2026-01-09T02:26:00Z,86.7646,0.60065,120.026
2026-01-09T02:27:00Z,86.7376,0.5995,119.979
2026-01-09T02:28:00Z,86.7635,0.60055,120.006
2026-01-09T02:29:00Z,86.7135,0.59998,119.968
2026-01-09T02:30:00Z,86.7624,0.60047,120.052
2026-01-09T02:31:00Z,86.732,0.59931,119.955
2026-01-09T02:32:00Z,86.763,0.60048,120.03
2026-01-09T02:33:00Z,86.7398,0.5993,119.963
2026-01-09T02:34:00Z,86.7616,0.60058,120.036
2026-01-09T02:35:00Z,86.7347,0.59962,119.989
2026-01-09T02:36:00Z,86.7698,0.60031,120.054
2026-01-09T02:37:00Z,86.7384,0.59957,120.0
2026-01-09T02:38:00Z,86.7566,0.60014,120.038
2026-01-09T02:39:00Z,86.734,0.59956,119.975
2026-01-09T02:40:00Z,86.7636,0.60066,120.047
2026-01-09T02:41:00Z,86.7475,0.59941,119.952
2026-01-09T02:42:00Z,86.7783,0.60051,120.004
2026-01-09T02:43:00Z,86.7455,0.59996,119.987
2026-01-09T02:44:00Z,86.7652,0.60052,120.012
2026-01-09T02:45:00Z,86.753,0.59967,119.982
2026-01-09T02:46:00Z,86.7756,0.59996,119.993
2026-01-09T02:47:00Z,86.7362,0.59963,119.951
2026-01-09T02:48:00Z,86.7652,0.60038,120.038
2026-01-09T02:49:00Z,86.7238,0.59993,120.001
2026-01-09T02:50:00Z,86.7747,0.60032,120.017
2026-01-09T02:51:00Z,86.7425,0.59935,119.966
2026-01-09T02:52:00Z,86.7937,0.60051,120.046
2026-01-09T02:53:00Z,86.7447,0.59954,119.968
2026-01-09T02:54:00Z,86.785,0.60016,120.039
2026-01-09T02:55:00Z,86.7446,0.59951,119.962
2026-01-09T02:56:00Z,86.7876,0.60054,120.007
2026-01-09T02:57:00Z,86.7366,0.59949,119.977
2026-01-09T02:58:00Z,86.7732,0.60029,120.019
2026-01-09T02:59:00Z,86.7439,0.59981,119.98
2026-01-09T03:00:00Z,86.7895,0.60021,120.031
2026-01-09T03:01:00Z,86.7396,0.59902,119.996
2026-01-09T03:02:00Z,86.7732,0.60042,120.019
2026-01-09T03:03:00Z,86.7456,0.59986,119.959
2026-01-09T03:04:00Z,86.7757,0.6002,120.026
2026-01-09T03:05:00Z,86.7414,0.59963,119.992
2026-01-09T03:06:00Z,86.7697,0.60092,120.029
2026-01-09T03:07:00Z,86.7493,0.59943,120.008
2026-01-09T03:08:00Z,86.7863,0.60089,120.04
2026-01-09T03:09:00Z,86.7522,0.59963,119.955
2026-01-09T03:10:00Z,86.8019,0.60031,120.028
2026-01-09T03:11:00Z,86.7477,0.59957,119.991
2026-01-09T03:12:00Z,86.7835,0.60035,120.05
2026-01-09T03:13:00Z,86.7511,0.59975,119.993
2026-01-09T03:14:00Z,86.7925,0.6004,120.029
2026-01-09T03:15:00Z,86.7512,0.59972,119.986
2026-01-09T03:16:00Z,86.7986,0.60042,120.027
2026-01-09T03:17:00Z,86.7757,0.59931,119.967
2026-01-09T03:18:00Z,86.7882,0.60038,120.018
2026-01-09T03:19:00Z,86.7598,0.59955,119.93
2026-01-09T03:20:00Z,86.7848,0.6007,120.021
2026-01-09T03:21:00Z,86.7738,0.59974,119.975
2026-01-09T03:22:00Z,86.787,0.60056,120.029
2026-01-09T03:23:00Z,86.7539,0.59977,119.958
2026-01-09T03:24:00Z,86.7771,0.60065,120.043
2026-01-09T03:25:00Z,86.7816,0.59959,119.964
2026-01-09T03:26:00Z,86.8062,0.60042,120.026
2026-01-09T03:27:00Z,86.762,0.59952,119.975
2026-01-09T03:28:00Z,86.7989,0.60015,120.037
2026-01-09T03:29:00Z,86.7626,0.59947,119.984
2026-01-09T03:30:00Z,86.8047,0.60013,120.041
2026-01-09T03:31:00Z,86.7726,0.59903,119.987
2026-01-09T03:32:00Z,86.7999,0.60049,120.048
2026-01-09T03:33:00Z,86.754,0.59992,119.952
2026-01-09T03:34:00Z,86.7943,0.60058,120.028
2026-01-09T03:35:00Z,86.7578,0.59891,119.967
2026-01-09T03:36:00Z,86.798,0.60037,120.016
2026-01-09T03:37:00Z,86.7768,0.5998,119.984
2026-01-09T03:38:00Z,86.8053,0.60015,120.012
2026-01-09T03:39:00Z,86.7789,0.59967,119.952
2026-01-09T03:40:00Z,86.8049,0.60044,120.025
2026-01-09T03:41:00Z,86.7767,0.59957,119.964
2026-01-09T03:42:00Z,86.8005,0.60025,120.02
2026-01-09T03:43:00Z,86.7797,0.5995,119.992
2026-01-09T03:44:00Z,86.8199,0.5999,120.055
2026-01-09T03:45:00Z,86.7695,0.59962,119.985
2026-01-09T03:46:00Z,86.7942,0.60019,120.064
2026-01-09T03:47:00Z,86.7748,0.59971,119.979
2026-01-09T03:48:00Z,86.8098,0.60029,120.015
2026-01-09T03:49:00Z,86.7795,0.59909,119.962
2026-01-09T03:50:00Z,86.8103,0.60007,120.031
2026-01-09T03:51:00Z,86.7669,0.59969,119.991
2026-01-09T03:52:00Z,86.8132,0.60059,120.031
2026-01-09T03:53:00Z,86.7757,0.59988,119.995
2026-01-09T03:54:00Z,86.8213,0.60038,120.028
2026-01-09T03:55:00Z,86.7839,0.59975,119.954
2026-01-09T03:56:00Z,86.8059,0.6003,120.028
2026-01-09T03:57:00Z,86.7851,0.59976,119.962
2026-01-09T03:58:00Z,86.8256,0.60057,120.057
2026-01-09T03:59:00Z,86.7861,0.59975,119.978
2026-01-09T04:00:00Z,86.8214,0.60036,120.026
2026-01-09T04:01:00Z,86.7974,0.59943,119.983
2026-01-09T04:02:00Z,86.816,0.60015,120.046
2026-01-09T04:03:00Z,86.7742,0.59963,119.961
2026-01-09T04:04:00Z,86.8059,0.60032,120.039
2026-01-09T04:05:00Z,86.7798,0.59964,119.968
2026-01-09T04:06:00Z,86.8106,0.60068,120.034
2026-01-09T04:07:00Z,86.7836,0.59927,119.976
2026-01-09T04:08:00Z,86.828,0.60032,119.996
2026-01-09T04:09:00Z,86.7921,0.5993,119.98
2026-01-09T04:10:00Z,86.8124,0.60023,120.056
2026-01-09T04:11:00Z,86.8035,0.59971,119.973
2026-01-09T04:12:00Z,86.8227,0.60031,120.036
2026-01-09T04:13:00Z,86.7886,0.59958,119.984
2026-01-09T04:14:00Z,86.8247,0.6001,120.013
2026-01-09T04:15:00Z,86.7939,0.59941,119.964
2026-01-09T04:16:00Z,86.8284,0.60054,120.014
2026-01-09T04:17:00Z,86.8067,0.59954,119.985
2026-01-09T04:18:00Z,86.838,0.60031,120.014
2026-01-09T04:19:00Z,86.7849,0.59944,119.986
2026-01-09T04:20:00Z,86.8418,0.60041,120.027
2026-01-09T04:21:00Z,86.7915,0.59975,119.963
2026-01-09T04:22:00Z,86.8299,0.60066,120.01
2026-01-09T04:23:00Z,86.7843,0.59951,119.98
2026-01-09T04:24:00Z,86.8203,0.60057,120.051
2026-01-09T04:25:00Z,86.7955,0.59959,119.975
2026-01-09T04:26:00Z,86.8267,0.60052,120.05
2026-01-09T04:27:00Z,86.7856,0.59914,119.96
2026-01-09T04:28:00Z,86.826,0.60034,120.038
2026-01-09T04:29:00Z,86.8088,0.5998,119.991
2026-01-09T04:30:00Z,86.8404,0.60036,120.048
2026-01-09T04:31:00Z,86.8038,0.59956,119.969
2026-01-09T04:32:00Z,86.8209,0.60058,120.028
2026-01-09T04:33:00Z,86.8036,0.59973,119.945
2026-01-09T04:34:00Z,86.8445,0.60048,120.029
2026-01-09T04:35:00Z,86.8015,0.5995,119.972
2026-01-09T04:36:00Z,86.8447,0.6007,120.049
2026-01-09T04:37:00Z,86.8013,0.59982,119.989
2026-01-09T04:38:00Z,86.8533,0.60023,120.05
2026-01-09T04:39:00Z,86.8072,0.59985,119.952
2026-01-09T04:40:00Z,86.839,0.60031,120.026
2026-01-09T04:41:00Z,86.8209,0.59967,119.988
2026-01-09T04:42:00Z,86.8342,0.59996,120.035
2026-01-09T04:43:00Z,86.8189,0.59989,119.976
2026-01-09T04:44:00Z,86.846,0.6001,120.011
2026-01-09T04:45:00Z,86.7976,0.59934,119.923
2026-01-09T04:46:00Z,86.8371,0.60053,120.052
2026-01-09T04:47:00Z,86.8077,0.59955,119.973
2026-01-09T04:48:00Z,86.8343,0.60028,120.029
2026-01-09T04:49:00Z,86.8253,0.59972,119.964
2026-01-09T04:50:00Z,86.8566,0.60023,120.035
2026-01-09T04:51:00Z,86.8223,0.59966,120.002
2026-01-09T04:52:00Z,86.8553,0.60048,120.045
2026-01-09T04:53:00Z,86.8086,0.59952,119.942
2026-01-09T04:54:00Z,86.8409,0.60053,120.042
2026-01-09T04:55:00Z,86.8093,0.59962,119.958
2026-01-09T04:56:00Z,86.8525,0.60061,120.017
2026-01-09T04:57:00Z,86.8186,0.59934,119.957
2026-01-09T04:58:00Z,86.8463,0.60045,120.04
2026-01-09T04:59:00Z,86.803,0.59961,119.941
2026-01-09T05:00:00Z,86.8642,0.60069,120.046
2026-01-09T05:01:00Z,86.8124,0.59971,119.972
2026-01-09T05:02:00Z,86.8626,0.60042,120.044
2026-01-09T05:03:00Z,86.8221,0.59956,119.956
2026-01-09T05:04:00Z,86.8675,0.60056,120.036
2026-01-09T05:05:00Z,86.8061,0.5997,119.972
2026-01-09T05:06:00Z,86.857,0.60036,120.013
2026-01-09T05:07:00Z,86.8244,0.59978,119.972
2026-01-09T05:08:00Z,86.853,0.60029,120.036
2026-01-09T05:09:00Z,86.8262,0.59966,119.98
2026-01-09T05:10:00Z,86.8713,0.60038,120.048
2026-01-09T05:11:00Z,86.8172,0.59927,119.974
2026-01-09T05:12:00Z,86.8666,0.60026,120.039
2026-01-09T05:13:00Z,86.8443,0.59903,119.972
2026-01-09T05:14:00Z,86.8553,0.60066,120.011
2026-01-09T05:15:00Z,86.8333,0.5997,119.972
2026-01-09T05:16:00Z,86.8749,0.60024,120.056
2026-01-09T05:17:00Z,86.8254,0.59945,119.986
2026-01-09T05:18:00Z,86.8564,0.60086,120.017
2026-01-09T05:19:00Z,86.8367,0.59956,119.965
2026-01-09T05:20:00Z,86.8591,0.60047,119.998
2026-01-09T05:21:00Z,86.8332,0.59987,119.947
2026-01-09T05:22:00Z,86.8562,0.60006,120.05
2026-01-09T05:23:00Z,86.822,0.59984,119.975
2026-01-09T05:24:00Z,86.8692,0.60023,120.033
2026-01-09T05:25:00Z,86.8501,0.59988,119.973
2026-01-09T05:26:00Z,86.8761,0.60045,120.016
2026-01-09T05:27:00Z,86.8391,0.60001,119.957
2026-01-09T05:28:00Z,86.8665,0.60027,120.007
2026-01-09T05:29:00Z,86.8477,0.59948,119.98
2026-01-09T05:30:00Z,86.8681,0.60055,120.022
2026-01-09T05:31:00Z,86.8406,0.59938,119.964
2026-01-09T05:32:00Z,86.8765,0.60032,120.022
2026-01-09T05:33:00Z,86.8362,0.59946,119.965
2026-01-09T05:34:00Z,86.8683,0.60025,120.035
2026-01-09T05:35:00Z,86.8291,0.59959,119.977
2026-01-09T05:36:00Z,86.8823,0.60023,120.039
2026-01-09T05:37:00Z,86.8583,0.59966,119.988
2026-01-09T05:38:00Z,86.8751,0.60047,120.019
2026-01-09T05:39:00Z,86.8402,0.59961,119.948
2026-01-09T05:40:00Z,86.869,0.60036,119.998
2026-01-09T05:41:00Z,86.8393,0.59972,119.975
2026-01-09T05:42:00Z,86.8827,0.60003,120.041
2026-01-09T05:43:00Z,86.8422,0.59962,119.957
2026-01-09T05:44:00Z,86.8773,0.60029,120.035
2026-01-09T05:45:00Z,86.8498,0.59951,119.971
2026-01-09T05:46:00Z,86.8731,0.60005,120.033
2026-01-09T05:47:00Z,86.8364,0.59966,119.951
2026-01-09T05:48:00Z,86.881,0.60039,120.003
2026-01-09T05:49:00Z,86.8634,0.59969,119.964
2026-01-09T05:50:00Z,86.883,0.60049,120.017
2026-01-09T05:51:00Z,86.8492,0.59954,119.951
2026-01-09T05:52:00Z,86.8946,0.60037,120.015
2026-01-09T05:53:00Z,86.8516,0.59981,119.964
2026-01-09T05:54:00Z,86.8886,0.60037,120.031
2026-01-09T05:55:00Z,86.8631,0.59988,119.964
2026-01-09T05:56:00Z,86.8912,0.60044,120.002
2026-01-09T05:57:00Z,86.8429,0.59979,119.942
2026-01-09T05:58:00Z,86.8866,0.60064,120.053
2026-01-09T05:59:00Z,86.8565,0.59944,119.996
2026-01-09T06:00:00Z,86.8967,0.60035,120.007
2026-01-09T06:01:00Z,86.8652,0.5996,119.945
2026-01-09T06:02:00Z,86.8871,0.60024,119.99
2026-01-09T06:03:00Z,86.8527,0.59941,119.993
2026-01-09T06:04:00Z,86.8786,0.60035,120.032
2026-01-09T06:05:00Z,86.8569,0.59963,119.963
2026-01-09T06:06:00Z,86.894,0.60004,120.019
2026-01-09T06:07:00Z,86.8779,0.59938,120.008
2026-01-09T06:08:00Z,86.8868,0.60008,120.022
2026-01-09T06:09:00Z,86.8622,0.59936,119.939
2026-01-09T06:10:00Z,86.891,0.6003,120.05
2026-01-09T06:11:00Z,86.8641,0.59955,119.985
2026-01-09T06:12:00Z,86.8884,0.60032,120.029
2026-01-09T06:13:00Z,86.8617,0.59977,119.956
2026-01-09T06:14:00Z,86.8989,0.60054,120.033
2026-01-09T06:15:00Z,86.87,0.59969,119.987
2026-01-09T06:16:00Z,86.8969,0.60014,120.043
2026-01-09T06:17:00Z,86.8887,0.59941,119.978
2026-01-09T06:18:00Z,86.8936,0.60032,120.041
2026-01-09T06:19:00Z,86.865,0.59955,119.999
2026-01-09T06:20:00Z,86.9047,0.60004,120.025
2026-01-09T06:21:00Z,86.8543,0.59964,119.978
2026-01-09T06:22:00Z,86.9029,0.60067,120.019
2026-01-09T06:23:00Z,86.8701,0.59924,119.969
2026-01-09T06:24:00Z,86.9052,0.60036,120.046
2026-01-09T06:25:00Z,86.8704,0.59974,119.961
2026-01-09T06:26:00Z,86.9005,0.60023,120.026
2026-01-09T06:27:00Z,86.89,0.59956,119.975
2026-01-09T06:28:00Z,86.9044,0.60016,120.033
2026-01-09T06:29:00Z,86.8679,0.59953,119.963
2026-01-09T06:30:00Z,86.8978,0.60062,120.036
2026-01-09T06:31:00Z,86.8683,0.59946,119.97
2026-01-09T06:32:00Z,86.9084,0.60019,120.032
2026-01-09T06:33:00Z,86.8501,0.59963,119.964
2026-01-09T06:34:00Z,86.9112,0.60053,120.04
2026-01-09T06:35:00Z,86.8667,0.59961,119.98
2026-01-09T06:36:00Z,86.9123,0.60019,120.028
2026-01-09T06:37:00Z,86.8806,0.59963,119.972
2026-01-09T06:38:00Z,86.9107,0.60052,120.026
2026-01-09T06:39:00Z,86.878,0.59945,119.977
2026-01-09T06:40:00Z,86.8984,0.60025,120.016
2026-01-09T06:41:00Z,86.8787,0.59956,119.973
2026-01-09T06:42:00Z,86.932,0.60024,120.025
2026-01-09T06:43:00Z,86.869,0.5994,119.951
2026-01-09T06:44:00Z,86.9325,0.6001,120.044
2026-01-09T06:45:00Z,86.8814,0.59932,119.976
2026-01-09T06:46:00Z,86.9253,0.6008,119.997
2026-01-09T06:47:00Z,86.8941,0.5998,119.981
2026-01-09T06:48:00Z,86.9231,0.60047,120.041
2026-01-09T06:49:00Z,86.8866,0.59951,119.967
2026-01-09T06:50:00Z,86.9142,0.60025,120.032
2026-01-09T06:51:00Z,86.887,0.59936,119.969
2026-01-09T06:52:00Z,86.9326,0.60035,120.036
2026-01-09T06:53:00Z,86.8841,0.59952,119.96
2026-01-09T06:54:00Z,86.9102,0.6001,120.025
2026-01-09T06:55:00Z,86.8976,0.59959,119.982
2026-01-09T06:56:00Z,86.9224,0.60041,120.025
2026-01-09T06:57:00Z,86.8922,0.59955,119.954
2026-01-09T06:58:00Z,86.9314,0.60037,120.034
2026-01-09T06:59:00Z,86.8845,0.59998,119.973
2026-01-09T07:00:00Z,86.9203,0.6007,120.025
2026-01-09T07:01:00Z,86.8854,0.59936,119.977
2026-01-09T07:02:00Z,86.9242,0.60029,120.034
2026-01-09T07:03:00Z,86.8888,0.59986,119.974
2026-01-09T07:04:00Z,86.9258,0.60045,120.025
2026-01-09T07:05:00Z,86.8965,0.59956,119.951
2026-01-09T07:06:00Z,86.9174,0.60033,120.027
2026-01-09T07:07:00Z,86.8988,0.59953,119.973
2026-01-09T07:08:00Z,86.9296,0.60032,120.026
2026-01-09T07:09:00Z,86.8945,0.59948,120.009
2026-01-09T07:10:00Z,86.9384,0.60046,120.032
2026-01-09T07:11:00Z,86.9011,0.59928,119.976
2026-01-09T07:12:00Z,86.9235,0.60029,120.026
2026-01-09T07:13:00Z,86.909,0.59962,119.955
2026-01-09T07:14:00Z,86.9384,0.60028,120.042
2026-01-09T07:15:00Z,86.9068,0.59926,119.954
2026-01-09T07:16:00Z,86.933,0.60049,120.03
2026-01-09T07:17:00Z,86.9095,0.59968,119.941
2026-01-09T07:18:00Z,86.9379,0.60046,120.043
2026-01-09T07:19:00Z,86.9106,0.59959,119.996
2026-01-09T07:20:00Z,86.9307,0.60031,120.035
2026-01-09T07:21:00Z,86.9167,0.59948,119.945
2026-01-09T07:22:00Z,86.94,0.60044,120.044
2026-01-09T07:23:00Z,86.9128,0.59986,119.986
2026-01-09T07:24:00Z,86.9325,0.60056,120.03
2026-01-09T07:25:00Z,86.9031,0.59956,119.972
2026-01-09T07:26:00Z,86.9519,0.6007,120.03
2026-01-09T07:27:00Z,86.9272,0.59951,119.97
2026-01-09T07:28:00Z,86.9431,0.6003,120.032
2026-01-09T07:29:00Z,86.9242,0.59957,119.967
2026-01-09T07:30:00Z,86.9319,0.60023,120.028
2026-01-09T07:31:00Z,86.9024,0.5995,119.979
2026-01-09T07:32:00Z,86.9413,0.60059,120.014
2026-01-09T07:33:00Z,86.9209,0.59982,119.961
2026-01-09T07:34:00Z,86.9376,0.60043,120.048
2026-01-09T07:35:00Z,86.9221,0.59951,119.966
2026-01-09T07:36:00Z,86.9409,0.60004,120.028
2026-01-09T07:37:00Z,86.9038,0.59944,119.953
2026-01-09T07:38:00Z,86.9379,0.60044,120.065
2026-01-09T07:39:00Z,86.9262,0.59969,119.957
2026-01-09T07:40:00Z,86.9499,0.60011,120.05
2026-01-09T07:41:00Z,86.9126,0.59968,119.981
2026-01-09T07:42:00Z,86.9586,0.60051,120.037
2026-01-09T07:43:00Z,86.9229,0.59932,119.968
2026-01-09T07:44:00Z,86.9485,0.60028,120.052
2026-01-09T07:45:00Z,86.9206,0.59974,119.965
2026-01-09T07:46:00Z,86.9542,0.60022,120.019
2026-01-09T07:47:00Z,86.9291,0.59975,119.982
2026-01-09T07:48:00Z,86.9545,0.60082,119.992
2026-01-09T07:49:00Z,86.917,0.59929,119.967
2026-01-09T07:50:00Z,86.9607,0.60067,120.046
2026-01-09T07:51:00Z,86.9117,0.59988,119.992
2026-01-09T07:52:00Z,86.9495,0.60018,120.019
2026-01-09T07:53:00Z,86.9434,0.59955,119.964
2026-01-09T07:54:00Z,86.9477,0.60065,120.024
2026-01-09T07:55:00Z,86.9296,0.59963,119.955
2026-01-09T07:56:00Z,86.9605,0.60044,120.036
2026-01-09T07:57:00Z,86.9235,0.59963,119.974
2026-01-09T07:58:00Z,86.9703,0.60023,120.029
2026-01-09T07:59:00Z,86.9214,0.59902,119.957
2026-01-09T08:00:00Z,86.9691,0.60071,120.015
2026-01-09T08:01:00Z,86.9375,0.59962,119.941
2026-01-09T08:02:00Z,86.9606,0.60063,120.037
2026-01-09T08:03:00Z,86.9267,0.59962,119.977
2026-01-09T08:04:00Z,86.9642,0.60028,120.024
2026-01-09T08:05:00Z,86.9328,0.59972,119.951
2026-01-09T08:06:00Z,86.9593,0.60044,120.043
2026-01-09T08:07:00Z,86.9345,0.59974,119.987
2026-01-09T08:08:00Z,86.9773,0.60044,120.055
2026-01-09T08:09:00Z,86.9417,0.59949,119.972
2026-01-09T08:10:00Z,86.9643,0.60053,120.034
2026-01-09T08:11:00Z,86.9248,0.59963,119.995
2026-01-09T08:12:00Z,86.9736,0.60042,120.079
2026-01-09T08:13:00Z,86.9417,0.59956,119.999
2026-01-09T08:14:00Z,86.9691,0.60059,120.018
2026-01-09T08:15:00Z,86.9392,0.59939,119.987
2026-01-09T08:16:00Z,86.9639,0.60057,120.047
2026-01-09T08:17:00Z,86.9369,0.59959,120.005
2026-01-09T08:18:00Z,86.9742,0.60044,120.036
2026-01-09T08:19:00Z,86.9508,0.59878,119.975
2026-01-09T08:20:00Z,86.9793,0.6007,120.033
2026-01-09T08:21:00Z,86.9377,0.59985,119.984
2026-01-09T08:22:00Z,86.9841,0.60062,120.016
2026-01-09T08:23:00Z,86.9363,0.59952,119.969
2026-01-09T08:24:00Z,86.9732,0.60037,120.049
2026-01-09T08:25:00Z,86.9322,0.59995,119.969
2026-01-09T08:26:00Z,86.9757,0.60036,120.033
2026-01-09T08:27:00Z,86.9702,0.5995,119.962
2026-01-09T08:28:00Z,86.9864,0.60023,120.02
2026-01-09T08:29:00Z,86.9471,0.59996,119.987
2026-01-09T08:30:00Z,86.9768,0.60057,120.044
2026-01-09T08:31:00Z,86.9487,0.59936,119.947
2026-01-09T08:32:00Z,86.9868,0.60035,120.014
2026-01-09T08:33:00Z,86.9439,0.5998,119.977
2026-01-09T08:34:00Z,86.9857,0.60028,120.068
2026-01-09T08:35:00Z,86.9448,0.59959,120.01
2026-01-09T08:36:00Z,86.9753,0.60058,120.028
2026-01-09T08:37:00Z,86.9527,0.59962,119.977
2026-01-09T08:38:00Z,86.9817,0.60056,120.047
2026-01-09T08:39:00Z,86.9434,0.59943,119.959
2026-01-09T08:40:00Z,86.9853,0.60067,120.021
2026-01-09T08:41:00Z,86.9559,0.59974,119.945
2026-01-09T08:42:00Z,86.9737,0.60016,120.025
2026-01-09T08:43:00Z,86.9561,0.59949,119.969
2026-01-09T08:44:00Z,86.9888,0.60059,120.035
2026-01-09T08:45:00Z,86.9546,0.59954,119.941
2026-01-09T08:46:00Z,86.9877,0.60066,120.027
2026-01-09T08:47:00Z,86.9619,0.59987,119.98
2026-01-09T08:48:00Z,87.0007,0.60062,119.999
2026-01-09T08:49:00Z,86.9636,0.59965,119.977
2026-01-09T08:50:00Z,86.9903,0.60046,120.03
2026-01-09T08:51:00Z,86.9551,0.6001,119.998
2026-01-09T08:52:00Z,87.0052,0.60023,120.034
2026-01-09T08:53:00Z,86.9708,0.59967,119.982
2026-01-09T08:54:00Z,86.9927,0.60061,120.042
2026-01-09T08:55:00Z,86.9744,0.59943,120.005
2026-01-09T08:56:00Z,86.9964,0.59997,120.067
2026-01-09T08:57:00Z,86.9424,0.59964,119.995
2026-01-09T08:58:00Z,87.001,0.60062,120.033
2026-01-09T08:59:00Z,86.9595,0.59957,119.977
2026-01-09T09:00:00Z,87.0041,0.60053,120.028
2026-01-09T09:01:00Z,86.9789,0.59972,119.994
2026-01-09T09:02:00Z,87.0042,0.60033,120.02
2026-01-09T09:03:00Z,86.9734,0.59929,119.97
2026-01-09T09:04:00Z,87.006,0.60019,120.049
2026-01-09T09:05:00Z,86.9594,0.59981,119.971
2026-01-09T09:06:00Z,87.0042,0.60017,120.02
2026-01-09T09:07:00Z,86.9732,0.59939,119.955
2026-01-09T09:08:00Z,86.9939,0.6,120.035
2026-01-09T09:09:00Z,86.9591,0.5998,119.985
2026-01-09T09:10:00Z,86.9968,0.60063,120.007
2026-01-09T09:11:00Z,86.9702,0.59949,119.961
2026-01-09T09:12:00Z,87.0064,0.6003,119.993
2026-01-09T09:13:00Z,86.9778,0.59911,119.949
2026-01-09T09:14:00Z,86.9965,0.6002,120.055
2026-01-09T09:15:00Z,86.9866,0.60001,119.967
2026-01-09T09:16:00Z,87.0057,0.60019,120.008
2026-01-09T09:17:00Z,86.9722,0.59966,119.976
2026-01-09T09:18:00Z,87.0061,0.60032,120.041
2026-01-09T09:19:00Z,86.964,0.59952,119.973
2026-01-09T09:20:00Z,87.0048,0.60014,120.025
2026-01-09T09:21:00Z,86.974,0.59927,119.969
2026-01-09T09:22:00Z,87.0109,0.60061,120.028
2026-01-09T09:23:00Z,86.9674,0.59955,119.973
2026-01-09T09:24:00Z,87.0196,0.60038,120.022
2026-01-09T09:25:00Z,86.9764,0.59968,119.979
2026-01-09T09:26:00Z,87.005,0.60052,120.043
2026-01-09T09:27:00Z,86.9647,0.59945,119.965
2026-01-09T09:28:00Z,87.0178,0.60027,120.048
2026-01-09T09:29:00Z,86.9755,0.59938,119.959
2026-01-09T09:30:00Z,87.0159,0.59984,120.012
2026-01-09T09:31:00Z,86.9832,0.59957,119.982
2026-01-09T09:32:00Z,87.0219,0.60012,120.043
2026-01-09T09:33:00Z,86.9883,0.59963,119.981
2026-01-09T09:34:00Z,87.0215,0.60023,120.022
2026-01-09T09:35:00Z,86.9651,0.59958,119.973
2026-01-09T09:36:00Z,87.0208,0.60033,120.04
2026-01-09T09:37:00Z,86.9989,0.59978,119.958
2026-01-09T09:38:00Z,87.02,0.60029,120.034
2026-01-09T09:39:00Z,86.988,0.59977,119.971
2026-01-09T09:40:00Z,87.0194,0.60064,120.036
2026-01-09T09:41:00Z,86.9973,0.59923,119.972
2026-01-09T09:42:00Z,87.013,0.60014,120.037
2026-01-09T09:43:00Z,86.9943,0.5995,119.967
2026-01-09T09:44:00Z,87.0192,0.60038,120.013
2026-01-09T09:45:00Z,86.9968,0.5998,119.972
2026-01-09T09:46:00Z,87.0391,0.60036,120.008
2026-01-09T09:47:00Z,86.9986,0.59977,119.971
2026-01-09T09:48:00Z,87.0372,0.60048,120.037
2026-01-09T09:49:00Z,86.9848,0.59958,119.942
2026-01-09T09:50:00Z,87.0306,0.60054,120.044
2026-01-09T09:51:00Z,86.9897,0.59971,119.979
2026-01-09T09:52:00Z,87.0158,0.60028,120.033
2026-01-09T09:53:00Z,86.9922,0.59955,119.963
2026-01-09T09:54:00Z,87.027,0.60053,120.032
2026-01-09T09:55:00Z,87.0025,0.59951,119.989
2026-01-09T09:56:00Z,87.0345,0.60044,120.044
2026-01-09T09:57:00Z,87.0049,0.59914,119.945
2026-01-09T09:58:00Z,87.0291,0.60075,120.046
2026-01-09T09:59:00Z,87.0026,0.59992,119.989
2026-01-09T10:00:00Z,87.037,0.60012,120.041
2026-01-09T10:01:00Z,86.9936,0.59951,119.966
2026-01-09T10:02:00Z,87.0342,0.60039,120.04
2026-01-09T10:03:00Z,86.9935,0.59973,119.957
2026-01-09T10:04:00Z,87.0261,0.60016,120.027
2026-01-09T10:05:00Z,87.0088,0.59989,119.997
2026-01-09T10:06:00Z,87.0248,0.60036,120.011
2026-01-09T10:07:00Z,87.0075,0.59982,119.971
2026-01-09T10:08:00Z,87.0438,0.60038,119.991
2026-01-09T10:09:00Z,87.0042,0.59954,119.979
2026-01-09T10:10:00Z,87.0409,0.60042,120.023
2026-01-09T10:11:00Z,87.0116,0.59984,119.979
2026-01-09T10:12:00Z,87.0375,0.60061,120.015
2026-01-09T10:13:00Z,87.0139,0.59958,119.994
2026-01-09T10:14:00Z,87.0524,0.60031,120.032
2026-01-09T10:15:00Z,87.0007,0.59901,119.978
2026-01-09T10:16:00Z,87.0517,0.60034,120.03
2026-01-09T10:17:00Z,86.9996,0.59977,119.979
2026-01-09T10:18:00Z,87.0382,0.60026,120.03
2026-01-09T10:19:00Z,87.007,0.59936,119.979
2026-01-09T10:20:00Z,87.0421,0.60042,120.008
2026-01-09T10:21:00Z,87.0159,0.5998,119.996
2026-01-09T10:22:00Z,87.0427,0.60063,120.039
2026-01-09T10:23:00Z,87.0208,0.59931,119.978
2026-01-09T10:24:00Z,87.0413,0.60005,120.038
2026-01-09T10:25:00Z,87.0088,0.59966,119.996
2026-01-09T10:26:00Z,87.0376,0.60052,120.038
2026-01-09T10:27:00Z,87.0209,0.59974,119.974
2026-01-09T10:28:00Z,87.0452,0.60039,120.019
2026-01-09T10:29:00Z,87.0179,0.59952,119.981
2026-01-09T10:30:00Z,87.0562,0.60033,120.004
2026-01-09T10:31:00Z,87.0163,0.59985,119.973
2026-01-09T10:32:00Z,87.041,0.60068,120.041
2026-01-09T10:33:00Z,87.0138,0.59947,119.956
2026-01-09T10:34:00Z,87.0584,0.60025,120.046
2026-01-09T10:35:00Z,87.021,0.59941,119.974
2026-01-09T10:36:00Z,87.0509,0.60041,120.035
2026-01-09T10:37:00Z,87.0226,0.59926,119.966
2026-01-09T10:38:00Z,87.0617,0.60049,120.02
2026-01-09T10:39:00Z,87.0146,0.59959,119.968
2026-01-09T10:40:00Z,87.0528,0.60032,120.019
2026-01-09T10:41:00Z,87.0313,0.59955,119.989
2026-01-09T10:42:00Z,87.054,0.60011,120.047
2026-01-09T10:43:00Z,87.0101,0.59953,119.996
2026-01-09T10:44:00Z,87.0667,0.60052,120.03
2026-01-09T10:45:00Z,87.0433,0.59959,119.967
2026-01-09T10:46:00Z,87.0395,0.60046,120.025
2026-01-09T10:47:00Z,87.0286,0.59975,119.964
2026-01-09T10:48:00Z,87.0762,0.60048,120.017
2026-01-09T10:49:00Z,87.0281,0.59969,119.984
2026-01-09T10:50:00Z,87.0585,0.60025,120.039
2026-01-09T10:51:00Z,87.0462,0.5994,119.972
2026-01-09T10:52:00Z,87.0714,0.60031,120.053
2026-01-09T10:53:00Z,87.0323,0.5995,119.96
2026-01-09T10:54:00Z,87.0498,0.60071,120.01
2026-01-09T10:55:00Z,87.0251,0.59974,119.992
2026-01-09T10:56:00Z,87.0676,0.60029,120.024
2026-01-09T10:57:00Z,87.0381,0.59987,119.96
2026-01-09T10:58:00Z,87.0715,0.60026,120.02
2026-01-09T10:59:00Z,87.0212,0.59895,120.003
2026-01-09T11:00:00Z,87.0503,0.60019,120.031
2026-01-09T11:01:00Z,87.0515,0.59954,119.982
2026-01-09T11:02:00Z,87.0577,0.60038,120.035
2026-01-09T11:03:00Z,87.0412,0.60001,119.964
2026-01-09T11:04:00Z,87.0702,0.60056,120.025
2026-01-09T11:05:00Z,87.0313,0.59933,119.962
2026-01-09T11:06:00Z,87.0743,0.60021,120.051
2026-01-09T11:07:00Z,87.0327,0.59935,119.972
2026-01-09T11:08:00Z,87.0624,0.60018,120.044
2026-01-09T11:09:00Z,87.048,0.59928,119.963
2026-01-09T11:10:00Z,87.0691,0.60068,120.024
2026-01-09T11:11:00Z,87.0434,0.59957,119.963
2026-01-09T11:12:00Z,87.0704,0.60014,120.021
2026-01-09T11:13:00Z,87.0408,0.59965,119.96
2026-01-09T11:14:00Z,87.0673,0.60059,120.041
2026-01-09T11:15:00Z,87.0496,0.59934,119.994
2026-01-09T11:16:00Z,87.0652,0.60053,120.025
2026-01-09T11:17:00Z,87.0441,0.59953,119.928
2026-01-09T11:18:00Z,87.0755,0.60071,120.036
2026-01-09T11:19:00Z,87.0393,0.59983,119.96
2026-01-09T11:20:00Z,87.0846,0.60016,120.029
2026-01-09T11:21:00Z,87.0382,0.5997,120.015
2026-01-09T11:22:00Z,87.0736,0.59992,120.006
2026-01-09T11:23:00Z,87.0422,0.5997,119.954
2026-01-09T11:24:00Z,87.0985,0.60022,120.034
2026-01-09T11:25:00Z,87.0582,0.59972,119.979
2026-01-09T11:26:00Z,87.0777,0.60043,120.026
2026-01-09T11:27:00Z,87.0409,0.59969,119.97
2026-01-09T11:28:00Z,87.0833,0.60058,120.033
2026-01-09T11:29:00Z,87.0489,0.5998,119.969
2026-01-09T11:30:00Z,87.0946,0.6002,120.007
2026-01-09T11:31:00Z,87.056,0.5996,119.96
2026-01-09T11:32:00Z,87.0774,0.60023,120.03
2026-01-09T11:33:00Z,87.0559,0.59977,119.975
2026-01-09T11:34:00Z,87.0837,0.60028,120.057
2026-01-09T11:35:00Z,87.0469,0.59969,119.954
2026-01-09T11:36:00Z,87.0884,0.6004,120.03
2026-01-09T11:37:00Z,87.0545,0.59963,119.983
2026-01-09T11:38:00Z,87.0968,0.6005,120.043
2026-01-09T11:39:00Z,87.062,0.59959,119.965
2026-01-09T11:40:00Z,87.0871,0.60055,120.033
2026-01-09T11:41:00Z,87.0705,0.59953,119.963
2026-01-09T11:42:00Z,87.0965,0.60068,120.034
2026-01-09T11:43:00Z,87.0665,0.5996,119.969
2026-01-09T11:44:00Z,87.088,0.60029,120.05
2026-01-09T11:45:00Z,87.0661,0.5997,119.949
2026-01-09T11:46:00Z,87.0964,0.60052,120.024
2026-01-09T11:47:00Z,87.0646,0.59958,119.986
2026-01-09T11:48:00Z,87.0882,0.6001,120.017
2026-01-09T11:49:00Z,87.0599,0.59946,119.987
2026-01-09T11:50:00Z,87.1049,0.60044,120.021
2026-01-09T11:51:00Z,87.0613,0.59995,119.991
2026-01-09T11:52:00Z,87.0951,0.60047,120.025
2026-01-09T11:53:00Z,87.0596,0.59953,119.946
2026-01-09T11:54:00Z,87.0882,0.60058,120.026
2026-01-09T11:55:00Z,87.0617,0.5998,119.973
2026-01-09T11:56:00Z,87.1083,0.60013,120.04
2026-01-09T11:57:00Z,87.0511,0.59955,119.993
2026-01-09T11:58:00Z,87.0973,0.60025,120.039
2026-01-09T11:59:00Z,87.0713,0.59979,119.963
2026-01-09T12:00:00Z,87.1032,0.60034,120.019
2026-01-09T12:01:00Z,87.0811,0.5997,119.986
2026-01-09T12:02:00Z,87.1221,0.60052,120.018
2026-01-09T12:03:00Z,87.0778,0.59937,119.954
2026-01-09T12:04:00Z,87.107,0.60037,120.028
2026-01-09T12:05:00Z,87.0845,0.59952,119.985
2026-01-09T12:06:00Z,87.0953,0.60041,120.045
2026-01-09T12:07:00Z,87.0649,0.59956,119.968
2026-01-09T12:08:00Z,87.1008,0.60046,120.022
2026-01-09T12:09:00Z,87.0735,0.59954,119.98
2026-01-09T12:10:00Z,87.1109,0.60102,120.034
2026-01-09T12:11:00Z,87.0688,0.59942,119.98
2026-01-09T12:12:00Z,87.1221,0.60075,120.036
2026-01-09T12:13:00Z,87.0816,0.59934,119.969
2026-01-09T12:14:00Z,87.106,0.60029,120.04
2026-01-09T12:15:00Z,87.0765,0.59944,119.993
2026-01-09T12:16:00Z,87.1253,0.6005,120.024
2026-01-09T12:17:00Z,87.0845,0.59981,119.967
2026-01-09T12:18:00Z,87.1066,0.60038,120.032
2026-01-09T12:19:00Z,87.0886,0.59972,119.957
2026-01-09T12:20:00Z,87.1059,0.60007,120.031
2026-01-09T12:21:00Z,87.07,0.59967,119.957
2026-01-09T12:22:00Z,87.1168,0.60065,120.031
2026-01-09T12:23:00Z,87.0929,0.59949,119.97
2026-01-09T12:24:00Z,87.1146,0.60053,120.028
2026-01-09T12:25:00Z,87.0855,0.59989,119.976
2026-01-09T12:26:00Z,87.1202,0.60063,120.021
2026-01-09T12:27:00Z,87.0828,0.59927,119.96
2026-01-09T12:28:00Z,87.1224,0.60015,120.035
2026-01-09T12:29:00Z,87.0984,0.59944,119.959
2026-01-09T12:30:00Z,87.1126,0.60043,120.02
2026-01-09T12:31:00Z,87.0959,0.59974,119.97
2026-01-09T12:32:00Z,87.1127,0.60038,120.037
2026-01-09T12:33:00Z,87.1008,0.59981,119.978
2026-01-09T12:34:00Z,87.1096,0.60032,120.054
2026-01-09T12:35:00Z,87.0963,0.5997,119.965
2026-01-09T12:36:00Z,87.1124,0.60026,120.031
2026-01-09T12:37:00Z,87.1076,0.59981,119.953
2026-01-09T12:38:00Z,87.123,0.60018,120.044
2026-01-09T12:39:00Z,87.0938,0.59935,119.966
2026-01-09T12:40:00Z,87.1358,0.60066,120.022
2026-01-09T12:41:00Z,87.1091,0.59942,119.961
2026-01-09T12:42:00Z,87.1294,0.60068,120.035
2026-01-09T12:43:00Z,87.0944,0.59968,119.988
2026-01-09T12:44:00Z,87.1277,0.60036,120.032
2026-01-09T12:45:00Z,87.0807,0.59962,119.957
2026-01-09T12:46:00Z,87.1188,0.60054,120.051
2026-01-09T12:47:00Z,87.0935,0.5993,119.986
2026-01-09T12:48:00Z,87.1354,0.60065,120.04
2026-01-09T12:49:00Z,87.1096,0.59968,119.977
2026-01-09T12:50:00Z,87.1385,0.60068,120.027
2026-01-09T12:51:00Z,87.0981,0.59975,119.957
2026-01-09T12:52:00Z,87.1406,0.60089,120.031
2026-01-09T12:53:00Z,87.0988,0.59945,119.99
2026-01-09T12:54:00Z,87.1468,0.60052,120.036
2026-01-09T12:55:00Z,87.0979,0.59915,119.967
2026-01-09T12:56:00Z,87.145,0.60037,120.029
2026-01-09T12:57:00Z,87.1137,0.59954,119.98
2026-01-09T12:58:00Z,87.1348,0.60042,120.036
2026-01-09T12:59:00Z,87.0986,0.59966,119.958
2026-01-09T13:00:00Z,87.1473,0.60038,119.993
2026-01-09T13:01:00Z,87.1026,0.59973,119.968
2026-01-09T13:02:00Z,87.1312,0.60067,120.028
2026-01-09T13:03:00Z,87.1092,0.59968,119.995
2026-01-09T13:04:00Z,87.1476,0.60017,120.024
2026-01-09T13:05:00Z,87.1131,0.59979,119.959
2026-01-09T13:06:00Z,87.1427,0.60032,120.047
2026-01-09T13:07:00Z,87.1092,0.59985,119.976
2026-01-09T13:08:00Z,87.1432,0.60052,120.036
2026-01-09T13:09:00Z,87.1208,0.59963,119.93
2026-01-09T13:10:00Z,87.1325,0.60032,120.025
2026-01-09T13:11:00Z,87.122,0.59966,119.945
2026-01-09T13:12:00Z,87.1427,0.60037,120.032
2026-01-09T13:13:00Z,87.1242,0.59965,119.98
2026-01-09T13:14:00Z,87.1443,0.60026,120.034
2026-01-09T13:15:00Z,87.1212,0.59967,119.962
2026-01-09T13:16:00Z,87.141,0.59992,120.01
2026-01-09T13:17:00Z,87.122,0.59963,119.978
2026-01-09T13:18:00Z,87.1496,0.60069,120.045
2026-01-09T13:19:00Z,87.102,0.59968,119.962
2026-01-09T13:20:00Z,87.1459,0.60044,120.019
2026-01-09T13:21:00Z,87.1144,0.59977,119.926
2026-01-09T13:22:00Z,87.1588,0.60044,120.038
2026-01-09T13:23:00Z,87.1315,0.59976,119.982
2026-01-09T13:24:00Z,87.1618,0.60004,120.051
2026-01-09T13:25:00Z,87.1318,0.5996,119.979
2026-01-09T13:26:00Z,87.1518,0.60053,120.059
2026-01-09T13:27:00Z,87.1069,0.59984,119.968
2026-01-09T13:28:00Z,87.1418,0.6004,120.005
2026-01-09T13:29:00Z,87.1336,0.5992,119.957
2026-01-09T13:30:00Z,87.1586,0.60045,120.039
2026-01-09T13:31:00Z,87.1179,0.59954,119.983
2026-01-09T13:32:00Z,87.1723,0.60049,120.019
2026-01-09T13:33:00Z,87.1289,0.59986,119.972
2026-01-09T13:34:00Z,87.1688,0.60017,120.02
2026-01-09T13:35:00Z,87.13,0.59971,119.985
2026-01-09T13:36:00Z,87.1542,0.60079,120.028
2026-01-09T13:37:00Z,87.1346,0.59964,119.99
2026-01-09T13:38:00Z,87.1606,0.60026,120.039
2026-01-09T13:39:00Z,87.1364,0.5996,119.996
2026-01-09T13:40:00Z,87.1797,0.6006,120.035
2026-01-09T13:41:00Z,87.1222,0.59981,119.958
2026-01-09T13:42:00Z,87.1716,0.60043,120.026
2026-01-09T13:43:00Z,87.1344,0.59983,119.973
2026-01-09T13:44:00Z,87.1668,0.60008,120.011
2026-01-09T13:45:00Z,87.1292,0.59951,119.96
2026-01-09T13:46:00Z,87.1553,0.6006,120.06
2026-01-09T13:47:00Z,87.1464,0.59951,119.984
2026-01-09T13:48:00Z,87.1676,0.60031,120.036
2026-01-09T13:49:00Z,87.1359,0.59963,119.948
2026-01-09T13:50:00Z,87.1659,0.60042,120.037
2026-01-09T13:51:00Z,87.1292,0.59998,119.958
2026-01-09T13:52:00Z,87.1574,0.60066,120.029
2026-01-09T13:53:00Z,87.137,0.59977,119.958
2026-01-09T13:54:00Z,87.1643,0.60031,120.026
2026-01-09T13:55:00Z,87.1243,0.59977,119.957
2026-01-09T13:56:00Z,87.1652,0.60019,120.022
2026-01-09T13:57:00Z,87.1468,0.59962,119.975
2026-01-09T13:58:00Z,87.1858,0.60005,120.038
2026-01-09T13:59:00Z,87.1349,0.59928,119.963
2026-01-09T14:00:00Z,87.1824,0.6001,120.03
2026-01-09T14:01:00Z,87.1485,0.59978,119.967
2026-01-09T14:02:00Z,87.1867,0.6005,120.031
2026-01-09T14:03:00Z,87.1496,0.59972,119.96
2026-01-09T14:04:00Z,87.1767,0.60023,120.015
2026-01-09T14:05:00Z,87.1492,0.59913,119.985
2026-01-09T14:06:00Z,87.1837,0.60021,120.032
2026-01-09T14:07:00Z,87.1458,0.59952,119.974
2026-01-09T14:08:00Z,87.1816,0.60027,120.056
2026-01-09T14:09:00Z,87.1497,0.59966,119.994
2026-01-09T14:10:00Z,87.1759,0.60054,120.007
2026-01-09T14:11:00Z,87.1497,0.5995,119.985
2026-01-09T14:12:00Z,87.1877,0.60019,120.024
2026-01-09T14:13:00Z,87.1478,0.59897,119.967
2026-01-09T14:14:00Z,87.2042,0.6005,120.023
2026-01-09T14:15:00Z,87.1526,0.59958,119.96
2026-01-09T14:16:00Z,87.1806,0.60046,120.04
2026-01-09T14:17:00Z,87.1608,0.59959,119.976
2026-01-09T14:18:00Z,87.1822,0.60071,120.023
2026-01-09T14:19:00Z,87.1521,0.59968,119.949
2026-01-09T14:20:00Z,87.1855,0.60073,120.044
2026-01-09T14:21:00Z,87.1641,0.59971,119.986
2026-01-09T14:22:00Z,87.1828,0.6004,120.039
2026-01-09T14:23:00Z,87.1635,0.59977,119.979
2026-01-09T14:24:00Z,87.1845,0.60043,120.043
2026-01-09T14:25:00Z,87.1545,0.59971,119.966
2026-01-09T14:26:00Z,87.1872,0.60033,120.018
2026-01-09T14:27:00Z,87.158,0.59981,119.975
2026-01-09T14:28:00Z,87.2044,0.6009,120.062
2026-01-09T14:29:00Z,87.152,0.59984,119.956
2026-01-09T14:30:00Z,87.1921,0.60032,120.032
2026-01-09T14:31:00Z,87.1597,0.59958,119.962
2026-01-09T14:32:00Z,87.196,0.60039,120.022
2026-01-09T14:33:00Z,87.1577,0.59952,119.971
2026-01-09T14:34:00Z,87.2006,0.59999,120.032
2026-01-09T14:35:00Z,87.1692,0.59968,119.981
2026-01-09T14:36:00Z,87.1992,0.59985,120.01
2026-01-09T14:37:00Z,87.1466,0.59966,119.953
2026-01-09T14:38:00Z,87.1994,0.60045,120.026
2026-01-09T14:39:00Z,87.1856,0.59981,119.964
2026-01-09T14:40:00Z,87.2007,0.6004,120.028
2026-01-09T14:41:00Z,87.156,0.59976,119.953
2026-01-09T14:42:00Z,87.1948,0.6004,120.03
2026-01-09T14:43:00Z,87.1674,0.59981,119.998
2026-01-09T14:44:00Z,87.2107,0.60043,120.06
2026-01-09T14:45:00Z,87.1724,0.59942,119.989
2026-01-09T14:46:00Z,87.2084,0.60041,120.03
2026-01-09T14:47:00Z,87.1731,0.59969,119.972
2026-01-09T14:48:00Z,87.1871,0.60052,120.005
2026-01-09T14:49:00Z,87.1871,0.59937,119.97
2026-01-09T14:50:00Z,87.1931,0.60019,120.044
2026-01-09T14:51:00Z,87.1814,0.59945,119.996
2026-01-09T14:52:00Z,87.2017,0.60005,120.045
2026-01-09T14:53:00Z,87.1848,0.59962,119.964
2026-01-09T14:54:00Z,87.2091,0.60039,120.025
2026-01-09T14:55:00Z,87.1821,0.59964,119.971
2026-01-09T14:56:00Z,87.2182,0.60035,120.045
2026-01-09T14:57:00Z,87.1795,0.59931,119.975
2026-01-09T14:58:00Z,87.223,0.60048,120.033
2026-01-09T14:59:00Z,87.1785,0.59966,119.974
2026-01-09T15:00:00Z,87.2159,0.60053,120.029
2026-01-09T15:01:00Z,87.1733,0.59961,119.971
2026-01-09T15:02:00Z,87.1937,0.60048,120.038
2026-01-09T15:03:00Z,87.1806,0.59953,119.936
2026-01-09T15:04:00Z,87.2242,0.60059,120.019
2026-01-09T15:05:00Z,87.1784,0.59964,119.985
2026-01-09T15:06:00Z,87.2081,0.60014,120.038
2026-01-09T15:07:00Z,87.1959,0.59951,119.991
2026-01-09T15:08:00Z,87.2119,0.60086,120.015
2026-01-09T15:09:00Z,87.1923,0.59949,120.003
2026-01-09T15:10:00Z,87.2255,0.60024,120.031
2026-01-09T15:11:00Z,87.1876,0.59955,119.963
2026-01-09T15:12:00Z,87.2265,0.60048,120.053
2026-01-09T15:13:00Z,87.1802,0.5995,119.965
2026-01-09T15:14:00Z,87.2187,0.60033,120.024
2026-01-09T15:15:00Z,87.1824,0.59955,119.975
2026-01-09T15:16:00Z,87.2127,0.60041,120.025
2026-01-09T15:17:00Z,87.1856,0.5997,119.981
2026-01-09T15:18:00Z,87.2194,0.60018,120.033
2026-01-09T15:19:00Z,87.1908,0.59961,119.958
2026-01-09T15:20:00Z,87.2257,0.60029,119.99
2026-01-09T15:21:00Z,87.1859,0.60001,119.966
2026-01-09T15:22:00Z,87.2271,0.6,120.044
2026-01-09T15:23:00Z,87.2009,0.59959,119.976
2026-01-09T15:24:00Z,87.241,0.60015,120.015
2026-01-09T15:25:00Z,87.1923,0.59963,119.971
2026-01-09T15:26:00Z,87.2144,0.6006,120.029
2026-01-09T15:27:00Z,87.1985,0.59976,119.942
2026-01-09T15:28:00Z,87.2113,0.60058,120.024
2026-01-09T15:29:00Z,87.2078,0.59937,119.959
2026-01-09T15:30:00Z,87.2249,0.60077,120.039
2026-01-09T15:31:00Z,87.2056,0.59957,119.972
2026-01-09T15:32:00Z,87.2227,0.60032,120.019
2026-01-09T15:33:00Z,87.1977,0.59971,119.973
2026-01-09T15:34:00Z,87.2347,0.60084,120.03
2026-01-09T15:35:00Z,87.2015,0.59961,119.975
2026-01-09T15:36:00Z,87.24,0.60041,120.014
2026-01-09T15:37:00Z,87.205,0.59977,119.97
2026-01-09T15:38:00Z,87.2403,0.60047,120.04
2026-01-09T15:39:00Z,87.2157,0.59942,119.976
2026-01-09T15:40:00Z,87.2401,0.60024,120.028
2026-01-09T15:41:00Z,87.2058,0.59942,119.992
2026-01-09T15:42:00Z,87.2403,0.60059,120.016
2026-01-09T15:43:00Z,87.1859,0.59968,119.985
2026-01-09T15:44:00Z,87.2302,0.60042,120.018
2026-01-09T15:45:00Z,87.2095,0.59985,119.966
2026-01-09T15:46:00Z,87.2316,0.60044,120.047
2026-01-09T15:47:00Z,87.2084,0.59976,119.989
2026-01-09T15:48:00Z,87.2563,0.60034,120.029
2026-01-09T15:49:00Z,87.2052,0.59948,119.979
2026-01-09T15:50:00Z,87.2421,0.60025,120.018
2026-01-09T15:51:00Z,87.2114,0.59939,119.968
2026-01-09T15:52:00Z,87.2266,0.60046,120.044
2026-01-09T15:53:00Z,87.2099,0.59978,119.96
2026-01-09T15:54:00Z,87.2413,0.60052,120.018
2026-01-09T15:55:00Z,87.2325,0.59985,119.962
2026-01-09T15:56:00Z,87.2488,0.60003,120.039
2026-01-09T15:57:00Z,87.2108,0.59973,119.961
2026-01-09T15:58:00Z,87.2257,0.60033,120.029
2026-01-09T15:59:00Z,87.2097,0.59964,119.961
2026-01-09T16:00:00Z,87.2513,0.60034,120.045
2026-01-09T16:01:00Z,87.2112,0.59957,119.98
2026-01-09T16:02:00Z,87.2377,0.60049,120.041
2026-01-09T16:03:00Z,87.2312,0.59924,119.965
2026-01-09T16:04:00Z,87.2492,0.60057,120.042
2026-01-09T16:05:00Z,87.2115,0.59927,119.979
2026-01-09T16:06:00Z,87.2503,0.60047,120.028
2026-01-09T16:07:00Z,87.2342,0.59977,119.984
2026-01-09T16:08:00Z,87.2417,0.6004,120.049
2026-01-09T16:09:00Z,87.2366,0.59958,119.984
2026-01-09T16:10:00Z,87.2473,0.60008,120.023
2026-01-09T16:11:00Z,87.2186,0.59947,119.963
2026-01-09T16:12:00Z,87.2636,0.60018,120.04
2026-01-09T16:13:00Z,87.2248,0.59949,119.965
2026-01-09T16:14:00Z,87.2672,0.60058,120.004
2026-01-09T16:15:00Z,87.2214,0.5993,119.979
2026-01-09T16:16:00Z,87.2509,0.60046,120.042
2026-01-09T16:17:00Z,87.2186,0.59979,119.992
2026-01-09T16:18:00Z,87.2597,0.60029,120.012
2026-01-09T16:19:00Z,87.2134,0.59975,119.963
2026-01-09T16:20:00Z,87.2475,0.60066,120.024
2026-01-09T16:21:00Z,87.2304,0.5997,119.934
2026-01-09T16:22:00Z,87.2556,0.60026,120.067
2026-01-09T16:23:00Z,87.2384,0.59961,119.962
2026-01-09T16:24:00Z,87.2445,0.60046,120.03
2026-01-09T16:25:00Z,87.2248,0.59956,119.957
2026-01-09T16:26:00Z,87.2596,0.60023,120.03
2026-01-09T16:27:00Z,87.2366,0.59924,119.952
2026-01-09T16:28:00Z,87.264,0.60064,120.02
2026-01-09T16:29:00Z,87.2325,0.60002,119.953
2026-01-09T16:30:00Z,87.2669,0.60062,120.044
2026-01-09T16:31:00Z,87.2445,0.59971,119.984
2026-01-09T16:32:00Z,87.2632,0.6004,120.027
2026-01-09T16:33:00Z,87.2326,0.59963,119.991
2026-01-09T16:34:00Z,87.2765,0.60056,120.049
2026-01-09T16:35:00Z,87.2321,0.60003,119.967
2026-01-09T16:36:00Z,87.2739,0.60038,120.06
2026-01-09T16:37:00Z,87.2344,0.59968,119.966
2026-01-09T16:38:00Z,87.2669,0.60058,120.028
2026-01-09T16:39:00Z,87.2563,0.59966,119.959
2026-01-09T16:40:00Z,87.2677,0.6003,120.047
2026-01-09T16:41:00Z,87.2393,0.59954,119.982
2026-01-09T16:42:00Z,87.2739,0.60031,120.027
2026-01-09T16:43:00Z,87.2377,0.59956,119.964
2026-01-09T16:44:00Z,87.2697,0.60017,120.03
2026-01-09T16:45:00Z,87.2378,0.59966,119.955
2026-01-09T16:46:00Z,87.2815,0.60026,120.05
2026-01-09T16:47:00Z,87.2289,0.59929,119.99
2026-01-09T16:48:00Z,87.2857,0.59985,120.036
2026-01-09T16:49:00Z,87.2552,0.59949,119.967
2026-01-09T16:50:00Z,87.2802,0.60054,120.036
2026-01-09T16:51:00Z,87.2468,0.59943,119.978
2026-01-09T16:52:00Z,87.2826,0.6003,120.044
2026-01-09T16:53:00Z,87.2458,0.59963,119.991
2026-01-09T16:54:00Z,87.2771,0.60036,120.026
2026-01-09T16:55:00Z,87.2532,0.59954,119.955
2026-01-09T16:56:00Z,87.2777,0.60039,120.064
2026-01-09T16:57:00Z,87.2509,0.59949,120.0
2026-01-09T16:58:00Z,87.2804,0.60021,120.045
2026-01-09T16:59:00Z,87.2553,0.59971,119.95
2026-01-09T17:00:00Z,87.2741,0.60013,120.045
2026-01-09T17:01:00Z,87.2564,0.59969,119.966
2026-01-09T17:02:00Z,87.2725,0.60038,120.017
2026-01-09T17:03:00Z,87.2516,0.59948,119.963
2026-01-09T17:04:00Z,87.2873,0.60022,120.016
2026-01-09T17:05:00Z,87.2451,0.59957,119.955
2026-01-09T17:06:00Z,87.2813,0.6009,120.016
2026-01-09T17:07:00Z,87.2596,0.59973,119.997
2026-01-09T17:08:00Z,87.2712,0.6004,120.057
2026-01-09T17:09:00Z,87.2539,0.59995,119.969
2026-01-09T17:10:00Z,87.2948,0.60027,120.007
2026-01-09T17:11:00Z,87.2637,0.59955,119.975
2026-01-09T17:12:00Z,87.2934,0.60019,120.029
2026-01-09T17:13:00Z,87.2602,0.6,119.974
2026-01-09T17:14:00Z,87.2907,0.60031,120.038
2026-01-09T17:15:00Z,87.2696,0.5996,119.955
2026-01-09T17:16:00Z,87.2977,0.60059,120.021
2026-01-09T17:17:00Z,87.2563,0.59979,119.98
2026-01-09T17:18:00Z,87.2985,0.6006,120.028
2026-01-09T17:19:00Z,87.2704,0.59961,119.937
2026-01-09T17:20:00Z,87.2961,0.60068,120.035
2026-01-09T17:21:00Z,87.2568,0.59969,119.967
2026-01-09T17:22:00Z,87.297,0.6004,120.012
2026-01-09T17:23:00Z,87.2634,0.5995,119.987
2026-01-09T17:24:00Z,87.3078,0.60023,120.007
2026-01-09T17:25:00Z,87.2738,0.59948,119.947
2026-01-09T17:26:00Z,87.2926,0.60039,120.033
2026-01-09T17:27:00Z,87.2692,0.59969,119.947
2026-01-09T17:28:00Z,87.3141,0.60037,120.035
2026-01-09T17:29:00Z,87.2822,0.59939,119.977
2026-01-09T17:30:00Z,87.3102,0.60037,120.031
2026-01-09T17:31:00Z,87.2612,0.59933,119.982
2026-01-09T17:32:00Z,87.3033,0.60054,120.032
2026-01-09T17:33:00Z,87.2725,0.59938,119.99
2026-01-09T17:34:00Z,87.2985,0.60053,120.058
2026-01-09T17:35:00Z,87.2649,0.59996,119.977
2026-01-09T17:36:00Z,87.3137,0.60029,120.006
2026-01-09T17:37:00Z,87.2739,0.59955,119.968
2026-01-09T17:38:00Z,87.3026,0.60029,120.026
2026-01-09T17:39:00Z,87.2789,0.59945,119.966
2026-01-09T17:40:00Z,87.3094,0.60022,120.026
2026-01-09T17:41:00Z,87.2683,0.59945,119.945
2026-01-09T17:42:00Z,87.2919,0.6004,120.013
2026-01-09T17:43:00Z,87.2791,0.59947,119.987
2026-01-09T17:44:00Z,87.3278,0.6005,120.049
2026-01-09T17:45:00Z,87.2777,0.59965,119.948
2026-01-09T17:46:00Z,87.3221,0.60011,120.053
2026-01-09T17:47:00Z,87.2811,0.59968,119.972
2026-01-09T17:48:00Z,87.3069,0.60039,120.029
2026-01-09T17:49:00Z,87.2898,0.59921,119.97
2026-01-09T17:50:00Z,87.3197,0.60057,120.022
2026-01-09T17:51:00Z,87.2755,0.59919,119.934
2026-01-09T17:52:00Z,87.31,0.60049,119.998
2026-01-09T17:53:00Z,87.2945,0.59959,119.961
2026-01-09T17:54:00Z,87.3144,0.60059,120.046
2026-01-09T17:55:00Z,87.2776,0.59948,119.961
2026-01-09T17:56:00Z,87.3107,0.60073,120.028
2026-01-09T17:57:00Z,87.2802,0.59975,119.954
2026-01-09T17:58:00Z,87.3201,0.60016,120.03
2026-01-09T17:59:00Z,87.296,0.5992,119.979
2026-01-09T18:00:00Z,87.321,0.60047,120.024
2026-01-09T18:01:00Z,87.2972,0.59966,119.958
2026-01-09T18:02:00Z,87.3315,0.60064,120.051
2026-01-09T18:03:00Z,87.3056,0.59953,119.966
2026-01-09T18:04:00Z,87.3187,0.60051,120.035
2026-01-09T18:05:00Z,87.2845,0.59968,119.965
2026-01-09T18:06:00Z,87.3239,0.60063,120.029
2026-01-09T18:07:00Z,87.2798,0.59961,119.96
2026-01-09T18:08:00Z,87.3322,0.60037,120.061
2026-01-09T18:09:00Z,87.2929,0.59964,119.992
2026-01-09T18:10:00Z,87.3228,0.60052,120.025
2026-01-09T18:11:00Z,87.2863,0.59966,119.959
2026-01-09T18:12:00Z,87.328,0.60034,120.032
2026-01-09T18:13:00Z,87.2944,0.59985,119.972
2026-01-09T18:14:00Z,87.3329,0.60051,120.055
2026-01-09T18:15:00Z,87.2982,0.59975,119.966
2026-01-09T18:16:00Z,87.3375,0.60046,120.03
2026-01-09T18:17:00Z,87.3007,0.59958,119.975
2026-01-09T18:18:00Z,87.3317,0.60069,120.022
2026-01-09T18:19:00Z,87.2963,0.59969,119.968
2026-01-09T18:20:00Z,87.3323,0.60048,120.048
2026-01-09T18:21:00Z,87.3032,0.59951,119.994
2026-01-09T18:22:00Z,87.3268,0.60045,120.04
2026-01-09T18:23:00Z,87.3176,0.59963,119.966
2026-01-09T18:24:00Z,87.3297,0.60073,120.009
2026-01-09T18:25:00Z,87.3038,0.5997,119.968
2026-01-09T18:26:00Z,87.3247,0.60047,120.052
2026-01-09T18:27:00Z,87.2968,0.59966,119.973
2026-01-09T18:28:00Z,87.3226,0.60053,120.041
2026-01-09T18:29:00Z,87.3067,0.59949,119.982
2026-01-09T18:30:00Z,87.3421,0.60052,120.056
2026-01-09T18:31:00Z,87.3204,0.60002,119.979
2026-01-09T18:32:00Z,87.3409,0.6003,120.014
2026-01-09T18:33:00Z,87.3025,0.59967,119.947
2026-01-09T18:34:00Z,87.3395,0.60011,120.035
2026-01-09T18:35:00Z,87.3078,0.59949,119.975
2026-01-09T18:36:00Z,87.3342,0.60011,120.036
2026-01-09T18:37:00Z,87.3118,0.59964,119.956
2026-01-09T18:38:00Z,87.3277,0.6004,120.075
2026-01-09T18:39:00Z,87.3178,0.60007,119.961
2026-01-09T18:40:00Z,87.333,0.60081,120.033
2026-01-09T18:41:00Z,87.3218,0.6,119.972
2026-01-09T18:42:00Z,87.3424,0.60019,120.035
2026-01-09T18:43:00Z,87.318,0.59938,119.967
2026-01-09T18:44:00Z,87.3246,0.60044,120.016
2026-01-09T18:45:00Z,87.3127,0.5996,119.949
2026-01-09T18:46:00Z,87.3512,0.60034,120.025
2026-01-09T18:47:00Z,87.3127,0.59984,119.973
2026-01-09T18:48:00Z,87.3513,0.60033,120.026
2026-01-09T18:49:00Z,87.3101,0.59933,119.989
2026-01-09T18:50:00Z,87.3548,0.60058,120.025
2026-01-09T18:51:00Z,87.315,0.59968,119.973
2026-01-09T18:52:00Z,87.3417,0.60065,120.055
2026-01-09T18:53:00Z,87.3222,0.59959,119.943
2026-01-09T18:54:00Z,87.3375,0.6005,120.04
2026-01-09T18:55:00Z,87.3303,0.59961,119.971
2026-01-09T18:56:00Z,87.3579,0.60022,120.004
2026-01-09T18:57:00Z,87.327,0.59959,119.963
2026-01-09T18:58:00Z,87.3539,0.6005,120.04
2026-01-09T18:59:00Z,87.3263,0.59971,119.965
2026-01-09T19:00:00Z,87.3537,0.60016,120.024
2026-01-09T19:01:00Z,87.3239,0.59981,119.962
2026-01-09T19:02:00Z,87.3722,0.60022,120.036
2026-01-09T19:03:00Z,87.3333,0.59948,119.978
2026-01-09T19:04:00Z,87.3734,0.60053,120.023
2026-01-09T19:05:00Z,87.3253,0.59942,119.982
2026-01-09T19:06:00Z,87.3604,0.60049,120.017
2026-01-09T19:07:00Z,87.3324,0.59958,119.997
2026-01-09T19:08:00Z,87.3687,0.6004,120.004
2026-01-09T19:09:00Z,87.3256,0.59971,120.0
2026-01-09T19:10:00Z,87.362,0.60023,120.01
2026-01-09T19:11:00Z,87.337,0.59969,119.955
2026-01-09T19:12:00Z,87.371,0.60051,120.03
2026-01-09T19:13:00Z,87.337,0.59967,119.989
2026-01-09T19:14:00Z,87.373,0.60028,120.028
2026-01-09T19:15:00Z,87.3294,0.59961,119.98
2026-01-09T19:16:00Z,87.379,0.60082,120.037
2026-01-09T19:17:00Z,87.3422,0.59958,119.972
2026-01-09T19:18:00Z,87.3592,0.6009,120.005
2026-01-09T19:19:00Z,87.3289,0.6,119.997
2026-01-09T19:20:00Z,87.3724,0.60054,120.038
2026-01-09T19:21:00Z,87.3383,0.59956,119.977
2026-01-09T19:22:00Z,87.3702,0.60041,120.04
2026-01-09T19:23:00Z,87.3414,0.59928,119.973
2026-01-09T19:24:00Z,87.3656,0.60039,120.033
2026-01-09T19:25:00Z,87.3442,0.59967,119.958
2026-01-09T19:26:00Z,87.3652,0.60036,120.051
2026-01-09T19:27:00Z,87.3438,0.59967,119.954
2026-01-09T19:28:00Z,87.3698,0.60032,120.008
2026-01-09T19:29:00Z,87.3423,0.59999,119.991
2026-01-09T19:30:00Z,87.3782,0.60058,120.056
2026-01-09T19:31:00Z,87.3465,0.59955,119.972
2026-01-09T19:32:00Z,87.3832,0.60048,119.994
2026-01-09T19:33:00Z,87.3427,0.60006,119.966
2026-01-09T19:34:00Z,87.3721,0.60037,120.042
2026-01-09T19:35:00Z,87.3568,0.59967,119.953
2026-01-09T19:36:00Z,87.3895,0.60002,120.026
2026-01-09T19:37:00Z,87.3365,0.59945,119.986
2026-01-09T19:38:00Z,87.3925,0.60034,119.998
2026-01-09T19:39:00Z,87.3561,0.59956,119.969
2026-01-09T19:40:00Z,87.3689,0.60031,120.025
2026-01-09T19:41:00Z,87.34,0.59958,119.945
2026-01-09T19:42:00Z,87.3808,0.60035,120.048
2026-01-09T19:43:00Z,87.3503,0.59945,119.97
2026-01-09T19:44:00Z,87.3704,0.60018,120.029
2026-01-09T19:45:00Z,87.3441,0.59974,119.95
2026-01-09T19:46:00Z,87.3762,0.60053,120.011
2026-01-09T19:47:00Z,87.3372,0.59965,119.988
2026-01-09T19:48:00Z,87.3872,0.6007,120.027
2026-01-09T19:49:00Z,87.354,0.59934,119.988
2026-01-09T19:50:00Z,87.41,0.60017,120.05
2026-01-09T19:51:00Z,87.3535,0.59927,119.975
2026-01-09T19:52:00Z,87.3976,0.60079,120.032
2026-01-09T19:53:00Z,87.3471,0.59955,119.939
2026-01-09T19:54:00Z,87.385,0.6006,120.038
2026-01-09T19:55:00Z,87.3575,0.59937,119.981
2026-01-09T19:56:00Z,87.395,0.60032,120.024
2026-01-09T19:57:00Z,87.3465,0.5996,119.981
2026-01-09T19:58:00Z,87.4025,0.60047,120.044
2026-01-09T19:59:00Z,87.3771,0.59968,119.989
2026-01-09T20:00:00Z,87.3909,0.60038,120.038
2026-01-09T20:01:00Z,87.3598,0.59937,119.992
2026-01-09T20:02:00Z,87.4033,0.60052,120.034
2026-01-09T20:03:00Z,87.3587,0.59933,119.975
2026-01-09T20:04:00Z,87.3887,0.60017,120.02
2026-01-09T20:05:00Z,87.359,0.59933,119.958
2026-01-09T20:06:00Z,87.3888,0.60063,119.995
2026-01-09T20:07:00Z,87.3874,0.59958,119.958
2026-01-09T20:08:00Z,87.3949,0.60054,120.006
2026-01-09T20:09:00Z,87.366,0.59974,119.972
2026-01-09T20:10:00Z,87.3968,0.6003,120.02
2026-01-09T20:11:00Z,87.372,0.59962,119.989
2026-01-09T20:12:00Z,87.4021,0.6,120.036
2026-01-09T20:13:00Z,87.3703,0.59995,119.963
2026-01-09T20:14:00Z,87.3818,0.60052,120.022
2026-01-09T20:15:00Z,87.3649,0.59935,120.001
2026-01-09T20:16:00Z,87.4106,0.60038,120.016
2026-01-09T20:17:00Z,87.3734,0.59923,119.961
2026-01-09T20:18:00Z,87.3934,0.60039,120.05
2026-01-09T20:19:00Z,87.3834,0.59936,119.977
2026-01-09T20:20:00Z,87.4107,0.60016,120.03
2026-01-09T20:21:00Z,87.3758,0.59959,119.957
2026-01-09T20:22:00Z,87.4066,0.60035,120.02
2026-01-09T20:23:00Z,87.3826,0.59966,119.963
2026-01-09T20:24:00Z,87.4069,0.6004,120.05
2026-01-09T20:25:00Z,87.377,0.59979,119.959
2026-01-09T20:26:00Z,87.4015,0.60009,120.017
2026-01-09T20:27:00Z,87.3766,0.59963,119.957
2026-01-09T20:28:00Z,87.4,0.60009,120.045
2026-01-09T20:29:00Z,87.3921,0.59941,119.981
2026-01-09T20:30:00Z,87.4043,0.60023,120.025
2026-01-09T20:31:00Z,87.3764,0.59968,119.958
2026-01-09T20:32:00Z,87.4179,0.60055,120.037
2026-01-09T20:33:00Z,87.382,0.59923,119.983
2026-01-09T20:34:00Z,87.4048,0.60041,120.027
2026-01-09T20:35:00Z,87.3837,0.59935,119.967
2026-01-09T20:36:00Z,87.4151,0.60077,120.016
2026-01-09T20:37:00Z,87.3869,0.59966,119.957
2026-01-09T20:38:00Z,87.4174,0.60022,120.011
2026-01-09T20:39:00Z,87.3816,0.59974,119.986
2026-01-09T20:40:00Z,87.4206,0.60062,120.028
2026-01-09T20:41:00Z,87.3854,0.59927,120.006
2026-01-09T20:42:00Z,87.4181,0.60038,120.049
2026-01-09T20:43:00Z,87.38,0.5997,119.969
2026-01-09T20:44:00Z,87.4311,0.60058,120.038
2026-01-09T20:45:00Z,87.3848,0.59976,119.962
2026-01-09T20:46:00Z,87.427,0.60042,120.033
2026-01-09T20:47:00Z,87.3878,0.59979,119.985
2026-01-09T20:48:00Z,87.4298,0.60027,120.017
2026-01-09T20:49:00Z,87.3865,0.59995,119.983
2026-01-09T20:50:00Z,87.4229,0.60026,120.01
2026-01-09T20:51:00Z,87.3939,0.59969,119.955
2026-01-09T20:52:00Z,87.4204,0.60046,120.048
2026-01-09T20:53:00Z,87.3949,0.59955,119.953
2026-01-09T20:54:00Z,87.4246,0.60025,120.011
2026-01-09T20:55:00Z,87.4058,0.59966,119.968
2026-01-09T20:56:00Z,87.4302,0.6005,120.037
2026-01-09T20:57:00Z,87.3906,0.59971,119.948
2026-01-09T20:58:00Z,87.4166,0.6004,120.038
2026-01-09T20:59:00Z,87.3883,0.59982,119.96
2026-01-09T21:00:00Z,87.4235,0.60071,120.039
2026-01-09T21:01:00Z,87.4042,0.59957,119.947
2026-01-09T21:02:00Z,87.4506,0.60051,119.993
2026-01-09T21:03:00Z,87.3968,0.59961,119.933
2026-01-09T21:04:00Z,87.4186,0.60021,120.017
2026-01-09T21:05:00Z,87.4069,0.5997,119.967
2026-01-09T21:06:00Z,87.4295,0.60054,120.053
2026-01-09T21:07:00Z,87.4075,0.59946,119.935
2026-01-09T21:08:00Z,87.4246,0.60035,120.011
2026-01-09T21:09:00Z,87.385,0.59993,119.976
2026-01-09T21:10:00Z,87.4191,0.60063,120.033
2026-01-09T21:11:00Z,87.4127,0.59945,119.987
2026-01-09T21:12:00Z,87.4471,0.60084,120.058
2026-01-09T21:13:00Z,87.4015,0.59955,119.958
2026-01-09T21:14:00Z,87.4345,0.60032,120.038
2026-01-09T21:15:00Z,87.405,0.59971,119.982
2026-01-09T21:16:00Z,87.4424,0.60028,120.019
2026-01-09T21:17:00Z,87.4065,0.59935,119.957
2026-01-09T21:18:00Z,87.4395,0.6002,120.033
2026-01-09T21:19:00Z,87.3986,0.59946,119.95
2026-01-09T21:20:00Z,87.4299,0.60069,120.014
2026-01-09T21:21:00Z,87.4148,0.59965,119.973
2026-01-09T21:22:00Z,87.4431,0.60035,120.011
2026-01-09T21:23:00Z,87.4061,0.59974,119.97
2026-01-09T21:24:00Z,87.4325,0.60015,120.018
2026-01-09T21:25:00Z,87.4054,0.59964,119.964
2026-01-09T21:26:00Z,87.4487,0.6002,120.01
2026-01-09T21:27:00Z,87.4084,0.59967,119.969
2026-01-09T21:28:00Z,87.4494,0.60055,120.037
2026-01-09T21:29:00Z,87.4169,0.59951,119.961
2026-01-09T21:30:00Z,87.452,0.60018,120.047
2026-01-09T21:31:00Z,87.4148,0.59973,119.988
2026-01-09T21:32:00Z,87.4401,0.60029,120.037
2026-01-09T21:33:00Z,87.418,0.59951,119.956
2026-01-09T21:34:00Z,87.4407,0.60023,120.019
2026-01-09T21:35:00Z,87.4195,0.59967,119.98
2026-01-09T21:36:00Z,87.4505,0.59999,120.036
2026-01-09T21:37:00Z,87.414,0.59968,119.987
2026-01-09T21:38:00Z,87.4572,0.60065,120.017
2026-01-09T21:39:00Z,87.4236,0.59966,119.942
2026-01-09T21:40:00Z,87.4513,0.60039,120.025
2026-01-09T21:41:00Z,87.4206,0.5996,119.964
2026-01-09T21:42:00Z,87.4515,0.6002,120.038
2026-01-09T21:43:00Z,87.4082,0.59944,119.97
2026-01-09T21:44:00Z,87.4458,0.60018,120.04
2026-01-09T21:45:00Z,87.4122,0.59978,119.989
2026-01-09T21:46:00Z,87.458,0.60042,120.035
2026-01-09T21:47:00Z,87.4256,0.59964,119.978
2026-01-09T21:48:00Z,87.4397,0.60054,120.026
2026-01-09T21:49:00Z,87.4278,0.59971,119.968
2026-01-09T21:50:00Z,87.4629,0.6006,120.029
2026-01-09T21:51:00Z,87.4217,0.5998,119.975
2026-01-09T21:52:00Z,87.459,0.6004,120.009
2026-01-09T21:53:00Z,87.4239,0.59955,119.968
2026-01-09T21:54:00Z,87.4631,0.60025,120.029
2026-01-09T21:55:00Z,87.4348,0.59967,119.973
2026-01-09T21:56:00Z,87.4659,0.60028,120.033
2026-01-09T21:57:00Z,87.4315,0.59975,119.954
2026-01-09T21:58:00Z,87.457,0.60039,120.061
2026-01-09T21:59:00Z,87.4261,0.59968,119.969
2026-01-09T22:00:00Z,87.4748,0.60046,120.038
2026-01-09T22:01:00Z,87.4349,0.59962,119.967
2026-01-09T22:02:00Z,87.4523,0.60051,120.027
2026-01-09T22:03:00Z,87.4364,0.59954,119.983
2026-01-09T22:04:00Z,87.4674,0.60057,120.016
2026-01-09T22:05:00Z,87.4411,0.59934,119.958
2026-01-09T22:06:00Z,87.4755,0.60044,120.003
2026-01-09T22:07:00Z,87.4409,0.59953,119.951
2026-01-09T22:08:00Z,87.4821,0.60067,120.055
2026-01-09T22:09:00Z,87.4336,0.59961,119.957
2026-01-09T22:10:00Z,87.4804,0.5999,119.999
2026-01-09T22:11:00Z,87.4277,0.5994,119.973
2026-01-09T22:12:00Z,87.4722,0.60033,120.042
2026-01-09T22:13:00Z,87.437,0.59974,119.973
2026-01-09T22:14:00Z,87.4821,0.60017,120.015
2026-01-09T22:15:00Z,87.43,0.59981,119.965
2026-01-09T22:16:00Z,87.4806,0.60033,120.018
2026-01-09T22:17:00Z,87.4399,0.5996,119.949
2026-01-09T22:18:00Z,87.4745,0.6006,120.047
2026-01-09T22:19:00Z,87.4425,0.59978,119.987
2026-01-09T22:20:00Z,87.4742,0.60028,120.057
2026-01-09T22:21:00Z,87.4601,0.59957,119.975
2026-01-09T22:22:00Z,87.4906,0.6002,120.035
2026-01-09T22:23:00Z,87.441,0.59961,119.969
2026-01-09T22:24:00Z,87.4836,0.6007,120.031
2026-01-09T22:25:00Z,87.4662,0.59953,119.97
2026-01-09T22:26:00Z,87.4733,0.60074,120.057
2026-01-09T22:27:00Z,87.4591,0.59977,119.95
2026-01-09T22:28:00Z,87.4895,0.60059,120.01
2026-01-09T22:29:00Z,87.4541,0.59954,119.963
2026-01-09T22:30:00Z,87.4827,0.60028,120.017
2026-01-09T22:31:00Z,87.4548,0.59942,120.02
2026-01-09T22:32:00Z,87.4939,0.60004,120.034
2026-01-09T22:33:00Z,87.4553,0.59999,119.973
2026-01-09T22:34:00Z,87.4965,0.60003,120.047
2026-01-09T22:35:00Z,87.4525,0.59967,119.979
2026-01-09T22:36:00Z,87.4775,0.59999,120.024
2026-01-09T22:37:00Z,87.439,0.59975,119.95
2026-01-09T22:38:00Z,87.4862,0.60039,120.019
2026-01-09T22:39:00Z,87.4447,0.59962,119.997
2026-01-09T22:40:00Z,87.4955,0.60044,120.059
2026-01-09T22:41:00Z,87.4707,0.59938,119.955
2026-01-09T22:42:00Z,87.4987,0.60053,120.0
2026-01-09T22:43:00Z,87.4575,0.59972,119.967
2026-01-09T22:44:00Z,87.4924,0.60035,120.03
2026-01-09T22:45:00Z,87.4549,0.59959,119.976
2026-01-09T22:46:00Z,87.4967,0.6003,120.059
2026-01-09T22:47:00Z,87.4583,0.59978,119.971
2026-01-09T22:48:00Z,87.5098,0.60032,119.993
2026-01-09T22:49:00Z,87.4511,0.59953,119.971
2026-01-09T22:50:00Z,87.4766,0.60041,120.051
2026-01-09T22:51:00Z,87.46,0.59976,119.968
2026-01-09T22:52:00Z,87.4891,0.6005,120.007
2026-01-09T22:53:00Z,87.4817,0.59955,119.973
2026-01-09T22:54:00Z,87.49,0.60042,120.025
2026-01-09T22:55:00Z,87.4584,0.59977,119.955
2026-01-09T22:56:00Z,87.4981,0.60034,120.049
2026-01-09T22:57:00Z,87.4754,0.5998,119.958
2026-01-09T22:58:00Z,87.4874,0.6002,120.01
2026-01-09T22:59:00Z,87.4641,0.59963,119.963
2026-01-09T23:00:00Z,87.5034,0.60067,120.014
2026-01-09T23:01:00Z,87.4698,0.59972,119.984
2026-01-09T23:02:00Z,87.4978,0.60038,120.025
2026-01-09T23:03:00Z,87.4643,0.60005,119.975
2026-01-09T23:04:00Z,87.5101,0.60054,120.021
2026-01-09T23:05:00Z,87.4638,0.59945,119.95
2026-01-09T23:06:00Z,87.5108,0.6004,119.987
2026-01-09T23:07:00Z,87.4773,0.59969,119.989
2026-01-09T23:08:00Z,87.4955,0.60001,120.031
2026-01-09T23:09:00Z,87.4808,0.59974,119.962
2026-01-09T23:10:00Z,87.5098,0.60025,120.009
2026-01-09T23:11:00Z,87.4746,0.59937,119.98
2026-01-09T23:12:00Z,87.5063,0.60044,120.041
2026-01-09T23:13:00Z,87.4743,0.59961,119.963
2026-01-09T23:14:00Z,87.5099,0.60028,120.014
2026-01-09T23:15:00Z,87.4757,0.59974,119.972
2026-01-09T23:16:00Z,87.5123,0.60036,120.023
2026-01-09T23:17:00Z,87.4738,0.59944,119.966
2026-01-09T23:18:00Z,87.513,0.60032,120.01
2026-01-09T23:19:00Z,87.4864,0.59966,119.97
2026-01-09T23:20:00Z,87.5114,0.60049,120.032
2026-01-09T23:21:00Z,87.4651,0.5995,119.955
2026-01-09T23:22:00Z,87.5154,0.60039,120.046
2026-01-09T23:23:00Z,87.4886,0.59964,119.969
2026-01-09T23:24:00Z,87.509,0.60032,120.069
2026-01-09T23:25:00Z,87.4789,0.59964,119.954
2026-01-09T23:26:00Z,87.5153,0.59996,120.063
2026-01-09T23:27:00Z,87.4904,0.59937,119.97
2026-01-09T23:28:00Z,87.5183,0.60054,120.025
2026-01-09T23:29:00Z,87.4841,0.59967,119.985
2026-01-09T23:30:00Z,87.5291,0.60001,120.022
2026-01-09T23:31:00Z,87.4845,0.59932,119.983
2026-01-09T23:32:00Z,87.5198,0.6005,120.046
2026-01-09T23:33:00Z,87.4779,0.59967,119.955
2026-01-09T23:34:00Z,87.5326,0.59999,120.036
2026-01-09T23:35:00Z,87.4912,0.59962,120.01
2026-01-09T23:36:00Z,87.5193,0.60041,120.034
2026-01-09T23:37:00Z,87.4812,0.59973,119.945
2026-01-09T23:38:00Z,87.5209,0.60021,120.035
2026-01-09T23:39:00Z,87.4849,0.59959,119.976
2026-01-09T23:40:00Z,87.5448,0.60037,120.028
2026-01-09T23:41:00Z,87.4859,0.59945,119.975
2026-01-09T23:42:00Z,87.5272,0.60059,120.033
2026-01-09T23:43:00Z,87.5031,0.59963,119.969
2026-01-09T23:44:00Z,87.5256,0.60036,120.036
2026-01-09T23:45:00Z,87.499,0.59914,119.96
2026-01-09T23:46:00Z,87.5298,0.60052,120.054
2026-01-09T23:47:00Z,87.4959,0.59947,119.964
2026-01-09T23:48:00Z,87.5374,0.60021,120.038
2026-01-09T23:49:00Z,87.5043,0.59974,119.988
2026-01-09T23:50:00Z,87.5272,0.60043,120.027
2026-01-09T23:51:00Z,87.5076,0.59952,119.967
2026-01-09T23:52:00Z,87.5318,0.60105,120.039
2026-01-09T23:53:00Z,87.5066,0.59957,120.0
2026-01-09T23:54:00Z,87.5281,0.60038,120.028
2026-01-09T23:55:00Z,87.4995,0.59979,119.955
2026-01-09T23:56:00Z,87.546,0.60037,120.035
2026-01-09T23:57:00Z,87.4975,0.5997,119.967
2026-01-09T23:58:00Z,87.533,0.60068,120.024
2026-01-09T23:59:00Z,87.5095,0.59969,119.995
2026-01-10T00:00:00Z,87.5258,0.60025,120.022
2026-01-10T00:01:00Z,87.504,0.59996,119.95
2026-01-10T00:02:00Z,87.5407,0.60042,120.043
2026-01-10T00:03:00Z,87.5101,0.59961,119.991
2026-01-10T00:04:00Z,87.527,0.6003,120.032
2026-01-10T00:05:00Z,87.5275,0.59979,119.939
2026-01-10T00:06:00Z,87.5298,0.60048,120.02
2026-01-10T00:07:00Z,87.4968,0.5995,119.946
2026-01-10T00:08:00Z,87.5556,0.60064,120.009
2026-01-10T00:09:00Z,87.5055,0.59977,119.967
2026-01-10T00:10:00Z,87.5491,0.60053,120.029
2026-01-10T00:11:00Z,87.5093,0.59962,119.943
2026-01-10T00:12:00Z,87.5412,0.60034,120.036
2026-01-10T00:13:00Z,87.519,0.59914,119.978
2026-01-10T00:14:00Z,87.5396,0.60062,120.03
2026-01-10T00:15:00Z,87.5232,0.59959,119.936
2026-01-10T00:16:00Z,87.5466,0.60038,120.044
2026-01-10T00:17:00Z,87.5101,0.59986,119.957
2026-01-10T00:18:00Z,87.5359,0.60056,120.017
2026-01-10T00:19:00Z,87.5141,0.59964,119.963
2026-01-10T00:20:00Z,87.5503,0.60061,120.046
2026-01-10T00:21:00Z,87.4998,0.59941,119.945
2026-01-10T00:22:00Z,87.5419,0.60061,120.023
2026-01-10T00:23:00Z,87.5183,0.59939,119.979
2026-01-10T00:24:00Z,87.5563,0.60042,120.04
2026-01-10T00:25:00Z,87.5233,0.59948,119.992
2026-01-10T00:26:00Z,87.5545,0.60054,120.03
2026-01-10T00:27:00Z,87.5211,0.59927,119.94
2026-01-10T00:28:00Z,87.5602,0.60024,120.043
2026-01-10T00:29:00Z,87.5169,0.59955,119.97
2026-01-10T00:30:00Z,87.5511,0.6008,120.051
2026-01-10T00:31:00Z,87.5242,0.59974,119.982
2026-01-10T00:32:00Z,87.571,0.60037,120.03
2026-01-10T00:33:00Z,87.5295,0.5993,119.94
2026-01-10T00:34:00Z,87.5451,0.60036,120.039
2026-01-10T00:35:00Z,87.5269,0.59934,119.972
2026-01-10T00:36:00Z,87.5457,0.60042,120.033
2026-01-10T00:37:00Z,87.526,0.59933,119.956
2026-01-10T00:38:00Z,87.5637,0.60032,120.035
2026-01-10T00:39:00Z,87.5458,0.59935,119.982
2026-01-10T00:40:00Z,87.5607,0.60042,120.033
2026-01-10T00:41:00Z,87.5322,0.59977,119.973
2026-01-10T00:42:00Z,87.5508,0.60018,120.064
2026-01-10T00:43:00Z,87.5343,0.59939,119.983
2026-01-10T00:44:00Z,87.5564,0.60056,120.047
2026-01-10T00:45:00Z,87.5307,0.59976,119.96
2026-01-10T00:46:00Z,87.5554,0.60058,120.027
2026-01-10T00:47:00Z,87.5367,0.59969,120.001
2026-01-10T00:48:00Z,87.5519,0.60037,120.026
2026-01-10T00:49:00Z,87.5332,0.59941,119.964
2026-01-10T00:50:00Z,87.5654,0.60041,120.037
2026-01-10T00:51:00Z,87.5485,0.59976,119.949
2026-01-10T00:52:00Z,87.5535,0.60031,120.026
2026-01-10T00:53:00Z,87.5456,0.59963,119.952
2026-01-10T00:54:00Z,87.5808,0.6003,120.048
2026-01-10T00:55:00Z,87.5478,0.59955,119.984
2026-01-10T00:56:00Z,87.5767,0.60034,120.03
2026-01-10T00:57:00Z,87.5494,0.59971,119.964
2026-01-10T00:58:00Z,87.5476,0.60038,120.017
2026-01-10T00:59:00Z,87.5392,0.59946,119.976
2026-01-10T01:00:00Z,87.5731,0.60025,120.038
2026-01-10T01:01:00Z,87.5453,0.59972,119.956
2026-01-10T01:02:00Z,87.5829,0.60071,120.017
2026-01-10T01:03:00Z,87.5399,0.59976,119.947
2026-01-10T01:04:00Z,87.5806,0.60027,120.04
2026-01-10T01:05:00Z,87.5353,0.59973,119.956
2026-01-10T01:06:00Z,87.5708,0.60039,120.021
2026-01-10T01:07:00Z,87.539,0.59935,119.96
2026-01-10T01:08:00Z,87.5844,0.60056,120.014
2026-01-10T01:09:00Z,87.5415,0.59976,119.964
2026-01-10T01:10:00Z,87.5775,0.60018,120.036
2026-01-10T01:11:00Z,87.5289,0.59953,119.974
2026-01-10T01:12:00Z,87.5797,0.59999,120.037
2026-01-10T01:13:00Z,87.5508,0.59941,119.968
2026-01-10T01:14:00Z,87.5728,0.60068,120.025
2026-01-10T01:15:00Z,87.5504,0.59926,119.972
2026-01-10T01:16:00Z,87.5804,0.60053,120.033
2026-01-10T01:17:00Z,87.5398,0.59967,119.975
2026-01-10T01:18:00Z,87.5809,0.60081,120.017
2026-01-10T01:19:00Z,87.5395,0.59978,120.005
2026-01-10T01:20:00Z,87.5745,0.60038,120.031
2026-01-10T01:21:00Z,87.572,0.5996,119.986
2026-01-10T01:22:00Z,87.5924,0.60037,120.042
2026-01-10T01:23:00Z,87.5616,0.5997,119.966
2026-01-10T01:24:00Z,87.5771,0.60043,120.0
2026-01-10T01:25:00Z,87.5566,0.59952,119.964
2026-01-10T01:26:00Z,87.5877,0.60052,120.017
2026-01-10T01:27:00Z,87.556,0.59971,119.951
2026-01-10T01:28:00Z,87.5851,0.60012,120.016
2026-01-10T01:29:00Z,87.5596,0.59944,119.975
2026-01-10T01:30:00Z,87.5837,0.60021,120.05
2026-01-10T01:31:00Z,87.5549,0.59964,119.939
2026-01-10T01:32:00Z,87.5925,0.60078,120.053
2026-01-10T01:33:00Z,87.5584,0.59966,119.963
2026-01-10T01:34:00Z,87.5883,0.60069,120.039
2026-01-10T01:35:00Z,87.5639,0.59957,119.974
2026-01-10T01:36:00Z,87.5815,0.60048,120.03
2026-01-10T01:37:00Z,87.5524,0.59973,119.959
2026-01-10T01:38:00Z,87.605,0.60044,120.016
2026-01-10T01:39:00Z,87.5605,0.59928,119.939
2026-01-10T01:40:00Z,87.5995,0.60029,120.046
2026-01-10T01:41:00Z,87.5636,0.5998,119.953
2026-01-10T01:42:00Z,87.6066,0.60032,120.019
2026-01-10T01:43:00Z,87.5646,0.5995,119.952
2026-01-10T01:44:00Z,87.5994,0.60021,120.008
2026-01-10T01:45:00Z,87.5815,0.59966,119.975
2026-01-10T01:46:00Z,87.5986,0.60043,120.04
2026-01-10T01:47:00Z,87.5717,0.5998,119.972
2026-01-10T01:48:00Z,87.6037,0.60053,120.036
2026-01-10T01:49:00Z,87.5581,0.5995,119.978
2026-01-10T01:50:00Z,87.5907,0.60028,120.028
2026-01-10T01:51:00Z,87.5759,0.59984,119.983
2026-01-10T01:52:00Z,87.6015,0.6004,120.041
2026-01-10T01:53:00Z,87.5738,0.59943,119.977
2026-01-10T01:54:00Z,87.6185,0.60066,120.04
2026-01-10T01:55:00Z,87.5776,0.59986,119.972
2026-01-10T01:56:00Z,87.6045,0.60027,120.021
2026-01-10T01:57:00Z,87.5823,0.59927,120.002
2026-01-10T01:58:00Z,87.6133,0.60022,120.046
2026-01-10T01:59:00Z,87.5899,0.59965,119.98
2026-01-10T02:00:00Z,87.6123,0.60055,120.014
2026-01-10T02:01:00Z,87.5652,0.59998,119.988
2026-01-10T02:02:00Z,87.6163,0.60031,120.044
2026-01-10T02:03:00Z,87.5906,0.59964,119.986
2026-01-10T02:04:00Z,87.6162,0.59989,120.041
2026-01-10T02:05:00Z,87.5709,0.59955,119.959
2026-01-10T02:06:00Z,87.6059,0.60076,120.028
2026-01-10T02:07:00Z,87.5866,0.59951,119.957
2026-01-10T02:08:00Z,87.5972,0.60022,120.035
2026-01-10T02:09:00Z,87.5743,0.59929,119.977
2026-01-10T02:10:00Z,87.6288,0.60023,120.049
2026-01-10T02:11:00Z,87.5798,0.59982,119.93
2026-01-10T02:12:00Z,87.6153,0.60025,120.01
2026-01-10T02:13:00Z,87.5879,0.59922,119.969
2026-01-10T02:14:00Z,87.6104,0.60019,120.059
2026-01-10T02:15:00Z,87.5737,0.59953,119.957
2026-01-10T02:16:00Z,87.607,0.60065,120.034
2026-01-10T02:17:00Z,87.5831,0.59946,119.976
2026-01-10T02:18:00Z,87.618,0.60056,120.053
2026-01-10T02:19:00Z,87.5809,0.5996,119.972
2026-01-10T02:20:00Z,87.6083,0.60058,120.001
2026-01-10T02:21:00Z,87.5873,0.59958,119.984
2026-01-10T02:22:00Z,87.6398,0.60055,120.021
2026-01-10T02:23:00Z,87.5934,0.5995,119.981
2026-01-10T02:24:00Z,87.6211,0.60031,120.026
2026-01-10T02:25:00Z,87.6026,0.59971,119.968
2026-01-10T02:26:00Z,87.6191,0.60064,120.026
2026-01-10T02:27:00Z,87.6035,0.59959,119.976
2026-01-10T02:28:00Z,87.6266,0.60047,120.02
2026-01-10T02:29:00Z,87.5851,0.59972,119.984
2026-01-10T02:30:00Z,87.6291,0.60043,120.017
2026-01-10T02:31:00Z,87.5944,0.59973,119.955
2026-01-10T02:32:00Z,87.6237,0.60037,120.048
2026-01-10T02:33:00Z,87.5924,0.59965,119.959
2026-01-10T02:34:00Z,87.6365,0.60053,120.038
2026-01-10T02:35:00Z,87.587,0.59959,119.964
2026-01-10T02:36:00Z,87.6204,0.60026,120.027
2026-01-10T02:37:00Z,87.6083,0.59938,119.954
2026-01-10T02:38:00Z,87.6276,0.60071,119.997
2026-01-10T02:39:00Z,87.6053,0.59985,119.978
2026-01-10T02:40:00Z,87.6411,0.60051,120.037
2026-01-10T02:41:00Z,87.5827,0.59976,119.978
2026-01-10T02:42:00Z,87.6366,0.60039,120.038
2026-01-10T02:43:00Z,87.5898,0.59984,119.975
2026-01-10T02:44:00Z,87.6281,0.60034,120.029
2026-01-10T02:45:00Z,87.6122,0.59973,119.962
2026-01-10T02:46:00Z,87.6383,0.60067,120.047
2026-01-10T02:47:00Z,87.607,0.59962,119.986
2026-01-10T02:48:00Z,87.6331,0.59998,120.033
2026-01-10T02:49:00Z,87.6003,0.59954,119.94
2026-01-10T02:50:00Z,87.6324,0.60035,120.053
2026-01-10T02:51:00Z,87.6056,0.59944,119.996
2026-01-10T02:52:00Z,87.6448,0.60056,120.002
2026-01-10T02:53:00Z,87.6008,0.59979,119.997
2026-01-10T02:54:00Z,87.6389,0.60017,120.02
2026-01-10T02:55:00Z,87.6122,0.59969,119.986
2026-01-10T02:56:00Z,87.6343,0.60002,120.061
2026-01-10T02:57:00Z,87.6134,0.59942,119.953
2026-01-10T02:58:00Z,87.6476,0.60055,120.039
2026-01-10T02:59:00Z,87.6088,0.59946,119.966
2026-01-10T03:00:00Z,87.642,0.60035,120.048
2026-01-10T03:01:00Z,87.6131,0.59977,120.0
2026-01-10T03:02:00Z,87.6299,0.60076,120.049
2026-01-10T03:03:00Z,87.6073,0.5999,119.96
2026-01-10T03:04:00Z,87.656,0.60042,120.034
2026-01-10T03:05:00Z,87.6281,0.59974,119.983
2026-01-10T03:06:00Z,87.6317,0.60064,120.026
2026-01-10T03:07:00Z,87.626,0.59972,119.961
2026-01-10T03:08:00Z,87.6526,0.59999,120.041
2026-01-10T03:09:00Z,87.6198,0.59938,119.981
2026-01-10T03:10:00Z,87.6471,0.60083,120.029
2026-01-10T03:11:00Z,87.6116,0.59978,119.963
2026-01-10T03:12:00Z,87.6468,0.60055,120.04
2026-01-10T03:13:00Z,87.6167,0.59966,119.985
2026-01-10T03:14:00Z,87.6481,0.60013,120.026
2026-01-10T03:15:00Z,87.6081,0.60001,119.965
2026-01-10T03:16:00Z,87.6539,0.60038,120.031
2026-01-10T03:17:00Z,87.6317,0.59955,119.954
2026-01-10T03:18:00Z,87.6528,0.60018,120.005
2026-01-10T03:19:00Z,87.6216,0.59956,119.938
2026-01-10T03:20:00Z,87.6544,0.60018,120.054
2026-01-10T03:21:00Z,87.6302,0.59932,119.968
2026-01-10T03:22:00Z,87.656,0.60006,120.039
2026-01-10T03:23:00Z,87.6209,0.59991,119.95
2026-01-10T03:24:00Z,87.6548,0.60005,120.008
2026-01-10T03:25:00Z,87.6179,0.59971,119.981
2026-01-10T03:26:00Z,87.6458,0.60045,120.007
2026-01-10T03:27:00Z,87.6255,0.59942,119.968
2026-01-10T03:28:00Z,87.6524,0.59997,120.031
2026-01-10T03:29:00Z,87.6296,0.59954,119.967
2026-01-10T03:30:00Z,87.666,0.60035,120.058
2026-01-10T03:31:00Z,87.6313,0.59979,119.964
2026-01-10T03:32:00Z,87.664,0.60042,120.032
2026-01-10T03:33:00Z,87.6334,0.59987,119.973
2026-01-10T03:34:00Z,87.6701,0.60036,120.055
2026-01-10T03:35:00Z,87.6379,0.59967,119.982
2026-01-10T03:36:00Z,87.664,0.6003,120.007
2026-01-10T03:37:00Z,87.6302,0.59957,119.993
2026-01-10T03:38:00Z,87.6558,0.6008,120.022
2026-01-10T03:39:00Z,87.6357,0.59963,119.98
2026-01-10T03:40:00Z,87.6552,0.60024,120.021
2026-01-10T03:41:00Z,87.6461,0.59993,119.949
2026-01-10T03:42:00Z,87.6703,0.60065,120.042
2026-01-10T03:43:00Z,87.6265,0.59963,119.966
2026-01-10T03:44:00Z,87.6795,0.60061,120.043
2026-01-10T03:45:00Z,87.6417,0.59971,119.97
2026-01-10T03:46:00Z,87.6746,0.60018,119.997
2026-01-10T03:47:00Z,87.6319,0.59967,119.953
2026-01-10T03:48:00Z,87.6748,0.60041,120.04
2026-01-10T03:49:00Z,87.6464,0.59926,119.979
2026-01-10T03:50:00Z,87.6687,0.60053,120.032
2026-01-10T03:51:00Z,87.6405,0.59949,119.997
2026-01-10T03:52:00Z,87.6786,0.60015,120.034
2026-01-10T03:53:00Z,87.6427,0.59964,119.978
2026-01-10T03:54:00Z,87.6698,0.60043,120.032
2026-01-10T03:55:00Z,87.6268,0.59933,119.963
2026-01-10T03:56:00Z,87.6674,0.60073,120.031
2026-01-10T03:57:00Z,87.6565,0.59958,119.983
2026-01-10T03:58:00Z,87.6762,0.60032,120.028
2026-01-10T03:59:00Z,87.6575,0.59948,119.982
2026-01-10T04:00:00Z,87.675,0.60051,120.009
2026-01-10T04:01:00Z,87.6493,0.5998,119.985
2026-01-10T04:02:00Z,87.6874,0.60044,120.015
2026-01-10T04:03:00Z,87.6655,0.59957,119.966
2026-01-10T04:04:00Z,87.6978,0.60058,120.03
2026-01-10T04:05:00Z,87.6469,0.59951,119.962
2026-01-10T04:06:00Z,87.6898,0.60003,120.033
2026-01-10T04:07:00Z,87.652,0.59935,119.965
2026-01-10T04:08:00Z,87.6786,0.60032,120.011
2026-01-10T04:09:00Z,87.6345,0.59976,119.95
2026-01-10T04:10:00Z,87.6997,0.60046,120.045
2026-01-10T04:11:00Z,87.6438,0.59997,119.981
2026-01-10T04:12:00Z,87.7071,0.6003,120.051
2026-01-10T04:13:00Z,87.6552,0.59951,119.98
2026-01-10T04:14:00Z,87.685,0.60032,120.014
2026-01-10T04:15:00Z,87.6406,0.5998,119.991
2026-01-10T04:16:00Z,87.6869,0.60063,120.035
2026-01-10T04:17:00Z,87.6615,0.59974,119.972
2026-01-10T04:18:00Z,87.6953,0.60028,120.018
2026-01-10T04:19:00Z,87.6652,0.59929,119.972
2026-01-10T04:20:00Z,87.688,0.60061,119.999
2026-01-10T04:21:00Z,87.6637,0.59988,119.996
2026-01-10T04:22:00Z,87.7045,0.60053,120.04
2026-01-10T04:23:00Z,87.6605,0.59939,119.982
2026-01-10T04:24:00Z,87.6992,0.6001,120.024
2026-01-10T04:25:00Z,87.6587,0.59971,119.949
2026-01-10T04:26:00Z,87.6955,0.60064,120.002
2026-01-10T04:27:00Z,87.6645,0.59993,119.964
2026-01-10T04:28:00Z,87.6904,0.60067,120.044
2026-01-10T04:29:00Z,87.6677,0.59952,119.949
2026-01-10T04:30:00Z,87.7073,0.6004,120.023
2026-01-10T04:31:00Z,87.6608,0.59957,119.965
2026-01-10T04:32:00Z,87.6753,0.60028,120.026
2026-01-10T04:33:00Z,87.6693,0.59938,119.964
2026-01-10T04:34:00Z,87.6951,0.60016,120.019
2026-01-10T04:35:00Z,87.6744,0.59948,119.96
2026-01-10T04:36:00Z,87.7028,0.59993,120.032
2026-01-10T04:37:00Z,87.6641,0.59978,119.976
2026-01-10T04:38:00Z,87.7036,0.60063,120.05
2026-01-10T04:39:00Z,87.6828,0.59971,119.971
2026-01-10T04:40:00Z,87.7053,0.60024,120.016
2026-01-10T04:41:00Z,87.6689,0.59988,119.929
2026-01-10T04:42:00Z,87.715,0.60075,120.025
2026-01-10T04:43:00Z,87.6794,0.5998,119.971
2026-01-10T04:44:00Z,87.702,0.6002,120.038
2026-01-10T04:45:00Z,87.668,0.59999,119.995
2026-01-10T04:46:00Z,87.7049,0.60028,120.022
2026-01-10T04:47:00Z,87.6811,0.59952,119.981
2026-01-10T04:48:00Z,87.6958,0.60027,120.034
2026-01-10T04:49:00Z,87.6742,0.59945,119.969
2026-01-10T04:50:00Z,87.7199,0.60053,120.035
2026-01-10T04:51:00Z,87.6866,0.59983,119.967
2026-01-10T04:52:00Z,87.7099,0.60009,120.03
2026-01-10T04:53:00Z,87.6803,0.5998,119.962
2026-01-10T04:54:00Z,87.7093,0.60058,120.022
2026-01-10T04:55:00Z,87.6741,0.59965,119.959
2026-01-10T04:56:00Z,87.7214,0.60009,120.032
2026-01-10T04:57:00Z,87.6809,0.59936,119.974
2026-01-10T04:58:00Z,87.7181,0.6006,120.04
2026-01-10T04:59:00Z,87.6755,0.59958,119.991
2026-01-10T05:00:00Z,87.7198,0.60033,120.007
2026-01-10T05:01:00Z,87.6838,0.59951,119.985
2026-01-10T05:02:00Z,87.7313,0.60052,120.044
2026-01-10T05:03:00Z,87.682,0.59924,119.981
2026-01-10T05:04:00Z,87.7088,0.60074,120.02
2026-01-10T05:05:00Z,87.6871,0.59945,119.956
2026-01-10T05:06:00Z,87.7248,0.60057,120.027
2026-01-10T05:07:00Z,87.6967,0.59943,119.96
2026-01-10T05:08:00Z,87.723,0.60009,120.009
2026-01-10T05:09:00Z,87.682,0.59955,119.956
2026-01-10T05:10:00Z,87.7399,0.60092,120.0
2026-01-10T05:11:00Z,87.6987,0.5994,119.965
2026-01-10T05:12:00Z,87.731,0.59996,120.024
2026-01-10T05:13:00Z,87.6867,0.59936,119.974
2026-01-10T05:14:00Z,87.7321,0.60061,120.034
2026-01-10T05:15:00Z,87.6995,0.5999,119.977
2026-01-10T05:16:00Z,87.7379,0.60028,120.044
2026-01-10T05:17:00Z,87.6899,0.59966,119.964
2026-01-10T05:18:00Z,87.7203,0.6006,120.024
2026-01-10T05:19:00Z,87.697,0.5997,119.976
2026-01-10T05:20:00Z,87.7284,0.60046,120.016
2026-01-10T05:21:00Z,87.6987,0.59972,119.976
2026-01-10T05:22:00Z,87.7545,0.60082,120.023
2026-01-10T05:23:00Z,87.6986,0.59979,119.953
2026-01-10T05:24:00Z,87.7336,0.60041,120.038
2026-01-10T05:25:00Z,87.7061,0.59962,119.958
2026-01-10T05:26:00Z,87.7374,0.60038,120.05
2026-01-10T05:27:00Z,87.6811,0.59942,119.962
2026-01-10T05:28:00Z,87.7443,0.60052,120.036
2026-01-10T05:29:00Z,87.6947,0.59966,119.939
2026-01-10T05:30:00Z,87.7271,0.60036,120.038
2026-01-10T05:31:00Z,87.7046,0.6,119.992
2026-01-10T05:32:00Z,87.7357,0.60054,120.025
2026-01-10T05:33:00Z,87.7042,0.59974,119.963
2026-01-10T05:34:00Z,87.7441,0.60009,120.059
2026-01-10T05:35:00Z,87.7069,0.5995,119.947
2026-01-10T05:36:00Z,87.7454,0.60034,120.028
2026-01-10T05:37:00Z,87.7132,0.59978,119.983
2026-01-10T05:38:00Z,87.731,0.60073,120.038
2026-01-10T05:39:00Z,87.7049,0.59955,119.964
2026-01-10T05:40:00Z,87.738,0.60056,120.03
2026-01-10T05:41:00Z,87.7121,0.59929,119.96
2026-01-10T05:42:00Z,87.735,0.6003,120.038
2026-01-10T05:43:00Z,87.6971,0.59909,119.981
2026-01-10T05:44:00Z,87.7277,0.60052,120.052
2026-01-10T05:45:00Z,87.7201,0.59959,119.988
2026-01-10T05:46:00Z,87.7526,0.59999,120.043
2026-01-10T05:47:00Z,87.7233,0.59979,119.965
2026-01-10T05:48:00Z,87.7402,0.60064,120.044
2026-01-10T05:49:00Z,87.7117,0.59966,119.965
2026-01-10T05:50:00Z,87.7419,0.60035,120.018
2026-01-10T05:51:00Z,87.7276,0.59956,119.979
2026-01-10T05:52:00Z,87.7506,0.6004,120.03
2026-01-10T05:53:00Z,87.727,0.59954,119.983
2026-01-10T05:54:00Z,87.7528,0.60032,120.034
2026-01-10T05:55:00Z,87.7225,0.59967,119.968
2026-01-10T05:56:00Z,87.7548,0.60024,120.04
2026-01-10T05:57:00Z,87.7224,0.59948,119.957
2026-01-10T05:58:00Z,87.7494,0.60044,120.054
2026-01-10T05:59:00Z,87.7226,0.59986,119.972
2026-01-10T06:00:00Z,87.7453,0.6002,120.043
2026-01-10T06:01:00Z,87.7106,0.59956,119.976
2026-01-10T06:02:00Z,87.7426,0.60062,120.031
2026-01-10T06:03:00Z,87.7116,0.59945,119.985
2026-01-10T06:04:00Z,87.7406,0.60026,120.044
2026-01-10T06:05:00Z,87.7205,0.59965,119.996
2026-01-10T06:06:00Z,87.7583,0.60078,120.02
2026-01-10T06:07:00Z,87.7275,0.59936,119.969
2026-01-10T06:08:00Z,87.7533,0.60053,120.014
2026-01-10T06:09:00Z,87.7191,0.59959,119.973
2026-01-10T06:10:00Z,87.7667,0.60052,120.024
2026-01-10T06:11:00Z,87.7241,0.5999,119.954
2026-01-10T06:12:00Z,87.7677,0.60046,120.007
2026-01-10T06:13:00Z,87.7161,0.59959,119.956
2026-01-10T06:14:00Z,87.7682,0.60065,120.01
2026-01-10T06:15:00Z,87.7301,0.59991,119.948
2026-01-10T06:16:00Z,87.7697,0.60015,120.032
2026-01-10T06:17:00Z,87.7259,0.59979,119.977
2026-01-10T06:18:00Z,87.7541,0.6007,120.051
2026-01-10T06:19:00Z,87.7339,0.59977,119.962
2026-01-10T06:20:00Z,87.7612,0.60055,120.037
2026-01-10T06:21:00Z,87.7306,0.59964,119.98
2026-01-10T06:22:00Z,87.7424,0.60023,120.025
2026-01-10T06:23:00Z,87.7323,0.5994,119.925
2026-01-10T06:24:00Z,87.7775,0.60071,120.014
2026-01-10T06:25:00Z,87.736,0.59938,119.964
2026-01-10T06:26:00Z,87.7644,0.6002,120.01
2026-01-10T06:27:00Z,87.7315,0.59936,119.978
2026-01-10T06:28:00Z,87.7666,0.60052,120.032
2026-01-10T06:29:00Z,87.7394,0.59971,119.953
2026-01-10T06:30:00Z,87.7696,0.60035,120.046
2026-01-10T06:31:00Z,87.7486,0.59967,119.961
2026-01-10T06:32:00Z,87.7785,0.60024,120.035
2026-01-10T06:33:00Z,87.7419,0.59961,119.95
2026-01-10T06:34:00Z,87.7792,0.60054,120.017
2026-01-10T06:35:00Z,87.7206,0.59974,119.981
2026-01-10T06:36:00Z,87.7739,0.60057,120.003
2026-01-10T06:37:00Z,87.7224,0.59963,119.963
2026-01-10T06:38:00Z,87.7775,0.6007,120.029
2026-01-10T06:39:00Z,87.7491,0.59983,119.977
2026-01-10T06:40:00Z,87.792,0.60018,119.993
2026-01-10T06:41:00Z,87.7349,0.59953,119.958
2026-01-10T06:42:00Z,87.7785,0.60054,120.043
2026-01-10T06:43:00Z,87.7563,0.5996,119.958
2026-01-10T06:44:00Z,87.777,0.60037,120.068
2026-01-10T06:45:00Z,87.7347,0.59982,119.954
2026-01-10T06:46:00Z,87.7743,0.60053,120.05
2026-01-10T06:47:00Z,87.7437,0.59944,119.98
2026-01-10T06:48:00Z,87.786,0.6004,120.057
2026-01-10T06:49:00Z,87.754,0.59965,119.97
2026-01-10T06:50:00Z,87.7742,0.60036,120.025
2026-01-10T06:51:00Z,87.7482,0.59951,119.977
2026-01-10T06:52:00Z,87.7846,0.60018,120.027
2026-01-10T06:53:00Z,87.7418,0.59961,119.982
2026-01-10T06:54:00Z,87.7777,0.60043,120.005
2026-01-10T06:55:00Z,87.7484,0.59971,119.96
2026-01-10T06:56:00Z,87.7753,0.60035,120.019
2026-01-10T06:57:00Z,87.7543,0.59949,119.969
2026-01-10T06:58:00Z,87.7768,0.6005,120.044
2026-01-10T06:59:00Z,87.7571,0.59948,119.987
2026-01-10T07:00:00Z,87.7866,0.60075,119.988
2026-01-10T07:01:00Z,87.754,0.5996,119.955
2026-01-10T07:02:00Z,87.7864,0.60002,120.03
2026-01-10T07:03:00Z,87.7653,0.59947,119.986
2026-01-10T07:04:00Z,87.7987,0.60031,120.057
2026-01-10T07:05:00Z,87.7536,0.59963,119.972
2026-01-10T07:06:00Z,87.7879,0.60068,120.036
2026-01-10T07:07:00Z,87.7546,0.59907,119.983
2026-01-10T07:08:00Z,87.7938,0.6005,120.029
2026-01-10T07:09:00Z,87.7679,0.59955,119.956
2026-01-10T07:10:00Z,87.7935,0.60058,120.056
2026-01-10T07:11:00Z,87.7598,0.60002,119.978
2026-01-10T07:12:00Z,87.8002,0.60045,120.025
2026-01-10T07:13:00Z,87.7659,0.59959,119.97
2026-01-10T07:14:00Z,87.7943,0.60029,120.022
2026-01-10T07:15:00Z,87.7765,0.59992,119.954
2026-01-10T07:16:00Z,87.8034,0.60042,120.033
2026-01-10T07:17:00Z,87.7649,0.59947,119.985
2026-01-10T07:18:00Z,87.8007,0.60063,120.048
2026-01-10T07:19:00Z,87.7648,0.59972,119.984
2026-01-10T07:20:00Z,87.7958,0.60041,120.031
2026-01-10T07:21:00Z,87.7797,0.59944,119.957
2026-01-10T07:22:00Z,87.8151,0.60079,120.002
2026-01-10T07:23:00Z,87.7736,0.59911,119.975
2026-01-10T07:24:00Z,87.8073,0.60049,120.019
2026-01-10T07:25:00Z,87.7818,0.60008,119.961
2026-01-10T07:26:00Z,87.8053,0.60023,120.031
2026-01-10T07:27:00Z,87.7641,0.59982,119.972
2026-01-10T07:28:00Z,87.8056,0.60058,120.047
2026-01-10T07:29:00Z,87.7905,0.59918,119.98
2026-01-10T07:30:00Z,87.8037,0.60041,120.032
2026-01-10T07:31:00Z,87.7695,0.59943,119.955
2026-01-10T07:32:00Z,87.8146,0.6003,120.012
2026-01-10T07:33:00Z,87.7757,0.59953,119.964
2026-01-10T07:34:00Z,87.8218,0.60047,120.008
2026-01-10T07:35:00Z,87.7673,0.59954,119.986
2026-01-10T07:36:00Z,87.8139,0.60056,120.028
2026-01-10T07:37:00Z,87.7934,0.59942,119.947
2026-01-10T07:38:00Z,87.8171,0.60053,120.067
2026-01-10T07:39:00Z,87.7797,0.59959,119.954
2026-01-10T07:40:00Z,87.811,0.60024,120.023
2026-01-10T07:41:00Z,87.772,0.59948,119.968
2026-01-10T07:42:00Z,87.8073,0.60055,120.016
2026-01-10T07:43:00Z,87.7953,0.59967,119.976
2026-01-10T07:44:00Z,87.8061,0.6008,120.012
2026-01-10T07:45:00Z,87.7753,0.59929,119.951
2026-01-10T07:46:00Z,87.8099,0.60031,120.053
2026-01-10T07:47:00Z,87.7725,0.59971,119.97
2026-01-10T07:48:00Z,87.8027,0.60024,120.045
2026-01-10T07:49:00Z,87.7872,0.59955,119.96
2026-01-10T07:50:00Z,87.8242,0.60058,120.049
2026-01-10T07:51:00Z,87.7754,0.59965,119.973
2026-01-10T07:52:00Z,87.821,0.60049,120.008
2026-01-10T07:53:00Z,87.7855,0.59977,120.005
2026-01-10T07:54:00Z,87.8266,0.6002,120.026
2026-01-10T07:55:00Z,87.777,0.59941,119.968
2026-01-10T07:56:00Z,87.8237,0.60064,120.027
2026-01-10T07:57:00Z,87.7906,0.59927,119.957
2026-01-10T07:58:00Z,87.8287,0.60035,120.029
2026-01-10T07:59:00Z,87.7839,0.59952,119.951
2026-01-10T08:00:00Z,87.8218,0.60033,120.01
2026-01-10T08:01:00Z,87.7939,0.59962,119.986
2026-01-10T08:02:00Z,87.8112,0.60029,120.064
2026-01-10T08:03:00Z,87.7833,0.60002,120.0
2026-01-10T08:04:00Z,87.8237,0.60043,120.047
2026-01-10T08:05:00Z,87.799,0.59915,119.974
2026-01-10T08:06:00Z,87.8383,0.60017,120.036
2026-01-10T08:07:00Z,87.7918,0.59973,119.949
2026-01-10T08:08:00Z,87.8366,0.60047,120.042
2026-01-10T08:09:00Z,87.8088,0.5996,119.962
2026-01-10T08:10:00Z,87.8362,0.60064,120.016
2026-01-10T08:11:00Z,87.8008,0.5993,120.006
2026-01-10T08:12:00Z,87.838,0.60023,120.048
2026-01-10T08:13:00Z,87.795,0.59966,119.979
2026-01-10T08:14:00Z,87.83,0.6006,120.047
2026-01-10T08:15:00Z,87.8012,0.59966,119.953
2026-01-10T08:16:00Z,87.8326,0.60028,120.039
2026-01-10T08:17:00Z,87.784,0.59921,119.985
2026-01-10T08:18:00Z,87.8318,0.60011,120.024
2026-01-10T08:19:00Z,87.7965,0.59966,119.978
2026-01-10T08:20:00Z,87.8232,0.60028,120.029
2026-01-10T08:21:00Z,87.7995,0.59956,119.971
2026-01-10T08:22:00Z,87.8456,0.60036,120.014
2026-01-10T08:23:00Z,87.8131,0.59993,119.951
2026-01-10T08:24:00Z,87.841,0.60037,120.022
2026-01-10T08:25:00Z,87.8107,0.59968,119.965
2026-01-10T08:26:00Z,87.8334,0.60033,120.047
2026-01-10T08:27:00Z,87.8081,0.59978,119.96
2026-01-10T08:28:00Z,87.8374,0.60005,120.01
2026-01-10T08:29:00Z,87.8226,0.59956,119.957
2026-01-10T08:30:00Z,87.8366,0.60039,120.026
2026-01-10T08:31:00Z,87.8176,0.59962,119.979
2026-01-10T08:32:00Z,87.8305,0.60047,120.052
2026-01-10T08:33:00Z,87.8124,0.59931,119.965
2026-01-10T08:34:00Z,87.8563,0.60046,120.008
2026-01-10T08:35:00Z,87.8177,0.59951,119.962
2026-01-10T08:36:00Z,87.8357,0.60017,120.033
2026-01-10T08:37:00Z,87.8182,0.59945,119.991
2026-01-10T08:38:00Z,87.8537,0.60062,120.03
2026-01-10T08:39:00Z,87.8009,0.59961,119.975
2026-01-10T08:40:00Z,87.8438,0.60023,120.054
2026-01-10T08:41:00Z,87.821,0.59983,119.978
2026-01-10T08:42:00Z,87.8544,0.60065,119.995
2026-01-10T08:43:00Z,87.8138,0.59921,120.001
2026-01-10T08:44:00Z,87.8551,0.60052,120.016
2026-01-10T08:45:00Z,87.8149,0.59943,119.965
2026-01-10T08:46:00Z,87.8606,0.60042,120.036
2026-01-10T08:47:00Z,87.8228,0.59946,119.968
2026-01-10T08:48:00Z,87.8602,0.60047,120.044
2026-01-10T08:49:00Z,87.8312,0.59924,119.958
2026-01-10T08:50:00Z,87.8556,0.60075,120.024
2026-01-10T08:51:00Z,87.8384,0.59962,119.979
2026-01-10T08:52:00Z,87.8614,0.60024,120.052
2026-01-10T08:53:00Z,87.8277,0.59933,119.981
2026-01-10T08:54:00Z,87.8509,0.60043,120.024
2026-01-10T08:55:00Z,87.8343,0.59946,119.948
2026-01-10T08:56:00Z,87.8527,0.60015,120.024
2026-01-10T08:57:00Z,87.8265,0.59903,119.973
2026-01-10T08:58:00Z,87.8611,0.60027,120.043
2026-01-10T08:59:00Z,87.8188,0.59959,119.981
2026-01-10T09:00:00Z,87.8713,0.60078,120.038
2026-01-10T09:01:00Z,87.8192,0.59944,119.979
2026-01-10T09:02:00Z,87.8721,0.60027,120.036
2026-01-10T09:03:00Z,87.822,0.59929,119.967
2026-01-10T09:04:00Z,87.8511,0.60016,120.045
2026-01-10T09:05:00Z,87.8282,0.59955,119.955
2026-01-10T09:06:00Z,87.858,0.60064,120.031
2026-01-10T09:07:00Z,87.8311,0.59952,119.992
2026-01-10T09:08:00Z,87.8771,0.60038,120.042
2026-01-10T09:09:00Z,87.8279,0.5995,119.99
2026-01-10T09:10:00Z,87.8712,0.60074,120.025
2026-01-10T09:11:00Z,87.8357,0.59929,119.948
2026-01-10T09:12:00Z,87.8463,0.60039,120.016
2026-01-10T09:13:00Z,87.8462,0.59982,119.962
2026-01-10T09:14:00Z,87.8953,0.6003,120.018
2026-01-10T09:15:00Z,87.8414,0.59942,119.967
2026-01-10T09:16:00Z,87.8714,0.60042,120.054
2026-01-10T09:17:00Z,87.841,0.59955,119.981
2026-01-10T09:18:00Z,87.8788,0.60048,120.038
2026-01-10T09:19:00Z,87.8314,0.60003,119.975
2026-01-10T09:20:00Z,87.8771,0.60049,120.049
2026-01-10T09:21:00Z,87.8291,0.59972,119.985
2026-01-10T09:22:00Z,87.859,0.60058,120.034
2026-01-10T09:23:00Z,87.8421,0.59968,119.959
2026-01-10T09:24:00Z,87.8825,0.60042,120.039
2026-01-10T09:25:00Z,87.8467,0.5997,119.964
2026-01-10T09:26:00Z,87.8626,0.60086,120.017
2026-01-10T09:27:00Z,87.8492,0.59956,119.961
2026-01-10T09:28:00Z,87.8832,0.60032,120.017
2026-01-10T09:29:00Z,87.8526,0.59962,119.961
2026-01-10T09:30:00Z,87.8777,0.60025,120.031
2026-01-10T09:31:00Z,87.8478,0.59976,119.964
2026-01-10T09:32:00Z,87.8669,0.60043,120.027
2026-01-10T09:33:00Z,87.8385,0.59932,119.989
2026-01-10T09:34:00Z,87.884,0.59993,120.042
2026-01-10T09:35:00Z,87.8345,0.59936,119.975
2026-01-10T09:36:00Z,87.8611,0.60058,120.054
2026-01-10T09:37:00Z,87.8495,0.59946,119.978
2026-01-10T09:38:00Z,87.8777,0.60013,120.02
2026-01-10T09:39:00Z,87.8493,0.59963,119.983
2026-01-10T09:40:00Z,87.8742,0.60048,120.033
2026-01-10T09:41:00Z,87.8442,0.59947,119.991
2026-01-10T09:42:00Z,87.8932,0.60052,120.03
2026-01-10T09:43:00Z,87.858,0.60003,119.96
2026-01-10T09:44:00Z,87.8945,0.60034,120.022
2026-01-10T09:45:00Z,87.853,0.59957,119.985
2026-01-10T09:46:00Z,87.9029,0.60061,120.052
2026-01-10T09:47:00Z,87.8504,0.59964,119.957
2026-01-10T09:48:00Z,87.8912,0.60071,120.033
2026-01-10T09:49:00Z,87.8654,0.59949,119.996
2026-01-10T09:50:00Z,87.8927,0.60058,120.027
2026-01-10T09:51:00Z,87.8653,0.59966,119.972
2026-01-10T09:52:00Z,87.8866,0.60068,120.03
2026-01-10T09:53:00Z,87.8597,0.59956,119.962
2026-01-10T09:54:00Z,87.8865,0.6003,120.043
2026-01-10T09:55:00Z,87.8719,0.59983,119.959
2026-01-10T09:56:00Z,87.8995,0.60066,120.025
2026-01-10T09:57:00Z,87.8699,0.59984,119.961
2026-01-10T09:58:00Z,87.9002,0.60036,120.015
2026-01-10T09:59:00Z,87.8607,0.59952,119.964
2026-01-10T10:00:00Z,87.8962,0.60024,120.053
2026-01-10T10:01:00Z,87.868,0.59981,119.957
2026-01-10T10:02:00Z,87.8928,0.60061,120.009
2026-01-10T10:03:00Z,87.869,0.59959,119.959
2026-01-10T10:04:00Z,87.8957,0.60065,120.015
2026-01-10T10:05:00Z,87.8633,0.59962,119.992
2026-01-10T10:06:00Z,87.9133,0.60034,120.002
2026-01-10T10:07:00Z,87.8784,0.59935,119.983
2026-01-10T10:08:00Z,87.906,0.60056,120.004
2026-01-10T10:09:00Z,87.8562,0.59967,119.985
2026-01-10T10:10:00Z,87.8989,0.60081,120.054
2026-01-10T10:11:00Z,87.8783,0.59964,120.0
2026-01-10T10:12:00Z,87.8989,0.60027,120.03
2026-01-10T10:13:00Z,87.8712,0.59962,119.966
2026-01-10T10:14:00Z,87.9169,0.60022,120.034
2026-01-10T10:15:00Z,87.8743,0.59936,119.986
2026-01-10T10:16:00Z,87.904,0.60039,120.028
2026-01-10T10:17:00Z,87.8698,0.59973,119.958
2026-01-10T10:18:00Z,87.9161,0.60053,120.044
2026-01-10T10:19:00Z,87.8838,0.59977,119.969
2026-01-10T10:20:00Z,87.8988,0.60021,120.011
2026-01-10T10:21:00Z,87.8814,0.59977,119.953
2026-01-10T10:22:00Z,87.9189,0.60036,120.059
2026-01-10T10:23:00Z,87.8706,0.59947,119.969
2026-01-10T10:24:00Z,87.9123,0.60047,120.027
2026-01-10T10:25:00Z,87.8716,0.59933,119.962
2026-01-10T10:26:00Z,87.8954,0.60013,120.045
2026-01-10T10:27:00Z,87.8764,0.59983,119.971
2026-01-10T10:28:00Z,87.9232,0.60011,120.03
2026-01-10T10:29:00Z,87.8728,0.59981,119.957
2026-01-10T10:30:00Z,87.9061,0.60052,120.03
2026-01-10T10:31:00Z,87.8762,0.59947,119.981
2026-01-10T10:32:00Z,87.921,0.60032,120.043
2026-01-10T10:33:00Z,87.8843,0.59966,119.965
2026-01-10T10:34:00Z,87.9238,0.60042,120.024
2026-01-10T10:35:00Z,87.8955,0.59958,119.964
2026-01-10T10:36:00Z,87.9213,0.60038,120.028
2026-01-10T10:37:00Z,87.8798,0.59934,119.968
2026-01-10T10:38:00Z,87.9218,0.60053,120.014
2026-01-10T10:39:00Z,87.8879,0.59947,119.951
2026-01-10T10:40:00Z,87.9245,0.60039,120.036
2026-01-10T10:41:00Z,87.8848,0.59971,119.975
2026-01-10T10:42:00Z,87.9366,0.60085,120.037
2026-01-10T10:43:00Z,87.8968,0.5996,119.932
2026-01-10T10:44:00Z,87.9182,0.60042,120.007
2026-01-10T10:45:00Z,87.8974,0.59955,119.967
2026-01-10T10:46:00Z,87.923,0.60058,120.03
2026-01-10T10:47:00Z,87.8862,0.59946,119.951
2026-01-10T10:48:00Z,87.9242,0.60008,120.015
2026-01-10T10:49:00Z,87.9019,0.59967,119.948
2026-01-10T10:50:00Z,87.9286,0.60053,120.018
2026-01-10T10:51:00Z,87.8915,0.59944,119.96
2026-01-10T10:52:00Z,87.9282,0.60054,120.032
2026-01-10T10:53:00Z,87.8882,0.59969,119.972
2026-01-10T10:54:00Z,87.9234,0.6002,119.988
2026-01-10T10:55:00Z,87.9044,0.59981,119.964
2026-01-10T10:56:00Z,87.9397,0.60035,120.012
2026-01-10T10:57:00Z,87.9072,0.59948,119.978
2026-01-10T10:58:00Z,87.9411,0.60031,120.042
2026-01-10T10:59:00Z,87.9002,0.5998,119.977
2026-01-10T11:00:00Z,87.9248,0.60023,120.045
2026-01-10T11:01:00Z,87.8913,0.60002,120.007
2026-01-10T11:02:00Z,87.9207,0.59996,120.037
2026-01-10T11:03:00Z,87.9035,0.59929,119.989
2026-01-10T11:04:00Z,87.9241,0.60054,120.022
2026-01-10T11:05:00Z,87.8735,0.59973,119.979
2026-01-10T11:06:00Z,87.9375,0.60011,120.042
2026-01-10T11:07:00Z,87.9035,0.59944,119.963
2026-01-10T11:08:00Z,87.9479,0.60036,120.071
2026-01-10T11:09:00Z,87.9195,0.59937,119.988
2026-01-10T11:10:00Z,87.9349,0.59994,120.034
2026-01-10T11:11:00Z,87.9139,0.59941,119.937
2026-01-10T11:12:00Z,87.9423,0.60043,120.027
2026-01-10T11:13:00Z,87.9082,0.59934,119.976
2026-01-10T11:14:00Z,87.938,0.60063,120.03
2026-01-10T11:15:00Z,87.8949,0.59959,119.963
2026-01-10T11:16:00Z,87.9282,0.60057,120.035
2026-01-10T11:17:00Z,87.913,0.59972,119.964
2026-01-10T11:18:00Z,87.9417,0.60035,120.02
2026-01-10T11:19:00Z,87.9046,0.5998,119.968
2026-01-10T11:20:00Z,87.9399,0.60019,120.038
2026-01-10T11:21:00Z,87.9297,0.59935,119.947
2026-01-10T11:22:00Z,87.9425,0.6004,120.029
2026-01-10T11:23:00Z,87.918,0.5997,119.971
2026-01-10T11:24:00Z,87.958,0.60038,120.035
2026-01-10T11:25:00Z,87.9187,0.59921,119.977
2026-01-10T11:26:00Z,87.9594,0.60049,120.047
2026-01-10T11:27:00Z,87.9164,0.59935,119.981
2026-01-10T11:28:00Z,87.958,0.60026,120.032
2026-01-10T11:29:00Z,87.9073,0.59912,119.972
2026-01-10T11:30:00Z,87.9623,0.60028,120.039
2026-01-10T11:31:00Z,87.9175,0.59931,119.95
2026-01-10T11:32:00Z,87.9588,0.60035,120.02
2026-01-10T11:33:00Z,87.9148,0.59945,119.982
2026-01-10T11:34:00Z,87.9533,0.60026,119.998
2026-01-10T11:35:00Z,87.9262,0.59941,119.967
2026-01-10T11:36:00Z,87.9422,0.60021,120.012
2026-01-10T11:37:00Z,87.9293,0.59944,119.933
2026-01-10T11:38:00Z,87.9462,0.60046,120.029
2026-01-10T11:39:00Z,87.9157,0.5992,119.984
2026-01-10T11:40:00Z,87.958,0.60015,120.071
2026-01-10T11:41:00Z,87.9436,0.59966,119.965
2026-01-10T11:42:00Z,87.9522,0.60038,120.028
2026-01-10T11:43:00Z,87.9175,0.59961,119.963
2026-01-10T11:44:00Z,87.96,0.60041,120.024
2026-01-10T11:45:00Z,87.9172,0.59961,119.986
2026-01-10T11:46:00Z,87.9701,0.60049,120.021
2026-01-10T11:47:00Z,87.929,0.59945,119.961
2026-01-10T11:48:00Z,87.9734,0.60054,120.058
2026-01-10T11:49:00Z,87.9278,0.60003,120.002
2026-01-10T11:50:00Z,87.9556,0.60041,120.028
2026-01-10T11:51:00Z,87.9237,0.59983,119.969
2026-01-10T11:52:00Z,87.9607,0.60054,120.002
2026-01-10T11:53:00Z,87.9455,0.5996,119.939
2026-01-10T11:54:00Z,87.9589,0.60007,120.033
2026-01-10T11:55:00Z,87.9285,0.59922,119.989
2026-01-10T11:56:00Z,87.9625,0.6002,120.043
2026-01-10T11:57:00Z,87.9459,0.59962,119.941
2026-01-10T11:58:00Z,87.9732,0.60067,120.02
2026-01-10T11:59:00Z,87.9379,0.59973,119.968
2026-01-10T12:00:00Z,87.9569,0.60012,120.031
2026-01-10T12:01:00Z,87.9417,0.59959,119.955
2026-01-10T12:02:00Z,87.9757,0.60027,120.037
2026-01-10T12:03:00Z,87.9391,0.59939,119.982
2026-01-10T12:04:00Z,87.9598,0.60003,120.049
2026-01-10T12:05:00Z,87.9447,0.59968,119.961
2026-01-10T12:06:00Z,87.9664,0.60068,120.032
2026-01-10T12:07:00Z,87.9452,0.59944,119.971
2026-01-10T12:08:00Z,87.9729,0.60017,120.056
2026-01-10T12:09:00Z,87.9434,0.59949,119.978
2026-01-10T12:10:00Z,87.9699,0.60053,120.007
2026-01-10T12:11:00Z,87.9488,0.59978,119.994
2026-01-10T12:12:00Z,87.9788,0.60014,120.023
2026-01-10T12:13:00Z,87.9378,0.59955,119.965
2026-01-10T12:14:00Z,87.9818,0.60035,120.008
2026-01-10T12:15:00Z,87.9657,0.59972,119.992
2026-01-10T12:16:00Z,87.9707,0.60062,120.036
2026-01-10T12:17:00Z,87.9447,0.60006,119.958
2026-01-10T12:18:00Z,87.9884,0.60055,120.058
2026-01-10T12:19:00Z,87.9402,0.60011,119.974
2026-01-10T12:20:00Z,87.9714,0.60007,120.029
2026-01-10T12:21:00Z,87.9469,0.5994,119.959
2026-01-10T12:22:00Z,87.9845,0.60068,120.025
2026-01-10T12:23:00Z,87.9536,0.59948,119.941
2026-01-10T12:24:00Z,87.9692,0.60038,120.022
2026-01-10T12:25:00Z,87.955,0.59955,119.957
2026-01-10T12:26:00Z,87.9914,0.60023,120.019
2026-01-10T12:27:00Z,87.9562,0.59928,119.96
2026-01-10T12:28:00Z,87.9873,0.60052,120.008
2026-01-10T12:29:00Z,87.9547,0.59965,119.973
2026-01-10T12:30:00Z,87.973,0.60058,120.04
2026-01-10T12:31:00Z,87.9568,0.59993,119.968
2026-01-10T12:32:00Z,87.9778,0.60039,120.045
2026-01-10T12:33:00Z,87.9436,0.59985,119.988
2026-01-10T12:34:00Z,87.9859,0.60027,120.039
2026-01-10T12:35:00Z,87.9709,0.59982,119.971
2026-01-10T12:36:00Z,87.9853,0.60028,120.044
2026-01-10T12:37:00Z,87.9668,0.59942,119.965
2026-01-10T12:38:00Z,88.0055,0.60065,120.023
2026-01-10T12:39:00Z,87.9693,0.59951,119.96
2026-01-10T12:40:00Z,87.9871,0.60053,120.027
2026-01-10T12:41:00Z,87.9624,0.59945,119.98
2026-01-10T12:42:00Z,88.0033,0.6005,120.034
2026-01-10T12:43:00Z,87.9659,0.59933,119.98
2026-01-10T12:44:00Z,87.9955,0.60059,120.002
2026-01-10T12:45:00Z,87.9596,0.59957,119.962
2026-01-10T12:46:00Z,87.9834,0.59996,120.044
2026-01-10T12:47:00Z,87.9639,0.59955,119.997
2026-01-10T12:48:00Z,87.9871,0.60028,120.007
2026-01-10T12:49:00Z,87.9516,0.59946,119.99
2026-01-10T12:50:00Z,87.9995,0.60054,120.047
2026-01-10T12:51:00Z,87.9554,0.59974,119.957
2026-01-10T12:52:00Z,87.9856,0.60044,120.002
2026-01-10T12:53:00Z,87.964,0.59952,119.999
2026-01-10T12:54:00Z,88.0042,0.60035,120.023
2026-01-10T12:55:00Z,87.9802,0.5998,119.981
2026-01-10T12:56:00Z,87.9959,0.6005,120.032
2026-01-10T12:57:00Z,87.9678,0.5997,119.951
2026-01-10T12:58:00Z,88.0105,0.60031,120.042
2026-01-10T12:59:00Z,87.9741,0.59949,119.958
2026-01-10T13:00:00Z,87.9947,0.60058,120.004
2026-01-10T13:01:00Z,87.9725,0.59973,119.958
2026-01-10T13:02:00Z,88.0064,0.60052,120.041
2026-01-10T13:03:00Z,87.9752,0.59978,119.966
2026-01-10T13:04:00Z,88.025,0.60036,120.044
2026-01-10T13:05:00Z,87.9746,0.59985,119.973
2026-01-10T13:06:00Z,88.003,0.60042,120.014
2026-01-10T13:07:00Z,87.9673,0.59948,119.999
2026-01-10T13:08:00Z,88.0138,0.60016,119.992
2026-01-10T13:09:00Z,87.961,0.59947,119.954
2026-01-10T13:10:00Z,87.994,0.60069,120.022
2026-01-10T13:11:00Z,87.9729,0.59945,119.972
2026-01-10T13:12:00Z,88.0188,0.60057,120.044
2026-01-10T13:13:00Z,87.9836,0.59983,119.943
2026-01-10T13:14:00Z,88.0028,0.60049,120.046
2026-01-10T13:15:00Z,87.9849,0.59966,119.97
2026-01-10T13:16:00Z,88.0094,0.60033,120.023
2026-01-10T13:17:00Z,87.9732,0.59931,119.972
2026-01-10T13:18:00Z,88.0178,0.60029,120.034
2026-01-10T13:19:00Z,87.9885,0.59968,119.971
2026-01-10T13:20:00Z,88.0073,0.60028,120.066
2026-01-10T13:21:00Z,87.9768,0.59918,119.968
2026-01-10T13:22:00Z,88.0215,0.60037,120.013
2026-01-10T13:23:00Z,87.9809,0.59956,119.97
2026-01-10T13:24:00Z,88.0283,0.60069,120.032
2026-01-10T13:25:00Z,87.9795,0.59963,119.985
2026-01-10T13:26:00Z,88.0285,0.60039,120.005
2026-01-10T13:27:00Z,88.0012,0.59968,119.942
2026-01-10T13:28:00Z,88.0285,0.60057,120.037
2026-01-10T13:29:00Z,87.9993,0.59956,119.986
2026-01-10T13:30:00Z,88.0178,0.60064,120.019
2026-01-10T13:31:00Z,87.9898,0.59951,119.965
2026-01-10T13:32:00Z,88.0199,0.60039,120.026
2026-01-10T13:33:00Z,87.991,0.59944,119.975
2026-01-10T13:34:00Z,88.0389,0.60058,120.036
2026-01-10T13:35:00Z,87.9729,0.59932,120.008
2026-01-10T13:36:00Z,88.0269,0.60015,120.037
2026-01-10T13:37:00Z,88.0061,0.59998,119.989
2026-01-10T13:38:00Z,88.0278,0.60052,120.031
2026-01-10T13:39:00Z,87.9976,0.5994,119.968
2026-01-10T13:40:00Z,88.0283,0.6003,120.01
2026-01-10T13:41:00Z,87.9854,0.59968,119.965
2026-01-10T13:42:00Z,88.0281,0.6004,120.017
2026-01-10T13:43:00Z,88.0098,0.59968,119.956
2026-01-10T13:44:00Z,88.0289,0.60021,120.031
2026-01-10T13:45:00Z,87.9921,0.59998,119.965
2026-01-10T13:46:00Z,88.033,0.60043,120.023
2026-01-10T13:47:00Z,88.0107,0.59945,119.979
2026-01-10T13:48:00Z,88.0342,0.60049,120.041
2026-01-10T13:49:00Z,87.9943,0.59971,119.97
2026-01-10T13:50:00Z,88.0296,0.60066,120.034
2026-01-10T13:51:00Z,88.0118,0.59947,120.001
2026-01-10T13:52:00Z,88.0323,0.6004,119.999
2026-01-10T13:53:00Z,88.0014,0.59992,119.95
2026-01-10T13:54:00Z,88.0409,0.60044,120.013
2026-01-10T13:55:00Z,87.9997,0.59961,119.952
2026-01-10T13:56:00Z,88.0442,0.60012,120.029
2026-01-10T13:57:00Z,88.0061,0.59979,119.965
2026-01-10T13:58:00Z,88.0383,0.60055,120.016
2026-01-10T13:59:00Z,88.0138,0.59961,119.976
2026-01-10T14:00:00Z,88.0457,0.60024,120.033
2026-01-10T14:01:00Z,88.0004,0.59963,119.973
2026-01-10T14:02:00Z,88.0332,0.60055,120.036
2026-01-10T14:03:00Z,88.0245,0.59969,119.971
2026-01-10T14:04:00Z,88.027,0.60036,120.051
2026-01-10T14:05:00Z,88.0108,0.59901,119.963
2026-01-10T14:06:00Z,88.0504,0.60027,120.015
2026-01-10T14:07:00Z,88.0214,0.59942,119.989
2026-01-10T14:08:00Z,88.0595,0.60055,120.044
2026-01-10T14:09:00Z,88.0162,0.59952,119.941
2026-01-10T14:10:00Z,88.0494,0.60045,120.042
2026-01-10T14:11:00Z,88.0181,0.59966,119.985
2026-01-10T14:12:00Z,88.0475,0.6001,120.035
2026-01-10T14:13:00Z,88.0081,0.59985,119.977
2026-01-10T14:14:00Z,88.0453,0.60019,120.036
2026-01-10T14:15:00Z,88.02,0.59949,119.967
2026-01-10T14:16:00Z,88.056,0.60042,120.028
2026-01-10T14:17:00Z,88.0143,0.59976,119.956
2026-01-10T14:18:00Z,88.0403,0.60047,120.028
2026-01-10T14:19:00Z,88.0118,0.59983,119.963
2026-01-10T14:20:00Z,88.0475,0.60033,120.044
2026-01-10T14:21:00Z,88.0224,0.5996,119.957
2026-01-10T14:22:00Z,88.0591,0.60025,120.025
2026-01-10T14:23:00Z,88.0247,0.59951,120.0
2026-01-10T14:24:00Z,88.0511,0.6004,120.016
2026-01-10T14:25:00Z,88.024,0.59981,119.968
2026-01-10T14:26:00Z,88.0391,0.60057,120.039
2026-01-10T14:27:00Z,88.0291,0.59965,119.988
2026-01-10T14:28:00Z,88.0433,0.6004,120.001
2026-01-10T14:29:00Z,88.0265,0.59968,119.983
2026-01-10T14:30:00Z,88.0666,0.6005,120.03
2026-01-10T14:31:00Z,88.0198,0.5995,119.965
2026-01-10T14:32:00Z,88.0489,0.60043,120.028
2026-01-10T14:33:00Z,88.0237,0.59954,119.958
2026-01-10T14:34:00Z,88.0667,0.6002,120.035
2026-01-10T14:35:00Z,88.0262,0.59926,119.989
2026-01-10T14:36:00Z,88.0666,0.60078,120.015
2026-01-10T14:37:00Z,88.0264,0.59948,119.961
2026-01-10T14:38:00Z,88.0753,0.60037,120.034
2026-01-10T14:39:00Z,88.0365,0.59983,119.945
2026-01-10T14:40:00Z,88.0716,0.60038,120.035
2026-01-10T14:41:00Z,88.0422,0.5995,119.953
2026-01-10T14:42:00Z,88.0706,0.60065,120.03
2026-01-10T14:43:00Z,88.0405,0.59973,119.992
2026-01-10T14:44:00Z,88.0766,0.60021,120.005
2026-01-10T14:45:00Z,88.0317,0.59975,119.971
2026-01-10T14:46:00Z,88.0767,0.60056,120.02
2026-01-10T14:47:00Z,88.0434,0.59971,119.955
2026-01-10T14:48:00Z,88.0649,0.60038,120.045
2026-01-10T14:49:00Z,88.0412,0.59944,119.951
2026-01-10T14:50:00Z,88.0654,0.60053,120.018
2026-01-10T14:51:00Z,88.0353,0.59954,119.972
2026-01-10T14:52:00Z,88.0762,0.60048,120.01
2026-01-10T14:53:00Z,88.04,0.59958,119.973
2026-01-10T14:54:00Z,88.0584,0.60005,120.047
2026-01-10T14:55:00Z,88.0483,0.59976,119.966
2026-01-10T14:56:00Z,88.0743,0.60036,120.006
2026-01-10T14:57:00Z,88.0462,0.59979,119.979
2026-01-10T14:58:00Z,88.0701,0.60056,120.033
2026-01-10T14:59:00Z,88.0553,0.59989,119.976
2026-01-10T15:00:00Z,88.0802,0.60017,120.024
2026-01-10T15:01:00Z,88.05,0.5991,119.98
2026-01-10T15:02:00Z,88.0819,0.60015,120.013
2026-01-10T15:03:00Z,88.0485,0.59933,119.971
2026-01-10T15:04:00Z,88.0749,0.60008,120.026
2026-01-10T15:05:00Z,88.042,0.5999,119.971
2026-01-10T15:06:00Z,88.073,0.60043,120.039
2026-01-10T15:07:00Z,88.0531,0.59953,119.944
2026-01-10T15:08:00Z,88.0819,0.60007,120.048
2026-01-10T15:09:00Z,88.0471,0.59991,119.974
2026-01-10T15:10:00Z,88.0874,0.60023,120.015
2026-01-10T15:11:00Z,88.0523,0.59937,120.003
2026-01-10T15:12:00Z,88.0876,0.60071,120.043
2026-01-10T15:13:00Z,88.0406,0.59943,119.98
2026-01-10T15:14:00Z,88.0846,0.60004,120.049
2026-01-10T15:15:00Z,88.0658,0.5994,120.004
2026-01-10T15:16:00Z,88.0912,0.60006,120.045
2026-01-10T15:17:00Z,88.0623,0.6,119.953
2026-01-10T15:18:00Z,88.0869,0.60068,120.046
2026-01-10T15:19:00Z,88.0593,0.5998,119.984
2026-01-10T15:20:00Z,88.0805,0.60071,120.008
2026-01-10T15:21:00Z,88.0663,0.59986,119.947
2026-01-10T15:22:00Z,88.1004,0.60053,120.025
2026-01-10T15:23:00Z,88.0608,0.59994,119.962
2026-01-10T15:24:00Z,88.0874,0.60076,120.004
2026-01-10T15:25:00Z,88.0654,0.59973,119.976
2026-01-10T15:26:00Z,88.0896,0.60076,120.04
2026-01-10T15:27:00Z,88.0553,0.59974,119.935
2026-01-10T15:28:00Z,88.1,0.6001,120.011
2026-01-10T15:29:00Z,88.0617,0.5996,119.974
2026-01-10T15:30:00Z,88.0983,0.60038,120.026
2026-01-10T15:31:00Z,88.0744,0.59928,120.01
2026-01-10T15:32:00Z,88.0909,0.60024,120.004
2026-01-10T15:33:00Z,88.0496,0.59947,119.964
2026-01-10T15:34:00Z,88.0932,0.60064,120.009
2026-01-10T15:35:00Z,88.0555,0.59927,119.955
2026-01-10T15:36:00Z,88.1058,0.60039,120.019
2026-01-10T15:37:00Z,88.08,0.59955,119.981
2026-01-10T15:38:00Z,88.0993,0.60041,120.02
2026-01-10T15:39:00Z,88.0717,0.59969,119.969
2026-01-10T15:40:00Z,88.0996,0.60052,120.048
2026-01-10T15:41:00Z,88.0653,0.59967,119.98
2026-01-10T15:42:00Z,88.0979,0.6005,120.023
2026-01-10T15:43:00Z,88.0717,0.59956,119.968
2026-01-10T15:44:00Z,88.0943,0.60078,120.057
2026-01-10T15:45:00Z,88.0685,0.59981,119.956
2026-01-10T15:46:00Z,88.0891,0.60032,120.023
2026-01-10T15:47:00Z,88.07,0.59974,119.963
2026-01-10T15:48:00Z,88.1043,0.6005,120.01
2026-01-10T15:49:00Z,88.0727,0.59999,119.977
2026-01-10T15:50:00Z,88.0924,0.60048,120.031
2026-01-10T15:51:00Z,88.0762,0.59932,119.964
2026-01-10T15:52:00Z,88.1047,0.60069,120.02
2026-01-10T15:53:00Z,88.0768,0.59982,119.941
2026-01-10T15:54:00Z,88.1154,0.60021,120.043
2026-01-10T15:55:00Z,88.0948,0.59936,119.983
2026-01-10T15:56:00Z,88.1164,0.60057,120.047
2026-01-10T15:57:00Z,88.087,0.59979,119.947
2026-01-10T15:58:00Z,88.1102,0.6006,120.038
2026-01-10T15:59:00Z,88.0834,0.59986,119.958
2026-01-10T16:00:00Z,88.1081,0.60044,120.048
2026-01-10T16:01:00Z,88.0783,0.59927,119.964
2026-01-10T16:02:00Z,88.1207,0.60021,120.031
2026-01-10T16:03:00Z,88.0675,0.59974,119.978
2026-01-10T16:04:00Z,88.1037,0.60025,120.038
2026-01-10T16:05:00Z,88.0854,0.59958,119.972
2026-01-10T16:06:00Z,88.1045,0.60038,120.015
2026-01-10T16:07:00Z,88.0839,0.59954,119.968
2026-01-10T16:08:00Z,88.1171,0.60041,120.034
2026-01-10T16:09:00Z,88.0809,0.59936,119.971
2026-01-10T16:10:00Z,88.1141,0.60042,120.051
2026-01-10T16:11:00Z,88.0908,0.59916,119.98
2026-01-10T16:12:00Z,88.1266,0.60052,120.048
2026-01-10T16:13:00Z,88.0851,0.59967,119.974
2026-01-10T16:14:00Z,88.117,0.60019,120.038
2026-01-10T16:15:00Z,88.0855,0.59973,119.986
2026-01-10T16:16:00Z,88.1118,0.60067,120.017
2026-01-10T16:17:00Z,88.0866,0.59994,119.993
2026-01-10T16:18:00Z,88.1302,0.60048,120.041
2026-01-10T16:19:00Z,88.0915,0.59995,119.971
2026-01-10T16:20:00Z,88.1229,0.60033,120.02
2026-01-10T16:21:00Z,88.0827,0.59945,119.979
2026-01-10T16:22:00Z,88.1312,0.60044,120.014
2026-01-10T16:23:00Z,88.0939,0.59989,119.966
2026-01-10T16:24:00Z,88.135,0.60042,120.043
2026-01-10T16:25:00Z,88.0908,0.5993,119.987
2026-01-10T16:26:00Z,88.1323,0.60017,120.016
2026-01-10T16:27:00Z,88.0929,0.59959,119.962
2026-01-10T16:28:00Z,88.129,0.60056,120.025
2026-01-10T16:29:00Z,88.1056,0.59935,119.98
2026-01-10T16:30:00Z,88.1403,0.60028,120.068
2026-01-10T16:31:00Z,88.1099,0.59946,119.989
2026-01-10T16:32:00Z,88.1377,0.60051,119.998
2026-01-10T16:33:00Z,88.088,0.59983,119.962
2026-01-10T16:34:00Z,88.1332,0.60073,119.99
2026-01-10T16:35:00Z,88.0918,0.59963,119.953
2026-01-10T16:36:00Z,88.1306,0.60028,120.035
2026-01-10T16:37:00Z,88.1129,0.59984,119.956
2026-01-10T16:38:00Z,88.1312,0.60074,120.033
2026-01-10T16:39:00Z,88.1083,0.59948,119.964
2026-01-10T16:40:00Z,88.1477,0.60028,120.033
2026-01-10T16:41:00Z,88.1106,0.60001,119.962
2026-01-10T16:42:00Z,88.1489,0.60044,120.044
2026-01-10T16:43:00Z,88.1139,0.59974,119.97
2026-01-10T16:44:00Z,88.1428,0.60044,120.02
2026-01-10T16:45:00Z,88.094,0.59973,119.983
2026-01-10T16:46:00Z,88.1545,0.59995,120.012
2026-01-10T16:47:00Z,88.0906,0.59963,119.972
2026-01-10T16:48:00Z,88.1374,0.60043,120.02
2026-01-10T16:49:00Z,88.1238,0.59917,119.954
2026-01-10T16:50:00Z,88.1511,0.60043,120.048
2026-01-10T16:51:00Z,88.114,0.59959,119.945
2026-01-10T16:52:00Z,88.1393,0.60022,120.03
2026-01-10T16:53:00Z,88.1058,0.59966,119.972
2026-01-10T16:54:00Z,88.1227,0.60035,120.005
2026-01-10T16:55:00Z,88.1184,0.59958,119.991
2026-01-10T16:56:00Z,88.135,0.60047,120.027
2026-01-10T16:57:00Z,88.104,0.59942,119.985
2026-01-10T16:58:00Z,88.148,0.60066,120.066
2026-01-10T16:59:00Z,88.1112,0.59978,119.962
2026-01-10T17:00:00Z,88.1482,0.60038,120.051
2026-01-10T17:01:00Z,88.1146,0.59951,119.946
2026-01-10T17:02:00Z,88.1523,0.60047,120.049
2026-01-10T17:03:00Z,88.1283,0.59963,119.992
2026-01-10T17:04:00Z,88.1441,0.6001,120.031
2026-01-10T17:05:00Z,88.132,0.5996,119.98
2026-01-10T17:06:00Z,88.1484,0.60024,120.023
2026-01-10T17:07:00Z,88.1052,0.59959,119.993
2026-01-10T17:08:00Z,88.1485,0.60052,120.031
2026-01-10T17:09:00Z,88.1164,0.5999,119.934
2026-01-10T17:10:00Z,88.1468,0.60034,120.048
2026-01-10T17:11:00Z,88.1231,0.59954,119.969
2026-01-10T17:12:00Z,88.1596,0.60055,120.065
2026-01-10T17:13:00Z,88.1049,0.5997,119.961
2026-01-10T17:14:00Z,88.1575,0.60047,120.025
2026-01-10T17:15:00Z,88.1287,0.59911,119.987
2026-01-10T17:16:00Z,88.1611,0.6006,120.007
2026-01-10T17:17:00Z,88.1178,0.59979,119.992
2026-01-10T17:18:00Z,88.1574,0.60043,120.015
2026-01-10T17:19:00Z,88.121,0.5994,119.945
2026-01-10T17:20:00Z,88.1612,0.60033,120.035
2026-01-10T17:21:00Z,88.1274,0.59966,119.975
2026-01-10T17:22:00Z,88.155,0.60044,120.024
2026-01-10T17:23:00Z,88.1351,0.59949,119.98
2026-01-10T17:24:00Z,88.1534,0.60046,120.039
2026-01-10T17:25:00Z,88.1309,0.59933,119.977
2026-01-10T17:26:00Z,88.1536,0.60032,120.024
2026-01-10T17:27:00Z,88.1184,0.59954,119.974
2026-01-10T17:28:00Z,88.1585,0.6005,120.03
2026-01-10T17:29:00Z,88.1203,0.59966,119.97
2026-01-10T17:30:00Z,88.1723,0.60053,120.041
2026-01-10T17:31:00Z,88.1364,0.59963,119.947
2026-01-10T17:32:00Z,88.1788,0.59997,120.051
2026-01-10T17:33:00Z,88.1447,0.59984,119.982
2026-01-10T17:34:00Z,88.165,0.60049,120.013
2026-01-10T17:35:00Z,88.1407,0.59978,119.954
2026-01-10T17:36:00Z,88.1749,0.60064,120.04
2026-01-10T17:37:00Z,88.144,0.59914,120.003
2026-01-10T17:38:00Z,88.1772,0.60014,120.041
2026-01-10T17:39:00Z,88.1382,0.59952,119.963
2026-01-10T17:40:00Z,88.1753,0.60043,120.056
2026-01-10T17:41:00Z,88.1418,0.59926,119.959
2026-01-10T17:42:00Z,88.1753,0.60068,120.028
2026-01-10T17:43:00Z,88.1486,0.5994,119.979
2026-01-10T17:44:00Z,88.1769,0.60016,120.017
2026-01-10T17:45:00Z,88.149,0.59969,119.976
2026-01-10T17:46:00Z,88.1747,0.60026,120.042
2026-01-10T17:47:00Z,88.1532,0.59954,119.97
2026-01-10T17:48:00Z,88.1658,0.59991,120.021
2026-01-10T17:49:00Z,88.1419,0.59959,119.985
2026-01-10T17:50:00Z,88.1901,0.60031,120.033
2026-01-10T17:51:00Z,88.1457,0.5993,119.976
2026-01-10T17:52:00Z,88.1781,0.60033,120.015
2026-01-10T17:53:00Z,88.1409,0.59927,119.946
2026-01-10T17:54:00Z,88.1765,0.60017,120.033
2026-01-10T17:55:00Z,88.1381,0.60005,119.985
2026-01-10T17:56:00Z,88.1717,0.60025,120.048
2026-01-10T17:57:00Z,88.1433,0.5998,119.967
2026-01-10T17:58:00Z,88.1853,0.60047,120.037
2026-01-10T17:59:00Z,88.1552,0.5993,119.975
2026-01-10T18:00:00Z,88.1731,0.60065,120.028
2026-01-10T18:01:00Z,88.1709,0.59927,119.965
2026-01-10T18:02:00Z,88.2069,0.6004,120.029
2026-01-10T18:03:00Z,88.1559,0.59942,119.97
2026-01-10T18:04:00Z,88.1834,0.60056,120.047
2026-01-10T18:05:00Z,88.1504,0.59965,119.962
2026-01-10T18:06:00Z,88.1925,0.60003,120.023
2026-01-10T18:07:00Z,88.1511,0.59978,119.984
2026-01-10T18:08:00Z,88.1978,0.60014,120.033
2026-01-10T18:09:00Z,88.1684,0.59966,119.945
2026-01-10T18:10:00Z,88.193,0.60082,120.028
2026-01-10T18:11:00Z,88.1631,0.59942,119.96
2026-01-10T18:12:00Z,88.1931,0.60068,120.013
2026-01-10T18:13:00Z,88.1632,0.59942,119.942
2026-01-10T18:14:00Z,88.206,0.60047,120.034
2026-01-10T18:15:00Z,88.1591,0.59953,119.949
2026-01-10T18:16:00Z,88.1959,0.60024,120.013
2026-01-10T18:17:00Z,88.1564,0.59953,119.975
2026-01-10T18:18:00Z,88.1945,0.60014,120.013
2026-01-10T18:19:00Z,88.1644,0.59969,119.954
2026-01-10T18:20:00Z,88.2041,0.60027,119.995
2026-01-10T18:21:00Z,88.1628,0.59983,119.961
2026-01-10T18:22:00Z,88.1929,0.60027,120.045
2026-01-10T18:23:00Z,88.18,0.59953,119.975
2026-01-10T18:24:00Z,88.2109,0.6003,120.048
2026-01-10T18:25:00Z,88.1678,0.59964,119.967
2026-01-10T18:26:00Z,88.1995,0.60043,120.028
2026-01-10T18:27:00Z,88.1669,0.59964,119.974
2026-01-10T18:28:00Z,88.2002,0.60007,120.027
2026-01-10T18:29:00Z,88.1775,0.59952,119.966
2026-01-10T18:30:00Z,88.1969,0.60055,120.037
2026-01-10T18:31:00Z,88.1648,0.59957,119.957
2026-01-10T18:32:00Z,88.2092,0.6005,120.024
2026-01-10T18:33:00Z,88.181,0.59943,119.978
2026-01-10T18:34:00Z,88.1995,0.60038,120.032
2026-01-10T18:35:00Z,88.1642,0.5997,119.983
2026-01-10T18:36:00Z,88.2131,0.60036,120.007
2026-01-10T18:37:00Z,88.1876,0.59953,119.949
2026-01-10T18:38:00Z,88.2025,0.60052,120.029
2026-01-10T18:39:00Z,88.1832,0.59974,119.992
2026-01-10T18:40:00Z,88.2115,0.60064,120.007
2026-01-10T18:41:00Z,88.1854,0.59959,119.956
2026-01-10T18:42:00Z,88.2084,0.60032,120.023
2026-01-10T18:43:00Z,88.1709,0.59976,119.963
2026-01-10T18:44:00Z,88.2029,0.60075,120.037
2026-01-10T18:45:00Z,88.1732,0.59957,119.973
2026-01-10T18:46:00Z,88.2288,0.60016,120.018
2026-01-10T18:47:00Z,88.175,0.59954,119.963
2026-01-10T18:48:00Z,88.2035,0.60035,120.043
2026-01-10T18:49:00Z,88.1881,0.59946,119.973
2026-01-10T18:50:00Z,88.2117,0.60033,120.023
2026-01-10T18:51:00Z,88.1859,0.59963,119.951
2026-01-10T18:52:00Z,88.2176,0.60035,119.992
2026-01-10T18:53:00Z,88.1776,0.59916,119.971
2026-01-10T18:54:00Z,88.2279,0.60042,120.027
2026-01-10T18:55:00Z,88.1806,0.59935,119.974
2026-01-10T18:56:00Z,88.2136,0.60035,120.021
2026-01-10T18:57:00Z,88.1728,0.60001,119.984
2026-01-10T18:58:00Z,88.2137,0.60039,120.015
2026-01-10T18:59:00Z,88.1864,0.59941,119.984
2026-01-10T19:00:00Z,88.2312,0.60052,120.023
2026-01-10T19:01:00Z,88.1853,0.59974,119.969
2026-01-10T19:02:00Z,88.2259,0.60046,120.063
2026-01-10T19:03:00Z,88.1915,0.59954,119.965
2026-01-10T19:04:00Z,88.2024,0.60064,120.017
2026-01-10T19:05:00Z,88.1832,0.59949,119.941
2026-01-10T19:06:00Z,88.2376,0.60038,120.0
2026-01-10T19:07:00Z,88.1966,0.59993,119.967
2026-01-10T19:08:00Z,88.238,0.60038,120.019
2026-01-10T19:09:00Z,88.2046,0.59966,119.971
2026-01-10T19:10:00Z,88.2451,0.60042,120.047
2026-01-10T19:11:00Z,88.1954,0.59955,119.96
2026-01-10T19:12:00Z,88.212,0.60036,120.011
2026-01-10T19:13:00Z,88.1933,0.59971,119.978
2026-01-10T19:14:00Z,88.2339,0.60055,120.027
2026-01-10T19:15:00Z,88.191,0.59994,119.979
2026-01-10T19:16:00Z,88.2262,0.60012,120.006
2026-01-10T19:17:00Z,88.1962,0.59976,119.973
2026-01-10T19:18:00Z,88.2403,0.60043,120.034
2026-01-10T19:19:00Z,88.186,0.59975,119.945
2026-01-10T19:20:00Z,88.2316,0.60069,120.05
2026-01-10T19:21:00Z,88.201,0.59952,119.957
2026-01-10T19:22:00Z,88.2437,0.60043,120.038
2026-01-10T19:23:00Z,88.1939,0.59955,119.958
2026-01-10T19:24:00Z,88.227,0.60064,120.022
2026-01-10T19:25:00Z,88.2003,0.59958,119.991
2026-01-10T19:26:00Z,88.2364,0.60016,120.052
2026-01-10T19:27:00Z,88.2028,0.59966,119.966
2026-01-10T19:28:00Z,88.2342,0.6007,120.024
2026-01-10T19:29:00Z,88.2115,0.59993,119.941
2026-01-10T19:30:00Z,88.237,0.6005,120.046
2026-01-10T19:31:00Z,88.2089,0.59944,119.967
2026-01-10T19:32:00Z,88.2386,0.60057,120.021
2026-01-10T19:33:00Z,88.2142,0.59924,119.991
2026-01-10T19:34:00Z,88.241,0.60019,120.041
2026-01-10T19:35:00Z,88.2035,0.59933,119.974
2026-01-10T19:36:00Z,88.2486,0.6004,120.039
2026-01-10T19:37:00Z,88.2219,0.59945,119.985
2026-01-10T19:38:00Z,88.2479,0.60036,120.035
2026-01-10T19:39:00Z,88.2044,0.59964,119.989
2026-01-10T19:40:00Z,88.2488,0.60042,120.052
2026-01-10T19:41:00Z,88.2165,0.59962,119.995
2026-01-10T19:42:00Z,88.2529,0.60018,120.05
2026-01-10T19:43:00Z,88.2147,0.59945,119.975
2026-01-10T19:44:00Z,88.2463,0.60062,120.019
2026-01-10T19:45:00Z,88.2173,0.59953,119.96
2026-01-10T19:46:00Z,88.2399,0.60035,120.002
2026-01-10T19:47:00Z,88.2152,0.59921,119.977
2026-01-10T19:48:00Z,88.252,0.60026,120.032
2026-01-10T19:49:00Z,88.2136,0.59946,119.942
2026-01-10T19:50:00Z,88.2599,0.60034,120.01
2026-01-10T19:51:00Z,88.2216,0.59935,119.97
2026-01-10T19:52:00Z,88.2515,0.60015,120.029
2026-01-10T19:53:00Z,88.2337,0.5997,119.992
2026-01-10T19:54:00Z,88.2306,0.60044,120.003
2026-01-10T19:55:00Z,88.2285,0.59925,119.963
2026-01-10T19:56:00Z,88.252,0.60032,120.006
2026-01-10T19:57:00Z,88.2308,0.59994,119.989
2026-01-10T19:58:00Z,88.2555,0.60066,120.055
2026-01-10T19:59:00Z,88.2147,0.59928,119.958
2026-01-10T20:00:00Z,88.2484,0.60002,120.028
2026-01-10T20:01:00Z,88.2303,0.59982,119.962
2026-01-10T20:02:00Z,88.2601,0.60002,120.036
2026-01-10T20:03:00Z,88.2344,0.59943,119.992
2026-01-10T20:04:00Z,88.2676,0.60057,120.024
2026-01-10T20:05:00Z,88.2262,0.59978,119.96
2026-01-10T20:06:00Z,88.2649,0.60067,120.033
2026-01-10T20:07:00Z,88.2303,0.59966,119.974
2026-01-10T20:08:00Z,88.2548,0.60053,120.02
2026-01-10T20:09:00Z,88.2426,0.59965,119.962
2026-01-10T20:10:00Z,88.2682,0.60067,119.988
2026-01-10T20:11:00Z,88.2203,0.5997,119.984
2026-01-10T20:12:00Z,88.277,0.59986,120.02
2026-01-10T20:13:00Z,88.2318,0.59977,119.965
2026-01-10T20:14:00Z,88.2829,0.6003,120.045
2026-01-10T20:15:00Z,88.2276,0.59946,119.972
2026-01-10T20:16:00Z,88.2629,0.60048,120.008
2026-01-10T20:17:00Z,88.2323,0.5995,119.947
2026-01-10T20:18:00Z,88.2723,0.60061,120.03
2026-01-10T20:19:00Z,88.2526,0.59981,119.962
2026-01-10T20:20:00Z,88.2545,0.60036,120.025
2026-01-10T20:21:00Z,88.2317,0.59963,119.989
2026-01-10T20:22:00Z,88.2668,0.60059,120.047
2026-01-10T20:23:00Z,88.2305,0.59961,119.965
2026-01-10T20:24:00Z,88.272,0.60029,120.03
2026-01-10T20:25:00Z,88.2527,0.59976,119.964
2026-01-10T20:26:00Z,88.2691,0.60023,120.018
2026-01-10T20:27:00Z,88.2298,0.59977,119.965
2026-01-10T20:28:00Z,88.2848,0.60048,120.041
2026-01-10T20:29:00Z,88.2356,0.59953,119.955
2026-01-10T20:30:00Z,88.2755,0.60052,120.042
2026-01-10T20:31:00Z,88.2429,0.59966,119.935
2026-01-10T20:32:00Z,88.2795,0.60034,120.017
2026-01-10T20:33:00Z,88.242,0.59949,119.966
2026-01-10T20:34:00Z,88.2683,0.60047,120.034
2026-01-10T20:35:00Z,88.2467,0.59949,119.997
2026-01-10T20:36:00Z,88.2791,0.60076,120.028
2026-01-10T20:37:00Z,88.2436,0.59939,119.978
2026-01-10T20:38:00Z,88.277,0.60037,120.041
2026-01-10T20:39:00Z,88.2474,0.59963,119.968
2026-01-10T20:40:00Z,88.2777,0.60031,120.022
2026-01-10T20:41:00Z,88.2621,0.59966,119.967
2026-01-10T20:42:00Z,88.2822,0.6004,120.015
2026-01-10T20:43:00Z,88.2528,0.59924,119.974
2026-01-10T20:44:00Z,88.2932,0.60014,120.055
2026-01-10T20:45:00Z,88.2536,0.59946,119.98
2026-01-10T20:46:00Z,88.2843,0.60033,120.008
2026-01-10T20:47:00Z,88.2514,0.59937,119.977
2026-01-10T20:48:00Z,88.2979,0.60032,120.046
2026-01-10T20:49:00Z,88.2574,0.59954,119.947
2026-01-10T20:50:00Z,88.2831,0.60056,120.04
2026-01-10T20:51:00Z,88.2465,0.59951,119.966
2026-01-10T20:52:00Z,88.282,0.6003,120.024
2026-01-10T20:53:00Z,88.2631,0.5998,119.971
2026-01-10T20:54:00Z,88.2926,0.60007,120.041
2026-01-10T20:55:00Z,88.2551,0.59972,119.986
2026-01-10T20:56:00Z,88.2872,0.60065,120.052
2026-01-10T20:57:00Z,88.2582,0.5994,119.971
2026-01-10T20:58:00Z,88.3065,0.60025,120.03
2026-01-10T20:59:00Z,88.2648,0.59964,119.986
2026-01-10T21:00:00Z,88.2985,0.60073,120.043
2026-01-10T21:01:00Z,88.2637,0.59983,119.982
2026-01-10T21:02:00Z,88.2977,0.60032,120.024
2026-01-10T21:03:00Z,88.2496,0.59941,119.963
2026-01-10T21:04:00Z,88.2877,0.60066,120.036
2026-01-10T21:05:00Z,88.2473,0.59962,119.958
2026-01-10T21:06:00Z,88.2946,0.60035,120.042
2026-01-10T21:07:00Z,88.2449,0.59944,119.995
2026-01-10T21:08:00Z,88.304,0.60055,120.043
2026-01-10T21:09:00Z,88.2746,0.59941,119.98
2026-01-10T21:10:00Z,88.3081,0.60024,120.025
2026-01-10T21:11:00Z,88.2691,0.59956,119.977
2026-01-10T21:12:00Z,88.3098,0.60049,120.019
2026-01-10T21:13:00Z,88.2591,0.59949,119.965
2026-01-10T21:14:00Z,88.297,0.6004,120.066
2026-01-10T21:15:00Z,88.2768,0.59965,119.972
2026-01-10T21:16:00Z,88.3077,0.60041,120.02
2026-01-10T21:17:00Z,88.2754,0.59929,119.945
2026-01-10T21:18:00Z,88.3039,0.6005,120.041
2026-01-10T21:19:00Z,88.2737,0.59994,119.962
2026-01-10T21:20:00Z,88.3004,0.60029,119.998
2026-01-10T21:21:00Z,88.263,0.59965,119.97
2026-01-10T21:22:00Z,88.3037,0.60033,120.021
2026-01-10T21:23:00Z,88.2751,0.59939,119.958
2026-01-10T21:24:00Z,88.3069,0.60043,120.027
2026-01-10T21:25:00Z,88.2797,0.59934,119.962
2026-01-10T21:26:00Z,88.3111,0.60042,120.052
2026-01-10T21:27:00Z,88.2761,0.59969,119.986
2026-01-10T21:28:00Z,88.3201,0.6002,120.003
2026-01-10T21:29:00Z,88.2722,0.5996,119.966
2026-01-10T21:30:00Z,88.3129,0.60019,120.049
2026-01-10T21:31:00Z,88.2896,0.59999,119.963
2026-01-10T21:32:00Z,88.2995,0.60058,120.024
2026-01-10T21:33:00Z,88.2779,0.59991,119.98
2026-01-10T21:34:00Z,88.3186,0.60045,120.03
2026-01-10T21:35:00Z,88.2931,0.59945,119.997
2026-01-10T21:36:00Z,88.3198,0.60051,120.029
2026-01-10T21:37:00Z,88.2856,0.59965,119.969
2026-01-10T21:38:00Z,88.3171,0.60049,120.047
2026-01-10T21:39:00Z,88.2942,0.59959,119.98
2026-01-10T21:40:00Z,88.3166,0.60059,120.02
2026-01-10T21:41:00Z,88.2808,0.5992,119.966
2026-01-10T21:42:00Z,88.308,0.60035,120.001
2026-01-10T21:43:00Z,88.3013,0.5994,119.968
2026-01-10T21:44:00Z,88.3155,0.60045,120.021
2026-01-10T21:45:00Z,88.2765,0.59951,119.977
2026-01-10T21:46:00Z,88.3108,0.60027,120.034
2026-01-10T21:47:00Z,88.2919,0.59981,119.963
2026-01-10T21:48:00Z,88.3155,0.60004,120.015
2026-01-10T21:49:00Z,88.2918,0.59945,119.965
2026-01-10T21:50:00Z,88.3232,0.60005,120.009
2026-01-10T21:51:00Z,88.2945,0.59949,119.97
2026-01-10T21:52:00Z,88.3236,0.60042,120.025
2026-01-10T21:53:00Z,88.298,0.59984,119.986
2026-01-10T21:54:00Z,88.3466,0.60031,120.042
2026-01-10T21:55:00Z,88.3093,0.59972,120.003
2026-01-10T21:56:00Z,88.3165,0.60052,120.029
2026-01-10T21:57:00Z,88.3053,0.5994,119.958
2026-01-10T21:58:00Z,88.336,0.60052,120.043
2026-01-10T21:59:00Z,88.2958,0.59966,119.947
2026-01-10T22:00:00Z,88.3266,0.60058,120.031
2026-01-10T22:01:00Z,88.3024,0.59922,119.972
2026-01-10T22:02:00Z,88.3289,0.60015,120.077
2026-01-10T22:03:00Z,88.2946,0.59956,119.955
2026-01-10T22:04:00Z,88.3263,0.60029,120.012
2026-01-10T22:05:00Z,88.2993,0.59987,119.981
2026-01-10T22:06:00Z,88.3408,0.60059,120.034
2026-01-10T22:07:00Z,88.3013,0.59982,119.966
2026-01-10T22:08:00Z,88.3362,0.60082,120.033
2026-01-10T22:09:00Z,88.304,0.60005,119.962
2026-01-10T22:10:00Z,88.3451,0.60054,120.032
2026-01-10T22:11:00Z,88.3055,0.59998,119.971
2026-01-10T22:12:00Z,88.3424,0.60018,120.018
2026-01-10T22:13:00Z,88.3106,0.59987,119.968
2026-01-10T22:14:00Z,88.3239,0.60017,120.047
2026-01-10T22:15:00Z,88.3049,0.59997,119.982
2026-01-10T22:16:00Z,88.334,0.60027,120.017
2026-01-10T22:17:00Z,88.3005,0.59975,119.993
2026-01-10T22:18:00Z,88.3307,0.60034,120.023
2026-01-10T22:19:00Z,88.3085,0.59953,119.952
2026-01-10T22:20:00Z,88.3501,0.60009,120.02
2026-01-10T22:21:00Z,88.3056,0.5995,119.974
2026-01-10T22:22:00Z,88.3387,0.60054,120.033
2026-01-10T22:23:00Z,88.3216,0.59953,119.958
2026-01-10T22:24:00Z,88.3415,0.60019,120.035
2026-01-10T22:25:00Z,88.3063,0.59972,119.973
2026-01-10T22:26:00Z,88.3562,0.60021,120.044
2026-01-10T22:27:00Z,88.3114,0.5996,119.979
2026-01-10T22:28:00Z,88.3409,0.59997,119.998
2026-01-10T22:29:00Z,88.3116,0.59981,119.972
2026-01-10T22:30:00Z,88.3528,0.60032,120.038
2026-01-10T22:31:00Z,88.3198,0.59927,119.963
2026-01-10T22:32:00Z,88.3464,0.60023,120.042
2026-01-10T22:33:00Z,88.3041,0.59958,119.961
2026-01-10T22:34:00Z,88.3579,0.60074,120.03
2026-01-10T22:35:00Z,88.319,0.59972,119.981
2026-01-10T22:36:00Z,88.3394,0.60047,120.043
2026-01-10T22:37:00Z,88.3405,0.59993,119.992
2026-01-10T22:38:00Z,88.3481,0.60073,120.021
2026-01-10T22:39:00Z,88.3153,0.59915,119.962
2026-01-10T22:40:00Z,88.3439,0.60021,120.047
2026-01-10T22:41:00Z,88.315,0.6,119.992
2026-01-10T22:42:00Z,88.3512,0.6007,120.044
2026-01-10T22:43:00Z,88.3207,0.59976,119.996
2026-01-10T22:44:00Z,88.3677,0.60048,120.028
2026-01-10T22:45:00Z,88.3324,0.59953,119.973
2026-01-10T22:46:00Z,88.347,0.60061,120.014
2026-01-10T22:47:00Z,88.3241,0.5999,119.976
2026-01-10T22:48:00Z,88.3459,0.60044,120.023
2026-01-10T22:49:00Z,88.3357,0.59948,119.98
2026-01-10T22:50:00Z,88.3475,0.60025,120.022
2026-01-10T22:51:00Z,88.326,0.59947,119.982
2026-01-10T22:52:00Z,88.3537,0.60067,120.04
2026-01-10T22:53:00Z,88.3247,0.59953,119.991
2026-01-10T22:54:00Z,88.369,0.60026,120.03
2026-01-10T22:55:00Z,88.3228,0.59979,119.962
2026-01-10T22:56:00Z,88.3651,0.60043,120.017
2026-01-10T22:57:00Z,88.3199,0.59974,119.975
2026-01-10T22:58:00Z,88.3584,0.60025,120.055
2026-01-10T22:59:00Z,88.3202,0.5993,119.985
2026-01-10T23:00:00Z,88.3669,0.60031,120.028
2026-01-10T23:01:00Z,88.3232,0.59951,119.968
2026-01-10T23:02:00Z,88.3476,0.60064,120.047
2026-01-10T23:03:00Z,88.3169,0.59937,119.961
2026-01-10T23:04:00Z,88.37,0.60023,120.029
2026-01-10T23:05:00Z,88.3311,0.5995,119.968
2026-01-10T23:06:00Z,88.3679,0.60053,120.034
2026-01-10T23:07:00Z,88.3451,0.59963,119.969
2026-01-10T23:08:00Z,88.3614,0.60041,120.041
2026-01-10T23:09:00Z,88.3331,0.59958,119.988
2026-01-10T23:10:00Z,88.3745,0.60043,120.053
2026-01-10T23:11:00Z,88.3349,0.59971,119.981
2026-01-10T23:12:00Z,88.3608,0.59987,119.996
2026-01-10T23:13:00Z,88.331,0.59975,119.95
2026-01-10T23:14:00Z,88.3785,0.60005,120.027
2026-01-10T23:15:00Z,88.3498,0.60003,119.962
2026-01-10T23:16:00Z,88.3783,0.60038,120.028
2026-01-10T23:17:00Z,88.3578,0.59958,119.964
2026-01-10T23:18:00Z,88.3902,0.60017,120.03
2026-01-10T23:19:00Z,88.3582,0.59974,119.966
2026-01-10T23:20:00Z,88.3791,0.60046,120.036
2026-01-10T23:21:00Z,88.3511,0.59962,119.956
2026-01-10T23:22:00Z,88.3764,0.60026,120.026
2026-01-10T23:23:00Z,88.3439,0.5995,119.993
2026-01-10T23:24:00Z,88.3949,0.60019,120.046
2026-01-10T23:25:00Z,88.3361,0.59947,119.987
2026-01-10T23:26:00Z,88.3909,0.60027,120.044
2026-01-10T23:27:00Z,88.3539,0.59934,119.986
2026-01-10T23:28:00Z,88.3805,0.60036,120.039
2026-01-10T23:29:00Z,88.3522,0.59933,119.974
2026-01-10T23:30:00Z,88.373,0.60081,120.035
2026-01-10T23:31:00Z,88.35,0.59968,119.957
2026-01-10T23:32:00Z,88.3769,0.60014,120.064
2026-01-10T23:33:00Z,88.3536,0.59972,119.968
2026-01-10T23:34:00Z,88.3904,0.60041,120.008
2026-01-10T23:35:00Z,88.3621,0.60001,119.989
2026-01-10T23:36:00Z,88.3774,0.60063,120.025
2026-01-10T23:37:00Z,88.3602,0.59979,119.951
2026-01-10T23:38:00Z,88.3928,0.60057,120.07
2026-01-10T23:39:00Z,88.3442,0.59966,119.97
2026-01-10T23:40:00Z,88.3872,0.6005,120.033
2026-01-10T23:41:00Z,88.3495,0.5995,119.987
2026-01-10T23:42:00Z,88.3869,0.60054,120.055
2026-01-10T23:43:00Z,88.3468,0.59947,119.977
2026-01-10T23:44:00Z,88.3804,0.6001,119.995
2026-01-10T23:45:00Z,88.3473,0.59965,119.974
2026-01-10T23:46:00Z,88.3922,0.60014,120.033
2026-01-10T23:47:00Z,88.3513,0.59974,119.981
2026-01-10T23:48:00Z,88.3846,0.60063,120.018
2026-01-10T23:49:00Z,88.3546,0.59976,119.979
2026-01-10T23:50:00Z,88.3969,0.6006,120.012
2026-01-10T23:51:00Z,88.3657,0.59959,119.98
2026-01-10T23:52:00Z,88.3847,0.60042,120.013
2026-01-10T23:53:00Z,88.3698,0.59951,119.98
2026-01-10T23:54:00Z,88.3838,0.60047,120.035
2026-01-10T23:55:00Z,88.3808,0.59965,119.951
2026-01-10T23:56:00Z,88.4037,0.60061,120.007
2026-01-10T23:57:00Z,88.3442,0.59943,119.996
2026-01-10T23:58:00Z,88.4034,0.60043,120.04
2026-01-10T23:59:00Z,88.3695,0.59938,119.945
2026-01-11T00:00:00Z,88.4113,0.60042,120.069
2026-01-11T00:01:00Z,88.3677,0.59952,119.958
2026-01-11T00:02:00Z,88.4053,0.60052,120.015
2026-01-11T00:03:00Z,88.3661,0.59961,119.961
2026-01-11T00:04:00Z,88.4059,0.60039,120.015
2026-01-11T00:05:00Z,88.3724,0.59964,119.958
2026-01-11T00:06:00Z,88.4097,0.60069,120.032
2026-01-11T00:07:00Z,88.3701,0.59991,119.977
2026-01-11T00:08:00Z,88.3951,0.60039,120.01
2026-01-11T00:09:00Z,88.3725,0.59933,119.97
2026-01-11T00:10:00Z,88.4068,0.60031,120.042
2026-01-11T00:11:00Z,88.3803,0.59968,119.977
2026-01-11T00:12:00Z,88.4224,0.60028,120.019
2026-01-11T00:13:00Z,88.3913,0.59939,119.971
2026-01-11T00:14:00Z,88.4003,0.60019,120.019
2026-01-11T00:15:00Z,88.37,0.59943,119.958
2026-01-11T00:16:00Z,88.4236,0.60007,120.039
2026-01-11T00:17:00Z,88.3849,0.59947,119.957
2026-01-11T00:18:00Z,88.4142,0.60039,120.013
2026-01-11T00:19:00Z,88.3976,0.59955,119.973
2026-01-11T00:20:00Z,88.4102,0.60034,120.047
2026-01-11T00:21:00Z,88.3771,0.5995,119.959
2026-01-11T00:22:00Z,88.4169,0.60038,120.021
2026-01-11T00:23:00Z,88.3777,0.59932,119.98
2026-01-11T00:24:00Z,88.426,0.59972,120.043
2026-01-11T00:25:00Z,88.39,0.59956,119.982
2026-01-11T00:26:00Z,88.4222,0.60067,120.059
2026-01-11T00:27:00Z,88.3823,0.59955,119.941
2026-01-11T00:28:00Z,88.4156,0.60042,120.001
2026-01-11T00:29:00Z,88.3813,0.59962,119.974
2026-01-11T00:30:00Z,88.4088,0.60012,120.018
2026-01-11T00:31:00Z,88.3895,0.59957,119.982
2026-01-11T00:32:00Z,88.4265,0.60026,119.997
2026-01-11T00:33:00Z,88.3863,0.59954,119.971
2026-01-11T00:34:00Z,88.4021,0.60053,120.032
2026-01-11T00:35:00Z,88.393,0.59949,119.99
2026-01-11T00:36:00Z,88.4186,0.60049,120.032
2026-01-11T00:37:00Z,88.3927,0.59963,119.973
2026-01-11T00:38:00Z,88.4308,0.60065,120.038
2026-01-11T00:39:00Z,88.3967,0.59942,119.968
2026-01-11T00:40:00Z,88.4176,0.60035,120.068
2026-01-11T00:41:00Z,88.3953,0.59953,119.994
2026-01-11T00:42:00Z,88.4023,0.6004,120.051
2026-01-11T00:43:00Z,88.3951,0.5995,119.965
2026-01-11T00:44:00Z,88.4503,0.60032,120.028
2026-01-11T00:45:00Z,88.3735,0.59942,119.974
2026-01-11T00:46:00Z,88.4209,0.60066,120.016
2026-01-11T00:47:00Z,88.3799,0.59957,119.982
2026-01-11T00:48:00Z,88.4316,0.60029,120.033
2026-01-11T00:49:00Z,88.3871,0.59961,119.992
2026-01-11T00:50:00Z,88.4424,0.60021,120.044
2026-01-11T00:51:00Z,88.4074,0.5994,119.953
2026-01-11T00:52:00Z,88.4313,0.6007,120.022
2026-01-11T00:53:00Z,88.4,0.59972,119.964
2026-01-11T00:54:00Z,88.4298,0.60042,120.01
2026-01-11T00:55:00Z,88.4,0.59964,119.979
2026-01-11T00:56:00Z,88.4417,0.60074,120.017
2026-01-11T00:57:00Z,88.3923,0.59925,119.953
2026-01-11T00:58:00Z,88.434,0.60047,120.033
2026-01-11T00:59:00Z,88.3953,0.59924,119.966
2026-01-11T01:00:00Z,88.4276,0.60051,120.02
2026-01-11T01:01:00Z,88.389,0.59965,119.971
2026-01-11T01:02:00Z,88.4326,0.60018,120.043
2026-01-11T01:03:00Z,88.3871,0.59927,119.994
2026-01-11T01:04:00Z,88.4345,0.60023,120.037
2026-01-11T01:05:00Z,88.4209,0.5994,119.989
2026-01-11T01:06:00Z,88.4459,0.60075,120.035
2026-01-11T01:07:00Z,88.4025,0.60006,119.968
2026-01-11T01:08:00Z,88.4428,0.60029,120.018
2026-01-11T01:09:00Z,88.405,0.59943,119.958
2026-01-11T01:10:00Z,88.4423,0.60041,120.038
2026-01-11T01:11:00Z,88.419,0.5992,119.996
2026-01-11T01:12:00Z,88.4329,0.60061,120.026
2026-01-11T01:13:00Z,88.4211,0.59957,119.95
2026-01-11T01:14:00Z,88.4316,0.60053,120.05
2026-01-11T01:15:00Z,88.4004,0.59955,119.954
2026-01-11T01:16:00Z,88.4534,0.60024,120.037
2026-01-11T01:17:00Z,88.4217,0.59937,119.989
2026-01-11T01:18:00Z,88.448,0.6002,120.034
2026-01-11T01:19:00Z,88.4194,0.59968,119.981
2026-01-11T01:20:00Z,88.4492,0.60033,120.03
2026-01-11T01:21:00Z,88.4098,0.5998,119.963
2026-01-11T01:22:00Z,88.4614,0.60048,120.029
2026-01-11T01:23:00Z,88.4193,0.59982,119.98
2026-01-11T01:24:00Z,88.4482,0.6006,120.036
2026-01-11T01:25:00Z,88.4215,0.59969,119.975
2026-01-11T01:26:00Z,88.459,0.60047,120.026
2026-01-11T01:27:00Z,88.4108,0.59996,119.986
2026-01-11T01:28:00Z,88.438,0.60031,120.025
2026-01-11T01:29:00Z,88.4207,0.59985,119.971
2026-01-11T01:30:00Z,88.4435,0.60053,120.011
2026-01-11T01:31:00Z,88.4168,0.59943,119.966
2026-01-11T01:32:00Z,88.4592,0.60033,120.024
2026-01-11T01:33:00Z,88.4161,0.59981,119.94
2026-01-11T01:34:00Z,88.4418,0.60029,120.008
2026-01-11T01:35:00Z,88.4449,0.59947,119.97
2026-01-11T01:36:00Z,88.4521,0.60043,120.009
2026-01-11T01:37:00Z,88.4319,0.59967,119.989
2026-01-11T01:38:00Z,88.4586,0.60019,120.029
2026-01-11T01:39:00Z,88.4345,0.59983,119.933
2026-01-11T01:40:00Z,88.4653,0.60048,120.011
2026-01-11T01:41:00Z,88.4293,0.5995,119.979
2026-01-11T01:42:00Z,88.458,0.60047,120.05
2026-01-11T01:43:00Z,88.438,0.59947,119.968
2026-01-11T01:44:00Z,88.4493,0.60045,120.044
2026-01-11T01:45:00Z,88.4383,0.59942,119.966
2026-01-11T01:46:00Z,88.4528,0.60066,119.999
2026-01-11T01:47:00Z,88.4327,0.59947,119.976
2026-01-11T01:48:00Z,88.4677,0.60008,120.04
2026-01-11T01:49:00Z,88.4361,0.59921,120.005
2026-01-11T01:50:00Z,88.4658,0.6006,120.034
2026-01-11T01:51:00Z,88.4313,0.59919,119.948
2026-01-11T01:52:00Z,88.452,0.60054,120.04
2026-01-11T01:53:00Z,88.4228,0.59969,119.965
2026-01-11T01:54:00Z,88.45,0.60051,120.033
2026-01-11T01:55:00Z,88.4424,0.59945,119.978
2026-01-11T01:56:00Z,88.454,0.60005,120.046
2026-01-11T01:57:00Z,88.4467,0.59956,119.966
2026-01-11T01:58:00Z,88.4641,0.6003,120.045
2026-01-11T01:59:00Z,88.4287,0.59968,119.953
2026-01-11T02:00:00Z,88.4783,0.60023,120.047
2026-01-11T02:01:00Z,88.4506,0.59961,119.949
2026-01-11T02:02:00Z,88.4856,0.60073,120.042
2026-01-11T02:03:00Z,88.4386,0.59916,119.959
2026-01-11T02:04:00Z,88.473,0.6002,120.026
2026-01-11T02:05:00Z,88.452,0.59938,119.972
2026-01-11T02:06:00Z,88.4765,0.60033,120.009
2026-01-11T02:07:00Z,88.4443,0.59953,119.981
2026-01-11T02:08:00Z,88.4732,0.60028,120.014
2026-01-11T02:09:00Z,88.4498,0.59926,119.968
2026-01-11T02:10:00Z,88.4631,0.60042,120.019
2026-01-11T02:11:00Z,88.4466,0.59969,119.995
2026-01-11T02:12:00Z,88.491,0.60048,120.011
2026-01-11T02:13:00Z,88.4436,0.59949,119.949
2026-01-11T02:14:00Z,88.4782,0.60029,120.023
2026-01-11T02:15:00Z,88.4529,0.59926,119.925
2026-01-11T02:16:00Z,88.4848,0.6004,120.027
2026-01-11T02:17:00Z,88.4549,0.59976,119.967
2026-01-11T02:18:00Z,88.4812,0.6004,120.031
2026-01-11T02:19:00Z,88.4636,0.5994,119.978
2026-01-11T02:20:00Z,88.489,0.6006,120.029
2026-01-11T02:21:00Z,88.455,0.59985,119.974
2026-01-11T02:22:00Z,88.4766,0.60035,120.037
2026-01-11T02:23:00Z,88.4569,0.59967,119.977
2026-01-11T02:24:00Z,88.4944,0.60062,120.028
2026-01-11T02:25:00Z,88.4449,0.59939,119.974
2026-01-11T02:26:00Z,88.4885,0.6006,120.029
2026-01-11T02:27:00Z,88.4798,0.59955,119.951
2026-01-11T02:28:00Z,88.499,0.60041,120.014
2026-01-11T02:29:00Z,88.4479,0.59959,119.948
2026-01-11T02:30:00Z,88.4844,0.60028,120.024
2026-01-11T02:31:00Z,88.4618,0.59965,119.969
2026-01-11T02:32:00Z,88.4853,0.60001,120.045
2026-01-11T02:33:00Z,88.4663,0.59935,119.961
2026-01-11T02:34:00Z,88.4878,0.6004,120.022
2026-01-11T02:35:00Z,88.456,0.59984,119.956
2026-01-11T02:36:00Z,88.488,0.60009,120.032
2026-01-11T02:37:00Z,88.4582,0.59936,119.978
2026-01-11T02:38:00Z,88.4906,0.60068,120.035
2026-01-11T02:39:00Z,88.4657,0.59963,119.975
2026-01-11T02:40:00Z,88.5049,0.60067,120.043
2026-01-11T02:41:00Z,88.4654,0.59966,119.975
2026-01-11T02:42:00Z,88.4896,0.60002,120.032
2026-01-11T02:43:00Z,88.4663,0.59957,119.979
2026-01-11T02:44:00Z,88.5055,0.60022,120.035
2026-01-11T02:45:00Z,88.4549,0.59976,119.977
2026-01-11T02:46:00Z,88.4987,0.60061,120.034
2026-01-11T02:47:00Z,88.4678,0.59956,119.982
2026-01-11T02:48:00Z,88.5057,0.60053,120.029
2026-01-11T02:49:00Z,88.4738,0.59969,119.981
2026-01-11T02:50:00Z,88.5007,0.60043,120.031
2026-01-11T02:51:00Z,88.4717,0.59976,119.968
2026-01-11T02:52:00Z,88.5002,0.60028,120.025
2026-01-11T02:53:00Z,88.4738,0.5998,119.958
2026-01-11T02:54:00Z,88.5041,0.60047,120.015
2026-01-11T02:55:00Z,88.4827,0.59957,119.938
2026-01-11T02:56:00Z,88.4968,0.6002,120.052
2026-01-11T02:57:00Z,88.4483,0.59967,119.974
2026-01-11T02:58:00Z,88.5167,0.60025,120.036
2026-01-11T02:59:00Z,88.4776,0.59974,119.971
2026-01-11T03:00:00Z,88.5219,0.60045,120.034
2026-01-11T03:01:00Z,88.479,0.59972,119.973
2026-01-11T03:02:00Z,88.5057,0.6006,120.057
2026-01-11T03:03:00Z,88.4714,0.5999,120.004
2026-01-11T03:04:00Z,88.5152,0.60045,120.01
2026-01-11T03:05:00Z,88.4765,0.59933,119.98
2026-01-11T03:06:00Z,88.5158,0.60015,120.055
2026-01-11T03:07:00Z,88.4767,0.59984,119.991
2026-01-11T03:08:00Z,88.504,0.60046,120.03
2026-01-11T03:09:00Z,88.4892,0.59976,119.98
2026-01-11T03:10:00Z,88.5105,0.60059,120.037
2026-01-11T03:11:00Z,88.4819,0.59974,119.957
2026-01-11T03:12:00Z,88.5154,0.60024,120.017
2026-01-11T03:13:00Z,88.4897,0.59951,119.974
2026-01-11T03:14:00Z,88.5038,0.59999,120.025
2026-01-11T03:15:00Z,88.4896,0.59942,119.968
2026-01-11T03:16:00Z,88.5275,0.60017,120.033
2026-01-11T03:17:00Z,88.4681,0.59949,119.991
2026-01-11T03:18:00Z,88.5159,0.60008,120.015
2026-01-11T03:19:00Z,88.4759,0.59968,119.963
2026-01-11T03:20:00Z,88.5194,0.60032,120.019
2026-01-11T03:21:00Z,88.4995,0.5994,119.957
2026-01-11T03:22:00Z,88.5096,0.60019,120.042
2026-01-11T03:23:00Z,88.4944,0.59956,119.976
2026-01-11T03:24:00Z,88.5155,0.60014,120.015
2026-01-11T03:25:00Z,88.4806,0.59941,119.942
2026-01-11T03:26:00Z,88.5304,0.60036,120.017
2026-01-11T03:27:00Z,88.4838,0.59972,119.95
2026-01-11T03:28:00Z,88.5195,0.60019,120.039
2026-01-11T03:29:00Z,88.4804,0.59957,119.964
2026-01-11T03:30:00Z,88.5263,0.60005,120.021
2026-01-11T03:31:00Z,88.4921,0.5994,119.953
2026-01-11T03:32:00Z,88.5265,0.60026,120.018
2026-01-11T03:33:00Z,88.5014,0.59968,119.988
2026-01-11T03:34:00Z,88.5381,0.60031,120.033
2026-01-11T03:35:00Z,88.4955,0.59954,119.977
2026-01-11T03:36:00Z,88.5351,0.60031,120.016
2026-01-11T03:37:00Z,88.5121,0.59958,119.943
2026-01-11T03:38:00Z,88.5215,0.60014,120.044
2026-01-11T03:39:00Z,88.5082,0.59963,119.996
2026-01-11T03:40:00Z,88.5322,0.60045,120.04
2026-01-11T03:41:00Z,88.5045,0.59983,119.964
2026-01-11T03:42:00Z,88.5377,0.60049,120.011
2026-01-11T03:43:00Z,88.4959,0.59912,119.975
2026-01-11T03:44:00Z,88.5559,0.60043,120.037
2026-01-11T03:45:00Z,88.4984,0.59929,119.952
2026-01-11T03:46:00Z,88.5312,0.60019,120.03
2026-01-11T03:47:00Z,88.5111,0.59956,119.962
2026-01-11T03:48:00Z,88.5521,0.60042,120.066
2026-01-11T03:49:00Z,88.4995,0.59964,119.986
2026-01-11T03:50:00Z,88.5467,0.60062,120.049
2026-01-11T03:51:00Z,88.5102,0.59974,119.972
2026-01-11T03:52:00Z,88.5412,0.60039,120.067
2026-01-11T03:53:00Z,88.5039,0.59951,119.926
2026-01-11T03:54:00Z,88.5476,0.60004,120.047
2026-01-11T03:55:00Z,88.5085,0.59933,119.997
2026-01-11T03:56:00Z,88.5434,0.60039,120.043
2026-01-11T03:57:00Z,88.5144,0.59988,119.982
2026-01-11T03:58:00Z,88.537,0.60038,120.032
2026-01-11T03:59:00Z,88.5139,0.59949,119.964
2026-01-11T04:00:00Z,88.5406,0.6003,120.029
2026-01-11T04:01:00Z,88.5054,0.59944,119.978
2026-01-11T04:02:00Z,88.5457,0.60022,120.03
2026-01-11T04:03:00Z,88.4979,0.59992,120.01
2026-01-11T04:04:00Z,88.5488,0.60008,120.02
2026-01-11T04:05:00Z,88.5104,0.59948,119.956
2026-01-11T04:06:00Z,88.5561,0.60056,120.033
2026-01-11T04:07:00Z,88.5165,0.5994,119.972
2026-01-11T04:08:00Z,88.5584,0.60057,120.038
2026-01-11T04:09:00Z,88.5162,0.59943,119.943
2026-01-11T04:10:00Z,88.5547,0.60038,120.034
2026-01-11T04:11:00Z,88.5284,0.59932,119.964
2026-01-11T04:12:00Z,88.5575,0.60072,120.053
2026-01-11T04:13:00Z,88.5216,0.59956,119.965
2026-01-11T04:14:00Z,88.5621,0.60065,120.061
2026-01-11T04:15:00Z,88.5265,0.59966,119.956
2026-01-11T04:16:00Z,88.5495,0.60027,120.018
2026-01-11T04:17:00Z,88.5269,0.59951,119.962
2026-01-11T04:18:00Z,88.5482,0.60077,120.033
2026-01-11T04:19:00Z,88.5353,0.59943,119.945
2026-01-11T04:20:00Z,88.5592,0.60011,120.012
2026-01-11T04:21:00Z,88.519,0.59959,119.967
2026-01-11T04:22:00Z,88.5559,0.60024,120.036
2026-01-11T04:23:00Z,88.5259,0.59975,119.97
2026-01-11T04:24:00Z,88.5573,0.60067,120.029
2026-01-11T04:25:00Z,88.5366,0.5994,119.979
2026-01-11T04:26:00Z,88.5425,0.60069,120.041
2026-01-11T04:27:00Z,88.5179,0.59964,119.968
2026-01-11T04:28:00Z,88.5671,0.6003,120.024
2026-01-11T04:29:00Z,88.5347,0.59968,119.978
2026-01-11T04:30:00Z,88.5523,0.60041,120.047
2026-01-11T04:31:00Z,88.5338,0.59973,119.977
2026-01-11T04:32:00Z,88.5555,0.6002,120.039
2026-01-11T04:33:00Z,88.5303,0.59997,119.978
2026-01-11T04:34:00Z,88.5616,0.60056,120.024
2026-01-11T04:35:00Z,88.5326,0.59963,119.964
2026-01-11T04:36:00Z,88.5531,0.6003,120.015
2026-01-11T04:37:00Z,88.5354,0.59934,119.968
2026-01-11T04:38:00Z,88.5699,0.60045,120.018
2026-01-11T04:39:00Z,88.5166,0.59943,119.985
2026-01-11T04:40:00Z,88.5733,0.60037,120.045
2026-01-11T04:41:00Z,88.538,0.59941,119.984
2026-01-11T04:42:00Z,88.561,0.60035,120.027
2026-01-11T04:43:00Z,88.5407,0.59989,119.958
2026-01-11T04:44:00Z,88.5635,0.60019,120.036
2026-01-11T04:45:00Z,88.5337,0.59932,119.974
2026-01-11T04:46:00Z,88.5732,0.60057,120.025
2026-01-11T04:47:00Z,88.5404,0.59962,119.989
2026-01-11T04:48:00Z,88.5642,0.60063,120.03
2026-01-11T04:49:00Z,88.5522,0.59953,119.933
2026-01-11T04:50:00Z,88.5763,0.60027,120.052
2026-01-11T04:51:00Z,88.5472,0.59971,119.992
2026-01-11T04:52:00Z,88.5621,0.60032,120.034
2026-01-11T04:53:00Z,88.5454,0.59976,119.963
2026-01-11T04:54:00Z,88.5758,0.60027,120.046
2026-01-11T04:55:00Z,88.5292,0.59976,119.965
2026-01-11T04:56:00Z,88.5832,0.60037,120.028
2026-01-11T04:57:00Z,88.5537,0.59968,119.963
2026-01-11T04:58:00Z,88.5813,0.60006,120.028
2026-01-11T04:59:00Z,88.5562,0.59943,119.999
2026-01-11T05:00:00Z,88.5846,0.60064,120.028
2026-01-11T05:01:00Z,88.5368,0.59939,119.955
2026-01-11T05:02:00Z,88.594,0.60011,120.019
2026-01-11T05:03:00Z,88.5449,0.59939,119.987
2026-01-11T05:04:00Z,88.5877,0.60074,120.033
2026-01-11T05:05:00Z,88.5601,0.59981,119.979
2026-01-11T05:06:00Z,88.5836,0.60021,120.034
2026-01-11T05:07:00Z,88.5516,0.59947,119.94
2026-01-11T05:08:00Z,88.577,0.60055,120.044
2026-01-11T05:09:00Z,88.5484,0.59958,119.955
2026-01-11T05:10:00Z,88.6003,0.6002,120.027
2026-01-11T05:11:00Z,88.5556,0.5995,119.964
2026-01-11T05:12:00Z,88.5797,0.60026,120.036
2026-01-11T05:13:00Z,88.5501,0.59981,119.977
2026-01-11T05:14:00Z,88.5899,0.60015,120.025
2026-01-11T05:15:00Z,88.548,0.59922,119.979
2026-01-11T05:16:00Z,88.5878,0.60017,120.038
2026-01-11T05:17:00Z,88.5661,0.59951,119.962
2026-01-11T05:18:00Z,88.5963,0.60029,120.001
2026-01-11T05:19:00Z,88.5524,0.59951,119.98
2026-01-11T05:20:00Z,88.5871,0.60043,120.029
2026-01-11T05:21:00Z,88.5567,0.59969,119.946
2026-01-11T05:22:00Z,88.5962,0.60051,120.035
2026-01-11T05:23:00Z,88.5604,0.59969,119.959
2026-01-11T05:24:00Z,88.6083,0.60026,120.02
2026-01-11T05:25:00Z,88.559,0.59908,119.951
2026-01-11T05:26:00Z,88.6027,0.60064,120.045
2026-01-11T05:27:00Z,88.5536,0.59994,119.974
2026-01-11T05:28:00Z,88.6014,0.6006,120.028
2026-01-11T05:29:00Z,88.5604,0.59982,119.957
2026-01-11T05:30:00Z,88.5978,0.60023,120.045
2026-01-11T05:31:00Z,88.5618,0.59923,119.969
2026-01-11T05:32:00Z,88.5955,0.60066,120.032
2026-01-11T05:33:00Z,88.5735,0.59941,119.974
2026-01-11T05:34:00Z,88.5908,0.60047,120.032
2026-01-11T05:35:00Z,88.5649,0.59953,119.971
2026-01-11T05:36:00Z,88.604,0.60022,120.019
2026-01-11T05:37:00Z,88.563,0.60002,119.974
2026-01-11T05:38:00Z,88.5987,0.60066,120.006
2026-01-11T05:39:00Z,88.577,0.59956,119.944
2026-01-11T05:40:00Z,88.6057,0.60015,120.048
2026-01-11T05:41:00Z,88.5772,0.59942,119.928
2026-01-11T05:42:00Z,88.6129,0.60047,120.024
2026-01-11T05:43:00Z,88.5797,0.59947,119.963
2026-01-11T05:44:00Z,88.597,0.60046,120.031
2026-01-11T05:45:00Z,88.5825,0.59961,119.982
2026-01-11T05:46:00Z,88.6093,0.60058,120.006
2026-01-11T05:47:00Z,88.583,0.59971,119.967
2026-01-11T05:48:00Z,88.6004,0.60074,120.03
2026-01-11T05:49:00Z,88.5808,0.5996,119.981
2026-01-11T05:50:00Z,88.6147,0.60034,120.021
2026-01-11T05:51:00Z,88.5712,0.59969,119.949
2026-01-11T05:52:00Z,88.6019,0.6003,120.029
2026-01-11T05:53:00Z,88.5728,0.59948,119.964
2026-01-11T05:54:00Z,88.6182,0.60055,120.029
2026-01-11T05:55:00Z,88.5841,0.59958,119.979
2026-01-11T05:56:00Z,88.6231,0.60022,120.028
2026-01-11T05:57:00Z,88.5731,0.59951,119.973
2026-01-11T05:58:00Z,88.6186,0.5999,120.03
2026-01-11T05:59:00Z,88.5944,0.59953,119.971
2026-01-11T06:00:00Z,88.6391,0.6002,120.031
2026-01-11T06:01:00Z,88.5794,0.59921,120.002
2026-01-11T06:02:00Z,88.6303,0.6005,120.025
2026-01-11T06:03:00Z,88.5759,0.5992,119.964
2026-01-11T06:04:00Z,88.613,0.60068,120.049
2026-01-11T06:05:00Z,88.5847,0.59977,119.978
2026-01-11T06:06:00Z,88.6221,0.60046,120.009
2026-01-11T06:07:00Z,88.5989,0.59977,119.951
2026-01-11T06:08:00Z,88.614,0.60029,120.026
2026-01-11T06:09:00Z,88.582,0.59967,119.987
2026-01-11T06:10:00Z,88.615,0.6004,120.028
2026-01-11T06:11:00Z,88.5917,0.59982,119.972
2026-01-11T06:12:00Z,88.6267,0.60054,120.034
2026-01-11T06:13:00Z,88.5848,0.5995,119.969
2026-01-11T06:14:00Z,88.6296,0.60016,120.069
2026-01-11T06:15:00Z,88.5918,0.59889,119.955
2026-01-11T06:16:00Z,88.6299,0.60039,120.021
2026-01-11T06:17:00Z,88.571,0.5993,119.952
2026-01-11T06:18:00Z,88.6233,0.60047,120.075
2026-01-11T06:19:00Z,88.5895,0.5994,119.961
2026-01-11T06:20:00Z,88.6353,0.60012,120.034
2026-01-11T06:21:00Z,88.5957,0.59955,119.97
2026-01-11T06:22:00Z,88.6195,0.60031,120.07
2026-01-11T06:23:00Z,88.5979,0.59963,120.006
2026-01-11T06:24:00Z,88.638,0.60052,120.011
2026-01-11T06:25:00Z,88.5998,0.59981,119.956
2026-01-11T06:26:00Z,88.6451,0.60046,120.033
2026-01-11T06:27:00Z,88.6052,0.59962,119.987
2026-01-11T06:28:00Z,88.6542,0.60035,120.025
2026-01-11T06:29:00Z,88.6044,0.59992,119.967
2026-01-11T06:30:00Z,88.6313,0.60069,120.022
2026-01-11T06:31:00Z,88.6051,0.59966,119.988
2026-01-11T06:32:00Z,88.6274,0.60037,120.035
2026-01-11T06:33:00Z,88.5999,0.59964,119.955
2026-01-11T06:34:00Z,88.6323,0.60061,120.017
2026-01-11T06:35:00Z,88.6149,0.59939,119.964
2026-01-11T06:36:00Z,88.6395,0.60043,120.019
2026-01-11T06:37:00Z,88.6089,0.59957,119.949
2026-01-11T06:38:00Z,88.6363,0.6007,120.023
2026-01-11T06:39:00Z,88.5989,0.59948,120.011
2026-01-11T06:40:00Z,88.6421,0.60004,120.033
2026-01-11T06:41:00Z,88.6027,0.59974,119.957
2026-01-11T06:42:00Z,88.6357,0.60035,120.053
2026-01-11T06:43:00Z,88.6129,0.59927,119.982
2026-01-11T06:44:00Z,88.6508,0.60078,120.033
2026-01-11T06:45:00Z,88.6099,0.59937,119.978
2026-01-11T06:46:00Z,88.6548,0.60036,120.002
2026-01-11T06:47:00Z,88.6108,0.59971,119.984
2026-01-11T06:48:00Z,88.6442,0.60011,120.022
2026-01-11T06:49:00Z,88.6158,0.59984,119.972
2026-01-11T06:50:00Z,88.6462,0.60041,120.04
2026-01-11T06:51:00Z,88.6064,0.59944,119.999
2026-01-11T06:52:00Z,88.6418,0.60055,120.016
2026-01-11T06:53:00Z,88.6171,0.59961,119.978
2026-01-11T06:54:00Z,88.6559,0.60042,120.031
2026-01-11T06:55:00Z,88.6216,0.59927,119.991
2026-01-11T06:56:00Z,88.6426,0.60039,120.027
2026-01-11T06:57:00Z,88.6213,0.59951,119.964
2026-01-11T06:58:00Z,88.6561,0.60041,120.039
2026-01-11T06:59:00Z,88.6163,0.59954,119.973
2026-01-11T07:00:00Z,88.6413,0.60042,120.049
2026-01-11T07:01:00Z,88.6336,0.5998,119.95
2026-01-11T07:02:00Z,88.6505,0.60019,120.036
2026-01-11T07:03:00Z,88.6199,0.59954,119.955
2026-01-11T07:04:00Z,88.6341,0.60002,120.042
2026-01-11T07:05:00Z,88.6077,0.5993,119.967
2026-01-11T07:06:00Z,88.6565,0.6001,120.034
2026-01-11T07:07:00Z,88.6247,0.59964,119.933
2026-01-11T07:08:00Z,88.653,0.60011,120.022
2026-01-11T07:09:00Z,88.6323,0.59965,119.979
2026-01-11T07:10:00Z,88.6577,0.60044,120.037
2026-01-11T07:11:00Z,88.6415,0.59974,119.992
2026-01-11T07:12:00Z,88.6452,0.60039,120.048
2026-01-11T07:13:00Z,88.6207,0.59966,119.958
2026-01-11T07:14:00Z,88.6523,0.60012,120.037
2026-01-11T07:15:00Z,88.6308,0.59963,119.993
2026-01-11T07:16:00Z,88.6615,0.60033,120.03
2026-01-11T07:17:00Z,88.623,0.59963,119.968
2026-01-11T07:18:00Z,88.6636,0.60076,120.04
2026-01-11T07:19:00Z,88.6135,0.59927,119.957
2026-01-11T07:20:00Z,88.6669,0.60029,120.009
2026-01-11T07:21:00Z,88.6404,0.59927,119.979
2026-01-11T07:22:00Z,88.6718,0.60036,120.016
2026-01-11T07:23:00Z,88.6441,0.59941,119.953
2026-01-11T07:24:00Z,88.6797,0.60018,120.045
2026-01-11T07:25:00Z,88.6284,0.60026,120.006
2026-01-11T07:26:00Z,88.6664,0.60065,120.037
2026-01-11T07:27:00Z,88.6422,0.59989,119.954
2026-01-11T07:28:00Z,88.6563,0.60063,120.038
2026-01-11T07:29:00Z,88.635,0.59966,119.985
2026-01-11T07:30:00Z,88.6638,0.60032,120.05
2026-01-11T07:31:00Z,88.6331,0.5996,119.979
2026-01-11T07:32:00Z,88.669,0.60011,120.028
2026-01-11T07:33:00Z,88.6367,0.59934,119.954
2026-01-11T07:34:00Z,88.6655,0.6004,120.027
2026-01-11T07:35:00Z,88.6415,0.59977,119.964
2026-01-11T07:36:00Z,88.6743,0.60014,120.045
2026-01-11T07:37:00Z,88.6514,0.59937,119.942
2026-01-11T07:38:00Z,88.6702,0.60031,120.017
2026-01-11T07:39:00Z,88.6558,0.59945,119.977
2026-01-11T07:40:00Z,88.6695,0.60023,120.044
2026-01-11T07:41:00Z,88.6489,0.59985,119.984
2026-01-11T07:42:00Z,88.6693,0.60014,120.031
2026-01-11T07:43:00Z,88.651,0.59938,119.961
2026-01-11T07:44:00Z,88.6723,0.59994,120.016
2026-01-11T07:45:00Z,88.6505,0.5997,119.953
2026-01-11T07:46:00Z,88.6806,0.60025,120.038
2026-01-11T07:47:00Z,88.6632,0.59936,119.956
2026-01-11T07:48:00Z,88.6814,0.60058,120.017
2026-01-11T07:49:00Z,88.6534,0.59947,119.974
2026-01-11T07:50:00Z,88.6662,0.60064,120.015
2026-01-11T07:51:00Z,88.6666,0.59965,119.98
2026-01-11T07:52:00Z,88.6795,0.60025,120.013
2026-01-11T07:53:00Z,88.649,0.59939,119.977
2026-01-11T07:54:00Z,88.699,0.60046,120.035
2026-01-11T07:55:00Z,88.6633,0.59973,119.981
2026-01-11T07:56:00Z,88.6898,0.60037,120.053
2026-01-11T07:57:00Z,88.6499,0.59922,119.95
2026-01-11T07:58:00Z,88.6901,0.60032,120.023
2026-01-11T07:59:00Z,88.6638,0.59956,119.963
2026-01-11T08:00:00Z,88.6932,0.60048,120.03
2026-01-11T08:01:00Z,88.6568,0.59957,119.957
2026-01-11T08:02:00Z,88.6732,0.60027,120.029
2026-01-11T08:03:00Z,88.6489,0.59918,119.954
2026-01-11T08:04:00Z,88.664,0.60069,120.033
2026-01-11T08:05:00Z,88.6574,0.59924,119.985
2026-01-11T08:06:00Z,88.6948,0.60049,120.017
2026-01-11T08:07:00Z,88.6593,0.59959,119.95
2026-01-11T08:08:00Z,88.6997,0.60039,120.048
2026-01-11T08:09:00Z,88.6558,0.59951,119.972
2026-01-11T08:10:00Z,88.683,0.60063,120.044
2026-01-11T08:11:00Z,88.6539,0.59957,119.976
2026-01-11T08:12:00Z,88.694,0.60048,120.008
2026-01-11T08:13:00Z,88.667,0.59965,119.961
2026-01-11T08:14:00Z,88.701,0.60036,120.034
2026-01-11T08:15:00Z,88.6599,0.59951,119.969
2026-01-11T08:16:00Z,88.7036,0.60028,120.043
2026-01-11T08:17:00Z,88.6666,0.59957,119.969
2026-01-11T08:18:00Z,88.701,0.60047,120.022
2026-01-11T08:19:00Z,88.6658,0.5994,119.983
2026-01-11T08:20:00Z,88.696,0.6005,120.036
2026-01-11T08:21:00Z,88.6641,0.59967,119.969
2026-01-11T08:22:00Z,88.7089,0.60039,120.036
2026-01-11T08:23:00Z,88.6606,0.59963,119.991
2026-01-11T08:24:00Z,88.7097,0.60042,120.036
2026-01-11T08:25:00Z,88.6776,0.59961,119.943
2026-01-11T08:26:00Z,88.6944,0.60077,120.034
2026-01-11T08:27:00Z,88.655,0.5995,119.964
2026-01-11T08:28:00Z,88.698,0.60029,120.038
2026-01-11T08:29:00Z,88.6649,0.59929,119.966
2026-01-11T08:30:00Z,88.7076,0.60045,120.045
2026-01-11T08:31:00Z,88.6713,0.59966,119.978
2026-01-11T08:32:00Z,88.688,0.60049,120.018
2026-01-11T08:33:00Z,88.6835,0.59936,119.953
2026-01-11T08:34:00Z,88.7137,0.60072,120.042
2026-01-11T08:35:00Z,88.6672,0.5997,119.955
2026-01-11T08:36:00Z,88.7187,0.60054,120.012
2026-01-11T08:37:00Z,88.6794,0.59952,119.971
2026-01-11T08:38:00Z,88.718,0.60048,120.041
2026-01-11T08:39:00Z,88.6797,0.59965,119.984
2026-01-11T08:40:00Z,88.7206,0.60021,120.057
2026-01-11T08:41:00Z,88.6923,0.59975,119.983
2026-01-11T08:42:00Z,88.7051,0.60041,120.042
2026-01-11T08:43:00Z,88.6778,0.59959,119.958
2026-01-11T08:44:00Z,88.6978,0.60057,120.036
2026-01-11T08:45:00Z,88.69,0.59961,119.959
2026-01-11T08:46:00Z,88.7171,0.60055,120.031
2026-01-11T08:47:00Z,88.6861,0.59975,119.975
2026-01-11T08:48:00Z,88.7216,0.60061,120.048
2026-01-11T08:49:00Z,88.6884,0.59969,119.97
2026-01-11T08:50:00Z,88.7127,0.60076,120.02
2026-01-11T08:51:00Z,88.6836,0.59948,119.976
2026-01-11T08:52:00Z,88.7105,0.60045,120.032
2026-01-11T08:53:00Z,88.6964,0.59972,119.988
2026-01-11T08:54:00Z,88.7343,0.60035,120.056
2026-01-11T08:55:00Z,88.6865,0.59983,119.981
2026-01-11T08:56:00Z,88.7205,0.60056,120.019
2026-01-11T08:57:00Z,88.6909,0.59972,119.932
2026-01-11T08:58:00Z,88.7234,0.60041,120.017
2026-01-11T08:59:00Z,88.685,0.59985,119.953
2026-01-11T09:00:00Z,88.7143,0.60055,120.033
2026-01-11T09:01:00Z,88.6988,0.59933,119.963
2026-01-11T09:02:00Z,88.7385,0.60044,120.013
2026-01-11T09:03:00Z,88.6884,0.59924,119.984
2026-01-11T09:04:00Z,88.727,0.60045,120.034
2026-01-11T09:05:00Z,88.689,0.59953,119.954
2026-01-11T09:06:00Z,88.7347,0.60059,119.988
2026-01-11T09:07:00Z,88.7061,0.59964,119.969
2026-01-11T09:08:00Z,88.7348,0.6006,120.052
2026-01-11T09:09:00Z,88.6847,0.59946,119.986
2026-01-11T09:10:00Z,88.7207,0.60046,120.046
2026-01-11T09:11:00Z,88.7012,0.59957,119.954
2026-01-11T09:12:00Z,88.7301,0.60036,120.027
2026-01-11T09:13:00Z,88.7019,0.59945,119.985
2026-01-11T09:14:00Z,88.7229,0.60059,120.04
2026-01-11T09:15:00Z,88.708,0.59945,119.961
2026-01-11T09:16:00Z,88.7366,0.60064,120.009
2026-01-11T09:17:00Z,88.6942,0.59988,119.963
2026-01-11T09:18:00Z,88.7307,0.60064,120.02
2026-01-11T09:19:00Z,88.7044,0.59959,120.003
2026-01-11T09:20:00Z,88.7471,0.60049,120.042
2026-01-11T09:21:00Z,88.6988,0.59943,119.941
2026-01-11T09:22:00Z,88.728,0.60062,120.021
2026-01-11T09:23:00Z,88.7079,0.59968,119.955
2026-01-11T09:24:00Z,88.7343,0.60013,120.023
2026-01-11T09:25:00Z,88.698,0.60008,119.951
2026-01-11T09:26:00Z,88.7413,0.60048,120.034
2026-01-11T09:27:00Z,88.7068,0.59982,119.971
2026-01-11T09:28:00Z,88.7459,0.60044,120.025
2026-01-11T09:29:00Z,88.7133,0.5993,119.959
2026-01-11T09:30:00Z,88.7481,0.60034,120.014
2026-01-11T09:31:00Z,88.7029,0.59974,119.969
2026-01-11T09:32:00Z,88.7405,0.60046,120.012
2026-01-11T09:33:00Z,88.7097,0.59971,119.95
2026-01-11T09:34:00Z,88.7474,0.60077,120.038
2026-01-11T09:35:00Z,88.71,0.59966,119.959
2026-01-11T09:36:00Z,88.7297,0.6003,120.059
2026-01-11T09:37:00Z,88.7229,0.59978,119.968
2026-01-11T09:38:00Z,88.749,0.60021,120.054
2026-01-11T09:39:00Z,88.7107,0.59965,119.977
2026-01-11T09:40:00Z,88.7456,0.60052,120.021
2026-01-11T09:41:00Z,88.7162,0.59963,119.98
2026-01-11T09:42:00Z,88.7531,0.60043,120.027
2026-01-11T09:43:00Z,88.7139,0.59934,119.953
2026-01-11T09:44:00Z,88.7582,0.6005,120.013
2026-01-11T09:45:00Z,88.7312,0.59981,119.98
2026-01-11T09:46:00Z,88.7403,0.60035,120.02
2026-01-11T09:47:00Z,88.7005,0.59933,119.952
2026-01-11T09:48:00Z,88.7698,0.60043,120.045
2026-01-11T09:49:00Z,88.7156,0.59966,120.011
2026-01-11T09:50:00Z,88.7497,0.60069,120.04
2026-01-11T09:51:00Z,88.7387,0.59959,119.979
2026-01-11T09:52:00Z,88.7529,0.60074,120.012
2026-01-11T09:53:00Z,88.7243,0.59995,119.967
2026-01-11T09:54:00Z,88.7531,0.60054,120.044
2026-01-11T09:55:00Z,88.7291,0.59994,119.97
2026-01-11T09:56:00Z,88.7587,0.60033,120.018
2026-01-11T09:57:00Z,88.7158,0.59934,119.974
2026-01-11T09:58:00Z,88.7656,0.60031,120.051
2026-01-11T09:59:00Z,88.7255,0.59963,119.963
2026-01-11T10:00:00Z,88.7667,0.60033,120.027
2026-01-11T10:01:00Z,88.7157,0.59925,119.948
2026-01-11T10:02:00Z,88.7461,0.60027,120.022
2026-01-11T10:03:00Z,88.7392,0.59969,119.972
2026-01-11T10:04:00Z,88.753,0.60036,120.028
2026-01-11T10:05:00Z,88.7217,0.59963,119.972
2026-01-11T10:06:00Z,88.7494,0.60035,120.039
2026-01-11T10:07:00Z,88.7147,0.59976,119.959
2026-01-11T10:08:00Z,88.7643,0.60035,120.044
2026-01-11T10:09:00Z,88.7375,0.59939,119.977
2026-01-11T10:10:00Z,88.7769,0.60064,120.014
2026-01-11T10:11:00Z,88.7337,0.59943,119.974
2026-01-11T10:12:00Z,88.7709,0.6001,120.052
2026-01-11T10:13:00Z,88.7316,0.59999,119.971
2026-01-11T10:14:00Z,88.7586,0.60008,120.037
2026-01-11T10:15:00Z,88.7331,0.59933,119.971
2026-01-11T10:16:00Z,88.7775,0.60072,120.02
2026-01-11T10:17:00Z,88.7404,0.59935,119.975
2026-01-11T10:18:00Z,88.7816,0.60024,120.036
2026-01-11T10:19:00Z,88.7322,0.59949,119.992
2026-01-11T10:20:00Z,88.7648,0.60027,120.02
2026-01-11T10:21:00Z,88.7465,0.59968,119.976
2026-01-11T10:22:00Z,88.7679,0.60057,120.025
2026-01-11T10:23:00Z,88.7535,0.59938,119.995
2026-01-11T10:24:00Z,88.7685,0.60036,120.036
2026-01-11T10:25:00Z,88.7465,0.5996,119.988
2026-01-11T10:26:00Z,88.766,0.60011,120.037
2026-01-11T10:27:00Z,88.7421,0.59975,119.968
2026-01-11T10:28:00Z,88.7628,0.60033,120.055
2026-01-11T10:29:00Z,88.7346,0.59985,119.969
2026-01-11T10:30:00Z,88.7773,0.6005,120.045
2026-01-11T10:31:00Z,88.742,0.59952,119.99
2026-01-11T10:32:00Z,88.7851,0.6003,120.027
2026-01-11T10:33:00Z,88.7534,0.59963,119.958
2026-01-11T10:34:00Z,88.7809,0.60044,120.012
2026-01-11T10:35:00Z,88.7531,0.5997,119.974
2026-01-11T10:36:00Z,88.7904,0.60021,120.037
2026-01-11T10:37:00Z,88.7589,0.59945,119.98
2026-01-11T10:38:00Z,88.7973,0.60001,120.017
2026-01-11T10:39:00Z,88.7461,0.59949,119.966
2026-01-11T10:40:00Z,88.784,0.60018,120.039
2026-01-11T10:41:00Z,88.762,0.5993,119.99
2026-01-11T10:42:00Z,88.7748,0.60055,120.04
2026-01-11T10:43:00Z,88.7498,0.59946,119.957
2026-01-11T10:44:00Z,88.7936,0.6004,120.028
2026-01-11T10:45:00Z,88.743,0.59952,119.984
2026-01-11T10:46:00Z,88.7903,0.60055,120.019
2026-01-11T10:47:00Z,88.7522,0.59915,119.997
2026-01-11T10:48:00Z,88.7961,0.6007,120.042
2026-01-11T10:49:00Z,88.7525,0.59985,119.97
2026-01-11T10:50:00Z,88.7717,0.60049,120.014
2026-01-11T10:51:00Z,88.7537,0.59985,119.95
2026-01-11T10:52:00Z,88.8001,0.60079,120.022
2026-01-11T10:53:00Z,88.7596,0.59943,119.988
2026-01-11T10:54:00Z,88.7978,0.60041,120.038
2026-01-11T10:55:00Z,88.7664,0.59894,119.95
2026-01-11T10:56:00Z,88.7945,0.60013,120.013
2026-01-11T10:57:00Z,88.7616,0.59974,119.993
2026-01-11T10:58:00Z,88.8154,0.60045,120.032
2026-01-11T10:59:00Z,88.7567,0.59961,119.971
2026-01-11T11:00:00Z,88.7906,0.60028,120.037
2026-01-11T11:01:00Z,88.7522,0.59994,119.986
2026-01-11T11:02:00Z,88.7913,0.60036,120.033
2026-01-11T11:03:00Z,88.7745,0.59977,119.972
2026-01-11T11:04:00Z,88.8052,0.6,120.046
2026-01-11T11:05:00Z,88.7561,0.59984,119.939
2026-01-11T11:06:00Z,88.8122,0.6005,120.04
2026-01-11T11:07:00Z,88.7539,0.59964,119.975
2026-01-11T11:08:00Z,88.7946,0.60017,120.033
2026-01-11T11:09:00Z,88.7702,0.59968,119.965
2026-01-11T11:10:00Z,88.7979,0.60036,120.031
2026-01-11T11:11:00Z,88.774,0.59996,119.977
2026-01-11T11:12:00Z,88.806,0.60034,120.023
2026-01-11T11:13:00Z,88.7815,0.59985,119.956
2026-01-11T11:14:00Z,88.8112,0.60047,120.017
2026-01-11T11:15:00Z,88.7629,0.59939,119.992
2026-01-11T11:16:00Z,88.8086,0.60014,120.03
2026-01-11T11:17:00Z,88.7953,0.59952,119.945
2026-01-11T11:18:00Z,88.795,0.60016,120.053
2026-01-11T11:19:00Z,88.7827,0.59968,119.953
2026-01-11T11:20:00Z,88.8047,0.6005,120.065
2026-01-11T11:21:00Z,88.774,0.59973,119.974
2026-01-11T11:22:00Z,88.8213,0.60023,120.027
2026-01-11T11:23:00Z,88.7654,0.59969,119.988
2026-01-11T11:24:00Z,88.8209,0.60073,120.029
2026-01-11T11:25:00Z,88.7717,0.59974,119.982
2026-01-11T11:26:00Z,88.7997,0.60036,120.062
2026-01-11T11:27:00Z,88.7769,0.59952,119.965
2026-01-11T11:28:00Z,88.8079,0.60007,120.03
2026-01-11T11:29:00Z,88.7589,0.59962,119.976
2026-01-11T11:30:00Z,88.8043,0.60017,120.032
2026-01-11T11:31:00Z,88.7876,0.59934,119.968
2026-01-11T11:32:00Z,88.8162,0.60007,120.038
2026-01-11T11:33:00Z,88.8024,0.59977,119.98
2026-01-11T11:34:00Z,88.8229,0.60038,119.993
2026-01-11T11:35:00Z,88.775,0.59992,119.935
2026-01-11T11:36:00Z,88.8223,0.6005,120.022
2026-01-11T11:37:00Z,88.7904,0.59929,119.943
2026-01-11T11:38:00Z,88.8228,0.60006,120.043
2026-01-11T11:39:00Z,88.7915,0.59977,119.935
2026-01-11T11:40:00Z,88.8252,0.60045,120.036
2026-01-11T11:41:00Z,88.7916,0.60016,119.963
2026-01-11T11:42:00Z,88.8151,0.60028,120.045
2026-01-11T11:43:00Z,88.7892,0.59956,119.958
2026-01-11T11:44:00Z,88.8247,0.60058,120.047
2026-01-11T11:45:00Z,88.7841,0.59949,119.967
2026-01-11T11:46:00Z,88.8262,0.60043,120.031
2026-01-11T11:47:00Z,88.7917,0.59948,119.965
2026-01-11T11:48:00Z,88.8302,0.60036,120.001
2026-01-11T11:49:00Z,88.7957,0.59942,119.971
2026-01-11T11:50:00Z,88.8164,0.60033,120.013
2026-01-11T11:51:00Z,88.8079,0.59977,119.964
2026-01-11T11:52:00Z,88.8408,0.60063,120.027
2026-01-11T11:53:00Z,88.7982,0.59972,119.958
2026-01-11T11:54:00Z,88.8415,0.60032,120.015
2026-01-11T11:55:00Z,88.8093,0.59982,119.964
2026-01-11T11:56:00Z,88.8285,0.60038,120.044
2026-01-11T11:57:00Z,88.7913,0.5994,119.962
2026-01-11T11:58:00Z,88.8242,0.60024,120.044
2026-01-11T11:59:00Z,88.8069,0.59994,119.982
2026-01-11T12:00:00Z,88.8363,0.60041,120.049
2026-01-11T12:01:00Z,88.8024,0.59981,119.942
2026-01-11T12:02:00Z,88.8364,0.60006,120.054
2026-01-11T12:03:00Z,88.7887,0.59945,119.978
2026-01-11T12:04:00Z,88.8427,0.60032,120.04
2026-01-11T12:05:00Z,88.7977,0.59976,119.964
2026-01-11T12:06:00Z,88.8445,0.60032,120.015
2026-01-11T12:07:00Z,88.8055,0.59955,119.955
2026-01-11T12:08:00Z,88.833,0.60043,120.01
2026-01-11T12:09:00Z,88.8169,0.59951,119.939
2026-01-11T12:10:00Z,88.8395,0.60045,120.035
2026-01-11T12:11:00Z,88.8056,0.59962,119.952
2026-01-11T12:12:00Z,88.8421,0.60046,120.036
2026-01-11T12:13:00Z,88.8127,0.59982,119.935
2026-01-11T12:14:00Z,88.8371,0.60039,120.037
2026-01-11T12:15:00Z,88.8108,0.59934,119.966
2026-01-11T12:16:00Z,88.8336,0.60108,120.031
2026-01-11T12:17:00Z,88.8208,0.59956,119.977
2026-01-11T12:18:00Z,88.827,0.60074,120.022
2026-01-11T12:19:00Z,88.8063,0.59955,119.982
2026-01-11T12:20:00Z,88.8422,0.60033,120.022
2026-01-11T12:21:00Z,88.8195,0.59985,119.99
2026-01-11T12:22:00Z,88.8508,0.60041,120.018
2026-01-11T12:23:00Z,88.8203,0.59997,119.964
2026-01-11T12:24:00Z,88.8349,0.60014,120.028
2026-01-11T12:25:00Z,88.8084,0.59928,119.959
2026-01-11T12:26:00Z,88.8587,0.60034,120.041
2026-01-11T12:27:00Z,88.81,0.5996,119.982
2026-01-11T12:28:00Z,88.8352,0.60047,120.023
2026-01-11T12:29:00Z,88.8175,0.59934,119.958
2026-01-11T12:30:00Z,88.8594,0.60052,120.001
2026-01-11T12:31:00Z,88.8182,0.59959,119.956
2026-01-11T12:32:00Z,88.8535,0.60023,120.027
2026-01-11T12:33:00Z,88.8186,0.59988,119.983
2026-01-11T12:34:00Z,88.8671,0.60056,120.049
2026-01-11T12:35:00Z,88.8268,0.59971,119.97
2026-01-11T12:36:00Z,88.8556,0.60043,120.055
2026-01-11T12:37:00Z,88.8189,0.59956,119.953
2026-01-11T12:38:00Z,88.846,0.60044,120.012
2026-01-11T12:39:00Z,88.8316,0.59959,119.972
2026-01-11T12:40:00Z,88.8545,0.60013,120.019
2026-01-11T12:41:00Z,88.8135,0.59962,119.991
2026-01-11T12:42:00Z,88.8464,0.60022,120.049
2026-01-11T12:43:00Z,88.8334,0.59969,119.998
2026-01-11T12:44:00Z,88.8582,0.6001,120.012
2026-01-11T12:45:00Z,88.829,0.59962,119.972
2026-01-11T12:46:00Z,88.8405,0.60055,120.025
2026-01-11T12:47:00Z,88.8198,0.59971,119.974
2026-01-11T12:48:00Z,88.86,0.60052,120.036
2026-01-11T12:49:00Z,88.8352,0.59972,119.972
2026-01-11T12:50:00Z,88.8615,0.60035,120.031
2026-01-11T12:51:00Z,88.8397,0.59978,119.965
2026-01-11T12:52:00Z,88.8616,0.60063,120.036
2026-01-11T12:53:00Z,88.8318,0.59967,119.958
2026-01-11T12:54:00Z,88.8812,0.60051,119.997
2026-01-11T12:55:00Z,88.8438,0.59973,119.956
2026-01-11T12:56:00Z,88.8682,0.60049,120.026
2026-01-11T12:57:00Z,88.8519,0.59978,119.968
2026-01-11T12:58:00Z,88.8754,0.60059,120.038
2026-01-11T12:59:00Z,88.8318,0.59944,119.982
2026-01-11T13:00:00Z,88.8783,0.60055,120.024
2026-01-11T13:01:00Z,88.8294,0.59936,119.958
2026-01-11T13:02:00Z,88.8617,0.60029,120.018
2026-01-11T13:03:00Z,88.8316,0.59981,119.971
2026-01-11T13:04:00Z,88.8726,0.60013,120.024
2026-01-11T13:05:00Z,88.8306,0.5997,119.975
2026-01-11T13:06:00Z,88.8696,0.60027,120.026
2026-01-11T13:07:00Z,88.8526,0.59978,119.965
2026-01-11T13:08:00Z,88.8698,0.6006,120.052
2026-01-11T13:09:00Z,88.8428,0.59958,119.947
2026-01-11T13:10:00Z,88.8758,0.60031,120.037
2026-01-11T13:11:00Z,88.8427,0.59978,119.968
2026-01-11T13:12:00Z,88.8897,0.60022,120.022
2026-01-11T13:13:00Z,88.8428,0.59937,120.013
2026-01-11T13:14:00Z,88.8631,0.60025,120.051
2026-01-11T13:15:00Z,88.8462,0.59924,120.002
2026-01-11T13:16:00Z,88.8707,0.60051,120.021
2026-01-11T13:17:00Z,88.8508,0.60003,119.96
2026-01-11T13:18:00Z,88.8747,0.60048,120.047
2026-01-11T13:19:00Z,88.8543,0.59955,119.957
2026-01-11T13:20:00Z,88.8701,0.60025,120.031
2026-01-11T13:21:00Z,88.8482,0.59992,119.97
2026-01-11T13:22:00Z,88.8981,0.60088,120.041
2026-01-11T13:23:00Z,88.8334,0.59943,119.995
2026-01-11T13:24:00Z,88.8822,0.60049,120.048
2026-01-11T13:25:00Z,88.8423,0.59984,119.977
2026-01-11T13:26:00Z,88.8885,0.60041,120.016
2026-01-11T13:27:00Z,88.8487,0.59955,119.945
2026-01-11T13:28:00Z,88.8849,0.59998,120.037
2026-01-11T13:29:00Z,88.8592,0.59918,119.96
2026-01-11T13:30:00Z,88.8879,0.60023,120.022
2026-01-11T13:31:00Z,88.8605,0.5996,119.965
2026-01-11T13:32:00Z,88.8815,0.60049,120.019
2026-01-11T13:33:00Z,88.8513,0.59982,119.997
2026-01-11T13:34:00Z,88.8942,0.60055,120.005
2026-01-11T13:35:00Z,88.8812,0.59954,119.97
2026-01-11T13:36:00Z,88.8983,0.60037,120.037
2026-01-11T13:37:00Z,88.8418,0.59917,119.972
2026-01-11T13:38:00Z,88.8909,0.60015,120.02
2026-01-11T13:39:00Z,88.8512,0.5996,119.994
2026-01-11T13:40:00Z,88.8897,0.60008,120.04
2026-01-11T13:41:00Z,88.8607,0.59987,119.961
2026-01-11T13:42:00Z,88.8895,0.60071,120.059
2026-01-11T13:43:00Z,88.8553,0.5994,119.98
2026-01-11T13:44:00Z,88.8909,0.60035,120.04
2026-01-11T13:45:00Z,88.858,0.59968,119.982
2026-01-11T13:46:00Z,88.8912,0.60046,120.033
2026-01-11T13:47:00Z,88.8688,0.59998,119.954
2026-01-11T13:48:00Z,88.8931,0.60084,120.011
2026-01-11T13:49:00Z,88.8719,0.59936,119.935
2026-01-11T13:50:00Z,88.8974,0.60056,120.043
2026-01-11T13:51:00Z,88.8725,0.5996,119.98
2026-01-11T13:52:00Z,88.9016,0.60089,120.042
2026-01-11T13:53:00Z,88.8682,0.59973,119.961
2026-01-11T13:54:00Z,88.8978,0.60067,120.04
2026-01-11T13:55:00Z,88.861,0.59942,119.959
2026-01-11T13:56:00Z,88.8997,0.60036,120.013
2026-01-11T13:57:00Z,88.858,0.59932,119.972
2026-01-11T13:58:00Z,88.8943,0.60046,120.012
2026-01-11T13:59:00Z,88.882,0.59937,119.976
2026-01-11T14:00:00Z,88.9013,0.60041,120.037
2026-01-11T14:01:00Z,88.8645,0.59953,119.959
2026-01-11T14:02:00Z,88.8976,0.60056,120.044
2026-01-11T14:03:00Z,88.8888,0.59962,119.962
2026-01-11T14:04:00Z,88.9139,0.60034,120.053
2026-01-11T14:05:00Z,88.8742,0.59973,119.972
2026-01-11T14:06:00Z,88.9071,0.60015,120.007
2026-01-11T14:07:00Z,88.8702,0.59944,119.964
2026-01-11T14:08:00Z,88.9062,0.60014,120.047
2026-01-11T14:09:00Z,88.8797,0.5999,119.97
2026-01-11T14:10:00Z,88.9216,0.60003,120.025
2026-01-11T14:11:00Z,88.8745,0.59961,119.984
2026-01-11T14:12:00Z,88.9151,0.60069,120.014
2026-01-11T14:13:00Z,88.8705,0.59936,119.964
2026-01-11T14:14:00Z,88.9177,0.60039,120.031
2026-01-11T14:15:00Z,88.8724,0.59948,119.946
2026-01-11T14:16:00Z,88.9179,0.60046,120.013
2026-01-11T14:17:00Z,88.8813,0.5994,119.963
2026-01-11T14:18:00Z,88.9176,0.60034,119.994
2026-01-11T14:19:00Z,88.8824,0.59955,119.977
2026-01-11T14:20:00Z,88.9088,0.60033,120.013
2026-01-11T14:21:00Z,88.8965,0.59973,119.945
2026-01-11T14:22:00Z,88.9202,0.6003,120.034
2026-01-11T14:23:00Z,88.8876,0.59956,119.976
2026-01-11T14:24:00Z,88.9192,0.60035,120.018
2026-01-11T14:25:00Z,88.8919,0.59958,119.967
2026-01-11T14:26:00Z,88.9163,0.60041,120.047
2026-01-11T14:27:00Z,88.9009,0.59955,119.988
2026-01-11T14:28:00Z,88.9101,0.60003,120.027
2026-01-11T14:29:00Z,88.8921,0.59985,120.004
2026-01-11T14:30:00Z,88.9254,0.60028,120.021
2026-01-11T14:31:00Z,88.8842,0.59957,119.964
2026-01-11T14:32:00Z,88.9231,0.60052,120.046
2026-01-11T14:33:00Z,88.9001,0.59978,119.966
2026-01-11T14:34:00Z,88.9331,0.60027,120.043
2026-01-11T14:35:00Z,88.8945,0.59962,119.971
2026-01-11T14:36:00Z,88.9285,0.60055,120.058
2026-01-11T14:37:00Z,88.8994,0.59978,119.984
2026-01-11T14:38:00Z,88.9198,0.60023,120.054
2026-01-11T14:39:00Z,88.9002,0.59939,119.971
2026-01-11T14:40:00Z,88.9484,0.60034,120.041
2026-01-11T14:41:00Z,88.8903,0.5995,119.971
2026-01-11T14:42:00Z,88.9363,0.60068,119.998
2026-01-11T14:43:00Z,88.8913,0.59967,119.975
2026-01-11T14:44:00Z,88.9299,0.60027,120.013
2026-01-11T14:45:00Z,88.901,0.59962,119.985
2026-01-11T14:46:00Z,88.9209,0.60025,120.016
2026-01-11T14:47:00Z,88.8944,0.59971,119.972
2026-01-11T14:48:00Z,88.9422,0.60021,120.033
2026-01-11T14:49:00Z,88.9036,0.5994,119.992
2026-01-11T14:50:00Z,88.9382,0.59989,120.045
2026-01-11T14:51:00Z,88.9052,0.59946,119.973
2026-01-11T14:52:00Z,88.9338,0.60053,120.038
2026-01-11T14:53:00Z,88.903,0.59932,119.978
2026-01-11T14:54:00Z,88.9383,0.60021,120.015
2026-01-11T14:55:00Z,88.9076,0.59961,119.953
2026-01-11T14:56:00Z,88.9314,0.60035,120.004
2026-01-11T14:57:00Z,88.9167,0.5994,119.99
2026-01-11T14:58:00Z,88.9316,0.60036,120.02
2026-01-11T14:59:00Z,88.907,0.59967,119.973
2026-01-11T15:00:00Z,88.9443,0.60019,120.038
2026-01-11T15:01:00Z,88.9161,0.59958,119.971
2026-01-11T15:02:00Z,88.9405,0.60026,120.021
2026-01-11T15:03:00Z,88.9044,0.59932,119.973
2026-01-11T15:04:00Z,88.9465,0.60071,120.026
2026-01-11T15:05:00Z,88.9077,0.59967,119.975
2026-01-11T15:06:00Z,88.9393,0.60035,120.015
2026-01-11T15:07:00Z,88.9054,0.59978,119.967
2026-01-11T15:08:00Z,88.9477,0.60011,120.036
2026-01-11T15:09:00Z,88.9143,0.59975,119.954
2026-01-11T15:10:00Z,88.9445,0.60043,120.029
2026-01-11T15:11:00Z,88.9075,0.59973,119.971
2026-01-11T15:12:00Z,88.9387,0.60044,120.036
2026-01-11T15:13:00Z,88.9117,0.59965,119.957
2026-01-11T15:14:00Z,88.9663,0.60007,120.012
2026-01-11T15:15:00Z,88.9198,0.59976,119.954
2026-01-11T15:16:00Z,88.9552,0.60014,120.027
2026-01-11T15:17:00Z,88.9233,0.59949,119.96
2026-01-11T15:18:00Z,88.9641,0.60001,120.047
2026-01-11T15:19:00Z,88.9164,0.59937,119.97
2026-01-11T15:20:00Z,88.9411,0.60043,119.999
2026-01-11T15:21:00Z,88.936,0.59983,119.985
2026-01-11T15:22:00Z,88.9522,0.60036,120.039
2026-01-11T15:23:00Z,88.9275,0.59975,119.967
2026-01-11T15:24:00Z,88.9509,0.60041,120.03
2026-01-11T15:25:00Z,88.911,0.59983,119.964
2026-01-11T15:26:00Z,88.9439,0.60052,120.005
2026-01-11T15:27:00Z,88.9311,0.59973,119.96
2026-01-11T15:28:00Z,88.9546,0.60025,120.02
2026-01-11T15:29:00Z,88.9331,0.59989,119.965
2026-01-11T15:30:00Z,88.965,0.60047,120.036
2026-01-11T15:31:00Z,88.929,0.59996,119.985
2026-01-11T15:32:00Z,88.9458,0.60033,120.063
2026-01-11T15:33:00Z,88.9449,0.59971,120.001
2026-01-11T15:34:00Z,88.9656,0.60046,120.031
2026-01-11T15:35:00Z,88.9427,0.59948,119.975
2026-01-11T15:36:00Z,88.9582,0.59986,120.025
2026-01-11T15:37:00Z,88.9324,0.59978,119.943
2026-01-11T15:38:00Z,88.9659,0.60019,120.003
2026-01-11T15:39:00Z,88.941,0.59933,119.992
2026-01-11T15:40:00Z,88.9659,0.60043,120.036
2026-01-11T15:41:00Z,88.9375,0.59981,119.973
2026-01-11T15:42:00Z,88.9598,0.60055,120.061
2026-01-11T15:43:00Z,88.9416,0.59958,119.958
2026-01-11T15:44:00Z,88.9617,0.60045,120.036
2026-01-11T15:45:00Z,88.9401,0.59956,119.979
2026-01-11T15:46:00Z,88.9834,0.60028,120.041
2026-01-11T15:47:00Z,88.9247,0.59975,119.987
2026-01-11T15:48:00Z,88.9696,0.60072,120.025
2026-01-11T15:49:00Z,88.9428,0.59974,119.977
2026-01-11T15:50:00Z,88.9706,0.60038,120.041
2026-01-11T15:51:00Z,88.9273,0.59989,119.975
2026-01-11T15:52:00Z,88.9824,0.60013,120.023
2026-01-11T15:53:00Z,88.9354,0.59962,119.982
2026-01-11T15:54:00Z,88.9794,0.60007,120.021
2026-01-11T15:55:00Z,88.9445,0.59944,120.002
2026-01-11T15:56:00Z,88.9846,0.60057,120.036
2026-01-11T15:57:00Z,88.9365,0.59979,119.983
2026-01-11T15:58:00Z,88.9806,0.60077,120.061
2026-01-11T15:59:00Z,88.957,0.59977,120.004
2026-01-11T16:00:00Z,88.9814,0.60064,120.024
2026-01-11T16:01:00Z,88.9426,0.59945,119.956
2026-01-11T16:02:00Z,88.995,0.6006,120.055
2026-01-11T16:03:00Z,88.9423,0.59962,119.968
2026-01-11T16:04:00Z,88.973,0.60065,120.072
2026-01-11T16:05:00Z,88.9489,0.59982,119.98
2026-01-11T16:06:00Z,88.9811,0.60076,120.028
2026-01-11T16:07:00Z,88.9392,0.59963,119.982
2026-01-11T16:08:00Z,88.9793,0.60059,120.022
2026-01-11T16:09:00Z,88.9559,0.59967,119.979
2026-01-11T16:10:00Z,88.9736,0.60032,120.025
2026-01-11T16:11:00Z,88.9518,0.59959,119.987
2026-01-11T16:12:00Z,88.9842,0.60039,120.049
2026-01-11T16:13:00Z,88.9578,0.59948,119.932
2026-01-11T16:14:00Z,88.9875,0.60025,120.006
2026-01-11T16:15:00Z,88.968,0.59946,119.979
2026-01-11T16:16:00Z,88.9795,0.60043,120.017
2026-01-11T16:17:00Z,88.9492,0.59962,119.969
2026-01-11T16:18:00Z,88.9966,0.60039,120.037
2026-01-11T16:19:00Z,88.9379,0.5995,119.952
2026-01-11T16:20:00Z,88.9741,0.60028,120.056
2026-01-11T16:21:00Z,88.9598,0.59957,119.982
2026-01-11T16:22:00Z,88.9942,0.60021,120.008
2026-01-11T16:23:00Z,88.9487,0.59916,119.968
2026-01-11T16:24:00Z,88.9899,0.60048,120.037
2026-01-11T16:25:00Z,88.9517,0.5997,119.949
2026-01-11T16:26:00Z,88.986,0.60032,120.021
2026-01-11T16:27:00Z,88.9715,0.59912,119.975
2026-01-11T16:28:00Z,88.9874,0.60024,120.034
2026-01-11T16:29:00Z,88.9617,0.59952,119.971
2026-01-11T16:30:00Z,88.9927,0.6005,120.016
2026-01-11T16:31:00Z,88.9729,0.5997,119.966
2026-01-11T16:32:00Z,88.9986,0.60048,119.989
2026-01-11T16:33:00Z,88.9718,0.59965,119.969
2026-01-11T16:34:00Z,89.0021,0.60011,120.045
2026-01-11T16:35:00Z,88.9561,0.59931,119.967
2026-01-11T16:36:00Z,88.9961,0.60054,120.026
2026-01-11T16:37:00Z,88.9737,0.59953,119.966
2026-01-11T16:38:00Z,88.9902,0.60041,120.048
2026-01-11T16:39:00Z,88.9707,0.59962,119.974
2026-01-11T16:40:00Z,89.0087,0.60027,120.015
2026-01-11T16:41:00Z,88.9647,0.59935,119.986
2026-01-11T16:42:00Z,88.9873,0.60041,120.046
2026-01-11T16:43:00Z,88.9703,0.59958,119.956
2026-01-11T16:44:00Z,89.0089,0.60063,120.02
2026-01-11T16:45:00Z,88.9648,0.59982,119.961
2026-01-11T16:46:00Z,89.0023,0.60057,120.038
2026-01-11T16:47:00Z,88.9836,0.59966,119.971
2026-01-11T16:48:00Z,89.005,0.60061,120.037
2026-01-11T16:49:00Z,88.973,0.59962,119.954
2026-01-11T16:50:00Z,89.0043,0.60033,120.026
2026-01-11T16:51:00Z,88.9765,0.59961,119.946
2026-01-11T16:52:00Z,89.0051,0.60009,120.014
2026-01-11T16:53:00Z,88.9698,0.59993,120.0
2026-01-11T16:54:00Z,89.0117,0.60024,120.028
2026-01-11T16:55:00Z,88.9719,0.59919,119.994
2026-01-11T16:56:00Z,89.0212,0.60024,120.024
2026-01-11T16:57:00Z,88.9935,0.59951,119.955
2026-01-11T16:58:00Z,88.9935,0.60051,120.044
2026-01-11T16:59:00Z,88.9811,0.59971,119.947
2026-01-11T17:00:00Z,88.9997,0.60039,120.009
2026-01-11T17:01:00Z,88.9777,0.59909,119.951
2026-01-11T17:02:00Z,89.0033,0.60051,120.027
2026-01-11T17:03:00Z,88.9901,0.59987,119.965
2026-01-11T17:04:00Z,89.0363,0.60058,120.014
2026-01-11T17:05:00Z,88.976,0.59959,119.966
2026-01-11T17:06:00Z,89.0065,0.60068,120.022
2026-01-11T17:07:00Z,88.9923,0.59955,119.946
2026-01-11T17:08:00Z,89.0137,0.6004,120.004
2026-01-11T17:09:00Z,88.9791,0.59935,119.955
2026-01-11T17:10:00Z,89.013,0.60026,120.036
2026-01-11T17:11:00Z,88.9782,0.59945,119.969
2026-01-11T17:12:00Z,89.0199,0.60067,120.042
2026-01-11T17:13:00Z,88.9796,0.59964,119.96
2026-01-11T17:14:00Z,89.0101,0.60024,120.052
2026-01-11T17:15:00Z,88.9897,0.60001,119.956
2026-01-11T17:16:00Z,89.0114,0.60052,120.039
2026-01-11T17:17:00Z,88.9868,0.59968,119.975
2026-01-11T17:18:00Z,89.0169,0.60037,120.048
2026-01-11T17:19:00Z,88.993,0.59963,119.966
2026-01-11T17:20:00Z,89.0243,0.60025,120.053
2026-01-11T17:21:00Z,88.9911,0.59956,119.958
2026-01-11T17:22:00Z,89.0356,0.60069,120.023
2026-01-11T17:23:00Z,89.0112,0.59954,119.967
2026-01-11T17:24:00Z,89.014,0.6,120.03
2026-01-11T17:25:00Z,89.0044,0.59971,119.965
2026-01-11T17:26:00Z,89.0233,0.60019,120.031
2026-01-11T17:27:00Z,89.0019,0.5999,119.995
2026-01-11T17:28:00Z,89.0168,0.60081,120.039
2026-01-11T17:29:00Z,88.9924,0.59973,119.982
2026-01-11T17:30:00Z,89.0345,0.60014,120.014
2026-01-11T17:31:00Z,88.9976,0.59937,119.951
2026-01-11T17:32:00Z,89.019,0.60065,120.033
2026-01-11T17:33:00Z,88.9883,0.59925,119.956
2026-01-11T17:34:00Z,89.0239,0.6001,120.021
2026-01-11T17:35:00Z,89.0038,0.59936,119.97
2026-01-11T17:36:00Z,89.0297,0.60081,120.049
2026-01-11T17:37:00Z,89.0079,0.59972,119.95
2026-01-11T17:38:00Z,89.0429,0.59988,120.032
2026-01-11T17:39:00Z,89.0032,0.59974,119.954
2026-01-11T17:40:00Z,89.0314,0.60069,120.016
2026-01-11T17:41:00Z,88.9991,0.59947,119.955
2026-01-11T17:42:00Z,89.0287,0.60028,120.039
2026-01-11T17:43:00Z,88.9986,0.59955,119.99
2026-01-11T17:44:00Z,89.0266,0.60004,120.006
2026-01-11T17:45:00Z,89.0054,0.59962,119.975
2026-01-11T17:46:00Z,89.0207,0.60049,120.013
2026-01-11T17:47:00Z,89.0255,0.59977,119.973
2026-01-11T17:48:00Z,89.0488,0.6005,120.047
2026-01-11T17:49:00Z,89.0065,0.60003,119.981
2026-01-11T17:50:00Z,89.0418,0.60031,120.053
2026-01-11T17:51:00Z,89.0089,0.59948,119.95
2026-01-11T17:52:00Z,89.0438,0.60024,120.031
2026-01-11T17:53:00Z,89.0284,0.59918,119.983
2026-01-11T17:54:00Z,89.0429,0.59987,119.998
2026-01-11T17:55:00Z,89.0238,0.59982,119.988
2026-01-11T17:56:00Z,89.062,0.60021,120.032
2026-01-11T17:57:00Z,89.0149,0.59985,119.99
2026-01-11T17:58:00Z,89.0368,0.60075,120.03
2026-01-11T17:59:00Z,89.0101,0.59961,119.964
2026-01-11T18:00:00Z,89.0545,0.60058,120.027
2026-01-11T18:01:00Z,89.0148,0.59959,119.997
2026-01-11T18:02:00Z,89.0376,0.60013,120.006
2026-01-11T18:03:00Z,89.0149,0.59918,119.976
2026-01-11T18:04:00Z,89.0403,0.60063,120.009
2026-01-11T18:05:00Z,89.014,0.59931,119.978
2026-01-11T18:06:00Z,89.0541,0.60004,120.019
2026-01-11T18:07:00Z,89.026,0.59949,119.973
2026-01-11T18:08:00Z,89.0493,0.60041,120.041
2026-01-11T18:09:00Z,89.0036,0.59966,119.961
2026-01-11T18:10:00Z,89.0605,0.60035,120.036
2026-01-11T18:11:00Z,89.028,0.59984,119.987
2026-01-11T18:12:00Z,89.0492,0.60012,120.038
2026-01-11T18:13:00Z,89.0228,0.59979,119.964
2026-01-11T18:14:00Z,89.074,0.60042,120.033
2026-01-11T18:15:00Z,89.0224,0.59964,119.951
2026-01-11T18:16:00Z,89.0607,0.60057,120.023
2026-01-11T18:17:00Z,89.0267,0.59922,119.988
2026-01-11T18:18:00Z,89.0484,0.6006,120.037
2026-01-11T18:19:00Z,89.0198,0.59989,120.001
2026-01-11T18:20:00Z,89.0576,0.60036,120.035
2026-01-11T18:21:00Z,89.0269,0.59926,119.96
2026-01-11T18:22:00Z,89.0459,0.60063,120.02
2026-01-11T18:23:00Z,89.0291,0.59972,119.953
2026-01-11T18:24:00Z,89.0633,0.60044,120.014
2026-01-11T18:25:00Z,89.0372,0.59989,119.99
2026-01-11T18:26:00Z,89.0747,0.60052,120.04
2026-01-11T18:27:00Z,89.0344,0.59973,119.981
2026-01-11T18:28:00Z,89.069,0.6001,120.047
2026-01-11T18:29:00Z,89.0257,0.59945,119.988
2026-01-11T18:30:00Z,89.0551,0.60042,120.042
2026-01-11T18:31:00Z,89.036,0.59957,119.985
2026-01-11T18:32:00Z,89.0572,0.60049,120.036
2026-01-11T18:33:00Z,89.0447,0.5997,119.982
2026-01-11T18:34:00Z,89.0784,0.60005,120.025
2026-01-11T18:35:00Z,89.0301,0.59939,119.989
2026-01-11T18:36:00Z,89.0634,0.60018,120.034
2026-01-11T18:37:00Z,89.0394,0.59955,119.959
2026-01-11T18:38:00Z,89.0735,0.6003,120.033
2026-01-11T18:39:00Z,89.0521,0.59979,119.97
2026-01-11T18:40:00Z,89.0774,0.60075,119.994
2026-01-11T18:41:00Z,89.0272,0.59953,119.96
2026-01-11T18:42:00Z,89.0555,0.6006,120.036
2026-01-11T18:43:00Z,89.0449,0.59946,119.976
2026-01-11T18:44:00Z,89.0647,0.60058,120.038
2026-01-11T18:45:00Z,89.0541,0.59957,120.008
2026-01-11T18:46:00Z,89.0762,0.60039,120.043
2026-01-11T18:47:00Z,89.0583,0.5993,119.971
2026-01-11T18:48:00Z,89.0736,0.60029,120.015
2026-01-11T18:49:00Z,89.0507,0.59965,119.995
2026-01-11T18:50:00Z,89.0828,0.6001,120.03
2026-01-11T18:51:00Z,89.049,0.59938,119.968
2026-01-11T18:52:00Z,89.068,0.60046,120.056
2026-01-11T18:53:00Z,89.0384,0.59977,119.973
2026-01-11T18:54:00Z,89.0902,0.6002,120.018
2026-01-11T18:55:00Z,89.0621,0.59983,119.982
2026-01-11T18:56:00Z,89.073,0.60014,120.028
2026-01-11T18:57:00Z,89.0615,0.59981,119.955
2026-01-11T18:58:00Z,89.0736,0.60017,120.046
2026-01-11T18:59:00Z,89.0586,0.59922,119.986
2026-01-11T19:00:00Z,89.0769,0.60064,120.029
2026-01-11T19:01:00Z,89.034,0.59981,119.957
2026-01-11T19:02:00Z,89.0827,0.60025,120.036
2026-01-11T19:03:00Z,89.0622,0.59949,119.953
2026-01-11T19:04:00Z,89.0848,0.60046,120.005
2026-01-11T19:05:00Z,89.0516,0.5994,119.964
2026-01-11T19:06:00Z,89.0958,0.6005,120.052
2026-01-11T19:07:00Z,89.038,0.59968,119.975
2026-01-11T19:08:00Z,89.0749,0.6006,120.035
2026-01-11T19:09:00Z,89.0524,0.59925,119.927
2026-01-11T19:10:00Z,89.0934,0.60046,120.042
2026-01-11T19:11:00Z,89.0621,0.59939,119.984
2026-01-11T19:12:00Z,89.087,0.60018,120.015
2026-01-11T19:13:00Z,89.0648,0.59976,119.96
2026-01-11T19:14:00Z,89.0908,0.60052,120.018
2026-01-11T19:15:00Z,89.0645,0.59959,119.974
2026-01-11T19:16:00Z,89.1001,0.60049,120.052
2026-01-11T19:17:00Z,89.0625,0.5996,119.97
2026-01-11T19:18:00Z,89.1018,0.60036,120.048
2026-01-11T19:19:00Z,89.0706,0.5997,119.989
2026-01-11T19:20:00Z,89.1081,0.60051,120.061
2026-01-11T19:21:00Z,89.0598,0.59967,119.97
2026-01-11T19:22:00Z,89.0936,0.60013,120.043
2026-01-11T19:23:00Z,89.0514,0.59998,119.966
2026-01-11T19:24:00Z,89.0921,0.59993,120.029
2026-01-11T19:25:00Z,89.0671,0.59942,119.972
2026-01-11T19:26:00Z,89.1108,0.60022,120.01
2026-01-11T19:27:00Z,89.0588,0.59939,119.969
2026-01-11T19:28:00Z,89.101,0.60015,120.022
2026-01-11T19:29:00Z,89.0544,0.59948,119.959
2026-01-11T19:30:00Z,89.0994,0.60029,120.012
2026-01-11T19:31:00Z,89.0697,0.5995,119.967
2026-01-11T19:32:00Z,89.1073,0.60036,120.042
2026-01-11T19:33:00Z,89.0755,0.59978,119.954
2026-01-11T19:34:00Z,89.1079,0.6005,120.03
2026-01-11T19:35:00Z,89.0584,0.59961,119.991
2026-01-11T19:36:00Z,89.1027,0.6005,120.043
2026-01-11T19:37:00Z,89.0772,0.59956,119.966
2026-01-11T19:38:00Z,89.1051,0.60036,120.021
2026-01-11T19:39:00Z,89.0638,0.59957,119.962
2026-01-11T19:40:00Z,89.1019,0.60015,120.029
2026-01-11T19:41:00Z,89.0791,0.59944,119.987
2026-01-11T19:42:00Z,89.1174,0.60047,120.016
2026-01-11T19:43:00Z,89.0873,0.60004,119.972
2026-01-11T19:44:00Z,89.1138,0.60052,120.036
2026-01-11T19:45:00Z,89.0905,0.59944,120.006
2026-01-11T19:46:00Z,89.1192,0.60001,120.062
2026-01-11T19:47:00Z,89.0831,0.59937,119.944
2026-01-11T19:48:00Z,89.0944,0.59974,120.036
2026-01-11T19:49:00Z,89.0742,0.59986,119.986
2026-01-11T19:50:00Z,89.1078,0.6003,120.004
2026-01-11T19:51:00Z,89.0835,0.59959,119.967
2026-01-11T19:52:00Z,89.1129,0.60038,120.036
2026-01-11T19:53:00Z,89.0899,0.59974,119.979
2026-01-11T19:54:00Z,89.1237,0.60039,120.032
2026-01-11T19:55:00Z,89.0919,0.59963,119.983
2026-01-11T19:56:00Z,89.112,0.60006,120.035
2026-01-11T19:57:00Z,89.0857,0.59967,119.993
2026-01-11T19:58:00Z,89.1239,0.60024,120.0
2026-01-11T19:59:00Z,89.0988,0.59939,119.976
2026-01-11T20:00:00Z,89.1158,0.59997,120.029
2026-01-11T20:01:00Z,89.0822,0.59958,119.978
2026-01-11T20:02:00Z,89.1234,0.60013,120.06
2026-01-11T20:03:00Z,89.0855,0.59957,119.964
2026-01-11T20:04:00Z,89.1087,0.6006,120.046
2026-01-11T20:05:00Z,89.097,0.5994,119.963
2026-01-11T20:06:00Z,89.1184,0.60058,119.994
2026-01-11T20:07:00Z,89.1042,0.59967,119.979
2026-01-11T20:08:00Z,89.1225,0.60039,120.038
2026-01-11T20:09:00Z,89.0993,0.5996,119.979
2026-01-11T20:10:00Z,89.1297,0.6004,120.017
2026-01-11T20:11:00Z,89.1082,0.59971,119.969
2026-01-11T20:12:00Z,89.1285,0.60038,120.016
2026-01-11T20:13:00Z,89.0967,0.59967,119.955
2026-01-11T20:14:00Z,89.1343,0.60028,120.02
2026-01-11T20:15:00Z,89.0976,0.59944,119.98
2026-01-11T20:16:00Z,89.1403,0.60036,120.032
2026-01-11T20:17:00Z,89.0977,0.59964,119.968
2026-01-11T20:18:00Z,89.1331,0.60018,120.013
2026-01-11T20:19:00Z,89.0934,0.5997,119.962
2026-01-11T20:20:00Z,89.1367,0.6003,120.027
2026-01-11T20:21:00Z,89.1007,0.59968,119.959
2026-01-11T20:22:00Z,89.1344,0.60043,120.037
2026-01-11T20:23:00Z,89.1058,0.59901,119.963
2026-01-11T20:24:00Z,89.1334,0.6004,120.034
2026-01-11T20:25:00Z,89.1027,0.59954,119.973
2026-01-11T20:26:00Z,89.1323,0.60006,120.019
2026-01-11T20:27:00Z,89.114,0.5994,119.953
2026-01-11T20:28:00Z,89.1336,0.60064,120.018
2026-01-11T20:29:00Z,89.1097,0.59985,119.98
2026-01-11T20:30:00Z,89.1462,0.6004,120.026
2026-01-11T20:31:00Z,89.1125,0.5994,120.007
2026-01-11T20:32:00Z,89.1396,0.60065,120.02
2026-01-11T20:33:00Z,89.1073,0.59963,119.963
2026-01-11T20:34:00Z,89.1384,0.60013,120.043
2026-01-11T20:35:00Z,89.1075,0.59995,119.964
2026-01-11T20:36:00Z,89.1501,0.6006,120.007
2026-01-11T20:37:00Z,89.1202,0.5998,119.953
2026-01-11T20:38:00Z,89.1466,0.60017,119.999
2026-01-11T20:39:00Z,89.1103,0.59989,119.957
2026-01-11T20:40:00Z,89.1514,0.60053,120.045
2026-01-11T20:41:00Z,89.1016,0.59958,119.945
2026-01-11T20:42:00Z,89.1393,0.6005,120.027
2026-01-11T20:43:00Z,89.1089,0.5996,119.981
2026-01-11T20:44:00Z,89.1458,0.60081,120.034
2026-01-11T20:45:00Z,89.1032,0.59964,119.957
2026-01-11T20:46:00Z,89.1518,0.60054,120.042
2026-01-11T20:47:00Z,89.1117,0.59948,119.995
2026-01-11T20:48:00Z,89.1493,0.60049,120.041
2026-01-11T20:49:00Z,89.12,0.59976,119.988
2026-01-11T20:50:00Z,89.1468,0.60013,120.032
2026-01-11T20:51:00Z,89.1272,0.59958,119.973
2026-01-11T20:52:00Z,89.1488,0.60042,120.057
2026-01-11T20:53:00Z,89.1186,0.59985,119.991
2026-01-11T20:54:00Z,89.1536,0.60037,119.976
2026-01-11T20:55:00Z,89.116,0.5997,119.973
2026-01-11T20:56:00Z,89.1446,0.60027,120.031
2026-01-11T20:57:00Z,89.1342,0.5997,119.953
2026-01-11T20:58:00Z,89.163,0.60044,120.021
2026-01-11T20:59:00Z,89.1273,0.59973,119.963
2026-01-11T21:00:00Z,89.1442,0.6004,120.023
2026-01-11T21:01:00Z,89.1223,0.59958,119.951
2026-01-11T21:02:00Z,89.158,0.60058,120.034
2026-01-11T21:03:00Z,89.1304,0.59949,119.995
2026-01-11T21:04:00Z,89.1528,0.60058,120.029
2026-01-11T21:05:00Z,89.1328,0.59972,119.981
2026-01-11T21:06:00Z,89.1651,0.60017,120.019
2026-01-11T21:07:00Z,89.1282,0.59972,120.011
2026-01-11T21:08:00Z,89.1663,0.60043,120.031
2026-01-11T21:09:00Z,89.1353,0.59934,119.935
2026-01-11T21:10:00Z,89.1659,0.60048,120.005
2026-01-11T21:11:00Z,89.1296,0.59952,119.967
2026-01-11T21:12:00Z,89.1802,0.60049,120.006
2026-01-11T21:13:00Z,89.1331,0.59955,119.966
2026-01-11T21:14:00Z,89.1793,0.60023,120.011
2026-01-11T21:15:00Z,89.1337,0.5997,119.96
2026-01-11T21:16:00Z,89.1545,0.60031,120.005
2026-01-11T21:17:00Z,89.1415,0.59962,119.976
2026-01-11T21:18:00Z,89.1668,0.6,120.03
2026-01-11T21:19:00Z,89.1159,0.59967,119.986
2026-01-11T21:20:00Z,89.1716,0.60078,120.022
2026-01-11T21:21:00Z,89.1411,0.60009,119.974
2026-01-11T21:22:00Z,89.1612,0.60026,120.039
2026-01-11T21:23:00Z,89.1442,0.59945,119.954
2026-01-11T21:24:00Z,89.1858,0.60057,120.034
2026-01-11T21:25:00Z,89.1362,0.59974,119.984
2026-01-11T21:26:00Z,89.1654,0.60048,120.022
2026-01-11T21:27:00Z,89.1607,0.59955,119.993
2026-01-11T21:28:00Z,89.1723,0.60019,120.034
2026-01-11T21:29:00Z,89.1327,0.59938,119.947
2026-01-11T21:30:00Z,89.1809,0.60023,120.039
2026-01-11T21:31:00Z,89.1399,0.5997,119.949
2026-01-11T21:32:00Z,89.1752,0.60033,120.045
2026-01-11T21:33:00Z,89.154,0.59921,119.986
2026-01-11T21:34:00Z,89.1778,0.60073,120.033
2026-01-11T21:35:00Z,89.1398,0.59942,119.967
2026-01-11T21:36:00Z,89.1796,0.60088,120.022
2026-01-11T21:37:00Z,89.1385,0.59966,119.988
2026-01-11T21:38:00Z,89.179,0.60026,120.009
2026-01-11T21:39:00Z,89.1557,0.59978,119.986
2026-01-11T21:40:00Z,89.1779,0.60007,120.0
2026-01-11T21:41:00Z,89.1491,0.59956,119.962
2026-01-11T21:42:00Z,89.1848,0.60064,120.02
2026-01-11T21:43:00Z,89.1389,0.59941,119.974
2026-01-11T21:44:00Z,89.177,0.6006,120.015
2026-01-11T21:45:00Z,89.1395,0.59948,119.993
2026-01-11T21:46:00Z,89.1792,0.60045,120.039
2026-01-11T21:47:00Z,89.1637,0.59981,119.975
2026-01-11T21:48:00Z,89.188,0.60024,120.016
2026-01-11T21:49:00Z,89.1619,0.59943,119.975
2026-01-11T21:50:00Z,89.1762,0.60035,120.034
2026-01-11T21:51:00Z,89.1411,0.59942,119.969
2026-01-11T21:52:00Z,89.1728,0.60038,120.017
2026-01-11T21:53:00Z,89.1571,0.59964,119.965
2026-01-11T21:54:00Z,89.1905,0.6,120.024
2026-01-11T21:55:00Z,89.157,0.5999,119.976
2026-01-11T21:56:00Z,89.1953,0.60023,120.043
2026-01-11T21:57:00Z,89.1621,0.59995,119.96
2026-01-11T21:58:00Z,89.1789,0.60002,120.053
2026-01-11T21:59:00Z,89.1754,0.59936,119.972
2026-01-11T22:00:00Z,89.187,0.60044,120.068
2026-01-11T22:01:00Z,89.1429,0.59952,119.968
2026-01-11T22:02:00Z,89.1798,0.60052,120.031
2026-01-11T22:03:00Z,89.1537,0.59937,119.96
2026-01-11T22:04:00Z,89.1959,0.60029,120.03
2026-01-11T22:05:00Z,89.1729,0.59964,119.963
2026-01-11T22:06:00Z,89.193,0.60014,120.03
2026-01-11T22:07:00Z,89.1537,0.59938,119.943
2026-01-11T22:08:00Z,89.2051,0.6007,120.048
2026-01-11T22:09:00Z,89.1701,0.59959,119.973
2026-01-11T22:10:00Z,89.1788,0.6004,120.034
2026-01-11T22:11:00Z,89.1582,0.59959,119.959
2026-01-11T22:12:00Z,89.1969,0.60046,120.019
2026-01-11T22:13:00Z,89.1625,0.59949,119.96
2026-01-11T22:14:00Z,89.2206,0.60023,120.041
2026-01-11T22:15:00Z,89.1539,0.59951,119.974
2026-01-11T22:16:00Z,89.1916,0.6002,120.041
2026-01-11T22:17:00Z,89.167,0.59963,119.953
2026-01-11T22:18:00Z,89.2047,0.60047,120.026
2026-01-11T22:19:00Z,89.18,0.59973,119.961
2026-01-11T22:20:00Z,89.1961,0.60063,120.014
2026-01-11T22:21:00Z,89.1813,0.5996,119.97
2026-01-11T22:22:00Z,89.2109,0.60032,120.03
2026-01-11T22:23:00Z,89.1687,0.59952,119.97
2026-01-11T22:24:00Z,89.1963,0.60044,120.039
2026-01-11T22:25:00Z,89.1758,0.59958,119.963
2026-01-11T22:26:00Z,89.2028,0.60073,120.018
2026-01-11T22:27:00Z,89.1753,0.59935,119.969
2026-01-11T22:28:00Z,89.2159,0.60047,120.078
2026-01-11T22:29:00Z,89.1798,0.59977,119.981
2026-01-11T22:30:00Z,89.2044,0.60034,120.005
2026-01-11T22:31:00Z,89.1829,0.59995,119.961
2026-01-11T22:32:00Z,89.2206,0.60025,120.046
2026-01-11T22:33:00Z,89.184,0.59969,120.006
2026-01-11T22:34:00Z,89.2134,0.60019,120.016
2026-01-11T22:35:00Z,89.1977,0.59947,119.953
2026-01-11T22:36:00Z,89.2244,0.60022,120.042
2026-01-11T22:37:00Z,89.1856,0.59932,119.966
2026-01-11T22:38:00Z,89.2059,0.59989,120.023
2026-01-11T22:39:00Z,89.1833,0.59916,119.971
