timestamp,XMEAS_1,XMEAS_2,XMEAS_3,XMEAS_4,XMEAS_5,XMEAS_6,XMEAS_7,XMEAS_8,XMEAS_9,XMEAS_10,XMEAS_11,XMEAS_12,XMEAS_13,XMEAS_14,XMEAS_15,XMEAS_16,XMEAS_17,XMEAS_18,XMEAS_19,XMEAS_20,XMEAS_21,XMEAS_22,XMEAS_23,XMEAS_24,XMEAS_25,XMEAS_26,XMEAS_27,XMEAS_28,XMEAS_29,XMEAS_30,XMEAS_31,XMEAS_32,XMEAS_33,XMEAS_34,XMEAS_35,XMEAS_36,XMEAS_37,XMEAS_38,XMEAS_39,XMEAS_40,XMEAS_41,XMV_1,XMV_2,XMV_3,XMV_4,XMV_5,XMV_6,XMV_7,XMV_8,XMV_9,XMV_10,XMV_11,XMEAS_1_dev,XMEAS_4_dev,XMEAS_7_dev,XMEAS_8_dev,XMEAS_10_dev,XMEAS_12_dev,XMEAS_13_dev,XMEAS_15_dev,XMEAS_17_dev,XMEAS_19_dev,XMEAS_20_dev,XMEAS_23_dev,XMEAS_24_dev,XMEAS_25_dev,XMEAS_27_dev,XMEAS_29_dev,XMEAS_30_dev,XMEAS_32_dev,XMEAS_33_dev,XMEAS_37_dev,XMEAS_38_dev,XMEAS_39_dev,XMV_1_dev,XMV_3_dev,XMV_4_dev,XMV_5_dev,XMV_7_dev,XMV_8_dev,XMV_9_dev,XMV_10_dev,XMV_11_dev,time_hours
2020-01-01 00:00:00,0.25195,3683.7,4498.9,9.3576,27.03,42.565,2703.7,75.112,120.42,0.33897,79.906,49.199,2631.9,24.991,52.362,3101.8,23.191,65.694,230.03,341.56,94.73,77.216,32.188,8.8933,26.383,6.882,18.776,1.6567,32.958,13.823,23.978,1.2565,18.579,2.2633,4.8436,2.2986,0.017866,0.8357,0.098577,53.724,43.828,62.713,54.104,24.504,60.612,22.279,39.839,35.743,52.0,47.474,41.244,17.563,0.007481399999999999,0.0050069999999990955,-2.324000000000069,0.05590999999999724,-0.00022040000000000948,-0.7928800000000038,-2.8099999999999454,2.3437899999999985,0.2977799999999995,0.088799999999992,0.254099999999994,-0.032339999999997815,-0.005938000000000443,-0.09019999999999939,0.042020000000000834,-0.0015599999999977854,0.00026000000000081513,0.013161999999999896,-0.02494000000000085,-0.0006110700000000018,-0.0002554999999999641,0.001300049999999997,-0.31170999999999793,0.4749900000000018,-0.66601,0.1116199999999985,-2.3332300000000004,5.423830000000002,0.172229999999999,0.15538000000000096,-0.6774800000000027,0.0
2020-01-01 00:03:00,0.24995,3657.8,4500.6,9.3746,26.761,42.467,2704.9,75.106,120.41,0.33452,80.033,50.281,2633.2,27.12,49.838,3101.6,21.912,65.677,228.23,341.55,94.563,77.277,32.188,8.8933,26.383,6.882,18.776,1.6567,32.958,13.823,23.978,1.2565,18.579,2.2633,4.8436,2.2986,0.017866,0.8357,0.098577,53.724,43.828,63.159,54.084,24.7,61.599,22.239,40.381,38.927,46.159,47.638,41.148,20.596,0.005481399999999997,0.022006999999998555,-1.1239999999997963,0.04990999999999701,-0.004670400000000019,0.28911999999999694,-1.5100000000002183,-0.18021000000000242,-0.9812200000000004,-1.7112000000000194,0.2441000000000031,-0.032339999999997815,-0.005938000000000443,-0.09019999999999939,0.042020000000000834,-0.0015599999999977854,0.00026000000000081513,0.013161999999999896,-0.02494000000000085,-0.0006110700000000018,-0.0002554999999999641,0.001300049999999997,0.13429000000000002,0.6709899999999998,0.3209899999999948,0.07161999999999935,0.8507699999999971,-0.4171699999999987,0.3362300000000005,0.05938000000000443,2.3555199999999985,0.05
2020-01-01 00:06:00,0.25196,3674.7,4504.5,9.4104,27.126,41.968,2706.6,74.395,120.42,0.33834,80.125,51.839,2635.1,26.465,50.223,3104.0,22.676,65.695,231.4,341.7,94.652,77.594,32.005,9.169,26.428,6.7949,19.149,1.6625,32.628,13.854,24.234,1.2476,18.47,2.2842,4.8,2.3075,0.017866,0.8357,0.098577,53.724,43.828,62.869,54.037,24.51,60.851,22.451,39.914,43.513,47.049,47.357,41.578,18.753,0.007491400000000009,0.05780699999999861,0.5760000000000218,-0.6610900000000015,-0.0008504000000000289,1.8471199999999968,0.38999999999987267,0.2047899999999956,-0.21722000000000108,1.4587999999999965,0.39409999999998035,-0.21533999999999764,0.26976200000000006,-0.045199999999997686,0.41502000000000194,-0.3315599999999961,0.03125999999999962,0.004261999999999988,-0.1339400000000026,-0.0006110700000000018,-0.0002554999999999641,0.001300049999999997,-0.15570999999999913,0.480990000000002,-0.4270100000000028,0.2836199999999991,5.436769999999996,0.47283000000000186,0.05523000000000167,0.48938000000000415,0.5125199999999985,0.1
2020-01-01 00:09:00,0.25007,3704.1,4488.7,9.3373,27.006,42.472,2707.8,74.435,120.39,0.33562,80.321,50.604,2636.6,25.977,48.526,3105.6,23.61,65.743,231.26,341.37,94.464,77.584,32.005,9.169,26.428,6.7949,19.149,1.6625,32.628,13.854,24.234,1.2476,18.47,2.2842,4.8,2.3075,0.017866,0.8357,0.098577,53.724,43.828,62.363,54.226,24.696,60.717,22.263,40.246,39.878,43.124,47.369,40.751,16.518,0.005601400000000006,-0.015292999999999779,1.7760000000002947,-0.6210899999999953,-0.003570400000000029,0.6121199999999973,1.8899999999998727,-1.49221,0.71678,1.3187999999999818,0.06409999999999627,-0.21533999999999764,0.26976200000000006,-0.045199999999997686,0.41502000000000194,-0.3315599999999961,0.03125999999999962,0.004261999999999988,-0.1339400000000026,-0.0006110700000000018,-0.0002554999999999641,0.001300049999999997,-0.6617099999999994,0.666990000000002,-0.5610100000000031,0.09562000000000026,1.8017699999999977,-3.4521699999999953,0.06723000000000212,-0.33762000000000114,-1.722480000000001,0.15
2020-01-01 00:12:00,0.26697,3683.9,4487.1,9.3184,26.708,42.378,2709.9,74.774,120.41,0.33927,80.51,48.721,2639.2,25.821,50.132,3106.7,22.547,65.786,232.05,341.86,94.44,77.67,32.175,8.8893,26.778,6.8241,18.954,1.6442,32.516,13.942,23.592,1.2293,18.738,2.2797,4.7818,2.2843,0.017866,0.8357,0.098577,53.724,43.828,63.516,53.299,26.696,62.889,22.217,40.663,34.336,46.839,47.292,41.64,19.0,0.022501399999999977,-0.03419300000000014,3.8760000000002037,-0.2820899999999966,7.9600000000013e-05,-1.2708800000000053,4.489999999999782,0.1137899999999945,-0.34621999999999886,2.1088000000000022,0.5541000000000054,-0.045340000000003045,-0.009938000000000002,0.3048000000000002,0.22002000000000166,-0.44355999999999796,0.11926000000000059,-0.014037999999999995,0.13405999999999807,-0.0006110700000000018,-0.0002554999999999641,0.001300049999999997,0.49128999999999934,2.666990000000002,1.610990000000001,0.04961999999999733,-3.740230000000004,0.262830000000001,-0.00976999999999606,0.5513800000000018,0.7595199999999984,0.2
2020-01-01 00:15:00,0.26734,3644.2,4513.9,9.4537,27.063,42.464,2708.0,74.158,120.39,0.33884,80.293,49.279,2636.7,24.893,46.774,3105.4,22.069,65.851,230.7,341.97,94.406,77.149,32.175,8.8893,26.778,6.8241,18.954,1.6442,32.516,13.942,23.592,1.2293,18.738,2.2797,4.7818,2.2843,0.010092,0.83953,0.078133,52.556,44.653,64.199,52.979,26.66,60.756,22.295,40.715,35.977,39.069,47.406,40.873,20.17,0.022871400000000014,0.10110699999999895,1.9760000000001128,-0.8980899999999963,-0.00035040000000002847,-0.7128799999999984,1.9899999999997817,-3.2442100000000025,-0.8242200000000004,0.7587999999999795,0.664100000000019,-0.045340000000003045,-0.009938000000000002,0.3048000000000002,0.22002000000000166,-0.44355999999999796,0.11926000000000059,-0.014037999999999995,0.13405999999999807,-0.008385070000000001,0.003574500000000036,-0.019143950000000007,1.1742899999999992,2.6309900000000006,-0.5220100000000016,0.1276200000000003,-2.0992300000000057,-7.507169999999995,0.10423000000000116,-0.21562000000000126,1.9295200000000001,0.25
2020-01-01 00:18:00,0.25336,3651.8,4478.9,9.2743,26.598,42.228,2703.6,75.099,120.42,0.35055,79.908,48.636,2632.4,25.293,47.786,3100.3,23.491,65.786,227.97,341.87,94.507,76.782,32.09,8.8633,26.242,6.9141,18.448,1.6231,32.862,13.687,24.212,1.2379,18.668,2.3091,4.9111,2.2618,0.010092,0.83953,0.078133,52.556,44.653,63.881,53.829,24.995,62.017,22.326,41.757,34.086,41.409,47.648,41.934,16.85,0.008891399999999966,-0.07829300000000039,-2.423999999999978,0.04291000000000622,0.01135959999999997,-1.355879999999999,-2.3099999999999454,-2.232210000000002,0.5977800000000002,-1.9712000000000103,0.5640999999999963,-0.1303399999999968,-0.0359379999999998,-0.23119999999999763,-0.28597999999999857,-0.09755999999999432,-0.1357400000000002,-0.005438000000000054,0.06405999999999779,-0.008385070000000001,0.003574500000000036,-0.019143950000000007,0.8562900000000013,0.9659900000000015,0.7389900000000011,0.1586199999999991,-3.990230000000004,-5.167169999999999,0.3462300000000056,0.8453799999999987,-1.3904800000000002,0.3
2020-01-01 00:21:00,0.25566,3677.6,4450.9,9.271,27.026,42.564,2701.9,75.182,120.35,0.35427,79.908,50.492,2630.7,24.904,50.224,3099.7,24.1,65.732,231.89,341.71,94.657,77.239,32.09,8.8633,26.242,6.9141,18.448,1.6231,32.862,13.687,24.212,1.2379,18.668,2.3091,4.9111,2.2618,0.010092,0.83953,0.078133,52.556,44.653,63.437,54.164,24.768,61.811,22.298,41.303,39.549,47.052,47.301,40.271,15.383,0.01119139999999999,-0.0815929999999998,-4.123999999999796,0.12591000000000463,0.01507959999999997,0.5001199999999955,-4.010000000000218,0.20578999999999326,1.206780000000002,1.9487999999999772,0.40409999999997126,-0.1303399999999968,-0.0359379999999998,-0.23119999999999763,-0.28597999999999857,-0.09755999999999432,-0.1357400000000002,-0.005438000000000054,0.06405999999999779,-0.008385070000000001,0.003574500000000036,-0.019143950000000007,0.4122899999999987,0.7389900000000011,0.5329899999999981,0.13061999999999685,1.472769999999997,0.475830000000002,-0.0007699999999957186,-0.817619999999998,-2.8574800000000025,0.35
2020-01-01 00:24:00,0.26228,3661.2,4529.1,9.1855,26.74,42.481,2703.8,75.865,120.42,0.32383,80.086,49.319,2632.9,26.497,50.51,3101.9,23.03,65.717,228.92,341.63,94.507,77.059,32.002,8.8418,26.702,7.0362,18.406,1.6068,32.888,13.858,24.258,1.1964,18.722,2.3211,4.8822,2.3019,0.010092,0.83953,0.078133,52.556,44.653,62.94,54.483,25.849,63.707,22.002,38.162,36.095,47.715,47.568,41.823,17.931,0.017811400000000005,-0.16709300000000127,-2.2239999999997053,0.8089099999999974,-0.015360399999999996,-0.6728799999999993,-1.8099999999999454,0.4917899999999946,0.13678000000000168,-1.0212000000000216,0.3240999999999872,-0.21833999999999776,-0.05743800000000121,0.22880000000000322,-0.32798000000000016,-0.07155999999999807,0.03526000000000096,-0.046938000000000146,0.11805999999999983,-0.008385070000000001,0.003574500000000036,-0.019143950000000007,-0.08471000000000117,1.8199900000000007,2.428989999999999,-0.16538000000000252,-1.9812300000000036,1.1388300000000058,0.2662300000000002,0.7343800000000016,-0.30948000000000064,0.4
2020-01-01 00:27:00,0.2646,3689.0,4554.4,9.2236,26.695,42.376,2706.0,75.002,120.38,0.3226,80.142,50.809,2634.7,25.53,50.821,3101.4,23.141,65.705,231.48,341.82,94.566,77.567,32.002,8.8418,26.702,7.0362,18.406,1.6068,32.888,13.858,24.258,1.1964,18.722,2.3211,4.8822,2.3019,0.010092,0.83953,0.078133,52.556,44.653,62.463,54.18,25.621,61.305,22.463,38.312,40.482,48.433,47.339,39.905,17.632,0.020131399999999994,-0.12899300000000125,-0.023999999999887223,-0.05409000000000219,-0.016590400000000005,0.8171199999999956,-0.010000000000218279,0.8027899999999946,0.24777999999999878,1.5387999999999806,0.5140999999999849,-0.21833999999999776,-0.05743800000000121,0.22880000000000322,-0.32798000000000016,-0.07155999999999807,0.03526000000000096,-0.046938000000000146,0.11805999999999983,-0.008385070000000001,0.003574500000000036,-0.019143950000000007,-0.5617099999999979,1.5919899999999991,0.02698999999999785,0.29561999999999955,2.405769999999997,1.8568300000000022,0.037230000000000985,-1.1836199999999977,-0.6084800000000001,0.45
2020-01-01 00:30:00,0.27249,3636.6,4521.6,9.282,27.073,42.383,2706.0,75.722,120.4,0.34294,80.112,51.776,2634.8,23.849,48.926,3101.7,23.276,65.732,231.82,341.66,94.656,77.152,32.037,8.9521,26.15,6.9342,18.786,1.6422,32.817,13.793,24.742,1.2387,18.283,2.2686,4.7735,2.3125,0.020587,0.83408,0.12419,53.914,43.675,62.205,54.735,26.803,61.333,22.692,40.324,43.328,44.049,47.409,40.851,17.339,0.028021400000000002,-0.07059300000000057,-0.023999999999887223,0.6659099999999967,0.0037496000000000196,1.7841200000000015,0.09000000000014552,-1.0922100000000015,0.38278000000000034,1.878799999999984,0.35410000000001673,-0.18334000000000117,0.0528619999999993,-0.32319999999999993,0.0520200000000024,-0.14255999999999602,-0.02974000000000032,-0.004638000000000142,-0.3209400000000002,0.0021099299999999994,-0.001875499999999919,0.026913049999999994,-0.8197100000000006,2.7739900000000013,0.05498999999999654,0.5246199999999988,5.2517700000000005,-2.527169999999998,0.10723000000000127,-0.23761999999999972,-0.901480000000003,0.5
2020-01-01 00:33:00,0.27269,3623.7,4525.2,9.4128,26.678,42.045,2706.2,75.67,120.38,0.33664,80.1,49.624,2634.3,25.655,51.723,3103.2,22.617,65.747,231.36,341.89,94.691,77.256,32.037,8.9521,26.15,6.9342,18.786,1.6422,32.817,13.793,24.742,1.2387,18.283,2.2686,4.7735,2.3125,0.020587,0.83408,0.12419,53.914,43.675,62.427,54.692,26.784,62.52,21.901,41.093,36.993,50.521,47.493,40.917,18.892,0.02822139999999998,0.06020700000000012,0.17599999999993088,0.6139100000000042,-0.002550400000000008,-0.36787999999999954,-0.4099999999998545,1.7047899999999956,-0.2762199999999986,1.4188000000000045,0.5840999999999781,-0.18334000000000117,0.0528619999999993,-0.32319999999999993,0.0520200000000024,-0.14255999999999602,-0.02974000000000032,-0.004638000000000142,-0.3209400000000002,0.0021099299999999994,-0.001875499999999919,0.026913049999999994,-0.5977099999999993,2.7549899999999994,1.2419900000000013,-0.2663800000000016,-1.0832300000000004,3.944830000000003,0.19123000000000445,-0.17161999999999722,0.6515199999999979,0.55
2020-01-01 00:36:00,0.27242,3657.6,4506.2,9.3238,26.982,42.643,2706.2,75.527,120.44,0.3344,79.945,48.835,2635.4,24.444,51.212,3103.0,22.591,65.734,230.31,342.02,94.708,77.192,32.052,8.939,26.228,6.9534,18.594,1.6513,33.398,14.016,23.99,1.2898,18.412,2.2899,4.7855,2.3174,0.020587,0.83408,0.12419,53.914,43.675,62.641,54.017,26.507,60.175,22.267,39.631,34.672,49.338,47.631,41.941,18.971,0.027951399999999987,-0.02879300000000029,0.17599999999993088,0.4709100000000035,-0.004790400000000028,-1.156880000000001,0.6900000000000546,1.19379,-0.3022199999999984,0.36879999999999313,0.7140999999999735,-0.1683400000000006,0.03976199999999963,-0.24519999999999698,-0.13997999999999777,0.43844000000000705,0.19326000000000043,0.046462,-0.19194000000000244,0.0021099299999999994,-0.001875499999999919,0.026913049999999994,-0.38371000000000066,2.477990000000002,-1.1030100000000047,0.09961999999999804,-3.4042300000000054,2.7618300000000033,0.3292300000000026,0.8523800000000037,0.7305199999999985,0.6
2020-01-01 00:39:00,0.26974,3617.9,4480.6,9.4046,26.521,42.609,2707.5,75.12,120.37,0.33275,80.08,50.491,2637.7,24.004,48.766,3104.1,23.268,65.72,230.73,342.46,94.647,77.477,32.052,8.939,26.228,6.9534,18.594,1.6513,33.398,14.016,23.99,1.2898,18.412,2.2899,4.7855,2.3174,0.020587,0.83408,0.12419,53.914,43.675,63.325,54.323,26.77,60.268,22.693,39.833,39.545,43.679,47.64,40.113,17.341,0.02527139999999997,0.05200699999999969,1.4760000000001128,0.06391000000000702,-0.006440400000000013,0.4991199999999978,2.9899999999997817,-1.2522100000000052,0.3747800000000012,0.7887999999999806,1.1540999999999713,-0.1683400000000006,0.03976199999999963,-0.24519999999999698,-0.13997999999999777,0.43844000000000705,0.19326000000000043,0.046462,-0.19194000000000244,0.0021099299999999994,-0.001875499999999919,0.026913049999999994,0.30029000000000394,2.74099,-1.0100100000000012,0.52562,1.4687699999999992,-2.8971699999999956,0.3382300000000029,-0.9756199999999993,-0.8994800000000005,0.65
2020-01-01 00:42:00,0.27027,3621.4,4516.2,9.4065,26.841,42.526,2708.6,75.139,120.43,0.3576,80.097,48.285,2637.9,23.522,50.091,3104.6,23.082,65.716,231.97,342.47,94.598,77.497,32.562,8.8674,26.658,6.9129,18.751,1.6175,33.102,13.918,23.658,1.2867,18.658,2.2571,4.8868,2.3259,0.020587,0.83408,0.12419,53.914,43.675,63.038,54.381,26.722,62.412,22.322,42.901,33.054,46.744,47.574,41.354,17.779,0.025801400000000002,0.05390699999999882,2.576000000000022,0.08290999999999826,0.01840959999999997,-1.7068800000000053,3.1900000000000546,0.07278999999999769,0.18878000000000128,2.0287999999999897,1.164100000000019,0.3416599999999974,-0.03183800000000048,0.18480000000000274,0.017020000000002256,0.14244000000000057,0.09525999999999968,0.0433619999999999,0.054059999999999775,0.0021099299999999994,-0.001875499999999919,0.026913049999999994,0.013289999999997804,2.6929900000000018,1.1339899999999972,0.15461999999999776,-5.02223,0.16783000000000214,0.2722300000000004,0.2653800000000004,-0.46148000000000167,0.7
2020-01-01 00:45:00,0.27145,3631.4,4484.6,9.3855,26.905,42.36,2707.7,75.317,120.38,0.35961,79.999,48.362,2635.7,24.713,50.264,3104.7,22.487,65.725,231.78,342.22,94.69,77.235,32.562,8.8674,26.658,6.9129,18.751,1.6175,33.102,13.918,23.658,1.2867,18.658,2.2571,4.8868,2.3259,0.011746,0.8474,0.094332,53.636,44.004,62.865,54.759,26.606,62.406,22.239,42.656,33.281,47.145,47.496,40.896,19.214,0.026981400000000016,0.0329069999999998,1.6759999999999309,0.26090999999999553,0.020419599999999982,-1.62988,0.9899999999997817,0.2457899999999995,-0.40622000000000114,1.838799999999992,0.914100000000019,0.3416599999999974,-0.03183800000000048,0.18480000000000274,0.017020000000002256,0.14244000000000057,0.09525999999999968,0.0433619999999999,0.054059999999999775,-0.006731070000000002,0.01144450000000008,-0.0029449500000000017,-0.1597099999999969,2.576990000000002,1.127989999999997,0.07161999999999935,-4.795230000000004,0.5688300000000055,0.19423000000000457,-0.19261999999999802,0.973519999999997,0.75
2020-01-01 00:48:00,0.22246,3651.6,4463.5,9.4459,27.195,42.062,2708.8,75.035,120.4,0.34897,80.198,50.058,2638.0,24.27,51.026,3103.5,22.79,65.717,231.89,342.75,94.567,77.64,32.318,8.8394,26.24,6.984,18.133,1.6446,32.854,13.788,23.784,1.1506,19.103,2.2385,4.9607,2.2853,0.011746,0.8474,0.094332,53.636,44.004,62.826,54.646,21.472,60.64,22.886,41.551,38.271,48.909,47.47,41.219,18.454,-0.022008600000000017,0.09330699999999936,2.7760000000002947,-0.02109000000000094,0.0097796,0.06611999999999796,3.2899999999999636,1.00779,-0.10322000000000031,1.9487999999999772,1.4440999999999917,0.09765999999999764,-0.059838000000000946,-0.23320000000000007,-0.6009799999999998,-0.10555999999999699,-0.03473999999999933,-0.09273799999999999,0.49906000000000006,-0.006731070000000002,0.01144450000000008,-0.0029449500000000017,-0.1987099999999984,-2.5570099999999982,-0.6380100000000013,0.7186199999999978,0.19476999999999833,2.3328300000000013,0.1682300000000012,0.13038000000000238,0.21351999999999904,0.8
2020-01-01 00:51:00,0.22036,3674.3,4491.4,9.2624,26.801,42.118,2705.6,73.949,120.38,0.34947,80.002,49.073,2634.1,24.981,49.213,3103.0,23.874,65.74,230.74,342.31,94.775,76.822,32.318,8.8394,26.24,6.984,18.133,1.6446,32.854,13.788,23.784,1.1506,19.103,2.2385,4.9607,2.2853,0.011746,0.8474,0.094332,53.636,44.004,62.435,54.312,21.679,63.691,22.132,41.49,35.372,44.713,47.556,40.901,15.938,-0.024108600000000008,-0.09019300000000108,-0.42399999999997817,-1.1070899999999995,0.0102796,-0.9188800000000015,-0.6100000000001273,-0.8052100000000024,0.9807799999999993,0.7988,1.004099999999994,0.09765999999999764,-0.059838000000000946,-0.23320000000000007,-0.6009799999999998,-0.10555999999999699,-0.03473999999999933,-0.09273799999999999,0.49906000000000006,-0.006731070000000002,0.01144450000000008,-0.0029449500000000017,-0.5897099999999966,-2.350010000000001,2.4129900000000006,-0.03537999999999997,-2.7042300000000026,-1.8631699999999967,0.25422999999999973,-0.18761999999999546,-2.302480000000001,0.85
2020-01-01 00:54:00,0.2427,3636.7,4604.2,9.3498,26.95,42.222,2706.6,76.02,120.4,0.33495,79.953,50.08,2635.3,23.263,48.613,3102.4,24.886,65.697,231.15,342.64,94.645,77.263,32.397,9.1997,26.763,6.7723,18.832,1.6556,33.375,13.734,23.66,1.2299,18.368,2.2594,4.8562,2.264,0.011746,0.8474,0.094332,53.636,44.004,62.395,54.535,23.601,60.125,22.531,39.818,38.334,43.324,47.506,41.509,13.517,-0.001768600000000009,-0.0027930000000004895,0.5760000000000218,0.9639099999999985,-0.0042403999999999775,0.08811999999999642,0.5900000000001455,-1.4052100000000038,1.9927799999999998,1.2087999999999965,1.334099999999978,0.17665999999999826,0.30046199999999956,0.28980000000000317,0.09802000000000177,0.4154400000000038,-0.0887399999999996,-0.013438000000000061,-0.23594000000000293,-0.006731070000000002,0.01144450000000008,-0.0029449500000000017,-0.6297099999999958,-0.42801000000000045,-1.1530100000000019,0.3636199999999974,0.2577700000000007,-3.2521699999999996,0.20423000000000258,0.42038000000000153,-4.723480000000002,0.9
2020-01-01 00:57:00,0.24116,3641.9,4576.0,9.1527,26.896,42.349,2707.8,75.296,120.4,0.33556,79.966,49.423,2636.3,26.819,49.752,3102.9,22.999,65.683,232.99,342.19,94.682,77.049,32.397,9.1997,26.763,6.7723,18.832,1.6556,33.375,13.734,23.66,1.2299,18.368,2.2594,4.8562,2.264,0.011746,0.8474,0.094332,53.636,44.004,62.305,54.872,23.752,62.775,22.427,39.744,36.403,45.96,47.328,40.791,18.017,-0.003308599999999995,-0.1998930000000012,1.7760000000002947,0.23991000000000895,-0.003630399999999978,-0.56888,1.5900000000001455,-0.26621000000000095,0.10577999999999932,3.0488,0.8840999999999894,0.17665999999999826,0.30046199999999956,0.28980000000000317,0.09802000000000177,0.4154400000000038,-0.0887399999999996,-0.013438000000000061,-0.23594000000000293,-0.006731070000000002,0.01144450000000008,-0.0029449500000000017,-0.7197099999999992,-0.27701000000000064,1.4969899999999967,0.2596199999999982,-1.6732300000000038,-0.6161699999999968,0.026230000000005305,-0.297620000000002,-0.22348000000000212,0.95
2020-01-01 01:00:00,0.23174,3700.5,4506.8,9.2544,27.219,42.126,2705.7,75.716,120.43,0.32877,79.838,50.348,2634.5,25.266,49.527,3103.5,22.407,65.655,231.66,342.24,94.589,76.943,32.54,8.8357,26.294,6.8708,19.414,1.6833,32.974,13.78,24.021,1.2851,18.379,2.2495,4.8527,2.3031,0.018906,0.81293,0.095011,53.275,43.366,63.159,54.035,22.845,61.461,22.239,39.046,39.124,45.439,47.787,41.446,19.451,-0.012728600000000007,-0.0981930000000002,-0.3240000000000691,0.6599099999999964,-0.010420399999999996,0.3561199999999971,-0.21000000000003638,-0.49121000000000237,-0.48621999999999943,1.7187999999999874,0.9341000000000008,0.31965999999999894,-0.0635380000000012,-0.17919999999999803,0.6800200000000025,0.014440000000000452,-0.04274000000000022,0.041761999999999855,-0.22494000000000014,0.0004289299999999975,-0.02302549999999992,-0.0022659500000000027,0.13429000000000002,-1.1840100000000007,0.18298999999999666,0.07161999999999935,1.0477699999999999,-1.1371699999999976,0.4852300000000014,0.35737999999999914,1.210519999999999,1.0
2020-01-01 01:03:00,0.23078,3654.1,4523.5,9.2334,27.218,42.9,2707.0,75.475,120.41,0.32925,80.026,51.238,2636.3,24.849,48.619,3103.9,23.954,65.655,231.51,342.01,94.599,77.766,32.54,8.8357,26.294,6.8708,19.414,1.6833,32.974,13.78,24.021,1.2851,18.379,2.2495,4.8527,2.3031,0.018906,0.81293,0.095011,53.275,43.366,63.957,53.835,22.939,61.658,22.591,38.986,41.742,43.337,47.94,41.092,15.718,-0.013688599999999995,-0.11919300000000099,0.9760000000001128,0.4189099999999968,-0.009940400000000016,1.2461199999999977,1.5900000000001455,-1.3992100000000036,1.0607800000000012,1.5687999999999818,0.7040999999999826,0.31965999999999894,-0.0635380000000012,-0.17919999999999803,0.6800200000000025,0.014440000000000452,-0.04274000000000022,0.041761999999999855,-0.22494000000000014,0.0004289299999999975,-0.02302549999999992,-0.0022659500000000027,0.9322900000000018,-1.0900099999999995,0.3799899999999994,0.42361999999999966,3.665769999999995,-3.2391699999999943,0.6382300000000001,0.0033799999999999386,-2.5224800000000016,1.05
2020-01-01 01:06:00,0.21573,3646.0,4434.5,9.3011,26.786,42.612,2709.0,73.9,120.43,0.33452,80.355,50.757,2638.1,24.612,50.834,3104.8,22.541,65.745,232.41,341.98,94.466,77.333,32.375,8.9977,26.272,6.9223,18.512,1.6089,33.056,13.871,24.277,1.2936,18.859,2.2449,4.77,2.294,0.018906,0.81293,0.095011,53.275,43.366,63.289,53.413,21.111,60.385,22.598,39.462,40.327,48.464,47.994,41.53,19.069,-0.028738600000000003,-0.05149300000000068,2.9760000000001128,-1.1560899999999918,-0.004670400000000019,0.765119999999996,3.3899999999998727,0.8157899999999998,-0.3522199999999991,2.4687999999999874,0.6741000000000099,0.1546599999999998,0.0984619999999996,-0.20120000000000005,-0.2219799999999985,0.09644000000000119,0.04826000000000086,0.05026200000000003,0.2550600000000003,0.0004289299999999975,-0.02302549999999992,-0.0022659500000000027,0.2642900000000026,-2.918009999999999,-0.8930100000000039,0.43061999999999756,2.2507699999999957,1.887830000000001,0.6922300000000021,0.4413800000000023,0.8285199999999975,1.1
2020-01-01 01:09:00,0.21525,3686.5,4420.9,9.4524,26.788,42.507,2706.5,74.866,120.38,0.33043,80.299,47.178,2635.5,25.786,51.013,3102.2,22.966,65.834,233.02,341.95,94.564,77.075,32.375,8.9977,26.272,6.9223,18.512,1.6089,33.056,13.871,24.277,1.2936,18.859,2.2449,4.77,2.294,0.018906,0.81293,0.095011,53.275,43.366,62.592,53.575,21.159,60.513,22.56,39.961,29.796,48.878,48.07,41.073,18.069,-0.02921860000000001,0.0998070000000002,0.4760000000001128,-0.19008999999999787,-0.008760400000000002,-2.8138800000000046,0.7899999999999636,0.9947899999999947,0.07278000000000162,3.078800000000001,0.6440999999999804,0.1546599999999998,0.0984619999999996,-0.20120000000000005,-0.2219799999999985,0.09644000000000119,0.04826000000000086,0.05026200000000003,0.2550600000000003,0.0004289299999999975,-0.02302549999999992,-0.0022659500000000027,-0.43271000000000015,-2.8700100000000006,-0.7650100000000037,0.3926199999999973,-8.280230000000003,2.3018300000000025,0.7682300000000026,-0.015619999999998413,-0.17148000000000252,1.15
2020-01-01 01:12:00,0.23016,3688.4,4559.8,9.3262,26.739,42.169,2704.5,75.908,120.4,0.34635,80.078,48.189,2633.0,25.073,51.684,3100.1,23.402,65.882,232.9,341.44,94.706,76.992,32.444,8.7133,25.793,6.9128,18.894,1.6388,32.785,13.867,24.142,1.2239,18.259,2.2437,4.7885,2.3285,0.018906,0.81293,0.095011,53.275,43.366,62.095,54.094,22.291,63.354,22.054,40.473,32.771,50.432,48.21,41.339,17.044,-0.014308600000000005,-0.026393000000000555,-1.5239999999998872,0.8519100000000037,0.007159599999999988,-1.8028800000000018,-1.7100000000000364,1.665789999999994,0.5087800000000016,2.9587999999999965,0.13409999999998945,0.2236600000000024,-0.18593800000000016,-0.6801999999999992,0.16001999999999938,-0.1745599999999996,0.0442600000000013,-0.019438000000000066,-0.34494000000000113,0.0004289299999999975,-0.02302549999999992,-0.0022659500000000027,-0.92971,-1.7380099999999992,2.0759899999999973,-0.11338000000000292,-5.305230000000002,3.8558300000000045,0.9082300000000032,0.2503799999999998,-1.196480000000001,1.2
2020-01-01 01:15:00,0.22738,3645.1,4536.7,9.3447,26.737,42.321,2704.8,74.408,120.37,0.34532,80.088,50.338,2632.9,24.417,49.548,3100.7,22.435,65.821,233.03,341.95,94.631,77.139,32.444,8.7133,25.793,6.9128,18.894,1.6388,32.785,13.867,24.142,1.2239,18.259,2.2437,4.7885,2.3285,0.008959,0.82472,0.099829,53.56,43.861,62.838,54.372,22.564,60.352,22.143,40.599,39.095,45.488,47.44,40.743,19.335,-0.01708860000000001,-0.007893000000001038,-1.2239999999997053,-0.6480899999999963,0.006129600000000013,0.3461199999999991,-1.8099999999999454,-0.47021000000000157,-0.45822000000000074,3.088799999999992,0.6440999999999804,0.2236600000000024,-0.18593800000000016,-0.6801999999999992,0.16001999999999938,-0.1745599999999996,0.0442600000000013,-0.019438000000000066,-0.34494000000000113,-0.009518070000000002,-0.011235499999999954,0.00255205,-0.18670999999999793,-1.4650099999999995,-0.9260100000000051,-0.024380000000000734,1.0187699999999964,-1.088169999999998,0.13823000000000008,-0.3456199999999967,1.0945199999999993,1.25
2020-01-01 01:18:00,0.21756,3635.6,4464.5,9.3922,26.804,42.778,2702.8,75.782,120.4,0.34327,79.829,49.974,2630.7,25.2,48.842,3098.9,23.068,65.757,231.22,341.83,94.821,76.865,32.409,8.8258,26.574,6.6607,18.85,1.6718,32.896,13.908,23.737,1.3376,18.38,2.2522,4.8705,2.3659,0.008959,0.82472,0.099829,53.56,43.861,63.052,54.311,21.769,60.108,22.094,40.805,38.024,43.855,47.35,40.712,17.872,-0.026908600000000005,0.03960700000000017,-3.2239999999997053,0.725909999999999,0.0040796000000000165,-0.017880000000005225,-4.010000000000218,-1.1762100000000046,0.17478000000000193,1.2787999999999897,0.5240999999999758,0.18865999999999872,-0.07343800000000122,0.10080000000000311,0.11602000000000245,-0.0635599999999954,0.08525999999999989,0.09426199999999985,-0.22394000000000247,-0.009518070000000002,-0.011235499999999954,0.00255205,0.027290000000000703,-2.260010000000001,-1.1700100000000049,-0.07338000000000022,-0.05223000000000155,-2.7211700000000008,0.04823000000000377,-0.3766199999999955,-0.3684800000000017,1.3
2020-01-01 01:21:00,0.21924,3619.6,4525.3,9.2919,26.533,42.192,2701.0,75.132,120.38,0.3427,79.796,50.885,2630.1,25.063,49.115,3096.7,22.628,65.663,231.18,341.3,94.77,77.232,32.409,8.8258,26.574,6.6607,18.85,1.6718,32.896,13.908,23.737,1.3376,18.38,2.2522,4.8705,2.3659,0.008959,0.82472,0.099829,53.56,43.861,63.329,53.583,21.604,62.663,22.12,40.875,40.705,44.486,47.109,40.56,18.918,-0.025228600000000018,-0.06069300000000055,-5.023999999999887,0.07591000000000747,0.0035096000000000016,0.8931199999999961,-4.610000000000127,-0.9032100000000014,-0.26521999999999935,1.2387999999999977,-0.005899999999996908,0.18865999999999872,-0.07343800000000122,0.10080000000000311,0.11602000000000245,-0.0635599999999954,0.08525999999999989,0.09426199999999985,-0.22394000000000247,-0.009518070000000002,-0.011235499999999954,0.00255205,0.3042900000000017,-2.4250100000000003,1.3849899999999948,-0.04738000000000042,2.628769999999996,-2.0901700000000005,-0.1927699999999959,-0.5286199999999965,0.6775199999999977,1.35
2020-01-01 01:24:00,0.21996,3695.5,4530.7,9.2848,26.853,42.444,2702.9,75.365,120.44,0.34464,79.964,49.157,2631.8,24.054,48.314,3099.5,22.541,65.64,229.99,341.69,94.676,77.533,31.83,8.8142,26.909,6.9933,18.499,1.6898,32.751,13.826,23.413,1.1295,18.575,2.2671,4.8644,2.3809,0.008959,0.82472,0.099829,53.56,43.861,64.323,53.61,21.699,63.348,22.294,41.836,35.618,42.633,46.969,41.898,19.105,-0.02450860000000002,-0.06779299999999999,-3.1239999999997963,0.30890999999999735,0.005449599999999999,-0.8348800000000054,-2.9099999999998545,-1.7042100000000033,-0.3522199999999991,0.048799999999999955,0.38409999999998945,-0.3903400000000019,-0.08503800000000084,0.4358000000000004,-0.2349800000000002,-0.20855999999999852,0.003260000000000929,-0.1138380000000001,-0.028940000000002186,-0.009518070000000002,-0.011235499999999954,0.00255205,1.2982899999999944,-2.330009999999998,2.069989999999997,0.12661999999999907,-2.4582300000000004,-3.943169999999995,-0.33276999999999646,0.8093800000000044,0.8645199999999988,1.4
2020-01-01 01:27:00,0.22111,3739.1,4486.6,9.3784,26.962,42.602,2703.5,75.126,120.42,0.34767,80.214,50.635,2632.8,22.955,48.929,3101.7,23.08,65.619,227.88,340.91,94.37,77.675,31.83,8.8142,26.909,6.9933,18.499,1.6898,32.751,13.826,23.413,1.1295,18.575,2.2671,4.8644,2.3809,0.008959,0.82472,0.099829,53.56,43.861,63.573,54.138,21.585,60.708,22.124,41.467,39.969,44.056,46.909,40.914,17.8,-0.023358600000000007,0.02580699999999858,-2.5239999999998872,0.06991000000000724,0.008479599999999976,0.6431199999999961,-1.9099999999998545,-1.0892100000000013,0.18677999999999884,-2.0612000000000137,-0.39589999999998327,-0.3903400000000019,-0.08503800000000084,0.4358000000000004,-0.2349800000000002,-0.20855999999999852,0.003260000000000929,-0.1138380000000001,-0.028940000000002186,-0.009518070000000002,-0.011235499999999954,0.00255205,0.5482900000000015,-2.4440099999999987,-0.5700100000000035,-0.04338000000000264,1.8927699999999987,-2.5201700000000002,-0.39276999999999873,-0.17461999999999733,-0.44048000000000087,1.45
2020-01-01 01:30:00,0.27655,3614.1,4520.7,9.3609,27.003,42.555,2704.0,74.954,120.41,0.33972,80.315,48.793,2632.5,26.076,51.593,3102.7,23.445,65.673,225.58,340.61,94.606,77.456,31.729,9.0073,26.626,6.775,18.983,1.6522,33.046,13.66,23.846,1.2248,18.543,2.2753,4.7819,2.1422,0.020325,0.84178,0.094568,53.536,45.22,62.858,54.609,27.289,62.264,22.01,40.312,34.547,50.221,47.134,40.892,16.935,0.03208140000000001,0.008307000000000286,-2.0239999999998872,-0.10209000000000401,0.0005296000000000189,-1.1988800000000026,-2.2100000000000364,1.5747900000000001,0.5517800000000008,-4.361199999999997,-0.6958999999999946,-0.491340000000001,0.10806200000000032,0.1528000000000027,0.24902000000000157,0.08644000000000318,-0.16273999999999944,-0.018537999999999943,-0.060940000000002215,0.0018479299999999976,0.00582450000000001,-0.0027089500000000016,-0.1667100000000019,3.259990000000002,0.985990000000001,-0.15737999999999985,-3.5292300000000054,3.644829999999999,-0.1677699999999973,-0.1966199999999958,-1.3054800000000029,1.5
2020-01-01 01:33:00,0.27573,3623.0,4545.4,9.4062,27.084,42.184,2704.1,75.292,120.38,0.33851,80.28,50.79,2633.3,23.869,50.999,3103.7,22.58,65.733,228.04,340.61,94.65,77.474,31.729,9.0073,26.626,6.775,18.983,1.6522,33.046,13.66,23.846,1.2248,18.543,2.2753,4.7819,2.1422,0.020325,0.84178,0.094568,53.536,45.22,62.705,54.314,27.369,61.195,21.791,40.461,40.426,48.846,46.779,40.794,18.976,0.03126139999999997,0.053606999999999516,-1.9239999999999782,0.23591000000000406,-0.0006804000000000254,0.7981199999999973,-1.4099999999998545,0.9807899999999989,-0.31322000000000116,-1.901200000000017,-0.6958999999999946,-0.491340000000001,0.10806200000000032,0.1528000000000027,0.24902000000000157,0.08644000000000318,-0.16273999999999944,-0.018537999999999943,-0.060940000000002215,0.0018479299999999976,0.00582450000000001,-0.0027089500000000016,-0.3197100000000006,3.3399900000000002,-0.08301000000000158,-0.37638000000000105,2.3497699999999995,2.269829999999999,-0.5227699999999942,-0.2946200000000019,0.7355199999999975,1.55
2020-01-01 01:36:00,0.29024,3684.9,4512.0,9.477,26.675,42.176,2704.6,75.864,120.41,0.32362,80.069,51.852,2633.5,24.129,49.331,3103.2,22.69,65.686,226.73,340.87,94.607,77.122,32.123,8.8664,26.702,6.783,18.589,1.6342,32.738,13.841,23.825,1.2844,18.748,2.2587,4.8305,2.3499,0.020325,0.84178,0.094568,53.536,45.22,63.553,53.53,28.706,59.191,21.739,37.715,43.551,44.987,46.765,41.426,18.755,0.04577139999999999,0.12440699999999971,-1.4239999999999782,0.8079100000000068,-0.015570399999999984,1.8601199999999949,-1.2100000000000364,-0.6872100000000003,-0.20321999999999818,-3.2112000000000194,-0.43590000000000373,-0.09734000000000265,-0.03283799999999992,0.22880000000000322,-0.14498000000000033,-0.22155999999999665,0.01825999999999972,0.04106199999999993,0.14405999999999963,0.0018479299999999976,0.00582450000000001,-0.0027089500000000016,0.5282899999999984,4.67699,-2.0870099999999994,-0.42838000000000065,5.4747699999999995,-1.5891699999999958,-0.5367699999999971,0.3373800000000031,0.5145199999999974,1.6
2020-01-01 01:39:00,0.29071,3699.7,4500.2,9.3881,26.828,42.553,2704.7,75.209,120.42,0.31741,79.94,48.448,2634.2,25.561,50.169,3102.7,22.808,65.628,228.91,341.37,94.567,77.367,32.123,8.8664,26.702,6.783,18.589,1.6342,32.738,13.841,23.825,1.2844,18.748,2.2587,4.8305,2.3499,0.020325,0.84178,0.094568,53.536,45.22,63.298,53.671,28.659,61.884,22.07,38.474,33.532,46.926,46.442,41.867,18.474,0.046241400000000016,0.03550699999999907,-1.3240000000000691,0.15291000000000565,-0.021780399999999978,-1.5438800000000015,-0.5100000000002183,0.15078999999999354,-0.08521999999999963,-1.0312000000000126,0.06409999999999627,-0.09734000000000265,-0.03283799999999992,0.22880000000000322,-0.14498000000000033,-0.22155999999999665,0.01825999999999972,0.04106199999999993,0.14405999999999963,0.0018479299999999976,0.00582450000000001,-0.0027089500000000016,0.2732900000000029,4.629989999999999,0.6059899999999985,-0.09738000000000113,-4.544230000000006,0.3498300000000043,-0.8597699999999975,0.7783799999999985,0.23351999999999862,1.65
2020-01-01 01:42:00,0.25555,3670.1,4547.4,9.4576,27.277,42.073,2705.7,75.102,120.4,0.34197,80.114,51.161,2635.0,23.02,50.269,3103.4,23.401,65.599,227.74,341.42,94.461,77.232,32.394,8.7693,26.551,6.7232,18.772,1.6757,33.239,13.838,23.721,1.2565,18.585,2.3038,4.897,2.1992,0.020325,0.84178,0.094568,53.536,45.22,63.835,54.072,25.147,61.096,22.532,40.195,41.515,47.156,46.419,41.118,17.069,0.011081399999999991,0.10500699999999874,-0.3240000000000691,0.045910000000006335,0.002779599999999993,1.1691199999999995,0.2899999999999636,0.25078999999999496,0.5077800000000003,-2.2012,0.11410000000000764,0.17365999999999815,-0.129938000000001,0.07779999999999987,0.0380199999999995,0.279440000000001,0.015259999999999607,0.013161999999999896,-0.018940000000000623,0.0018479299999999976,0.00582450000000001,-0.0027089500000000016,0.810290000000002,1.117989999999999,-0.18201000000000533,0.3646199999999986,3.438769999999998,0.5798300000000012,-0.8827700000000007,0.029380000000003292,-1.1714800000000025,1.7
2020-01-01 01:45:00,0.25563,3710.9,4505.3,9.339,27.035,42.29,2707.0,74.812,120.42,0.33904,80.196,50.336,2635.9,24.181,50.55,3104.0,22.43,65.611,227.1,341.21,94.503,77.457,32.394,8.7693,26.551,6.7232,18.772,1.6757,33.239,13.838,23.721,1.2565,18.585,2.3038,4.897,2.1992,0.02587,0.83884,0.095154,53.705,44.717,63.132,54.577,25.139,60.462,22.344,40.553,39.09,47.806,46.778,42.032,19.344,0.011161400000000016,-0.013593000000000188,0.9760000000001128,-0.24408999999999992,-0.00015039999999999498,0.34411999999999665,1.1900000000000546,0.5317899999999938,-0.46321999999999974,-2.841200000000015,-0.09590000000002874,0.17365999999999815,-0.129938000000001,0.07779999999999987,0.0380199999999995,0.279440000000001,0.015259999999999607,0.013161999999999896,-0.018940000000000623,0.007392929999999999,0.0028845000000000676,-0.0021229499999999984,0.107289999999999,1.1099899999999998,-0.8160099999999986,0.17661999999999978,1.013770000000001,1.2298299999999998,-0.523769999999999,0.9433799999999977,1.1035199999999996,1.75
2020-01-01 01:48:00,0.2271,3735.6,4546.0,9.3568,26.703,42.369,2706.7,75.038,120.4,0.33884,80.352,49.767,2635.8,24.99,49.116,3103.4,22.984,65.679,226.62,341.18,94.313,77.533,31.737,9.026,26.16,6.8827,18.823,1.6048,32.738,13.798,23.933,1.3389,18.82,2.279,4.7558,2.2053,0.02587,0.83884,0.095154,53.705,44.717,63.353,53.656,22.645,61.758,22.449,40.528,37.413,44.488,46.876,41.579,18.005,-0.017368600000000012,0.004206999999999184,0.6759999999999309,-0.018090000000000828,-0.00035040000000002847,-0.22487999999999886,1.0900000000001455,-0.9022100000000037,0.0907800000000023,-3.3212000000000046,-0.12590000000000146,-0.4833400000000019,0.12676199999999938,-0.31319999999999837,0.08902000000000143,-0.22155999999999665,-0.02473999999999954,0.09556199999999992,0.2160599999999988,0.007392929999999999,0.0028845000000000676,-0.0021229499999999984,0.32829000000000264,-1.38401,0.4799900000000008,0.2816200000000002,-0.6632300000000058,-2.088169999999998,-0.42577,0.4903800000000018,-0.23548000000000258,1.8
2020-01-01 01:51:00,0.22681,3727.0,4476.4,9.3868,26.803,42.48,2703.7,75.299,120.41,0.33924,80.369,49.72,2632.5,24.629,49.685,3102.7,22.701,65.722,227.1,340.83,94.468,77.217,31.737,9.026,26.16,6.8827,18.823,1.6048,32.738,13.798,23.933,1.3389,18.82,2.279,4.7558,2.2053,0.02587,0.83884,0.095154,53.705,44.717,63.5,54.49,22.674,62.847,21.842,40.48,37.275,45.806,46.887,41.077,18.683,-0.017658599999999997,0.034206999999998544,-2.324000000000069,0.24291000000000906,4.959999999998299e-05,-0.271880000000003,-2.2100000000000364,-0.3332100000000011,-0.19221999999999895,-2.841200000000015,-0.4759000000000242,-0.4833400000000019,0.12676199999999938,-0.31319999999999837,0.08902000000000143,-0.22155999999999665,-0.02473999999999954,0.09556199999999992,0.2160599999999988,0.007392929999999999,0.0028845000000000676,-0.0021229499999999984,0.4752900000000011,-1.35501,1.5689899999999994,-0.32538000000000267,-0.8012300000000039,-0.7701700000000002,-0.4147699999999972,-0.01162000000000063,0.44251999999999825,1.85
2020-01-01 01:54:00,0.29404,3651.2,4539.3,9.3554,26.344,42.388,2701.6,75.886,120.39,0.33558,80.095,49.752,2629.8,26.134,48.983,3100.3,22.368,65.724,227.62,340.7,94.393,77.064,32.423,8.7191,26.318,6.813,18.523,1.6513,33.002,13.806,24.347,1.3069,18.64,2.3225,4.7634,2.3158,0.02587,0.83884,0.095154,53.705,44.717,63.48,53.608,28.817,61.501,21.503,39.837,37.37,44.18,46.896,41.164,19.505,0.049571400000000015,0.0028069999999988937,-4.423999999999978,0.8299099999999981,-0.0036104000000000136,-0.23987999999999943,-4.9099999999998545,-1.0352100000000064,-0.5252200000000009,-2.3212000000000046,-0.6059000000000196,0.20266000000000162,-0.18013800000000124,-0.15519999999999712,-0.21097999999999928,0.04244000000000625,-0.01674000000000042,0.0635619999999999,0.03605999999999909,0.007392929999999999,0.0028845000000000676,-0.0021229499999999984,0.455289999999998,4.787990000000001,0.2229899999999958,-0.6643800000000013,-0.706230000000005,-2.396169999999998,-0.40576999999999686,0.07538000000000267,1.2645199999999974,1.9
2020-01-01 01:57:00,0.29355,3659.8,4539.6,9.2928,27.076,42.44,2702.9,75.829,120.41,0.33578,80.057,50.639,2631.2,26.658,50.8,3099.3,23.252,65.662,226.97,341.21,94.636,77.506,32.423,8.7191,26.318,6.813,18.523,1.6513,33.002,13.806,24.347,1.3069,18.64,2.3225,4.7634,2.3158,0.02587,0.83884,0.095154,53.705,44.717,63.333,53.604,28.864,61.947,22.449,39.812,39.981,48.386,47.012,40.575,17.388,0.04908139999999997,-0.05979300000000087,-3.1239999999997963,0.772909999999996,-0.00341039999999998,0.647120000000001,-3.5100000000002183,0.7817899999999938,0.35877999999999943,-2.9712000000000103,-0.09590000000002874,0.20266000000000162,-0.18013800000000124,-0.15519999999999712,-0.21097999999999928,0.04244000000000625,-0.01674000000000042,0.0635619999999999,0.03605999999999909,0.007392929999999999,0.0028845000000000676,-0.0021229499999999984,0.3082899999999995,4.834990000000001,0.6689900000000009,0.2816200000000002,1.9047699999999992,1.8098300000000052,-0.2897699999999972,-0.513619999999996,-0.8524799999999999,1.95
2020-01-01 02:00:00,0.22968,3710.9,4503.8,9.3036,26.884,42.23,2703.3,74.908,120.38,0.3372,80.232,49.515,2631.6,24.839,50.038,3099.9,23.652,65.665,228.04,341.09,94.446,77.392,32.595,8.7433,26.938,7.0174,19.049,1.6857,33.11,13.979,24.081,1.3958,18.43,2.2458,4.8963,2.2637,0.026689,0.81777,0.1071,53.128,44.349,63.097,54.786,22.326,60.083,22.091,39.832,36.673,46.623,46.907,41.499,16.427,-0.014788600000000013,-0.048993000000001174,-2.7239999999997053,-0.14808999999999628,-0.0019904000000000033,-0.4768800000000013,-3.1100000000001273,0.019789999999993313,0.7587800000000016,-1.901200000000017,-0.2159000000000333,0.37465999999999866,-0.1559380000000008,0.4648000000000003,0.3150200000000005,0.15044000000000324,0.15625999999999962,0.15246199999999988,-0.17394000000000176,0.00821193,-0.018185499999999966,0.00982305,0.07229000000000241,-1.703009999999999,-1.1950100000000035,-0.07638000000000034,-1.4032300000000006,0.04682999999999993,-0.3947700000000012,0.4103800000000035,-1.813480000000002,2.0
2020-01-01 02:03:00,0.22734,3727.7,4541.6,9.4203,26.851,42.452,2701.9,74.964,120.4,0.33526,80.277,48.41,2630.2,25.858,49.608,3100.4,23.801,65.716,226.74,340.52,94.61,77.534,32.595,8.7433,26.938,7.0174,19.049,1.6857,33.11,13.979,24.081,1.3958,18.43,2.2458,4.8963,2.2637,0.026689,0.81777,0.1071,53.128,44.349,62.807,54.333,22.556,60.494,22.098,40.069,33.422,45.627,47.047,41.054,16.059,-0.01712860000000002,0.06770699999999863,-4.123999999999796,-0.0920899999999989,-0.0039304000000000006,-1.5818800000000053,-4.510000000000218,-0.4102100000000064,0.9077799999999989,-3.2012,-0.7859000000000265,0.37465999999999866,-0.1559380000000008,0.4648000000000003,0.3150200000000005,0.15044000000000324,0.15625999999999962,0.15246199999999988,-0.17394000000000176,0.00821193,-0.018185499999999966,0.00982305,-0.21770999999999674,-1.4730099999999986,-0.7840100000000021,-0.06938000000000244,-4.654230000000005,-0.9491699999999952,-0.2547700000000006,-0.034619999999996764,-2.1814800000000005,2.05
2020-01-01 02:06:00,0.20965,3633.9,4502.8,9.3731,26.852,42.363,2699.7,74.856,120.38,0.3586,80.282,52.026,2627.4,26.105,49.32,3098.0,22.55,65.749,227.93,340.43,94.634,77.27,32.058,8.8263,26.149,7.055,18.879,1.6752,33.02,13.819,24.031,1.2392,18.88,2.3034,4.8927,2.2859,0.026689,0.81777,0.1071,53.128,44.349,62.597,53.505,20.351,60.635,21.832,41.951,44.062,44.96,46.965,40.693,19.042,-0.034818600000000005,0.020507000000000275,-6.324000000000069,-0.200090000000003,0.01940959999999997,2.0341200000000015,-7.309999999999945,-0.6982100000000031,-0.34321999999999875,-2.0112000000000023,-0.8759000000000015,-0.16234000000000037,-0.07293800000000061,-0.3241999999999976,0.14502000000000237,0.06044000000000693,-0.0037399999999987443,-0.004137999999999975,0.27605999999999753,0.00821193,-0.018185499999999966,0.00982305,-0.4277099999999976,-3.6780100000000004,-0.6430100000000039,-0.3353800000000007,5.985769999999995,-1.6161699999999968,-0.33676999999999424,-0.39562000000000097,0.80152,2.1
2020-01-01 02:09:00,0.20752,3645.7,4515.1,9.3567,26.827,42.237,2697.4,74.762,120.37,0.35675,80.093,51.265,2625.6,23.928,50.649,3095.6,22.841,65.735,227.85,340.26,94.721,77.106,32.058,8.8263,26.149,7.055,18.879,1.6752,33.02,13.819,24.031,1.2392,18.88,2.3034,4.8927,2.2859,0.026689,0.81777,0.1071,53.128,44.349,62.395,53.357,20.56,60.593,21.813,42.176,41.821,48.035,46.998,40.604,18.374,-0.0369486,0.004106999999999417,-8.623999999999796,-0.2940899999999971,0.01755960000000001,1.2731199999999987,-9.110000000000127,0.6307899999999975,-0.05221999999999838,-2.091200000000015,-1.0459000000000174,-0.16234000000000037,-0.07293800000000061,-0.3241999999999976,0.14502000000000237,0.06044000000000693,-0.0037399999999987443,-0.004137999999999975,0.27605999999999753,0.00821193,-0.018185499999999966,0.00982305,-0.6297099999999958,-3.469010000000001,-0.6850099999999983,-0.3543800000000026,3.7447699999999955,1.458829999999999,-0.3037700000000001,-0.4846199999999996,0.1335199999999972,2.15
2020-01-01 02:12:00,0.25967,3595.7,4508.4,9.1862,26.941,42.278,2698.6,75.077,120.36,0.33738,80.086,49.163,2626.6,26.063,50.478,3096.7,23.163,65.699,226.58,340.19,94.886,77.234,32.406,8.8777,26.464,6.7509,18.854,1.6611,32.744,13.902,23.975,1.2495,18.955,2.2823,4.9019,2.2607,0.026689,0.81777,0.1071,53.128,44.349,62.78,53.823,25.38,61.758,21.693,40.377,35.638,47.64,47.139,40.21,17.61,0.015201400000000004,-0.16639300000000112,-7.423999999999978,0.02091000000000065,-0.0018103999999999898,-0.8288800000000052,-8.110000000000127,0.45978999999999814,0.2697800000000008,-3.3611999999999966,-1.1159000000000106,0.1856599999999986,-0.021537999999999613,-0.009199999999999875,0.12002000000000024,-0.21555999999999642,0.07925999999999966,0.006162000000000001,0.3510599999999968,0.00821193,-0.018185499999999966,0.00982305,-0.24470999999999776,1.3509899999999995,0.4799900000000008,-0.47438,-2.4382300000000043,1.063830000000003,-0.16276999999999475,-0.878619999999998,-0.6304800000000021,2.2
2020-01-01 02:15:00,0.25726,3676.1,4518.7,9.4757,26.704,42.737,2700.9,74.62,120.4,0.3427,80.102,50.268,2629.7,26.229,49.158,3097.8,22.73,65.645,228.11,341.03,94.824,77.358,32.406,8.8777,26.464,6.7509,18.854,1.6611,32.744,13.902,23.975,1.2495,18.955,2.2823,4.9019,2.2607,0.028531,0.84374,0.092863,53.865,43.738,61.395,53.7,25.618,60.317,21.906,39.727,38.889,44.585,46.481,40.681,18.642,0.01279139999999998,0.12310699999999919,-5.123999999999796,-0.436089999999993,0.0035096000000000016,0.2761199999999988,-5.010000000000218,-0.8602100000000021,-0.16321999999999903,-1.8311999999999955,-0.27590000000003556,0.1856599999999986,-0.021537999999999613,-0.009199999999999875,0.12002000000000024,-0.21555999999999642,0.07925999999999966,0.006162000000000001,0.3510599999999968,0.010053929999999999,0.007784500000000083,-0.00441395,-1.6297099999999958,1.588989999999999,-0.9610100000000017,-0.2613800000000026,0.8127700000000004,-1.9911699999999968,-0.820769999999996,-0.4076200000000014,0.4015199999999979,2.25
2020-01-01 02:18:00,0.22394,3710.4,4553.2,9.368,26.556,42.612,2702.1,74.989,120.4,0.34616,80.241,51.646,2631.1,23.947,49.887,3100.2,23.013,65.637,227.54,340.07,94.737,77.59,31.77,8.8828,26.343,6.862,18.998,1.6775,33.358,13.887,23.735,1.2593,18.979,2.2205,4.8077,2.3613,0.028531,0.84374,0.092863,53.865,43.738,63.454,53.334,22.174,60.664,21.619,41.573,42.943,46.272,46.319,41.093,17.948,-0.020528600000000008,0.015406999999999726,-3.923999999999978,-0.06708999999999321,0.00696960000000002,1.654119999999999,-3.6100000000001273,-0.13121000000000294,0.11978000000000222,-2.401200000000017,-1.235900000000015,-0.45034000000000063,-0.01643800000000084,-0.13019999999999854,0.26402000000000214,0.3984400000000008,0.06426000000000087,0.01596200000000003,0.37505999999999773,0.010053929999999999,0.007784500000000083,-0.00441395,0.4292900000000017,-1.85501,-0.6140100000000004,-0.5483800000000016,4.866769999999995,-0.30416999999999916,-0.982769999999995,0.0043800000000047135,-0.2924800000000012,2.3
2020-01-01 02:21:00,0.2253,3675.0,4448.7,9.485,26.766,42.38,2701.8,75.191,120.42,0.34832,80.342,50.635,2630.7,26.234,48.331,3100.5,22.858,65.648,223.87,340.59,94.502,77.489,31.77,8.8828,26.343,6.862,18.998,1.6775,33.358,13.887,23.735,1.2593,18.979,2.2205,4.8077,2.3613,0.028531,0.84374,0.092863,53.865,43.738,64.063,54.585,22.04,60.425,21.823,41.309,39.97,42.672,46.435,40.655,18.304,-0.019168600000000008,0.13240699999999883,-4.223999999999705,0.13491000000000497,0.009129600000000015,0.6431199999999961,-4.010000000000218,-1.6872100000000003,-0.03521999999999892,-6.071200000000005,-0.7159000000000333,-0.45034000000000063,-0.01643800000000084,-0.13019999999999854,0.26402000000000214,0.3984400000000008,0.06426000000000087,0.01596200000000003,0.37505999999999773,0.010053929999999999,0.007784500000000083,-0.00441395,1.0382900000000035,-1.9890100000000004,-0.8530100000000047,-0.344380000000001,1.8937699999999964,-3.9041700000000006,-0.8667699999999954,-0.4336199999999977,0.06351999999999691,2.35
2020-01-01 02:24:00,0.2862,3701.9,4478.1,9.3511,26.951,42.236,2703.9,74.658,120.41,0.34668,80.481,50.503,2631.7,26.173,51.375,3102.8,22.179,65.678,225.12,340.1,94.557,77.707,32.404,8.7478,26.226,6.9108,18.53,1.6476,32.838,13.785,23.817,1.2236,19.199,2.2308,4.8459,2.2575,0.028531,0.84374,0.092863,53.865,43.738,62.697,53.853,28.349,60.947,21.781,41.207,39.582,49.717,46.11,41.113,19.888,0.0417314,-0.0014929999999999666,-2.1239999999997963,-0.3980899999999963,0.007489599999999985,0.5111199999999982,-3.0100000000002183,1.3567899999999966,-0.714220000000001,-4.821200000000005,-1.2058999999999855,0.18366000000000327,-0.15143800000000063,-0.24719999999999942,-0.20397999999999783,-0.12155999999999523,-0.03773999999999944,-0.019738000000000033,0.5950600000000001,0.010053929999999999,0.007784500000000083,-0.00441395,-0.32770999999999617,4.319990000000001,-0.33100999999999914,-0.3863800000000026,1.5057699999999983,3.140830000000001,-1.1917699999999982,0.024380000000000734,1.64752,2.4
2020-01-01 02:27:00,0.28833,3665.3,4498.5,9.4557,26.794,42.45,2702.4,74.74,120.43,0.34708,80.358,50.511,2631.0,25.387,48.29,3102.3,22.075,65.705,224.83,339.86,94.514,77.144,32.404,8.7478,26.226,6.9108,18.53,1.6476,32.838,13.785,23.817,1.2236,19.199,2.2308,4.8459,2.2575,0.028531,0.84374,0.092863,53.865,43.738,63.327,53.609,28.139,61.229,21.847,41.159,39.604,42.577,45.92,41.744,20.168,0.04386139999999997,0.10310699999999962,-3.6239999999997963,-0.31609000000000265,0.007889599999999997,0.5191200000000009,-3.7100000000000364,-1.7282100000000042,-0.8182200000000002,-5.111199999999997,-1.4458999999999946,0.18366000000000327,-0.15143800000000063,-0.24719999999999942,-0.20397999999999783,-0.12155999999999523,-0.03773999999999944,-0.019738000000000033,0.5950600000000001,0.010053929999999999,0.007784500000000083,-0.00441395,0.3022899999999993,4.10999,-0.04901000000000266,-0.3203800000000001,1.5277699999999967,-3.9991699999999994,-1.381769999999996,0.655380000000001,1.9275199999999977,2.45
2020-01-01 02:30:00,0.22774,3673.6,4534.3,9.3887,27.072,42.24,2699.3,74.692,120.39,0.33385,80.033,50.364,2627.3,24.346,49.867,3098.3,23.298,65.642,226.45,340.39,94.659,77.005,32.327,8.9034,26.158,6.8898,18.701,1.6645,32.91,13.752,24.393,1.2446,18.778,2.2465,4.9018,2.3091,0.021119,0.85667,0.11601,53.58,43.798,62.751,54.331,22.245,62.714,21.962,40.069,39.172,46.226,46.221,40.64,17.3,-0.01672860000000001,0.036106999999999445,-6.723999999999705,-0.36409000000000447,-0.005340400000000023,0.37211999999999534,-7.4099999999998545,-0.15121000000000606,0.4047799999999988,-3.4912000000000205,-0.9159000000000219,0.10665999999999798,0.004161999999999111,-0.31519999999999726,-0.032979999999998455,-0.049559999999999604,-0.07073999999999891,0.0012619999999998743,0.17405999999999722,0.002641929999999997,0.02071450000000008,0.01873305,-0.27371000000000123,-1.7840099999999985,1.4359899999999968,-0.20538000000000167,1.0957699999999946,-0.35016999999999854,-1.0807700000000011,-0.44861999999999824,-0.9404800000000009,2.5
2020-01-01 02:33:00,0.22711,3667.2,4500.6,9.1816,27.2,42.251,2699.2,74.698,120.41,0.33405,79.979,51.395,2627.9,26.068,51.202,3097.3,22.569,65.569,225.75,340.36,94.679,76.96,32.327,8.9034,26.158,6.8898,18.701,1.6645,32.91,13.752,24.393,1.2446,18.778,2.2465,4.9018,2.3091,0.021119,0.85667,0.11601,53.58,43.798,62.862,54.734,22.306,62.84,22.096,40.044,42.204,49.316,46.363,41.106,19.048,-0.017358600000000002,-0.17099300000000106,-6.824000000000069,-0.35809000000000424,-0.005140399999999989,1.4031200000000013,-6.809999999999945,1.1837899999999948,-0.3242200000000004,-4.191200000000009,-0.9458999999999946,0.10665999999999798,0.004161999999999111,-0.31519999999999726,-0.032979999999998455,-0.049559999999999604,-0.07073999999999891,0.0012619999999998743,0.17405999999999722,0.002641929999999997,0.02071450000000008,0.01873305,-0.16270999999999702,-1.7230099999999986,1.5619900000000015,-0.07138000000000133,4.127769999999998,2.739830000000005,-0.9387699999999981,0.017380000000002838,0.8075199999999967,2.55
2020-01-01 02:36:00,0.23389,3646.6,4473.5,9.3202,26.811,42.337,2700.6,75.46,120.39,0.32784,80.134,49.263,2628.8,26.263,50.152,3099.5,23.212,65.545,225.74,340.19,94.631,77.322,31.943,8.8006,26.333,7.0113,18.999,1.6314,32.481,13.728,24.016,1.1645,19.409,2.2858,4.914,2.3378,0.021119,0.85667,0.11601,53.58,43.798,63.383,54.668,22.753,61.998,21.792,39.856,35.93,46.887,46.443,41.329,17.496,-0.010578600000000021,-0.03239300000000078,-5.423999999999978,0.4039099999999962,-0.011350399999999983,-0.7288800000000037,-5.9099999999998545,0.13378999999999763,0.3187800000000003,-4.2012,-1.1159000000000106,-0.2773399999999988,-0.09863800000000111,-0.1402000000000001,0.2650199999999998,-0.47855999999999455,-0.09473999999999982,-0.07883799999999996,0.8050599999999974,0.002641929999999997,0.02071450000000008,0.01873305,0.35829000000000377,-1.2760099999999994,0.7199899999999957,-0.3753799999999998,-2.1462300000000027,0.3108300000000028,-0.8587699999999998,0.24038000000000181,-0.7444800000000029,2.6
2020-01-01 02:39:00,0.23105,3676.2,4500.2,9.3277,26.939,42.318,2703.0,75.499,120.41,0.33362,80.372,48.604,2632.3,25.602,51.007,3101.9,23.282,65.601,226.75,340.13,94.668,77.364,31.943,8.8006,26.333,7.0113,18.999,1.6314,32.481,13.728,24.016,1.1645,19.409,2.2858,4.914,2.3378,0.021119,0.85667,0.11601,53.58,43.798,62.874,54.347,23.032,64.044,22.043,39.151,33.993,48.864,46.428,41.321,17.308,-0.013418600000000003,-0.024893000000000498,-3.0239999999998872,0.4429099999999977,-0.005570399999999975,-1.3878800000000027,-2.4099999999998545,0.9887899999999945,0.38878000000000057,-3.191200000000009,-1.1759000000000128,-0.2773399999999988,-0.09863800000000111,-0.1402000000000001,0.2650199999999998,-0.47855999999999455,-0.09473999999999982,-0.07883799999999996,0.8050599999999974,0.002641929999999997,0.02071450000000008,0.01873305,-0.15070999999999657,-0.9970099999999995,2.765989999999995,-0.12438000000000216,-4.08323,2.2878299999999996,-0.8737700000000004,0.23237999999999914,-0.9324800000000018,2.65
2020-01-01 02:42:00,0.26893,3608.8,4478.4,9.3154,27.025,42.364,2703.2,75.583,120.4,0.32821,80.37,50.499,2631.3,23.66,50.959,3102.5,22.575,65.64,223.97,340.03,94.617,77.363,31.961,8.9983,25.827,6.9297,18.457,1.691,32.904,13.825,23.851,1.1681,18.89,2.244,4.789,2.2414,0.021119,0.85667,0.11601,53.58,43.798,62.903,53.865,26.708,59.994,21.814,39.039,39.567,48.754,46.748,40.46,18.98,0.024461399999999994,-0.037193000000000254,-2.824000000000069,0.5269100000000009,-0.010980400000000001,0.5071200000000005,-3.4099999999998545,0.9407899999999998,-0.31822000000000017,-5.97120000000001,-1.2759000000000356,-0.2593400000000017,0.09906199999999998,-0.6461999999999968,-0.2769799999999982,-0.055559999999992726,0.0022599999999997067,-0.07523800000000014,0.2860599999999991,0.002641929999999997,0.02071450000000008,0.01873305,-0.1217100000000002,2.678989999999999,-1.284010000000002,-0.35338000000000136,1.4907699999999977,2.17783,-0.5537700000000001,-0.628619999999998,0.7395199999999988,2.7
2020-01-01 02:45:00,0.27154,3595.8,4481.2,9.3359,26.956,42.436,2702.6,74.724,120.39,0.32737,80.145,51.101,2630.5,23.591,49.464,3101.5,22.468,65.642,225.74,340.31,94.689,77.465,31.961,8.9983,25.827,6.9297,18.457,1.691,32.904,13.825,23.851,1.1681,18.89,2.244,4.789,2.2414,0.018163,0.82759,0.091416,53.804,43.186,63.126,53.831,26.451,64.175,21.783,39.141,41.341,45.294,47.019,40.365,19.24,0.027071399999999995,-0.01669300000000007,-3.423999999999978,-0.3320899999999938,-0.011820400000000009,1.1091199999999972,-4.210000000000036,-0.5542100000000048,-0.4252199999999995,-4.2012,-0.995900000000006,-0.2593400000000017,0.09906199999999998,-0.6461999999999968,-0.2769799999999982,-0.055559999999992726,0.0022599999999997067,-0.07523800000000014,0.2860599999999991,-0.0003140700000000031,-0.008365499999999915,-0.005860950000000004,0.10128999999999877,2.421990000000001,2.8969899999999953,-0.38438000000000017,3.2647699999999986,-1.2821700000000007,-0.2827699999999993,-0.7236199999999968,0.9995199999999969,2.75
2020-01-01 02:48:00,0.2719,3648.6,4517.6,9.3799,27.161,42.407,2705.6,75.446,120.39,0.33995,80.259,51.285,2633.7,24.97,52.199,3103.8,23.465,65.645,229.85,340.47,94.65,77.482,32.137,8.9357,26.665,7.0072,19.006,1.6422,33.048,13.807,24.242,1.1424,18.626,2.2935,4.9173,2.3052,0.018163,0.82759,0.091416,53.804,43.186,62.851,54.734,26.568,60.866,22.136,40.118,41.883,51.623,46.884,40.82,16.868,0.027431399999999967,0.027306999999998638,-0.42399999999997817,0.3899100000000004,0.0007595999999999714,1.2931199999999947,-1.0100000000002183,2.1807899999999947,0.5717800000000004,-0.09120000000001482,-0.835899999999981,-0.08333999999999975,0.036462000000000216,0.19180000000000064,0.27202000000000126,0.08844000000000563,-0.0157399999999992,-0.10093799999999997,0.022059999999999746,-0.0003140700000000031,-0.008365499999999915,-0.005860950000000004,-0.1737099999999998,2.538990000000002,-0.4120100000000022,-0.031380000000002184,3.80677,5.04683,-0.4177699999999973,-0.2686199999999985,-1.372480000000003,2.8
2020-01-01 02:51:00,0.27209,3675.2,4604.0,9.4811,26.735,42.383,2706.0,75.895,120.39,0.33937,80.257,48.418,2634.5,24.601,48.827,3105.7,23.04,65.696,229.63,340.19,94.608,77.114,32.137,8.9357,26.665,7.0072,19.006,1.6422,33.048,13.807,24.242,1.1424,18.626,2.2935,4.9173,2.3052,0.018163,0.82759,0.091416,53.804,43.186,62.393,53.699,26.55,61.651,21.597,40.188,33.445,43.819,47.129,40.767,17.893,0.02762139999999999,0.12850699999999904,-0.023999999999887223,0.8389099999999985,0.00017960000000000198,-1.5738800000000026,-0.21000000000003638,-1.1912100000000052,0.1467799999999997,-0.3112000000000137,-1.1159000000000106,-0.08333999999999975,0.036462000000000216,0.19180000000000064,0.27202000000000126,0.08844000000000563,-0.0157399999999992,-0.10093799999999997,0.022059999999999746,-0.0003140700000000031,-0.008365499999999915,-0.005860950000000004,-0.6317099999999982,2.520990000000001,0.3729900000000015,-0.5703800000000001,-4.631230000000002,-2.757169999999995,-0.17276999999999987,-0.3216199999999958,-0.3474800000000009,2.85
2020-01-01 02:54:00,0.2567,3609.1,4522.8,9.3719,27.154,42.335,2706.7,75.306,120.37,0.33698,80.238,50.256,2635.1,25.245,50.294,3103.8,22.623,65.734,228.42,341.13,94.731,77.332,32.22,8.8874,26.64,6.8212,18.479,1.6088,32.733,13.934,23.764,1.3345,18.513,2.2848,4.9033,2.2693,0.018163,0.82759,0.091416,53.804,43.186,62.768,53.331,24.998,60.922,22.57,40.009,38.853,47.215,47.464,40.467,18.864,0.012231399999999976,0.01930699999999952,0.6759999999999309,0.24990999999999985,-0.0022104000000000013,0.26411999999999836,0.38999999999987267,0.27578999999999354,-0.27021999999999835,-1.5212000000000216,-0.17590000000001282,-0.00034000000000133923,-0.011838000000000903,0.16680000000000206,-0.25497999999999976,-0.2265599999999992,0.11125999999999969,0.09116199999999997,-0.0909399999999998,-0.0003140700000000031,-0.008365499999999915,-0.005860950000000004,-0.2567099999999982,0.9689900000000016,-0.3560100000000048,0.40261999999999887,0.7767699999999991,0.6388300000000058,0.16223000000000098,-0.6216200000000001,0.6235199999999992,2.9
2020-01-01 02:57:00,0.25664,3609.9,4509.1,9.2417,26.685,42.144,2705.6,75.304,120.39,0.33364,80.117,51.427,2633.6,25.244,51.309,3103.8,22.8,65.709,229.21,340.9,94.61,77.182,32.22,8.8874,26.64,6.8212,18.479,1.6088,32.733,13.934,23.764,1.3345,18.513,2.2848,4.9033,2.2693,0.018163,0.82759,0.091416,53.804,43.186,62.754,53.495,25.003,60.484,21.751,40.416,42.299,49.563,47.619,40.727,18.459,0.012171399999999971,-0.1108930000000008,-0.42399999999997817,0.24791000000000452,-0.005550400000000011,1.4351199999999977,-1.1100000000001273,1.290789999999994,-0.09321999999999875,-0.7312000000000012,-0.405900000000031,-0.00034000000000133923,-0.011838000000000903,0.16680000000000206,-0.25497999999999976,-0.2265599999999992,0.11125999999999969,0.09116199999999997,-0.0909399999999998,-0.0003140700000000031,-0.008365499999999915,-0.005860950000000004,-0.2707100000000011,0.9739900000000006,-0.7940100000000001,-0.4163800000000002,4.222769999999997,2.9868300000000048,0.3172300000000021,-0.36162000000000205,0.21851999999999805,2.95
2020-01-01 03:00:00,0.24917,3637.7,4530.9,9.2897,26.77,42.276,2704.5,75.019,120.41,0.35174,80.007,51.434,2633.2,25.383,51.905,3103.7,23.783,65.707,230.52,340.73,94.764,77.11,32.098,8.8483,26.249,6.9262,19.08,1.6088,32.747,13.822,23.796,1.1472,18.826,2.2442,4.8247,2.3131,0.025843,0.84292,0.107,53.501,43.482,63.877,54.533,24.174,59.216,21.8,41.67,42.32,50.942,46.997,41.046,16.139,0.0047013999999999945,-0.06289300000000075,-1.5239999999998872,-0.037089999999992074,0.012549599999999994,1.4421199999999956,-1.5100000000002183,1.8867899999999977,0.8897800000000018,0.5788000000000011,-0.5758999999999901,-0.12234000000000123,-0.05093800000000037,-0.22419999999999973,0.34601999999999933,-0.2125599999999963,-0.000740000000000407,-0.09613800000000006,0.22205999999999904,0.00736593,0.00696450000000004,0.009723049999999997,0.8522900000000035,0.14498999999999995,-2.062010000000001,-0.3673800000000007,4.243769999999998,4.3658300000000025,-0.30476999999999776,-0.042619999999999436,-2.1014800000000022,3.0
2020-01-01 03:03:00,0.24824,3672.4,4512.0,9.2628,27.062,42.377,2705.2,76.141,120.4,0.35074,80.133,49.329,2633.6,24.744,49.674,3104.6,23.205,65.671,227.9,340.64,94.497,77.387,32.098,8.8483,26.249,6.9262,19.08,1.6088,32.747,13.822,23.796,1.1472,18.826,2.2442,4.8247,2.3131,0.025843,0.84292,0.107,53.501,43.482,63.28,54.758,24.265,61.907,22.086,41.792,36.126,45.779,47.141,40.744,17.484,0.0037713999999999803,-0.08979300000000023,-0.8240000000000691,1.0849100000000078,0.011549599999999993,-0.6628800000000012,-1.1100000000001273,-0.3442100000000039,0.31177999999999884,-2.0412000000000035,-0.6659000000000219,-0.12234000000000123,-0.05093800000000037,-0.22419999999999973,0.34601999999999933,-0.2125599999999963,-0.000740000000000407,-0.09613800000000006,0.22205999999999904,0.00736593,0.00696450000000004,0.009723049999999997,0.25529000000000224,0.23599000000000103,0.6289899999999946,-0.0813800000000029,-1.9502300000000048,-0.7971699999999942,-0.1607699999999994,-0.34461999999999904,-0.7564799999999998,3.05
2020-01-01 03:06:00,0.26019,3658.9,4459.2,9.2958,26.731,42.675,2705.3,75.432,120.42,0.33752,80.209,50.588,2633.9,24.796,50.606,3103.6,23.092,65.688,228.74,340.93,94.667,77.597,32.323,8.9793,26.326,6.9209,18.966,1.6395,32.7,13.709,24.051,1.1581,18.624,2.266,4.8141,2.2352,0.025843,0.84292,0.107,53.501,43.482,62.6,53.916,25.469,62.393,22.204,40.491,39.83,47.937,46.974,41.26,17.738,0.01572139999999997,-0.05679300000000076,-0.7239999999997053,0.37591000000000463,-0.0016704000000000163,0.5961199999999991,-0.8099999999999454,0.5877899999999983,0.1987799999999993,-1.2012,-0.37590000000000146,0.1026600000000002,0.08006199999999986,-0.147199999999998,0.2320200000000021,-0.25955999999999335,-0.11373999999999995,-0.08523800000000015,0.020059999999997302,0.00736593,0.00696450000000004,0.009723049999999997,-0.4247099999999975,1.4399900000000017,1.1149899999999988,0.03661999999999921,1.7537699999999958,1.36083,-0.327770000000001,0.1713799999999992,-0.502480000000002,3.1
2020-01-01 03:09:00,0.25844,3630.4,4483.0,9.2984,26.717,42.618,2706.6,74.994,120.42,0.34055,80.269,50.027,2635.1,25.71,50.876,3103.1,22.505,65.702,226.36,340.9,94.668,77.322,32.323,8.9793,26.326,6.9209,18.966,1.6395,32.7,13.709,24.051,1.1581,18.624,2.266,4.8141,2.2352,0.025843,0.84292,0.107,53.501,43.482,63.09,53.631,25.641,60.476,22.342,40.121,38.179,48.562,47.092,41.392,19.137,0.013971399999999995,-0.054192999999999714,0.5760000000000218,-0.06208999999999776,0.0013596000000000164,0.03511999999999915,0.38999999999987267,0.8577899999999943,-0.38822000000000045,-3.5811999999999955,-0.405900000000031,0.1026600000000002,0.08006199999999986,-0.147199999999998,0.2320200000000021,-0.25955999999999335,-0.11373999999999995,-0.08523800000000015,0.020059999999997302,0.00736593,0.00696450000000004,0.009723049999999997,0.06529000000000451,1.6119899999999987,-0.8020100000000028,0.17461999999999733,0.10276999999999958,1.98583,-0.2097699999999989,0.3033800000000042,0.8965199999999989,3.15
2020-01-01 03:12:00,0.24017,3665.2,4470.8,9.4415,26.665,42.175,2704.4,74.424,120.4,0.32513,80.147,49.78,2632.9,24.032,49.273,3102.4,22.575,65.706,227.77,341.05,94.621,76.978,32.114,8.9941,26.907,6.7887,18.882,1.6531,32.943,13.872,24.262,1.1943,18.582,2.2544,4.7622,2.2221,0.025843,0.84292,0.107,53.501,43.482,62.499,54.015,23.116,61.585,22.021,38.89,37.453,44.852,46.875,40.878,18.997,-0.0042986000000000135,0.08890699999999896,-1.6239999999997963,-0.6320899999999909,-0.014060400000000028,-0.21188000000000073,-1.8099999999999454,-0.7452100000000002,-0.31822000000000017,-2.171199999999999,-0.2558999999999969,-0.10634000000000299,0.09486199999999911,0.4338000000000015,0.14802000000000248,-0.016559999999998354,0.049260000000000304,-0.04903800000000014,-0.021940000000000737,0.00736593,0.00696450000000004,0.009723049999999997,-0.5257099999999966,-0.9130099999999999,0.306989999999999,-0.14638000000000062,-0.6232299999999995,-1.7241700000000009,-0.42676999999999765,-0.2106199999999987,0.7565199999999983,3.2
2020-01-01 03:15:00,0.23696,3655.9,4470.0,9.2472,26.901,42.134,2702.2,75.305,120.4,0.32476,79.869,51.215,2630.2,23.43,50.013,3100.1,22.048,65.676,229.55,340.74,94.702,76.912,32.114,8.9941,26.907,6.7887,18.882,1.6531,32.943,13.872,24.262,1.1943,18.582,2.2544,4.7622,2.2221,0.034222,0.84305,0.089732,53.042,43.957,62.659,54.025,23.432,62.676,21.953,38.936,41.677,46.564,47.019,40.918,20.28,-0.007508600000000004,-0.10539300000000118,-3.824000000000069,0.2489100000000093,-0.01443040000000001,1.2231200000000015,-4.510000000000218,-0.005210000000005266,-0.8452200000000012,-0.39119999999999777,-0.5658999999999992,-0.10634000000000299,0.09486199999999911,0.4338000000000015,0.14802000000000248,-0.016559999999998354,0.049260000000000304,-0.04903800000000014,-0.021940000000000737,0.01574493,0.007094500000000004,-0.007544949999999995,-0.36571,-0.5970100000000009,1.39799,-0.214380000000002,3.600769999999997,-0.012169999999997572,-0.2827699999999993,-0.17061999999999955,2.0395199999999996,3.25
2020-01-01 03:18:00,0.25885,3687.9,4472.3,9.2604,26.763,42.156,2703.9,74.321,120.41,0.34402,79.95,49.677,2631.8,26.503,50.047,3100.9,22.631,65.599,232.33,341.19,94.61,77.488,32.543,8.9389,26.239,6.9654,19.064,1.6688,32.951,13.917,23.751,1.1676,18.605,2.2767,4.8671,2.3017,0.034222,0.84305,0.089732,53.042,43.957,63.294,54.179,25.2,61.015,22.035,40.911,37.15,46.643,46.856,40.862,18.872,0.014381400000000016,-0.09219299999999997,-2.1239999999997963,-0.7350899999999996,0.0048295999999999895,-0.31488000000000227,-2.9099999999998545,0.028789999999993654,-0.26221999999999923,2.3888000000000034,-0.11590000000001055,0.32265999999999906,0.039661999999999864,-0.23419999999999774,0.3300200000000011,-0.008559999999995682,0.09426000000000023,-0.07573800000000008,0.0010599999999989507,0.01574493,0.007094500000000004,-0.007544949999999995,0.26928999999999803,1.1709899999999998,-0.2630100000000013,-0.13238000000000127,-0.9262300000000039,0.06683000000000305,-0.445769999999996,-0.22661999999999694,0.6315199999999983,3.3
2020-01-01 03:21:00,0.25494,3658.8,4481.4,9.2917,26.759,42.728,2703.8,74.563,120.41,0.34283,80.094,48.632,2632.3,25.226,49.082,3103.2,23.625,65.612,232.29,341.1,94.582,77.417,32.543,8.9389,26.239,6.9654,19.064,1.6688,32.951,13.917,23.751,1.1676,18.605,2.2767,4.8671,2.3017,0.034222,0.84305,0.089732,53.042,43.957,63.795,54.07,25.584,61.849,21.783,41.056,34.075,44.409,46.942,40.768,16.509,0.010471399999999992,-0.060893000000000086,-2.2239999999997053,-0.49308999999999514,0.0036396000000000206,-1.359880000000004,-2.4099999999998545,-0.9362100000000027,0.7317800000000005,2.348799999999983,-0.20589999999998554,0.32265999999999906,0.039661999999999864,-0.23419999999999774,0.3300200000000011,-0.008559999999995682,0.09426000000000023,-0.07573800000000008,0.0010599999999989507,0.01574493,0.007094500000000004,-0.007544949999999995,0.7702900000000028,1.55499,0.5709899999999948,-0.38438000000000017,-4.00123,-2.1671699999999987,-0.3597699999999975,-0.32061999999999813,-1.7314800000000012,3.35
2020-01-01 03:24:00,0.21395,3647.6,4488.3,9.3357,27.078,42.015,2705.4,75.43,120.4,0.3453,80.312,50.304,2634.4,26.118,47.996,3101.5,21.022,65.649,228.41,341.23,94.519,77.794,32.158,8.9484,26.405,6.7725,18.888,1.6981,33.16,13.844,24.014,1.33,19.114,2.2673,4.8011,2.2644,0.034222,0.84305,0.089732,53.042,43.957,62.441,53.508,21.165,64.098,22.291,42.061,38.995,41.895,47.367,41.172,22.642,-0.030518600000000007,-0.01689300000000138,-0.6239999999997963,0.3739100000000093,0.006109599999999993,0.3121200000000002,-0.30999999999994543,-2.022210000000001,-1.871220000000001,-1.5312000000000126,-0.07589999999999009,-0.06233999999999895,0.04916199999999904,-0.06819999999999737,0.1540200000000027,0.2004400000000004,0.021259999999999835,0.08666200000000002,0.5100599999999993,0.01574493,0.007094500000000004,-0.007544949999999995,-0.5837099999999964,-2.8640100000000004,2.819989999999997,0.12361999999999895,0.918769999999995,-4.6811699999999945,0.06522999999999968,0.08337999999999823,4.401519999999998,3.4
2020-01-01 03:27:00,0.21712,3667.5,4477.6,9.3304,26.824,42.086,2705.0,74.383,120.38,0.34797,80.24,49.454,2633.9,24.765,52.049,3101.4,22.767,65.708,229.4,340.76,94.812,77.528,32.158,8.9484,26.405,6.7725,18.888,1.6981,33.16,13.844,24.014,1.33,19.114,2.2673,4.8011,2.2644,0.034222,0.84305,0.089732,53.042,43.957,62.099,53.636,20.853,60.829,22.198,41.735,36.493,51.275,47.356,41.596,18.512,-0.0273486,-0.02219300000000146,-1.0239999999998872,-0.673090000000002,0.008779599999999999,-0.5378800000000012,-0.8099999999999454,2.030789999999996,-0.12622,-0.5412000000000035,-0.5459000000000174,-0.06233999999999895,0.04916199999999904,-0.06819999999999737,0.1540200000000027,0.2004400000000004,0.021259999999999835,0.08666200000000002,0.5100599999999993,0.01574493,0.007094500000000004,-0.007544949999999995,-0.9257100000000023,-3.176009999999998,-0.44901000000000124,0.03061999999999898,-1.5832300000000004,4.698830000000001,0.054230000000004,0.5073799999999977,0.2715199999999989,3.45
2020-01-01 03:30:00,0.24839,3689.4,4514.5,9.4085,26.927,42.247,2703.9,74.146,120.39,0.33959,80.109,49.675,2632.7,24.873,52.058,3102.4,22.897,65.731,229.21,340.98,94.522,77.271,32.126,8.7805,26.441,6.8214,19.116,1.6512,33.086,13.851,23.978,1.3031,18.352,2.2622,4.9284,2.3013,0.0085195,0.84105,0.10198,53.786,43.787,63.427,53.594,24.758,60.796,21.768,40.874,37.143,51.298,47.465,40.87,18.225,0.0039213999999999916,0.055906999999999485,-2.1239999999997963,-0.9100899999999967,0.00039959999999999996,-0.3168800000000047,-2.0100000000002183,2.0397899999999964,0.0037799999999990064,-0.7312000000000012,-0.3258999999999901,-0.09434000000000253,-0.11873800000000045,-0.03219999999999956,0.3820200000000007,0.12644000000000233,0.028260000000001284,0.05976199999999987,-0.25194000000000116,-0.009957570000000002,0.005094500000000002,0.00470305,0.4022900000000007,0.7289899999999996,-0.4820100000000025,-0.39938000000000073,-0.9332300000000018,4.721830000000004,0.16323000000000576,-0.21862000000000137,-0.01548000000000016,3.5
2020-01-01 03:33:00,0.25036,3667.0,4505.9,9.2193,26.8,42.208,2703.9,75.181,120.4,0.3425,80.087,50.605,2633.5,27.473,51.256,3102.3,22.969,65.72,230.32,341.12,94.619,77.263,32.126,8.7805,26.441,6.8214,19.116,1.6512,33.086,13.851,23.978,1.3031,18.352,2.2622,4.9284,2.3013,0.0085195,0.84105,0.10198,53.786,43.787,63.812,53.696,24.564,62.171,21.94,40.518,39.88,49.44,47.452,41.852,18.063,0.005891400000000019,-0.1332930000000001,-2.1239999999997963,0.12490999999999985,0.0033096000000000236,0.613119999999995,-1.2100000000000364,1.2377899999999968,0.07578000000000173,0.37879999999998404,-0.18590000000000373,-0.09434000000000253,-0.11873800000000045,-0.03219999999999956,0.3820200000000007,0.12644000000000233,0.028260000000001284,0.05976199999999987,-0.25194000000000116,-0.009957570000000002,0.005094500000000002,0.00470305,0.7872899999999987,0.5349900000000005,0.8929899999999975,-0.22738000000000014,1.80377,2.86383,0.15023000000000053,0.763379999999998,-0.17748000000000275,3.55
2020-01-01 03:36:00,0.25306,3689.6,4463.5,9.3108,26.885,42.326,2703.8,75.163,120.4,0.34282,80.056,51.633,2632.7,25.581,49.989,3101.6,22.353,65.68,230.32,341.11,94.481,77.358,31.995,8.938,26.717,7.0425,18.731,1.6848,32.865,13.96,24.102,1.373,18.704,2.2851,4.7683,2.2573,0.0085195,0.84105,0.10198,53.786,43.787,63.075,53.604,24.999,60.534,22.028,40.7,42.904,46.508,47.537,40.817,19.525,0.008591399999999999,-0.04179300000000019,-2.2239999999997053,0.10690999999999917,0.0036296000000000106,1.6411200000000008,-2.0100000000002183,-0.029210000000006175,-0.5402199999999979,0.37879999999998404,-0.19589999999999463,-0.2253399999999992,0.038762000000000185,0.24380000000000024,-0.002979999999997318,-0.0945599999999942,0.13726000000000127,0.12966199999999994,0.10005999999999915,-0.009957570000000002,0.005094500000000002,0.00470305,0.05029000000000394,0.9699899999999992,-0.744010000000003,-0.13938000000000272,4.827770000000001,-0.06816999999999496,0.23523000000000138,-0.27161999999999864,1.284519999999997,3.6
2020-01-01 03:39:00,0.25322,3669.3,4483.9,9.4488,26.688,42.039,2703.6,74.427,120.4,0.34308,80.049,48.282,2632.3,27.382,49.282,3101.2,23.571,65.684,229.87,341.2,94.612,77.29,31.995,8.938,26.717,7.0425,18.731,1.6848,32.865,13.96,24.102,1.373,18.704,2.2851,4.7683,2.2573,0.0085195,0.84105,0.10198,53.786,43.787,63.424,53.36,24.983,60.3,21.889,40.669,33.045,44.872,47.666,41.248,16.64,0.008751399999999993,0.09620699999999971,-2.423999999999978,-0.6290899999999908,0.003889599999999993,-1.7098800000000054,-2.4099999999998545,-0.7362100000000069,0.677780000000002,-0.07120000000000459,-0.10590000000001965,-0.2253399999999992,0.038762000000000185,0.24380000000000024,-0.002979999999997318,-0.0945599999999942,0.13726000000000127,0.12966199999999994,0.10005999999999915,-0.009957570000000002,0.005094500000000002,0.00470305,0.3992900000000006,0.953990000000001,-0.9780100000000047,-0.27838000000000207,-5.031230000000001,-1.7041699999999977,0.36422999999999917,0.15937999999999874,-1.600480000000001,3.65
2020-01-01 03:42:00,0.26744,3599.8,4511.4,9.4282,26.905,42.555,2704.4,74.432,120.41,0.35486,79.977,49.812,2631.8,24.054,50.32,3101.7,21.96,65.682,233.24,341.13,94.73,77.321,32.33,8.8904,26.79,6.8122,19.034,1.6535,32.984,13.988,24.115,1.3768,18.477,2.2245,4.8988,2.35,0.0085195,0.84105,0.10198,53.786,43.787,62.634,53.952,26.347,61.112,21.797,42.291,37.548,47.275,47.45,40.929,20.468,0.022971400000000003,0.07560699999999976,-1.6239999999997963,-0.6240899999999954,0.015669600000000006,-0.17988000000000426,-2.9099999999998545,0.3017899999999969,-0.9332199999999986,3.2988,-0.17590000000001282,0.10965999999999809,-0.00883800000000079,0.31680000000000064,0.30001999999999995,0.02444000000000557,0.16525999999999996,0.13346199999999997,-0.12694000000000116,-0.009957570000000002,0.005094500000000002,0.00470305,-0.39070999999999856,2.3179900000000018,-0.16601,-0.3703800000000008,-0.5282300000000006,0.698830000000001,0.1482300000000052,-0.15961999999999676,2.2275199999999984,3.7
2020-01-01 03:45:00,0.26765,3614.6,4523.8,9.2368,26.776,42.605,2706.3,75.306,120.37,0.354,79.986,50.099,2634.7,26.006,49.731,3101.7,22.67,65.67,231.28,342.04,94.622,77.249,32.33,8.8904,26.79,6.8122,19.034,1.6535,32.984,13.988,24.115,1.3768,18.477,2.2245,4.8988,2.35,0.018345,0.83919,0.094525,53.801,43.164,62.379,53.804,26.327,63.092,22.437,42.396,38.391,45.912,47.672,40.899,18.802,0.02318139999999999,-0.11579300000000003,0.2760000000002947,0.24990999999999985,0.014809599999999978,0.10711999999999477,-0.010000000000218279,-0.28721000000000174,-0.22321999999999775,1.338799999999992,0.7341000000000122,0.10965999999999809,-0.00883800000000079,0.31680000000000064,0.30001999999999995,0.02444000000000557,0.16525999999999996,0.13346199999999997,-0.12694000000000116,-0.0001320700000000015,0.003234500000000029,-0.002751950000000003,-0.6457100000000011,2.297990000000002,1.8139899999999969,0.26961999999999975,0.3147699999999958,-0.6641699999999986,0.3702299999999994,-0.1896199999999979,0.561519999999998,3.75
2020-01-01 03:48:00,0.23585,3700.3,4454.0,9.3255,26.71,42.517,2707.5,75.264,120.42,0.35835,80.127,51.521,2636.5,26.479,50.145,3104.4,23.24,65.688,232.83,341.87,94.71,77.657,32.112,8.9484,26.796,6.9824,18.741,1.6471,33.62,13.858,24.095,1.2907,18.226,2.236,4.8475,2.2932,0.018345,0.83919,0.094525,53.801,43.164,62.882,53.876,23.129,60.912,22.151,42.822,42.577,46.87,47.604,41.036,17.409,-0.008618600000000004,-0.0270930000000007,1.4760000000001128,0.20790999999999826,0.0191596,1.529119999999999,1.7899999999999636,0.12678999999999974,0.346779999999999,2.8888000000000034,0.5640999999999963,-0.10833999999999833,0.04916199999999904,0.32280000000000086,0.007020000000000692,0.6604400000000012,0.03526000000000096,0.047361999999999904,-0.3779400000000024,-0.0001320700000000015,0.003234500000000029,-0.002751950000000003,-0.142710000000001,-0.9000099999999982,-0.36601000000000283,-0.016380000000001615,4.500769999999996,0.2938299999999998,0.30223000000000155,-0.05261999999999745,-0.8314800000000027,3.8
2020-01-01 03:51:00,0.23681,3688.6,4502.7,9.2918,26.993,41.864,2708.5,73.712,120.43,0.36072,80.283,49.414,2638.0,26.268,50.706,3105.7,22.02,65.749,231.14,341.73,94.558,77.564,32.112,8.9484,26.796,6.9824,18.741,1.6471,33.62,13.858,24.095,1.2907,18.226,2.236,4.8475,2.2932,0.018345,0.83919,0.094525,53.801,43.164,63.082,53.294,23.035,61.252,22.526,42.533,36.375,48.167,47.82,41.716,20.286,-0.007658600000000015,-0.06079300000000032,2.4760000000001128,-1.3440899999999942,0.021529599999999982,-0.5778800000000004,3.2899999999999636,0.6877899999999997,-0.8732199999999999,1.1987999999999772,0.4241000000000099,-0.10833999999999833,0.04916199999999904,0.32280000000000086,0.007020000000000692,0.6604400000000012,0.03526000000000096,0.047361999999999904,-0.3779400000000024,-0.0001320700000000015,0.003234500000000029,-0.002751950000000003,0.05729000000000184,-0.9940099999999994,-0.026009999999999422,0.3586199999999984,-1.7012300000000025,1.590830000000004,0.5182300000000026,0.6273800000000023,2.04552,3.85
2020-01-01 03:54:00,0.2567,3650.1,4500.9,9.409,27.067,42.745,2707.5,75.041,120.41,0.34369,80.112,48.528,2636.1,24.724,49.091,3105.8,23.315,65.793,233.14,341.32,94.621,77.266,32.342,8.9135,26.622,6.9789,18.194,1.6602,33.086,13.712,23.975,1.2497,18.358,2.2249,4.7614,2.2605,0.018345,0.83919,0.094525,53.801,43.164,62.238,54.017,25.156,60.274,22.115,41.292,33.767,44.431,47.705,40.863,17.236,0.012231399999999976,0.056407000000000096,1.4760000000001128,-0.015090000000000714,0.0044995999999999925,-1.4638800000000032,1.3899999999998727,-0.9272100000000023,0.4217800000000018,3.198799999999977,0.014099999999984902,0.12165999999999855,0.014262000000000441,0.14880000000000138,-0.5399799999999999,0.12644000000000233,-0.11073999999999984,0.006361999999999979,-0.24594000000000094,-0.0001320700000000015,0.003234500000000029,-0.002751950000000003,-0.7867099999999994,1.1269899999999993,-1.004010000000001,-0.05238000000000298,-4.3092299999999994,-2.1451700000000002,0.40323000000000064,-0.22561999999999927,-1.004480000000001,3.9
2020-01-01 03:57:00,0.25783,3620.2,4513.1,9.4525,26.734,42.559,2709.1,75.425,120.38,0.34639,80.083,50.707,2638.3,25.199,49.705,3105.8,22.766,65.766,231.73,341.94,94.692,77.339,32.342,8.9135,26.622,6.9789,18.194,1.6602,33.086,13.712,23.975,1.2497,18.358,2.2249,4.7614,2.2605,0.018345,0.83919,0.094525,53.801,43.164,62.752,53.871,25.044,60.43,22.298,40.962,40.181,45.851,47.895,40.932,18.536,0.013361399999999996,0.09990699999999997,3.076000000000022,0.3689099999999996,0.007199599999999973,0.7151199999999989,3.5900000000001455,-0.3132100000000051,-0.12722000000000122,1.7887999999999806,0.6340999999999894,0.12165999999999855,0.014262000000000441,0.14880000000000138,-0.5399799999999999,0.12644000000000233,-0.11073999999999984,0.006361999999999979,-0.24594000000000094,-0.0001320700000000015,0.003234500000000029,-0.002751950000000003,-0.27270999999999646,1.014990000000001,-0.8480100000000022,0.13061999999999685,2.104769999999995,-0.7251699999999985,0.5932300000000055,-0.15661999999999665,0.2955199999999998,3.95
2020-01-01 04:00:00,0.23338,3644.3,4590.6,9.4245,26.89,42.297,2710.2,74.218,120.39,0.32698,80.087,49.64,2639.4,26.399,49.404,3106.3,23.784,65.791,231.12,342.39,94.675,77.345,32.736,9.0659,26.224,6.8735,18.546,1.6655,33.561,13.76,23.993,1.2083,18.463,2.2764,4.8549,2.2731,0.020935,0.83282,0.09077,54.421,44.043,62.275,54.336,22.988,62.352,22.478,39.348,37.042,45.154,47.977,40.536,16.11,-0.011088600000000004,0.0719069999999995,4.175999999999931,-0.838089999999994,-0.01221040000000001,-0.3518800000000013,4.690000000000055,-0.6142099999999999,0.8907799999999995,1.1787999999999954,1.084099999999978,0.5156599999999969,0.16666199999999876,-0.2491999999999983,-0.1879799999999996,0.6014400000000037,-0.0627399999999998,-0.035038000000000125,-0.1409400000000005,0.002457929999999997,-0.0031354999999999578,-0.0065069499999999975,-0.7497100000000003,-1.04101,1.073989999999995,0.3106200000000001,-1.0342300000000009,-1.4221699999999942,0.6752299999999991,-0.5526199999999974,-2.130480000000002,4.0
2020-01-01 04:03:00,0.23354,3647.1,4588.0,9.3573,26.904,42.167,2710.9,74.208,120.39,0.33165,79.961,50.251,2640.2,26.533,50.816,3108.2,23.044,65.747,231.07,342.21,94.546,77.225,32.736,9.0659,26.224,6.8735,18.546,1.6655,33.561,13.76,23.993,1.2083,18.463,2.2764,4.8549,2.2731,0.020935,0.83282,0.09077,54.421,44.043,62.228,54.367,22.972,60.284,22.332,38.779,38.84,48.423,48.032,40.989,17.88,-0.01092860000000001,0.004706999999999795,4.876000000000204,-0.8480899999999991,-0.007540400000000003,0.2591199999999958,5.489999999999782,0.7977899999999991,0.15078000000000102,1.128799999999984,0.9040999999999713,0.5156599999999969,0.16666199999999876,-0.2491999999999983,-0.1879799999999996,0.6014400000000037,-0.0627399999999998,-0.035038000000000125,-0.1409400000000005,0.002457929999999997,-0.0031354999999999578,-0.0065069499999999975,-0.7967099999999974,-1.0570099999999982,-0.994010000000003,0.16461999999999932,0.763770000000001,1.8468300000000042,0.7302299999999988,-0.0996200000000016,-0.3604800000000026,4.05
2020-01-01 04:06:00,0.19084,3639.8,4495.4,9.5429,26.895,42.452,2712.8,74.828,120.42,0.33661,80.013,50.54,2641.5,24.841,48.801,3108.6,22.277,65.732,233.79,342.21,94.675,77.555,32.621,8.9873,26.51,6.9332,18.695,1.656,32.722,13.653,23.878,1.0459,18.367,2.2289,4.8915,2.2247,0.020935,0.83282,0.09077,54.421,44.043,63.236,54.681,18.965,60.306,22.587,39.35,39.69,43.76,47.839,41.573,19.681,-0.0536286,0.1903069999999989,6.776000000000295,-0.22808999999999457,-0.0025803999999999827,0.5481199999999973,6.789999999999964,-1.2172100000000015,-0.6162199999999984,3.848799999999983,0.9040999999999713,0.400660000000002,0.08806199999999897,0.03680000000000305,-0.03897999999999868,-0.2375599999999949,-0.1697399999999991,-0.197438,-0.2369400000000006,0.002457929999999997,-0.0031354999999999578,-0.0065069499999999975,0.2112899999999982,-5.06401,-0.9720100000000045,0.4196199999999983,1.6137699999999953,-2.8161699999999996,0.537230000000001,0.4843800000000016,1.4405199999999994,4.1
2020-01-01 04:09:00,0.19503,3663.8,4514.2,9.5264,27.077,42.505,2712.6,74.937,120.37,0.33453,80.008,50.446,2641.4,27.533,50.727,3109.4,23.173,65.733,231.98,342.15,94.536,77.222,32.621,8.9873,26.51,6.9332,18.695,1.656,32.722,13.653,23.878,1.0459,18.367,2.2289,4.8915,2.2247,0.020935,0.83282,0.09077,54.421,44.043,62.823,54.456,18.552,61.491,22.681,39.604,39.414,48.216,48.051,40.997,17.57,-0.0494386,0.17380700000000004,6.576000000000022,-0.11908999999999992,-0.004660400000000009,0.4541199999999961,6.690000000000055,0.7087899999999934,0.2797799999999988,2.0387999999999806,0.844099999999969,0.400660000000002,0.08806199999999897,0.03680000000000305,-0.03897999999999868,-0.2375599999999949,-0.1697399999999991,-0.197438,-0.2369400000000006,0.002457929999999997,-0.0031354999999999578,-0.0065069499999999975,-0.2017099999999985,-5.47701,0.2129899999999978,0.5136199999999995,1.337769999999999,1.6398300000000035,0.7492300000000043,-0.09161999999999892,-0.6704800000000013,4.15
2020-01-01 04:12:00,0.19767,3627.9,4494.1,9.3787,26.748,42.257,2714.6,74.359,120.44,0.31741,80.088,49.234,2643.8,25.261,49.851,3109.6,22.582,65.727,234.47,342.49,94.619,77.616,32.004,8.9765,26.592,6.6628,18.312,1.6016,33.127,13.959,23.958,1.2598,18.256,2.2274,4.8997,2.25,0.020935,0.83282,0.09077,54.421,44.043,62.897,54.355,19.47,61.005,22.629,38.645,35.845,46.189,47.88,41.889,18.937,-0.046798599999999996,0.026106999999999658,8.576000000000022,-0.6970900000000029,-0.021780399999999978,-0.7578800000000001,9.090000000000146,-0.1672100000000043,-0.3112199999999987,4.52879999999999,1.1841000000000008,-0.21634000000000242,0.07726199999999928,0.11880000000000024,-0.4219799999999978,0.16744000000000625,0.13626000000000005,0.016461999999999977,-0.34794000000000125,0.002457929999999997,-0.0031354999999999578,-0.0065069499999999975,-0.12771000000000043,-4.559010000000001,-0.2730099999999993,0.4616199999999999,-2.2312300000000036,-0.38716999999999757,0.5782300000000049,0.8003800000000041,0.6965199999999996,4.2
2020-01-01 04:15:00,0.19576,3621.7,4534.3,9.4285,26.893,42.44,2713.9,73.947,120.41,0.32164,79.999,51.233,2642.4,24.072,49.987,3109.6,22.908,65.741,233.54,341.94,94.617,77.18,32.004,8.9765,26.592,6.6628,18.312,1.6016,33.127,13.959,23.958,1.2598,18.256,2.2274,4.8997,2.25,0.010425,0.83573,0.089234,53.542,44.042,63.003,53.875,19.657,61.227,22.706,38.129,41.728,46.503,47.848,40.916,18.189,-0.04870860000000002,0.07590699999999906,7.876000000000204,-1.1090899999999948,-0.01755040000000002,1.2411199999999951,7.690000000000055,-0.031210000000001514,0.014780000000001792,3.598799999999983,0.6340999999999894,-0.21634000000000242,0.07726199999999928,0.11880000000000024,-0.4219799999999978,0.16744000000000625,0.13626000000000005,0.016461999999999977,-0.34794000000000125,-0.008052070000000001,-0.0002254999999999896,-0.008042950000000007,-0.021709999999998786,-4.3720099999999995,-0.05101000000000511,0.5386199999999981,3.651769999999999,-0.07316999999999751,0.5462300000000013,-0.172620000000002,-0.051480000000001525,4.25
2020-01-01 04:18:00,0.25755,3721.5,4562.4,9.3853,26.734,42.646,2714.4,75.391,120.43,0.35687,80.037,49.646,2642.5,23.865,49.462,3111.7,21.64,65.738,233.11,342.13,94.492,77.551,32.139,9.0319,26.488,6.8494,18.286,1.6367,33.076,13.791,23.975,1.4019,18.709,2.2594,4.7369,2.2389,0.010425,0.83573,0.089234,53.542,44.042,63.737,54.525,25.064,59.485,22.404,41.991,37.057,45.288,47.866,41.5,21.173,0.013081399999999993,0.032707000000000264,8.376000000000204,0.3349100000000078,0.017679600000000018,-0.3458800000000011,7.789999999999964,-0.5562100000000001,-1.253219999999999,3.1688000000000045,0.8240999999999872,-0.0813399999999973,0.13266199999999984,0.014800000000001035,-0.4479799999999976,0.11644000000000432,-0.03173999999999921,0.15856199999999987,0.10505999999999815,-0.008052070000000001,-0.0002254999999999896,-0.008042950000000007,0.712290000000003,1.0349900000000005,-1.7930100000000024,0.2366199999999985,-1.0192300000000003,-1.288170000000001,0.564230000000002,0.4113800000000012,2.9325199999999967,4.3
2020-01-01 04:21:00,0.25422,3710.4,4563.8,9.3221,27.065,42.168,2712.5,75.209,120.42,0.35944,79.971,47.756,2641.4,23.317,48.667,3111.0,22.299,65.728,234.03,341.96,94.34,77.457,32.139,9.0319,26.488,6.8494,18.286,1.6367,33.076,13.791,23.975,1.4019,18.709,2.2594,4.7369,2.2389,0.010425,0.83573,0.089234,53.542,44.042,63.927,54.508,25.391,60.955,22.135,41.677,31.495,43.449,47.762,41.404,19.619,0.009751399999999993,-0.03049299999999988,6.476000000000113,0.15291000000000565,0.02024959999999998,-2.2358800000000016,6.690000000000055,-1.3512100000000018,-0.59422,4.088799999999992,0.6540999999999713,-0.0813399999999973,0.13266199999999984,0.014800000000001035,-0.4479799999999976,0.11644000000000432,-0.03173999999999921,0.15856199999999987,0.10505999999999815,-0.008052070000000001,-0.0002254999999999896,-0.008042950000000007,0.9022900000000007,1.3619899999999987,-0.32301000000000357,-0.03237999999999985,-6.5812300000000015,-3.1271699999999996,0.4602300000000028,0.31538000000000466,1.3785199999999982,4.35
2020-01-01 04:24:00,0.24288,3712.1,4585.7,9.3905,26.8,42.563,2710.9,74.68,120.41,0.33753,79.836,49.331,2639.4,25.99,50.121,3108.3,22.694,65.706,232.59,341.92,94.45,76.919,32.158,8.8767,26.843,7.086,18.536,1.6917,32.966,13.819,24.397,1.2024,18.368,2.2723,4.8828,2.4196,0.010425,0.83573,0.089234,53.542,44.042,62.381,54.391,24.189,63.869,22.225,39.94,36.131,46.815,47.871,41.436,18.732,-0.0015885999999999956,0.0379069999999988,4.876000000000204,-0.3760899999999907,-0.0016604000000000063,-0.6608799999999988,4.690000000000055,0.10278999999999883,-0.1992200000000004,2.6487999999999943,0.6141000000000076,-0.06233999999999895,-0.022538000000000835,0.36980000000000146,-0.1979799999999976,0.006440000000004886,-0.0037399999999987443,-0.04093800000000014,-0.23594000000000293,-0.008052070000000001,-0.0002254999999999896,-0.008042950000000007,-0.6437099999999987,0.15999000000000052,2.590989999999998,0.057620000000000005,-1.9452300000000022,0.2388300000000001,0.5692300000000046,0.34738000000000113,0.49151999999999774,4.4
2020-01-01 04:27:00,0.24292,3639.8,4514.1,9.3734,26.371,42.681,2711.8,75.004,120.41,0.33685,79.87,49.609,2640.7,26.623,51.79,3109.1,23.302,65.671,232.33,341.58,94.527,77.319,32.158,8.8767,26.843,7.086,18.536,1.6917,32.966,13.819,24.397,1.2024,18.368,2.2723,4.8828,2.4196,0.010425,0.83573,0.089234,53.542,44.042,63.624,55.247,24.186,61.355,22.196,40.023,36.95,50.677,47.877,40.988,17.27,-0.001548600000000011,0.020806999999999576,5.776000000000295,-0.05208999999999264,-0.0023404000000000202,-0.3828800000000001,5.989999999999782,1.7717899999999958,0.40878000000000014,2.3888000000000034,0.2740999999999758,-0.06233999999999895,-0.022538000000000835,0.36980000000000146,-0.1979799999999976,0.006440000000004886,-0.0037399999999987443,-0.04093800000000014,-0.23594000000000293,-0.008052070000000001,-0.0002254999999999896,-0.008042950000000007,0.5992900000000034,0.1569900000000004,0.076989999999995,0.02862000000000009,-1.1262299999999996,4.100830000000002,0.5752300000000048,-0.10061999999999927,-0.970480000000002,4.45
2020-01-01 04:30:00,0.24206,3573.0,4547.9,9.3904,26.863,42.275,2712.5,74.758,120.38,0.33821,79.963,49.518,2641.5,25.956,51.136,3109.2,22.866,65.675,230.51,341.78,94.657,77.516,32.204,8.872,26.719,6.7581,18.151,1.6518,32.65,13.832,24.237,1.2632,18.11,2.2701,4.7924,2.2389,0.0065289,0.81924,0.09287,53.766,44.518,62.617,54.291,23.983,59.622,22.569,40.574,36.68,49.163,48.092,40.89,18.288,-0.0024086000000000107,0.037806999999999036,6.476000000000113,-0.29809000000000196,-0.0009803999999999924,-0.4738800000000012,6.789999999999964,1.1177899999999994,-0.0272199999999998,0.5687999999999818,0.47409999999996444,-0.016339999999999577,-0.02723800000000054,0.24580000000000268,-0.5829799999999992,-0.3095599999999976,0.009260000000001156,0.019862000000000046,-0.49394000000000204,-0.011948170000000001,-0.016715499999999994,-0.004406950000000007,-0.40771000000000157,-0.046009999999998996,-1.656010000000002,0.40161999999999765,-1.3962300000000027,2.586829999999999,0.7902300000000011,-0.19861999999999824,0.047519999999998674,4.5
2020-01-01 04:33:00,0.24406,3596.6,4575.3,9.4379,26.827,42.069,2715.3,75.004,120.37,0.3425,80.179,49.208,2644.7,22.922,50.132,3111.4,23.238,65.712,232.01,341.66,94.697,77.352,32.204,8.872,26.719,6.7581,18.151,1.6518,32.65,13.832,24.237,1.2632,18.11,2.2701,4.7924,2.2389,0.0065289,0.81924,0.09287,53.766,44.518,62.213,53.964,23.786,60.041,22.48,40.051,35.769,46.839,47.969,40.696,17.393,-0.00040860000000000896,0.08530700000000024,9.276000000000295,-0.05208999999999264,0.0033096000000000236,-0.7838800000000035,9.989999999999782,0.1137899999999945,0.3447800000000001,2.0687999999999818,0.35410000000001673,-0.016339999999999577,-0.02723800000000054,0.24580000000000268,-0.5829799999999992,-0.3095599999999976,0.009260000000001156,0.019862000000000046,-0.49394000000000204,-0.011948170000000001,-0.016715499999999994,-0.004406950000000007,-0.8117099999999979,-0.24300999999999817,-1.237010000000005,0.312619999999999,-2.307230000000004,0.262830000000001,0.6672300000000035,-0.39262000000000086,-0.8474800000000009,4.55
2020-01-01 04:36:00,0.23963,3665.9,4588.4,9.3565,27.06,42.046,2716.1,76.024,120.42,0.3417,80.065,51.105,2644.8,24.86,48.293,3113.2,22.665,65.759,234.06,341.7,94.509,77.225,32.563,8.8397,26.673,6.7686,18.744,1.6626,32.9,13.801,24.265,1.1899,18.253,2.2272,4.87,2.2472,0.0065289,0.81924,0.09287,53.766,44.518,63.857,54.824,23.359,59.229,22.462,40.503,41.353,42.584,47.795,41.628,18.766,-0.0048385999999999985,0.003906999999999883,10.076000000000022,0.9679100000000034,0.0025096000000000007,1.113119999999995,10.090000000000146,-1.7252100000000041,-0.2282200000000003,4.118799999999993,0.39409999999998035,0.3426600000000022,-0.05953799999999987,0.19979999999999976,0.010020000000000806,-0.059559999999997615,-0.021739999999999426,-0.0534380000000001,-0.35094000000000136,-0.011948170000000001,-0.016715499999999994,-0.004406950000000007,0.8322900000000004,-0.6700099999999978,-2.0490100000000027,0.2946199999999983,3.276769999999999,-3.9921699999999944,0.49323000000000405,0.5393800000000013,0.5255199999999967,4.6
2020-01-01 04:39:00,0.23521,3702.7,4569.0,9.4606,26.549,42.303,2713.4,75.784,120.4,0.34198,79.931,50.392,2643.1,23.885,49.274,3112.4,22.022,65.754,234.11,342.02,94.462,77.179,32.563,8.8397,26.673,6.7686,18.744,1.6626,32.9,13.801,24.265,1.1899,18.253,2.2272,4.87,2.2472,0.0065289,0.81924,0.09287,53.766,44.518,63.224,55.056,23.795,60.073,22.366,40.469,39.255,44.854,47.801,41.555,20.301,-0.009258600000000006,0.10800699999999885,7.376000000000204,0.7279100000000085,0.002789600000000003,0.40012000000000114,8.389999999999873,-0.7442100000000025,-0.871220000000001,4.1688000000000045,0.7140999999999735,0.3426600000000022,-0.05953799999999987,0.19979999999999976,0.010020000000000806,-0.059559999999997615,-0.021739999999999426,-0.0534380000000001,-0.35094000000000136,-0.011948170000000001,-0.016715499999999994,-0.004406950000000007,0.19928999999999775,-0.23400999999999783,-1.2050100000000015,0.19861999999999824,1.17877,-1.7221699999999984,0.4992300000000043,0.4663800000000009,2.060519999999997,4.65
2020-01-01 04:42:00,0.20148,3686.4,4500.9,9.4523,26.541,42.229,2711.7,74.457,120.38,0.33618,79.879,47.848,2640.5,25.876,50.881,3109.6,22.897,65.73,231.68,341.48,94.582,77.047,32.466,8.9844,26.472,6.7589,18.33,1.6489,32.832,13.755,24.091,1.2016,18.916,2.2603,4.8035,2.1825,0.0065289,0.81924,0.09287,53.766,44.518,63.525,54.47,19.892,61.119,22.024,40.329,31.768,48.572,48.029,41.181,18.24,-0.042988600000000016,0.09970699999999866,5.675999999999931,-0.5990900000000039,-0.003010400000000024,-2.143880000000003,5.789999999999964,0.8627899999999968,0.0037799999999990064,1.7387999999999977,0.1741000000000099,0.24566000000000088,0.0851620000000004,-0.0011999999999972033,-0.40398000000000067,-0.12755999999999545,-0.0677399999999988,-0.04173800000000005,0.3120599999999989,-0.011948170000000001,-0.016715499999999994,-0.004406950000000007,0.5002899999999997,-4.13701,-0.1590100000000021,-0.1433800000000005,-6.308230000000002,1.995830000000005,0.7272300000000058,0.09237999999999857,-0.0004800000000031446,4.7
2020-01-01 04:45:00,0.20467,3666.4,4501.6,9.3244,26.536,42.42,2710.5,75.708,120.41,0.33599,80.007,49.471,2639.8,25.027,51.815,3107.5,23.138,65.706,231.59,341.65,94.449,77.042,32.466,8.9844,26.472,6.7589,18.33,1.6489,32.832,13.755,24.091,1.2016,18.916,2.2603,4.8035,2.1825,0.01587,0.84436,0.092245,53.58,43.77,63.868,54.461,19.578,61.633,22.303,40.353,36.543,50.734,47.612,41.404,17.666,-0.03979860000000002,-0.028192999999999913,4.476000000000113,0.6519100000000009,-0.003200399999999992,-0.5208800000000053,5.0900000000001455,1.7967899999999943,0.24478000000000222,1.6487999999999943,0.344099999999969,0.24566000000000088,0.0851620000000004,-0.0011999999999972033,-0.40398000000000067,-0.12755999999999545,-0.0677399999999988,-0.04173800000000005,0.3120599999999989,-0.002607070000000003,0.008404500000000037,-0.005031950000000007,0.8432900000000032,-4.45101,0.3549900000000008,0.1356199999999994,-1.5332300000000032,4.157830000000004,0.3102300000000042,0.31538000000000466,-0.5744800000000012,4.75
2020-01-01 04:48:00,0.21017,3705.4,4533.1,9.318,26.826,42.653,2708.6,75.471,120.39,0.33143,79.905,49.865,2637.5,25.651,50.429,3106.6,22.5,65.69,229.22,340.54,94.575,77.102,32.151,8.8897,26.661,6.9748,18.513,1.6194,32.956,13.561,24.664,1.208,18.043,2.2526,4.8073,2.3343,0.01587,0.84436,0.092245,53.58,43.77,63.394,55.142,20.213,59.027,22.22,39.625,37.702,47.528,47.646,40.968,19.189,-0.03429860000000001,-0.034593000000000984,2.576000000000022,0.4149100000000061,-0.007760400000000001,-0.12687999999999988,2.7899999999999636,0.41078999999999866,-0.39321999999999946,-0.7212000000000103,-0.7658999999999878,-0.06933999999999685,-0.009538000000000935,0.18780000000000285,-0.2209799999999973,-0.0035599999999931242,-0.26173999999999964,-0.03533800000000009,-0.5609400000000022,-0.002607070000000003,0.008404500000000037,-0.005031950000000007,0.36928999999999945,-3.8160099999999986,-2.251010000000001,0.05261999999999745,-0.3742300000000043,0.9518300000000011,0.34423000000000314,-0.12061999999999529,0.9485199999999985,4.8
2020-01-01 04:51:00,0.20725,3681.3,4565.4,9.2901,27.11,42.234,2706.6,76.018,120.4,0.33243,79.837,49.986,2635.3,25.35,48.572,3105.8,24.204,65.659,232.63,340.2,94.601,77.071,32.151,8.8897,26.661,6.9748,18.513,1.6194,32.956,13.561,24.664,1.208,18.043,2.2526,4.8073,2.3343,0.01587,0.84436,0.092245,53.58,43.77,63.81,54.755,20.5,60.165,22.093,39.503,38.058,43.228,47.166,41.56,15.154,-0.03721860000000002,-0.06249299999999991,0.5760000000000218,0.9619100000000032,-0.0067604,-0.00588000000000477,0.5900000000001455,-1.4462100000000007,1.3107800000000012,2.6887999999999863,-1.1059000000000196,-0.06933999999999685,-0.009538000000000935,0.18780000000000285,-0.2209799999999973,-0.0035599999999931242,-0.26173999999999964,-0.03533800000000009,-0.5609400000000022,-0.002607070000000003,0.008404500000000037,-0.005031950000000007,0.7852900000000034,-3.5290099999999995,-1.1130100000000027,-0.07438000000000144,-0.018230000000002633,-3.348169999999996,-0.13577000000000083,0.47138000000000346,-3.0864800000000017,4.85
2020-01-01 04:54:00,0.23735,3597.4,4585.4,9.4012,26.793,42.522,2707.2,74.875,120.38,0.30865,79.933,50.02,2635.5,24.678,50.771,3104.7,23.406,65.648,230.46,340.2,94.528,77.06,32.183,8.6256,26.472,6.885,19.25,1.63,33.277,13.647,24.134,1.1293,18.396,2.2326,4.8742,2.1476,0.01587,0.84436,0.092245,53.58,43.77,63.374,54.126,23.287,58.168,21.897,36.961,38.16,48.319,47.183,40.943,17.059,-0.007118600000000003,0.048606999999998735,1.1759999999999309,-0.18108999999999753,-0.030540400000000023,0.028120000000001255,0.7899999999999636,0.7527899999999974,0.5127799999999993,0.5187999999999988,-1.1059000000000196,-0.03734000000000037,-0.27363800000000005,-0.0011999999999972033,0.516020000000001,0.31744000000000483,-0.17573999999999934,-0.11403800000000008,-0.20794000000000068,-0.002607070000000003,0.008404500000000037,-0.005031950000000007,0.34929000000000343,-0.7420100000000005,-3.1100100000000026,-0.27038000000000295,0.08376999999999413,1.742830000000005,-0.11876999999999782,-0.14562000000000097,-1.1814800000000005,4.9
2020-01-01 04:57:00,0.23867,3643.2,4542.7,9.2815,27.035,42.358,2707.4,74.362,120.4,0.31056,79.963,51.676,2634.8,25.189,49.972,3105.4,22.157,65.621,229.47,339.47,94.749,76.918,32.183,8.6256,26.472,6.885,19.25,1.63,33.277,13.647,24.134,1.1293,18.396,2.2326,4.8742,2.1476,0.01587,0.84436,0.092245,53.58,43.77,62.586,54.636,23.156,61.341,21.773,36.729,43.033,46.47,47.096,41.173,20.04,-0.005798600000000015,-0.07109300000000118,1.3760000000002037,-0.6940900000000028,-0.0286304,1.68412,0.09000000000014552,-0.04621000000000208,-0.7362199999999994,-0.4712000000000103,-1.835899999999981,-0.03734000000000037,-0.27363800000000005,-0.0011999999999972033,0.516020000000001,0.31744000000000483,-0.17573999999999934,-0.11403800000000008,-0.20794000000000068,-0.002607070000000003,0.008404500000000037,-0.005031950000000007,-0.4387100000000004,-0.8730100000000007,0.06298999999999921,-0.39438000000000173,4.956769999999999,-0.10616999999999877,-0.20577000000000112,0.08438000000000301,1.7995199999999976,4.95
2020-01-01 05:00:00,0.23419,3658.2,4484.0,9.2584,26.826,42.232,2706.3,75.22,120.37,0.31606,79.903,50.784,2635.1,24.82,50.592,3105.6,21.774,65.604,231.69,339.67,94.839,77.03,31.922,8.8022,26.487,6.9432,19.408,1.6691,32.07,13.68,24.074,1.2417,18.606,2.2551,4.8378,2.2419,0.0066634,0.83519,0.10342,53.35,43.629,63.069,53.513,23.033,61.607,21.821,38.032,40.408,47.904,47.361,40.734,20.96,-0.010278599999999999,-0.09419300000000064,0.2760000000002947,0.16391000000000133,-0.023130399999999995,0.792119999999997,0.38999999999987267,0.5737899999999954,-1.1192199999999985,1.7487999999999886,-1.6358999999999924,-0.2983399999999996,-0.09703800000000129,0.013799999999999812,0.6740200000000023,-0.8895599999999959,-0.14273999999999987,-0.0016380000000000283,0.002060000000000173,-0.011813670000000002,-0.0007654999999999745,0.006143049999999997,0.044290000000003715,-0.9960099999999983,0.32898999999999745,-0.3463799999999999,2.331769999999999,1.3278300000000058,0.05922999999999945,-0.35461999999999705,2.7195199999999993,5.0
2020-01-01 05:03:00,0.2371,3675.1,4435.4,9.3342,26.65,42.167,2706.7,74.398,120.39,0.3147,79.976,51.608,2635.0,26.724,49.936,3104.9,23.035,65.616,233.15,339.87,94.677,77.136,31.922,8.8022,26.487,6.9432,19.408,1.6691,32.07,13.68,24.074,1.2417,18.606,2.2551,4.8378,2.2419,0.0066634,0.83519,0.10342,53.35,43.629,62.779,54.095,22.747,59.872,22.034,38.199,42.831,46.386,47.333,41.049,17.967,-0.007368600000000003,-0.018393000000001436,0.6759999999999309,-0.6580900000000014,-0.024490400000000023,1.6161199999999951,0.2899999999999636,-0.08221000000000345,0.14178000000000068,3.2087999999999965,-1.4359000000000037,-0.2983399999999996,-0.09703800000000129,0.013799999999999812,0.6740200000000023,-0.8895599999999959,-0.14273999999999987,-0.0016380000000000283,0.002060000000000173,-0.011813670000000002,-0.0007654999999999745,0.006143049999999997,-0.24570999999999543,-1.2820099999999996,-1.406010000000002,-0.1333800000000025,4.754770000000001,-0.19016999999999484,0.031230000000000757,-0.03961999999999932,-0.27348000000000283,5.05
2020-01-01 05:06:00,0.2627,3634.5,4469.5,9.2408,26.654,42.852,2706.4,75.437,120.39,0.32176,80.025,50.505,2634.8,25.791,49.528,3105.3,24.082,65.632,231.14,339.83,94.705,77.203,31.777,8.8025,26.4,6.8339,18.557,1.6471,32.198,13.697,24.566,1.4018,19.062,2.2801,4.7941,2.3351,0.0066634,0.83519,0.10342,53.35,43.629,62.936,53.206,25.457,60.3,21.716,37.977,39.587,45.443,47.613,41.382,15.472,0.01823139999999998,-0.11179300000000048,0.3760000000002037,0.3809100000000001,-0.017430400000000013,0.5131200000000007,0.09000000000014552,-0.4902100000000047,1.1887800000000013,1.1987999999999772,-1.4759000000000242,-0.4433399999999992,-0.09673800000000021,-0.07319999999999993,-0.17698000000000036,-0.7615599999999958,-0.1257400000000004,0.15846199999999988,0.4580599999999997,-0.011813670000000002,-0.0007654999999999745,0.006143049999999997,-0.08870999999999896,1.4279900000000012,-0.9780100000000047,-0.45138000000000034,1.5107700000000008,-1.1331699999999998,0.3112300000000019,0.2933799999999991,-2.768480000000002,5.1
2020-01-01 05:09:00,0.2599,3638.7,4471.6,9.3164,27.338,42.112,2707.8,76.135,120.41,0.32115,80.134,51.041,2635.9,24.815,50.257,3105.9,22.048,65.682,232.86,339.52,94.69,77.407,31.777,8.8025,26.4,6.8339,18.557,1.6471,32.198,13.697,24.566,1.4018,19.062,2.2801,4.7941,2.3351,0.0066634,0.83519,0.10342,53.35,43.629,62.865,53.181,25.733,60.617,22.239,38.052,41.164,47.13,47.556,41.104,20.279,0.015431400000000012,-0.03619300000000081,1.7760000000002947,1.0789100000000076,-0.018040400000000012,1.049119999999995,1.1900000000000546,0.2387899999999945,-0.8452200000000012,2.9188000000000045,-1.7859000000000265,-0.4433399999999992,-0.09673800000000021,-0.07319999999999993,-0.17698000000000036,-0.7615599999999958,-0.1257400000000004,0.15846199999999988,0.4580599999999997,-0.011813670000000002,-0.0007654999999999745,0.006143049999999997,-0.1597099999999969,1.703990000000001,-0.6610100000000045,0.07161999999999935,3.087769999999999,0.5538300000000049,0.25422999999999973,0.015380000000000393,2.0385199999999983,5.15
2020-01-01 05:12:00,0.28011,3670.9,4539.8,9.3905,26.967,42.621,2710.0,76.635,120.41,0.31932,80.222,51.031,2637.6,24.551,49.414,3108.4,22.727,65.723,229.25,339.36,94.634,77.094,32.504,8.9362,26.685,6.7301,18.748,1.6053,32.667,13.755,24.119,1.2465,18.868,2.2225,4.7134,2.2349,0.0066634,0.83519,0.10342,53.35,43.629,63.263,54.42,27.21,61.814,21.639,38.542,41.134,45.178,47.974,41.658,18.684,0.03564140000000002,0.0379069999999988,3.9760000000001128,1.5789100000000076,-0.01987040000000001,1.039119999999997,2.8899999999998727,-0.6042100000000019,-0.16621999999999915,-0.6912000000000091,-1.9458999999999946,0.2836599999999976,0.03696199999999905,0.2118000000000002,0.014020000000002142,-0.2925599999999946,-0.0677399999999988,0.003161999999999887,0.2640599999999971,-0.011813670000000002,-0.0007654999999999745,0.006143049999999997,0.23828999999999922,3.1809900000000013,0.5359899999999982,-0.5283800000000021,3.057769999999998,-1.3981700000000004,0.672229999999999,0.5693800000000024,0.44351999999999947,5.2
2020-01-01 05:15:00,0.27773,3673.8,4546.2,9.2988,26.783,42.438,2707.5,75.003,120.41,0.32022,80.009,49.311,2636.5,24.768,49.607,3107.3,22.88,65.75,231.49,339.65,94.624,77.098,32.504,8.9362,26.685,6.7301,18.748,1.6053,32.667,13.755,24.119,1.2465,18.868,2.2225,4.7134,2.2349,0.024554,0.83954,0.10789,53.396,44.029,63.212,54.342,27.444,60.543,21.834,38.433,36.073,45.624,47.642,41.121,18.328,0.03326139999999997,-0.053793000000000646,1.4760000000001128,-0.05308999999999742,-0.0189704,-0.6808800000000019,1.7899999999999636,-0.4112100000000041,-0.013220000000000454,1.5488,-1.655900000000031,0.2836599999999976,0.03696199999999905,0.2118000000000002,0.014020000000002142,-0.2925599999999946,-0.0677399999999988,0.003161999999999887,0.2640599999999971,0.006076929999999998,0.0035844999999999905,0.010613049999999999,0.1872900000000044,3.4149899999999995,-0.7350100000000026,-0.3333800000000018,-2.003230000000002,-0.9521699999999953,0.34023000000000536,0.032380000000003406,0.08751999999999782,5.25
2020-01-01 05:18:00,0.2097,3716.1,4534.0,9.2926,26.865,41.832,2705.9,75.274,120.42,0.32135,79.986,48.159,2634.5,27.152,51.834,3104.4,23.329,65.729,231.34,339.78,94.531,76.901,31.726,8.7556,26.767,7.029,18.533,1.6566,32.686,13.756,24.176,1.2209,18.764,2.2737,4.865,2.3109,0.024554,0.83954,0.10789,53.396,44.029,63.49,54.04,20.393,62.24,22.022,39.703,32.681,50.778,47.655,41.271,17.283,-0.03476860000000001,-0.05999300000000041,-0.12399999999979627,0.21791000000000338,-0.01784039999999998,-1.832880000000003,-0.21000000000003638,1.8157899999999998,0.43578000000000117,1.3987999999999943,-1.5259000000000356,-0.4943400000000011,-0.14363800000000104,0.29380000000000095,-0.20097999999999772,-0.27355999999999625,-0.06673999999999936,-0.022437999999999958,0.16005999999999787,0.006076929999999998,0.0035844999999999905,0.010613049999999999,0.4652900000000031,-3.636009999999999,0.9619900000000001,-0.14538000000000295,-5.395230000000005,4.201830000000001,0.3532300000000035,0.18238000000000198,-0.9574800000000003,5.3
2020-01-01 05:21:00,0.20792,3709.9,4470.0,9.2037,26.358,42.193,2703.8,74.41,120.4,0.32679,80.024,50.478,2631.6,25.552,50.202,3103.3,22.329,65.737,230.5,338.95,94.608,77.032,31.726,8.7556,26.767,7.029,18.533,1.6566,32.686,13.756,24.176,1.2209,18.764,2.2737,4.865,2.3109,0.024554,0.83954,0.10789,53.396,44.029,63.597,54.806,20.568,58.954,21.32,39.04,39.507,47.001,47.728,41.045,19.652,-0.036548600000000014,-0.14889300000000105,-2.2239999999997053,-0.6460900000000009,-0.012400399999999978,0.48611999999999966,-3.1100000000001273,0.1837899999999948,-0.5642199999999988,0.5587999999999909,-2.3559000000000196,-0.4943400000000011,-0.14363800000000104,0.29380000000000095,-0.20097999999999772,-0.27355999999999625,-0.06673999999999936,-0.022437999999999958,0.16005999999999787,0.006076929999999998,0.0035844999999999905,0.010613049999999999,0.5722900000000024,-3.461009999999998,-2.3240100000000012,-0.8473800000000011,1.4307699999999954,0.42483000000000004,0.4262300000000039,-0.043619999999997106,1.4115199999999994,5.35
2020-01-01 05:24:00,0.28559,3667.7,4546.7,9.3112,26.893,42.597,2701.5,75.115,120.38,0.32491,79.936,49.707,2629.9,25.759,49.272,3102.2,22.931,65.703,232.54,338.99,94.598,76.998,32.158,8.8583,26.361,6.9129,18.969,1.6528,32.578,13.885,23.848,1.3258,19.036,2.2888,4.7717,2.2893,0.024554,0.83954,0.10789,53.396,44.029,61.704,54.439,27.879,63.887,21.456,39.185,37.239,44.849,47.546,40.154,18.248,0.0411214,-0.04139300000000112,-4.523999999999887,0.05890999999999735,-0.014280400000000026,-0.28488000000000113,-4.809999999999945,-0.7462100000000049,0.03778000000000148,2.598799999999983,-2.315899999999999,-0.06233999999999895,-0.040938000000000585,-0.11219999999999786,0.23502000000000223,-0.38155999999999324,0.062260000000000204,0.08246200000000004,0.4320599999999999,0.006076929999999998,0.0035844999999999905,0.010613049999999999,-1.3207099999999983,3.849990000000002,2.6089899999999986,-0.7113800000000019,-0.8372300000000052,-1.727170000000001,0.24423000000000172,-0.9346199999999953,0.007519999999999527,5.4
2020-01-01 05:27:00,0.28382,3642.5,4526.7,9.1234,27.088,41.755,2704.0,75.293,120.4,0.32534,80.031,50.433,2632.1,26.612,50.864,3103.9,22.863,65.668,231.72,338.72,94.805,77.418,32.158,8.8583,26.361,6.9129,18.969,1.6528,32.578,13.885,23.848,1.3258,19.036,2.2888,4.7717,2.2893,0.024554,0.83954,0.10789,53.396,44.029,62.137,54.678,28.053,62.298,21.879,39.133,39.376,48.534,47.622,40.59,18.385,0.03935140000000001,-0.22919300000000042,-2.0239999999998872,0.23691000000000884,-0.013850399999999985,0.44111999999999796,-2.6100000000001273,0.8457899999999938,-0.030219999999999914,1.7787999999999897,-2.585899999999981,-0.06233999999999895,-0.040938000000000585,-0.11219999999999786,0.23502000000000223,-0.38155999999999324,0.062260000000000204,0.08246200000000004,0.4320599999999999,0.006076929999999998,0.0035844999999999905,0.010613049999999999,-0.8877099999999984,4.023990000000001,1.01999,-0.2883800000000001,1.2997699999999952,1.9578300000000013,0.32023000000000224,-0.4986199999999954,0.14451999999999998,5.45
2020-01-01 05:30:00,0.24867,3640.4,4529.2,9.3013,27.044,41.988,2705.0,75.244,120.39,0.337,80.168,51.875,2633.6,25.596,51.064,3104.3,21.786,65.722,230.97,339.42,94.657,77.123,31.907,8.8834,26.671,6.8921,18.963,1.6015,32.322,13.899,24.507,1.2354,18.673,2.2931,4.8021,2.2501,0.019422,0.84075,0.10242,53.708,42.662,63.108,53.583,23.791,60.888,21.837,41.175,43.618,48.995,47.799,40.741,20.952,0.004201399999999994,-0.05129300000000114,-1.0239999999998872,0.18791000000000224,-0.0021903999999999813,1.8831199999999981,-1.1100000000001273,1.0457899999999967,-1.107219999999998,1.0287999999999897,-1.8858999999999924,-0.3133400000000002,-0.015838000000000463,0.19780000000000086,0.229020000000002,-0.6375599999999935,0.07625999999999955,-0.007938,0.06905999999999679,0.0009449299999999966,0.004794500000000035,0.005143049999999996,0.08328999999999809,-0.23800999999999917,-0.39001000000000374,-0.3303800000000017,5.54177,2.41883,0.49723000000000184,-0.34761999999999915,2.71152,5.5
2020-01-01 05:33:00,0.24427,3651.1,4487.2,9.259,26.971,42.535,2704.2,75.415,120.39,0.3396,80.259,49.822,2632.7,24.956,50.545,3104.8,23.766,65.785,231.36,338.84,94.719,77.519,31.907,8.8834,26.671,6.8921,18.963,1.6015,32.322,13.899,24.507,1.2354,18.673,2.2931,4.8021,2.2501,0.019422,0.84075,0.10242,53.708,42.662,62.923,54.085,24.223,59.491,21.507,40.858,37.576,47.796,47.81,40.364,16.215,-0.00019860000000002098,-0.09359300000000026,-1.8240000000000691,0.3589100000000087,0.00040960000000000996,-0.16987999999999914,-2.0100000000002183,0.5267899999999983,0.8727799999999988,1.4188000000000045,-2.4659000000000333,-0.3133400000000002,-0.015838000000000463,0.19780000000000086,0.229020000000002,-0.6375599999999935,0.07625999999999955,-0.007938,0.06905999999999679,0.0009449299999999966,0.004794500000000035,0.005143049999999996,-0.10170999999999708,0.19398999999999944,-1.7870100000000022,-0.66038,-0.500230000000002,1.2198300000000017,0.5082300000000046,-0.7246200000000016,-2.0254800000000017,5.55
2020-01-01 05:36:00,0.27073,3652.1,4491.1,9.1611,26.919,42.295,2704.0,75.309,120.4,0.3421,80.277,49.761,2631.8,24.544,49.221,3103.9,23.431,65.823,231.01,338.81,94.565,77.239,31.932,8.9409,26.32,6.8495,19.16,1.6557,32.414,13.823,24.541,1.3277,18.893,2.2523,4.8882,2.2442,0.019422,0.84075,0.10242,53.708,42.662,63.07,54.021,26.725,63.006,21.516,41.028,37.396,44.731,47.884,40.633,17.015,0.026261400000000018,-0.19149300000000125,-2.0239999999998872,0.25290999999999997,0.002909600000000012,-0.23087999999999909,-2.9099999999998545,-0.7972100000000069,0.5377800000000015,1.0687999999999818,-2.495900000000006,-0.2883400000000016,0.041661999999998756,-0.15319999999999823,0.4260200000000012,-0.5455599999999947,0.00026000000000081513,0.08436200000000005,0.2890599999999992,0.0009449299999999966,0.004794500000000035,0.005143049999999996,0.045290000000001385,2.695990000000002,1.7279899999999984,-0.6513800000000032,-0.6802300000000017,-1.845169999999996,0.5822300000000027,-0.45561999999999614,-1.225480000000001,5.6
2020-01-01 05:39:00,0.27066,3697.3,4528.7,9.2825,26.983,42.262,2702.1,75.699,120.4,0.34357,79.995,50.823,2629.2,26.385,49.882,3102.4,23.744,65.801,232.63,339.11,94.845,76.924,31.932,8.9409,26.32,6.8495,19.16,1.6557,32.414,13.823,24.541,1.3277,18.893,2.2523,4.8882,2.2442,0.019422,0.84075,0.10242,53.708,42.662,62.293,53.571,26.732,59.633,21.483,40.849,40.523,46.262,47.784,40.64,16.319,0.026191400000000004,-0.07009299999999996,-3.923999999999978,0.6429100000000005,0.0043795999999999835,0.8311199999999985,-5.510000000000218,-0.1362100000000055,0.8507800000000003,2.6887999999999863,-2.1958999999999946,-0.2883400000000016,0.041661999999998756,-0.15319999999999823,0.4260200000000012,-0.5455599999999947,0.00026000000000081513,0.08436200000000005,0.2890599999999992,0.0009449299999999966,0.004794500000000035,0.005143049999999996,-0.7317099999999996,2.70299,-1.6450099999999992,-0.6843800000000009,2.4467700000000008,-0.3141699999999972,0.48223000000000127,-0.44861999999999824,-1.9214800000000025,5.65
2020-01-01 05:42:00,0.27119,3659.1,4485.5,9.2798,26.973,42.471,2701.1,75.462,120.4,0.33657,79.97,49.183,2628.7,26.747,49.672,3100.2,22.992,65.747,232.48,338.84,94.588,76.945,32.112,8.8167,26.797,6.8634,18.596,1.6671,32.591,13.846,23.859,1.291,19.032,2.2317,4.8702,2.2344,0.019422,0.84075,0.10242,53.708,42.662,63.333,53.556,26.757,61.388,21.716,39.725,35.696,45.774,47.846,41.23,18.116,0.02672139999999998,-0.07279300000000077,-4.923999999999978,0.40591000000000577,-0.0026204000000000227,-0.808880000000002,-6.010000000000218,-0.34621000000000635,0.09878000000000142,2.5387999999999806,-2.4659000000000333,-0.10833999999999833,-0.08253799999999956,0.3238000000000021,-0.13797999999999888,-0.3685599999999951,0.023260000000000502,0.04766199999999987,0.42805999999999855,0.0009449299999999966,0.004794500000000035,0.005143049999999996,0.3082899999999995,2.727990000000002,0.10998999999999626,-0.45138000000000034,-2.3802300000000045,-0.8021699999999967,0.5442299999999989,0.14137999999999806,-0.12448000000000192,5.7
2020-01-01 05:45:00,0.27072,3664.7,4487.4,9.2002,26.99,42.402,2701.6,75.061,120.38,0.33309,80.116,49.158,2629.7,25.918,48.709,3100.2,23.506,65.752,230.47,338.77,94.711,77.201,32.112,8.8167,26.797,6.8634,18.596,1.6671,32.591,13.846,23.859,1.291,19.032,2.2317,4.8702,2.2344,0.019934,0.86313,0.10426,54.588,43.847,63.237,53.533,26.803,62.128,21.689,40.15,35.621,43.546,48.112,40.187,16.875,0.026251400000000008,-0.152393,-4.423999999999978,0.004910000000009518,-0.006100400000000006,-0.8338800000000006,-5.010000000000218,-1.3092100000000002,0.6127800000000008,0.5287999999999897,-2.5359000000000265,-0.10833999999999833,-0.08253799999999956,0.3238000000000021,-0.13797999999999888,-0.3685599999999951,0.023260000000000502,0.04766199999999987,0.42805999999999855,0.0014569299999999986,0.02717449999999999,0.0069830500000000045,0.21229000000000298,2.7739900000000013,0.8499899999999982,-0.47838000000000136,-2.4552300000000002,-3.0301699999999983,0.8102300000000042,-0.9016200000000012,-1.3654800000000016,5.75
2020-01-01 05:48:00,0.25427,3665.8,4551.8,9.2523,27.202,42.072,2699.5,74.874,120.41,0.33485,80.085,51.817,2627.4,25.285,49.332,3101.1,23.068,65.786,233.82,338.55,94.669,77.332,32.124,8.7538,26.612,6.8983,18.888,1.709,32.409,13.671,24.377,1.3099,19.192,2.2797,4.7841,2.3023,0.019934,0.86313,0.10426,54.588,43.847,63.119,54.13,25.329,60.847,21.334,40.574,43.447,44.988,47.876,41.708,17.907,0.009801399999999988,-0.10029300000000063,-6.523999999999887,-0.1820900000000023,-0.004340400000000022,1.8251199999999983,-7.309999999999945,-0.6862100000000027,0.17478000000000193,3.878799999999984,-2.755899999999997,-0.09633999999999787,-0.1454380000000004,0.1387999999999998,0.1540200000000027,-0.5505599999999973,-0.1517400000000002,0.06656200000000001,0.5880599999999987,0.0014569299999999986,0.02717449999999999,0.0069830500000000045,0.09429000000000087,1.299990000000001,-0.43101000000000056,-0.8333800000000018,5.37077,-1.588169999999998,0.57423,0.6193799999999996,-0.33348000000000155,5.8
2020-01-01 05:51:00,0.25586,3668.5,4535.6,9.356,26.851,42.274,2702.6,75.666,120.4,0.33954,80.438,51.606,2631.5,23.965,48.956,3102.6,22.139,65.831,233.59,338.86,94.642,77.608,32.124,8.7538,26.612,6.8983,18.888,1.709,32.409,13.671,24.377,1.3099,19.192,2.2797,4.7841,2.3023,0.019934,0.86313,0.10426,54.588,43.847,63.074,54.323,25.173,60.563,21.504,40.002,42.826,44.119,47.956,41.356,20.076,0.011391399999999968,0.0034069999999992717,-3.423999999999978,0.6099099999999993,0.00034960000000000546,1.6141199999999998,-3.2100000000000364,-1.0622100000000003,-0.7542200000000001,3.6487999999999943,-2.4458999999999946,-0.09633999999999787,-0.1454380000000004,0.1387999999999998,0.1540200000000027,-0.5505599999999973,-0.1517400000000002,0.06656200000000001,0.5880599999999987,0.0014569299999999986,0.02717449999999999,0.0069830500000000045,0.04928999999999917,1.1439899999999987,-0.7150099999999995,-0.6633800000000001,4.749769999999998,-2.457169999999998,0.6542300000000054,0.26738000000000284,1.835519999999999,5.85
2020-01-01 05:54:00,0.25633,3658.0,4517.8,9.2872,27.135,42.446,2700.7,74.566,120.39,0.31942,80.306,48.965,2628.5,24.407,50.0,3101.4,23.123,65.887,232.58,338.21,94.663,77.075,32.058,8.8317,26.596,6.8093,19.044,1.6483,32.606,14.056,24.138,1.2808,19.059,2.2738,4.8115,2.3348,0.019934,0.86313,0.10426,54.588,43.847,62.95,53.826,25.033,62.418,21.39,37.661,35.055,46.534,48.101,40.517,17.769,0.011861399999999994,-0.06539300000000026,-5.324000000000069,-0.49008999999999503,-0.01977040000000002,-1.0268799999999985,-6.210000000000036,-0.01821000000000339,0.22978000000000165,2.6388000000000034,-3.0959000000000287,-0.16234000000000037,-0.06753800000000076,0.12280000000000157,0.3100200000000015,-0.35355999999999455,0.23325999999999958,0.037461999999999884,0.4550599999999996,0.0014569299999999986,0.02717449999999999,0.0069830500000000045,-0.07470999999999606,1.0039900000000017,1.1399899999999974,-0.7773800000000008,-3.0212300000000027,-0.04216999999999871,0.7992300000000014,-0.5716199999999958,-0.47148000000000323,5.9
2020-01-01 05:57:00,0.25654,3676.1,4512.3,9.2355,27.35,42.315,2698.9,74.915,120.39,0.31679,80.193,49.909,2627.0,24.821,50.028,3101.1,23.058,65.903,232.52,337.93,94.665,77.348,32.058,8.8317,26.596,6.8093,19.044,1.6483,32.606,14.056,24.138,1.2808,19.059,2.2738,4.8115,2.3348,0.019934,0.86313,0.10426,54.588,43.847,62.637,53.892,25.013,59.703,21.52,37.983,37.833,46.598,48.163,41.301,17.914,0.012071399999999982,-0.11709300000000056,-7.123999999999796,-0.14108999999999128,-0.022400399999999987,-0.08288000000000295,-7.710000000000036,0.009789999999995302,0.16478000000000037,2.578800000000001,-3.3759000000000015,-0.16234000000000037,-0.06753800000000076,0.12280000000000157,0.3100200000000015,-0.35355999999999455,0.23325999999999958,0.037461999999999884,0.4550599999999996,0.0014569299999999986,0.02717449999999999,0.0069830500000000045,-0.38770999999999844,0.9839900000000021,-1.575009999999999,-0.6473800000000018,-0.24323000000000405,0.02183000000000135,0.861229999999999,0.21238000000000312,-0.3264800000000001,5.95
2020-01-01 06:00:00,0.26057,3717.2,4497.7,9.2809,26.795,42.076,2698.7,75.101,120.4,0.36215,80.219,50.775,2627.0,25.278,50.664,3099.2,23.545,65.912,235.83,338.23,94.67,77.09,31.701,8.8768,26.31,6.9334,19.109,1.6931,32.068,13.892,24.394,1.2918,18.497,2.2465,4.8269,2.3239,0.02114,0.85512,0.097902,53.694,43.288,62.738,53.652,26.077,60.506,21.486,42.821,40.382,48.07,48.528,40.829,16.775,0.016101400000000016,-0.07169299999999978,-7.324000000000069,0.04491000000000156,0.022959600000000024,0.7831199999999967,-7.710000000000036,0.6457899999999981,0.6517800000000022,5.888800000000003,-3.07589999999999,-0.5193399999999997,-0.022438000000001068,-0.1631999999999998,0.3750200000000028,-0.8915599999999984,0.06925999999999988,0.048462000000000005,-0.10694000000000159,0.0026629299999999974,0.01916450000000003,0.000625050000000002,-0.28670999999999935,2.047990000000002,-0.7720100000000016,-0.6813800000000008,2.3057699999999954,1.4938300000000027,1.226230000000001,-0.2596199999999982,-1.465480000000003,6.0
2020-01-01 06:03:00,0.26405,3696.5,4519.2,9.2498,27.097,42.502,2696.6,75.24,120.42,0.35816,80.195,50.693,2625.4,25.691,51.161,3097.4,23.313,65.926,236.01,338.19,94.562,77.126,31.701,8.8768,26.31,6.9334,19.109,1.6931,32.068,13.892,24.394,1.2918,18.497,2.2465,4.8269,2.3239,0.02114,0.85512,0.097902,53.694,43.288,63.094,53.395,25.735,59.991,21.455,43.308,40.14,49.221,48.832,41.559,17.332,0.0195814,-0.10279300000000013,-9.423999999999978,0.18390999999999735,0.018969599999999975,0.701119999999996,-9.309999999999945,1.142789999999998,0.4197799999999994,6.068799999999982,-3.1159000000000106,-0.5193399999999997,-0.022438000000001068,-0.1631999999999998,0.3750200000000028,-0.8915599999999984,0.06925999999999988,0.048462000000000005,-0.10694000000000159,0.0026629299999999974,0.01916450000000003,0.000625050000000002,0.0692900000000023,1.70599,-1.2870100000000022,-0.7123800000000031,2.063769999999998,2.644829999999999,1.530230000000003,0.4703799999999987,-0.9084800000000008,6.05
2020-01-01 06:06:00,0.30214,3642.1,4504.3,9.2918,27.115,42.464,2696.2,75.821,120.38,0.34573,80.116,50.692,2623.0,25.298,50.087,3095.9,23.153,65.947,235.62,337.76,94.724,77.184,31.877,8.7334,26.459,6.995,19.137,1.6334,32.149,13.779,23.309,1.3822,19.003,2.3153,4.8285,2.281,0.02114,0.85512,0.097902,53.694,43.288,62.952,53.363,29.404,59.939,21.282,40.648,40.136,46.736,49.184,40.721,17.712,0.05767140000000001,-0.06079300000000032,-9.82400000000007,0.7649100000000004,0.006539599999999979,0.7001199999999983,-11.710000000000036,0.0687899999999999,0.25977999999999923,5.678799999999995,-3.5459000000000174,-0.3433400000000013,-0.16583800000000082,-0.01419999999999888,0.4030200000000015,-0.8105599999999953,-0.04373999999999967,0.13886200000000004,0.39905999999999864,0.0026629299999999974,0.01916450000000003,0.000625050000000002,-0.07271000000000072,5.37499,-1.3390100000000018,-0.8853800000000014,2.0597700000000003,0.15982999999999947,1.8822299999999998,-0.3676200000000023,-0.5284800000000018,6.1
2020-01-01 06:09:00,0.29854,3649.0,4475.8,9.3396,27.039,42.406,2697.3,75.06,120.39,0.34209,80.312,49.539,2624.9,23.405,50.26,3098.0,22.89,65.975,237.42,338.08,94.727,77.462,31.877,8.7334,26.459,6.995,19.137,1.6334,32.149,13.779,23.309,1.3822,19.003,2.3153,4.8285,2.281,0.02114,0.85512,0.097902,53.694,43.288,62.833,53.704,29.759,60.359,21.387,41.092,36.744,47.135,49.339,40.717,18.314,0.05407140000000002,-0.01299299999999981,-8.723999999999705,0.003910000000004743,0.002899600000000002,-0.4528800000000004,-9.809999999999945,0.24178999999999462,-0.0032199999999988904,7.478799999999978,-3.225900000000024,-0.3433400000000013,-0.16583800000000082,-0.01419999999999888,0.4030200000000015,-0.8105599999999953,-0.04373999999999967,0.13886200000000004,0.39905999999999864,0.0026629299999999974,0.01916450000000003,0.000625050000000002,-0.1917100000000005,5.729990000000001,-0.9190100000000001,-0.780380000000001,-1.3322300000000027,0.5588300000000004,2.037230000000001,-0.37162000000000006,0.07351999999999848,6.15
2020-01-01 06:12:00,0.2884,3617.6,4482.7,9.3,26.911,42.436,2697.7,74.978,120.38,0.32952,80.29,49.729,2626.4,23.506,49.669,3097.2,23.245,66.041,237.88,338.82,94.768,77.208,31.804,8.9647,26.278,7.1414,19.566,1.6975,32.464,13.926,23.79,1.189,18.53,2.2378,4.8739,2.223,0.02114,0.85512,0.097902,53.694,43.288,62.756,53.495,28.225,61.786,21.732,39.613,37.304,45.768,49.612,40.546,17.487,0.04393139999999998,-0.05259299999999989,-8.32400000000007,-0.0780900000000031,-0.009670400000000023,-0.26288000000000267,-8.309999999999945,-0.34921000000000646,0.35178000000000154,7.938799999999986,-2.485900000000015,-0.4163400000000017,0.06546200000000013,-0.19519999999999982,0.83202,-0.49555999999999756,0.10326000000000057,-0.054338,-0.07394000000000034,0.0026629299999999974,0.01916450000000003,0.000625050000000002,-0.26870999999999867,4.195990000000002,0.5079899999999995,-0.4353800000000021,-0.7722300000000004,-0.808169999999997,2.3102300000000042,-0.5426199999999994,-0.7534800000000033,6.2
2020-01-01 06:15:00,0.28564,3619.8,4478.1,9.3444,26.808,42.373,2696.8,75.371,120.4,0.33064,80.095,50.18,2624.5,24.555,50.552,3095.9,24.444,66.048,237.33,338.85,94.771,76.896,31.804,8.9647,26.278,7.1414,19.566,1.6975,32.464,13.926,23.79,1.189,18.53,2.2378,4.8739,2.223,0.0042718,0.86157,0.10134,53.891,43.674,62.718,53.549,28.496,58.457,21.555,39.477,38.629,47.81,49.813,40.629,14.681,0.0411714,-0.008193000000000339,-9.223999999999705,0.3149099999999976,-0.008550400000000014,0.18811999999999784,-10.210000000000036,0.5337899999999962,1.5507799999999996,7.388800000000003,-2.4558999999999855,-0.4163400000000017,0.06546200000000013,-0.19519999999999982,0.83202,-0.49555999999999756,0.10326000000000057,-0.054338,-0.07394000000000034,-0.014205270000000002,0.025614499999999985,0.004063049999999999,-0.3067099999999954,4.466989999999999,-2.821010000000001,-0.6123800000000017,0.5527699999999953,1.2338300000000046,2.5112300000000047,-0.459620000000001,-3.5594800000000024,6.25
2020-01-01 06:18:00,0.29949,3572.2,4430.6,9.4731,26.907,42.25,2697.7,75.276,120.38,0.34713,80.146,51.201,2625.8,25.178,49.846,3095.5,23.482,66.045,241.61,339.38,94.903,77.139,32.067,9.0284,26.472,6.9127,18.949,1.6448,32.772,13.926,23.8,1.3778,19.266,2.3119,4.9217,2.2945,0.0042718,0.86157,0.10134,53.891,43.674,62.076,52.969,29.244,61.796,21.872,41.461,41.634,46.178,49.675,40.43,16.953,0.05502139999999997,0.12050699999999992,-8.32400000000007,0.21990999999999872,0.007939599999999991,1.2091199999999986,-8.909999999999854,-0.17221000000000686,0.5887799999999999,11.668800000000005,-1.9259000000000128,-0.15334000000000003,0.1291619999999991,-0.0011999999999972033,0.21502000000000265,-0.18755999999999773,0.10326000000000057,0.13446199999999986,0.6620599999999968,-0.014205270000000002,0.025614499999999985,0.004063049999999999,-0.9487099999999984,5.21499,0.5179899999999975,-0.29538000000000153,3.557769999999998,-0.39817000000000036,2.3732299999999995,-0.6586199999999991,-1.2874800000000022,6.3
2020-01-01 06:21:00,0.29712,3604.2,4473.7,9.3125,26.573,42.847,2698.7,75.084,120.4,0.3487,80.099,49.117,2626.4,24.861,50.944,3097.9,23.736,66.03,240.12,339.6,94.846,77.559,32.067,9.0284,26.472,6.9127,18.949,1.6448,32.772,13.926,23.8,1.3778,19.266,2.3119,4.9217,2.2945,0.0042718,0.86157,0.10134,53.891,43.674,61.526,52.452,29.477,62.716,21.521,41.271,35.5,48.719,50.052,40.473,16.322,0.05265139999999999,-0.0400930000000006,-7.324000000000069,0.027910000000005653,0.009509600000000007,-0.8748800000000045,-8.309999999999945,0.9257899999999992,0.8427800000000012,10.178799999999995,-1.7058999999999855,-0.15334000000000003,0.1291619999999991,-0.0011999999999972033,0.21502000000000265,-0.18755999999999773,0.10326000000000057,0.13446199999999986,0.6620599999999968,-0.014205270000000002,0.025614499999999985,0.004063049999999999,-1.4987099999999955,5.447990000000001,1.4379899999999992,-0.6463800000000006,-2.5762300000000025,2.1428300000000036,2.750230000000002,-0.6156199999999998,-1.9184800000000024,6.35
2020-01-01 06:24:00,0.27571,3657.1,4479.9,9.3515,26.802,42.474,2704.1,75.084,120.41,0.3483,80.515,50.474,2633.3,24.688,48.813,3101.4,23.397,66.11,240.5,339.83,94.819,77.664,31.771,8.8613,26.417,6.8677,19.444,1.6379,32.4,13.7,23.785,1.1867,19.273,2.2775,4.7496,2.2931,0.0042718,0.86157,0.10134,53.891,43.674,62.485,53.81,27.09,62.493,22.164,41.455,39.495,43.788,50.256,41.823,17.085,0.031241400000000003,-0.0010930000000008988,-1.9239999999999782,0.027910000000005653,0.009109599999999995,0.4821199999999948,-1.4099999999998545,-1.205210000000001,0.503779999999999,10.55879999999999,-1.4759000000000242,-0.4493399999999994,-0.03793800000000047,-0.05619999999999692,0.7100200000000001,-0.5595599999999976,-0.1227400000000003,-0.056637999999999966,0.6690599999999982,-0.014205270000000002,0.025614499999999985,0.004063049999999999,-0.5397099999999995,3.0609900000000003,1.2149900000000002,-0.0033799999999999386,1.418769999999995,-2.788170000000001,2.9542300000000026,0.7343800000000016,-1.1554800000000007,6.4
2020-01-01 06:27:00,0.27423,3643.2,4486.7,9.4173,26.532,42.019,2702.3,74.746,120.42,0.34322,80.279,50.306,2630.2,26.738,50.836,3102.2,23.253,66.186,242.42,339.76,94.619,77.115,31.771,8.8613,26.417,6.8677,19.444,1.6379,32.4,13.7,23.785,1.1867,19.273,2.2775,4.7496,2.2931,0.0042718,0.86157,0.10134,53.891,43.674,62.723,53.729,27.237,60.964,21.502,42.074,38.999,48.469,50.32,40.762,17.462,0.029761399999999966,0.06470699999999852,-3.7239999999997053,-0.3100900000000024,0.004029600000000022,0.3141199999999955,-4.510000000000218,0.8177899999999951,0.35978000000000065,12.478799999999978,-1.5459000000000174,-0.4493399999999994,-0.03793800000000047,-0.05619999999999692,0.7100200000000001,-0.5595599999999976,-0.1227400000000003,-0.056637999999999966,0.6690599999999982,-0.014205270000000002,0.025614499999999985,0.004063049999999999,-0.3017099999999999,3.207989999999999,-0.31401000000000323,-0.6653800000000025,0.9227699999999999,1.8928300000000036,3.0182300000000026,-0.32661999999999836,-0.7784800000000018,6.45
2020-01-01 06:30:00,0.30707,3647.9,4447.4,9.2846,26.536,42.445,2703.6,75.16,120.44,0.32385,80.15,49.05,2631.3,25.398,50.759,3101.3,22.066,66.214,242.11,340.38,94.651,77.238,32.314,9.0746,26.477,6.8036,18.846,1.6237,32.549,13.887,23.624,1.1327,18.888,2.2596,4.8666,2.3151,0.034299,0.85572,0.091241,53.117,43.547,63.031,52.913,30.197,61.827,21.587,38.378,35.305,48.291,50.792,41.374,20.281,0.0626014,-0.0679930000000013,-2.423999999999978,0.10390999999999906,-0.015340399999999976,-0.9418800000000047,-3.4099999999998545,0.740789999999997,-0.8272200000000005,12.168800000000005,-0.9259000000000128,0.09365999999999985,0.1753619999999998,0.003800000000001802,0.11202000000000112,-0.4105599999999967,0.06426000000000087,-0.11063800000000001,0.2840600000000002,0.01582193,0.019764500000000074,-0.006035949999999998,0.006289999999999907,6.16799,0.5489899999999963,-0.5803800000000017,-2.7712300000000027,1.7148299999999992,3.490230000000004,0.2853800000000035,2.0405199999999972,6.5
2020-01-01 06:33:00,0.30597,3642.8,4386.0,9.2936,26.626,42.372,2703.1,74.639,120.4,0.32438,80.108,47.689,2631.9,25.942,50.774,3100.6,23.13,66.193,243.06,340.81,94.622,77.389,32.314,9.0746,26.477,6.8036,18.846,1.6237,32.549,13.887,23.624,1.1327,18.888,2.2596,4.8666,2.3151,0.034299,0.85572,0.091241,53.117,43.547,63.118,53.649,30.304,61.78,22.161,38.312,31.298,48.326,51.034,41.008,17.743,0.06150140000000001,-0.05899300000000096,-2.923999999999978,-0.41709000000000174,-0.014810400000000001,-2.302880000000002,-2.8099999999999454,0.7557899999999975,0.23677999999999955,13.118799999999993,-0.495900000000006,0.09365999999999985,0.1753619999999998,0.003800000000001802,0.11202000000000112,-0.4105599999999967,0.06426000000000087,-0.11063800000000001,0.2840600000000002,0.01582193,0.019764500000000074,-0.006035949999999998,0.0932900000000032,6.274989999999999,0.5019899999999993,-0.006380000000000052,-6.778230000000004,1.7498300000000029,3.7322300000000013,-0.08061999999999614,-0.49748000000000303,6.55
2020-01-01 06:36:00,0.25579,3672.4,4497.2,9.3572,26.446,42.716,2701.8,74.471,120.41,0.34215,80.048,48.501,2630.0,23.062,50.413,3101.3,23.865,66.206,245.45,340.77,94.58,76.978,32.098,9.0441,26.095,6.9147,18.6,1.6552,32.984,13.761,23.973,1.3613,19.1,2.2858,4.8931,2.3408,0.034299,0.85572,0.091241,53.117,43.547,63.215,53.725,25.205,62.108,21.618,41.123,33.689,47.489,51.149,40.624,16.025,0.01132140000000001,0.004607000000000028,-4.223999999999705,-0.5850899999999939,0.0029596000000000067,-1.4908800000000042,-4.710000000000036,0.3947899999999933,0.971779999999999,15.50879999999998,-0.5359000000000265,-0.12234000000000123,0.14486199999999982,-0.37819999999999965,-0.13397999999999755,0.02444000000000557,-0.06174000000000035,0.1179619999999999,0.49605999999999995,0.01582193,0.019764500000000074,-0.006035949999999998,0.1902900000000045,1.1759899999999988,0.8299899999999951,-0.5493800000000029,-4.387230000000002,0.9128299999999996,3.8472300000000033,-0.4646199999999965,-2.215480000000003,6.6
2020-01-01 06:39:00,0.25614,3638.2,4489.5,9.3303,27.148,42.537,2701.3,74.167,120.42,0.34201,79.952,49.303,2629.6,24.285,51.886,3098.6,22.098,66.184,246.85,341.31,94.596,77.225,32.098,9.0441,26.095,6.9147,18.6,1.6552,32.984,13.761,23.973,1.3613,19.1,2.2858,4.8931,2.3408,0.034299,0.85572,0.091241,53.117,43.547,63.802,53.817,25.17,60.645,22.054,41.139,36.05,50.899,51.351,41.612,20.217,0.01167139999999997,-0.02229300000000123,-4.723999999999705,-0.8890899999999959,0.0028195999999999777,-0.6888800000000046,-5.110000000000127,1.8677899999999994,-0.7952200000000005,16.908799999999985,0.004099999999993997,-0.12234000000000123,0.14486199999999982,-0.37819999999999965,-0.13397999999999755,0.02444000000000557,-0.06174000000000035,0.1179619999999999,0.49605999999999995,0.01582193,0.019764500000000074,-0.006035949999999998,0.7772900000000007,1.1409900000000022,-0.6330099999999987,-0.11338000000000292,-2.0262300000000053,4.322830000000003,4.049230000000001,0.5233800000000031,1.9765199999999972,6.65
2020-01-01 06:42:00,0.2753,3635.3,4487.6,9.4343,26.775,43.066,2703.4,74.455,120.39,0.33033,80.082,49.253,2632.1,27.203,49.557,3100.9,21.889,66.2,246.39,341.64,94.537,77.367,32.093,8.8441,25.895,6.7512,18.855,1.6747,32.633,13.871,24.079,1.4583,18.146,2.2843,4.7418,2.3864,0.034299,0.85572,0.091241,53.117,43.547,62.9,54.451,27.351,60.383,22.288,39.195,35.902,45.509,51.717,40.431,20.702,0.03083139999999998,0.08170699999999975,-2.6239999999997963,-0.6010899999999992,-0.00886039999999999,-0.7388800000000018,-2.6100000000001273,-0.46121000000000123,-1.0042200000000001,16.448799999999977,0.3340999999999781,-0.12733999999999668,-0.05513800000000124,-0.5781999999999989,0.12102000000000146,-0.3265599999999935,0.04826000000000086,0.21496199999999988,-0.4579400000000007,0.01582193,0.019764500000000074,-0.006035949999999998,-0.12471000000000032,3.3219899999999996,-0.8950099999999992,0.12061999999999884,-2.1742300000000014,-1.0671699999999973,4.415230000000001,-0.6576200000000014,2.46152,6.7
2020-01-01 06:45:00,0.27784,3648.4,4523.5,9.3492,26.837,42.187,2706.6,74.492,120.4,0.32942,80.265,50.745,2635.7,24.503,51.595,3103.3,24.136,66.25,245.36,341.83,94.57,77.64,32.093,8.8441,25.895,6.7512,18.855,1.6747,32.633,13.871,24.079,1.4583,18.146,2.2843,4.7418,2.3864,0.016788,0.84273,0.090548,53.619,44.063,62.676,54.021,27.101,62.12,22.366,39.307,40.293,50.226,52.025,41.91,15.328,0.03337139999999997,-0.0033930000000008675,0.5760000000000218,-0.5640899999999931,-0.009770400000000012,0.7531199999999956,0.9899999999997817,1.5767899999999955,1.2427799999999998,15.418800000000005,0.5240999999999758,-0.12733999999999668,-0.05513800000000124,-0.5781999999999989,0.12102000000000146,-0.3265599999999935,0.04826000000000086,0.21496199999999988,-0.4579400000000007,-0.0016890700000000008,0.006774500000000017,-0.006728949999999997,-0.34870999999999697,3.0719899999999996,0.8419899999999956,0.19861999999999824,2.216769999999997,3.6498300000000015,4.723230000000001,0.8213799999999978,-2.912480000000002,6.75
2020-01-01 06:48:00,0.27776,3687.0,4500.2,9.4343,27.152,42.53,2706.7,74.871,120.41,0.34276,80.326,49.537,2635.6,25.057,50.181,3105.6,22.088,66.378,246.5,341.55,94.498,77.117,32.256,8.8784,26.332,6.9446,18.864,1.6595,33.1,13.73,24.032,1.1856,18.547,2.2573,4.8947,2.219,0.016788,0.84273,0.090548,53.619,44.063,63.491,53.682,27.405,59.801,22.279,40.603,36.738,46.953,52.193,40.766,20.21,0.0332914,0.08170699999999975,0.6759999999999309,-0.18509000000000242,0.003569600000000006,-0.45488000000000284,0.8899999999998727,0.162789999999994,-0.8052199999999985,16.55879999999999,0.2441000000000031,0.035660000000000025,-0.020838000000001244,-0.14119999999999777,0.1300200000000018,0.14044000000000523,-0.09273999999999916,-0.05773800000000007,-0.05694000000000088,-0.0016890700000000008,0.006774500000000017,-0.006728949999999997,0.46629000000000076,3.3759900000000016,-1.47701,0.1116199999999985,-1.338230000000003,0.3768300000000053,4.89123,-0.3226200000000006,1.9695199999999993,6.8
2020-01-01 06:51:00,0.27881,3693.7,4460.9,9.4184,27.166,42.357,2705.0,74.184,120.41,0.34277,80.035,51.046,2633.4,24.991,50.803,3103.3,23.691,66.366,249.64,341.7,94.39,76.997,32.256,8.8784,26.332,6.9446,18.864,1.6595,33.1,13.73,24.032,1.1856,18.547,2.2573,4.8947,2.219,0.016788,0.84273,0.090548,53.619,44.063,63.375,54.153,27.302,61.282,22.372,40.602,41.179,48.392,52.185,41.467,16.421,0.034341399999999994,0.0658069999999995,-1.0239999999998872,-0.87209,0.003579600000000016,1.0541199999999975,-1.3099999999999454,0.7847899999999939,0.7977799999999995,19.698799999999977,0.39409999999998035,0.035660000000000025,-0.020838000000001244,-0.14119999999999777,0.1300200000000018,0.14044000000000523,-0.09273999999999916,-0.05773800000000007,-0.05694000000000088,-0.0016890700000000008,0.006774500000000017,-0.006728949999999997,0.3502900000000011,3.27299,0.003989999999994609,0.20461999999999847,3.1027699999999996,1.8158300000000054,4.883230000000005,0.37837999999999994,-1.8194800000000022,6.85
2020-01-01 06:54:00,0.26431,3612.7,4495.4,9.3247,26.855,42.182,2706.0,74.029,120.39,0.32827,80.106,50.905,2634.7,24.934,48.739,3102.8,23.197,66.381,249.02,342.12,94.598,77.139,32.575,8.8905,26.635,6.8024,18.997,1.5903,32.948,13.645,23.904,1.1416,18.663,2.2726,4.9161,2.3435,0.016788,0.84273,0.090548,53.619,44.063,63.105,53.705,25.645,58.946,22.172,38.569,40.762,43.616,52.511,41.271,17.583,0.01984139999999998,-0.027893000000000612,-0.023999999999887223,-1.0270900000000012,-0.010920399999999997,0.9131199999999993,-0.010000000000218279,-1.2792100000000062,0.3037799999999997,19.0788,0.8140999999999963,0.35466000000000264,-0.008738000000001023,0.16180000000000305,0.2630200000000009,-0.011559999999995796,-0.17774,-0.1017380000000001,0.05905999999999878,-0.0016890700000000008,0.006774500000000017,-0.006728949999999997,0.08028999999999797,1.61599,-2.332010000000004,0.00461999999999918,2.685769999999998,-2.960169999999998,5.209230000000005,0.18238000000000198,-0.6574800000000032,6.9
2020-01-01 06:57:00,0.26218,3619.5,4489.3,9.46,26.952,42.842,2705.6,73.804,120.43,0.32613,80.034,48.756,2635.4,25.481,50.289,3101.9,23.02,66.392,250.46,342.13,94.553,77.197,32.575,8.8905,26.635,6.8024,18.997,1.5903,32.948,13.645,23.904,1.1416,18.663,2.2726,4.9161,2.3435,0.016788,0.84273,0.090548,53.619,44.063,62.989,53.778,25.855,62.455,22.529,38.829,34.44,47.202,52.654,41.975,17.995,0.017711400000000016,0.10740700000000025,-0.42399999999997817,-1.2520899999999955,-0.013060400000000028,-1.2358800000000016,0.6900000000000546,0.2707899999999981,0.12678000000000011,20.5188,0.8240999999999872,0.35466000000000264,-0.008738000000001023,0.16180000000000305,0.2630200000000009,-0.011559999999995796,-0.17774,-0.1017380000000001,0.05905999999999878,-0.0016890700000000008,0.006774500000000017,-0.006728949999999997,-0.035710000000001685,1.825990000000001,1.1769899999999964,0.3616199999999985,-3.6362300000000047,0.6258300000000006,5.352230000000006,0.8863800000000026,-0.2454800000000006,6.95
2020-01-01 07:00:00,0.22927,3700.0,4481.5,9.3468,27.022,42.209,2707.5,74.548,120.38,0.31904,80.163,50.401,2635.5,24.611,50.666,3103.8,23.786,66.419,250.01,342.54,94.643,77.369,32.12,8.7942,26.33,6.8692,18.75,1.6614,33.102,13.741,23.821,1.2798,18.394,2.248,4.8201,2.3136,0.02884,0.84753,0.11585,53.592,43.933,62.858,53.517,22.551,60.778,22.561,37.216,39.28,48.076,52.656,40.663,16.15,-0.015198600000000007,-0.005793000000000603,1.4760000000001128,-0.5080899999999957,-0.020150400000000013,0.4091200000000015,0.7899999999999636,0.6477899999999934,0.8927800000000019,20.06879999999998,1.2341000000000122,-0.10034000000000276,-0.10503800000000041,-0.14320000000000022,0.016020000000001033,0.14244000000000057,-0.08173999999999992,0.036461999999999994,-0.20994000000000312,0.01036293,0.011574500000000043,0.018573049999999994,-0.1667100000000019,-1.4780100000000012,-0.5000100000000032,0.3936199999999985,1.2037699999999987,1.4998300000000029,5.354230000000001,-0.4256200000000021,-2.090480000000003,7.0
2020-01-01 07:03:00,0.23256,3692.1,4446.0,9.3226,26.808,42.085,2706.7,75.018,120.43,0.31456,80.082,47.932,2636.4,24.561,52.274,3102.0,22.823,66.457,248.3,342.34,94.378,77.163,32.12,8.7942,26.33,6.8692,18.75,1.6614,33.102,13.741,23.821,1.2798,18.394,2.248,4.8201,2.3136,0.02884,0.84753,0.11585,53.592,43.933,62.995,53.943,22.228,61.318,22.363,37.763,32.015,51.797,52.941,42.13,18.451,-0.01190860000000002,-0.029993000000001047,0.6759999999999309,-0.03808999999999685,-0.024630399999999997,-2.0598799999999997,1.6900000000000546,2.2557899999999975,-0.07021999999999906,18.358800000000002,1.0340999999999667,-0.10034000000000276,-0.10503800000000041,-0.14320000000000022,0.016020000000001033,0.14244000000000057,-0.08173999999999992,0.036461999999999994,-0.20994000000000312,0.01036293,0.011574500000000043,0.018573049999999994,-0.029710000000001457,-1.801009999999998,0.03998999999999597,0.19561999999999813,-6.061230000000002,5.220829999999999,5.639230000000005,1.0413800000000037,0.21051999999999893,7.05
2020-01-01 07:06:00,0.27075,3648.4,4472.1,9.3626,26.473,42.546,2704.7,75.031,120.37,0.3256,79.833,50.555,2633.1,23.516,50.926,3099.4,23.223,66.426,248.86,342.59,94.603,76.965,32.138,8.8613,26.307,6.8001,18.683,1.6285,33.347,13.876,24.119,1.2284,18.702,2.214,4.8258,2.2877,0.02884,0.84753,0.11585,53.592,43.933,63.205,54.222,26.804,62.382,22.381,38.787,39.733,48.677,53.027,40.975,17.529,0.026281399999999983,0.010006999999999877,-1.3240000000000691,-0.02508999999999162,-0.013590400000000002,0.5631199999999978,-1.6100000000001273,0.9077899999999985,0.3297799999999995,18.918800000000005,1.2840999999999667,-0.08234000000000208,-0.03793800000000047,-0.1661999999999999,-0.05097999999999914,0.3874400000000051,0.05325999999999986,-0.014938000000000118,0.09806000000000026,0.01036293,0.011574500000000043,0.018573049999999994,0.1802899999999994,2.774989999999999,1.103989999999996,0.2136199999999988,1.6567699999999945,2.100830000000002,5.725230000000003,-0.11361999999999739,-0.7114800000000017,7.1
2020-01-01 07:09:00,0.27165,3658.0,4520.1,9.2907,27.14,42.562,2704.5,75.082,120.39,0.32566,79.654,49.787,2633.0,25.865,50.024,3100.5,22.955,66.372,254.05,342.54,94.627,76.809,32.138,8.8613,26.307,6.8001,18.683,1.6285,33.347,13.876,24.119,1.2284,18.702,2.214,4.8258,2.2877,0.02884,0.84753,0.11585,53.592,43.933,63.039,53.647,26.714,61.015,22.508,38.78,37.475,46.59,52.706,41.848,18.206,0.027181399999999994,-0.06189300000000131,-1.5239999999998872,0.025909999999996103,-0.013530399999999998,-0.20488000000000284,-1.7100000000000364,0.005789999999997519,0.061779999999998836,24.108800000000002,1.2341000000000122,-0.08234000000000208,-0.03793800000000047,-0.1661999999999999,-0.05097999999999914,0.3874400000000051,0.05325999999999986,-0.014938000000000118,0.09806000000000026,0.01036293,0.011574500000000043,0.018573049999999994,0.014290000000002578,2.684989999999999,-0.2630100000000013,0.3406199999999977,-0.601230000000001,0.013830000000005782,5.404230000000005,0.7593800000000002,-0.034480000000002065,7.15
2020-01-01 07:12:00,0.26779,3668.2,4500.7,9.4557,26.588,42.233,2705.4,74.771,120.38,0.34481,79.795,50.331,2634.7,26.63,51.028,3101.1,22.592,66.308,253.56,342.5,94.516,77.484,32.185,8.8435,26.685,7.1086,18.751,1.6741,33.321,13.67,24.172,1.0032,18.488,2.259,4.838,2.3009,0.02884,0.84753,0.11585,53.592,43.933,63.514,54.052,26.882,60.722,22.357,40.042,39.073,48.912,52.89,40.323,19.028,0.023321399999999964,0.10310699999999962,-0.6239999999997963,-0.28508999999999673,0.005619600000000002,0.3391200000000012,-0.010000000000218279,1.0097899999999953,-0.3012200000000007,23.618799999999993,1.1940999999999917,-0.03533999999999793,-0.05573799999999984,0.2118000000000002,0.017020000000002256,0.36144000000000176,-0.15273999999999965,-0.24013799999999996,-0.11594000000000193,0.01036293,0.011574500000000043,0.018573049999999994,0.489290000000004,2.852990000000002,-0.5560100000000006,0.1896199999999979,0.9967699999999979,2.3358300000000014,5.588230000000003,-0.7656199999999984,0.7875199999999971,7.2
2020-01-01 07:15:00,0.27041,3663.9,4482.5,9.402,27.031,42.087,2710.7,75.827,120.43,0.34239,80.284,49.716,2640.1,24.378,49.942,3105.8,22.474,66.407,251.76,342.83,94.447,78.202,32.185,8.8435,26.685,7.1086,18.751,1.6741,33.321,13.67,24.172,1.0032,18.488,2.259,4.838,2.3009,0.0033582,0.82158,0.11177,54.578,43.739,63.588,54.27,26.624,61.454,22.991,40.337,37.265,46.4,53.327,42.088,19.225,0.025941399999999976,0.049406999999998646,4.675999999999931,0.7709100000000007,0.0031996000000000246,-0.2758800000000008,5.389999999999873,-0.07621000000000322,-0.41921999999999926,21.81879999999998,1.5240999999999758,-0.03533999999999793,-0.05573799999999984,0.2118000000000002,0.017020000000002256,0.36144000000000176,-0.15273999999999965,-0.24013799999999996,-0.11594000000000193,-0.015118870000000001,-0.014375499999999986,0.014493049999999993,0.5632900000000021,2.5949899999999992,0.17598999999999876,0.8236199999999982,-0.8112300000000019,-0.17616999999999905,6.0252300000000005,0.9993800000000022,0.9845199999999998,7.25
2020-01-01 07:18:00,0.26562,3610.3,4466.4,9.4934,26.899,42.249,2711.2,75.901,120.38,0.31937,80.321,50.399,2639.6,23.035,48.162,3107.4,22.612,66.52,252.09,342.64,94.555,77.496,32.587,8.9465,26.683,6.8573,18.669,1.6783,33.172,13.817,23.921,1.1462,18.673,2.2734,4.8461,2.2696,0.0033582,0.82158,0.11177,54.578,43.739,61.737,54.305,26.25,59.262,22.495,37.547,39.275,42.281,53.484,40.879,18.916,0.021151400000000015,0.1408069999999988,5.175999999999931,0.8449099999999987,-0.019820400000000016,0.40711999999999904,4.889999999999873,-1.8562100000000044,-0.28122000000000114,22.148799999999994,1.334099999999978,0.3666600000000031,0.047261999999999915,0.20980000000000132,-0.06497999999999848,0.21244000000000085,-0.005739999999999412,-0.09713799999999995,0.06905999999999679,-0.015118870000000001,-0.014375499999999986,0.014493049999999993,-1.287709999999997,2.2209900000000005,-2.0160100000000014,0.3276199999999996,1.1987699999999961,-4.295169999999999,6.182230000000004,-0.20962000000000103,0.6755199999999988,7.3
2020-01-01 07:21:00,0.26626,3596.7,4522.1,9.3457,26.747,42.191,2709.7,73.796,120.39,0.32283,80.01,49.772,2639.1,25.034,49.399,3105.7,22.551,66.593,253.53,343.07,94.675,76.961,32.587,8.9465,26.683,6.8573,18.669,1.6783,33.172,13.817,23.921,1.1462,18.673,2.2734,4.8461,2.2696,0.0033582,0.82158,0.11177,54.578,43.739,61.971,53.638,26.187,62.204,22.51,37.126,37.43,45.143,53.544,41.012,19.107,0.02179139999999999,-0.006892999999999816,3.675999999999931,-1.260089999999991,-0.016360399999999997,-0.2198800000000034,4.389999999999873,-0.6192100000000025,-0.3422200000000011,23.588799999999992,1.764099999999985,0.3666600000000031,0.047261999999999915,0.20980000000000132,-0.06497999999999848,0.21244000000000085,-0.005739999999999412,-0.09713799999999995,0.06905999999999679,-0.015118870000000001,-0.014375499999999986,0.014493049999999993,-1.0537100000000024,2.1579900000000016,0.9259899999999988,0.34262000000000015,-0.6462300000000027,-1.433169999999997,6.242229999999999,-0.07661999999999836,0.8665199999999977,7.35
2020-01-01 07:24:00,0.22404,3639.1,4451.7,9.6072,27.002,42.513,2709.9,75.257,120.39,0.33407,79.875,51.402,2639.2,24.479,50.644,3104.3,22.862,66.553,254.8,343.75,94.704,77.048,32.653,8.9137,26.155,6.7733,19.168,1.6504,33.194,13.824,23.821,1.2792,18.622,2.2372,4.8538,2.3798,0.0033582,0.82158,0.11177,54.578,43.739,63.351,54.694,22.285,59.587,22.873,39.568,42.226,48.024,53.624,40.619,18.374,-0.02042860000000002,0.254607,3.8760000000002037,0.20091000000000747,-0.005120400000000025,1.4101199999999992,4.489999999999782,0.625789999999995,-0.031220000000001136,24.858800000000002,2.4440999999999917,0.4326599999999985,0.014461999999999975,-0.3181999999999974,0.4340200000000003,0.23444000000000642,0.001260000000000261,0.03586199999999984,0.01805999999999841,-0.015118870000000001,-0.014375499999999986,0.014493049999999993,0.3262900000000002,-1.7440099999999994,-1.6910099999999986,0.7056199999999997,4.149769999999997,1.4478300000000033,6.322230000000005,-0.46961999999999904,0.1335199999999972,7.4
2020-01-01 07:27:00,0.22508,3635.6,4499.8,9.3721,26.961,42.675,2708.2,74.871,120.4,0.3354,79.694,48.792,2637.5,24.616,51.279,3104.2,23.43,66.49,256.25,343.76,94.607,76.929,32.653,8.9137,26.155,6.7733,19.168,1.6504,33.194,13.824,23.821,1.2792,18.622,2.2372,4.8538,2.3798,0.0033582,0.82158,0.11177,54.578,43.739,63.41,54.119,22.183,62.801,22.733,39.406,34.544,49.494,53.69,40.897,17.051,-0.019388600000000006,0.019506999999999053,2.175999999999931,-0.18509000000000242,-0.003790400000000027,-1.1998800000000003,2.7899999999999636,1.26079,0.5367800000000003,26.30879999999999,2.4540999999999826,0.4326599999999985,0.014461999999999975,-0.3181999999999974,0.4340200000000003,0.23444000000000642,0.001260000000000261,0.03586199999999984,0.01805999999999841,-0.015118870000000001,-0.014375499999999986,0.014493049999999993,0.3852899999999977,-1.8460099999999997,1.52299,0.5656199999999991,-3.5322300000000055,2.917830000000002,6.38823,-0.19162000000000035,-1.1894800000000032,7.45
2020-01-01 07:30:00,0.21353,3690.2,4416.2,9.3001,27.205,42.255,2709.4,75.777,120.42,0.33772,79.797,49.341,2638.4,22.617,48.925,3103.2,22.248,66.439,252.7,344.02,94.647,77.302,32.697,8.7766,26.06,6.8003,18.791,1.6846,33.085,13.85,24.262,1.208,18.265,2.286,4.7479,2.2902,0.010209,0.81614,0.10502,54.064,43.569,63.271,53.87,21.189,62.347,23.192,39.321,36.161,44.046,53.54,41.297,19.834,-0.03093860000000001,-0.05249300000000012,3.3760000000002037,0.7209100000000035,-0.0014703999999999828,-0.6508800000000008,3.6900000000000546,-1.0932100000000062,-0.6452199999999984,22.75879999999998,2.7140999999999735,0.4766600000000025,-0.12263800000000025,-0.4131999999999998,0.0570200000000014,0.12544000000000466,0.027260000000000062,-0.03533800000000009,-0.3389400000000009,-0.008268070000000002,-0.019815499999999986,0.007743050000000001,0.2462900000000019,-2.8400099999999995,1.0689899999999994,1.0246199999999988,-1.915230000000001,-2.5301699999999983,6.2382300000000015,0.20837999999999823,1.593519999999998,7.5
2020-01-01 07:33:00,0.21363,3668.1,4472.5,9.3823,27.164,42.04,2709.3,74.647,120.43,0.33913,79.917,50.197,2638.5,24.869,48.963,3103.8,22.365,66.446,252.53,343.2,94.476,77.618,32.697,8.7766,26.06,6.8003,18.791,1.6846,33.085,13.85,24.262,1.208,18.265,2.286,4.7479,2.2902,0.010209,0.81614,0.10502,54.064,43.569,63.651,53.197,21.179,63.808,22.821,39.15,38.679,44.134,53.46,42.396,19.526,-0.03083860000000002,0.02970700000000015,3.2760000000002947,-0.40908999999999196,-6.0400000000015996e-05,0.20512000000000086,3.7899999999999636,-1.0552100000000024,-0.528220000000001,22.588799999999992,1.8940999999999804,0.4766600000000025,-0.12263800000000025,-0.4131999999999998,0.0570200000000014,0.12544000000000466,0.027260000000000062,-0.03533800000000009,-0.3389400000000009,-0.008268070000000002,-0.019815499999999986,0.007743050000000001,0.6262900000000045,-2.850010000000001,2.529989999999998,0.6536200000000001,0.6027699999999996,-2.4421699999999973,6.158230000000003,1.307380000000002,1.2855199999999982,7.55
2020-01-01 07:36:00,0.2032,3688.5,4504.6,9.3216,27.198,42.402,2708.7,74.726,120.4,0.33795,79.977,51.037,2639.0,23.091,50.511,3103.8,22.659,66.455,251.56,343.25,94.483,77.505,32.411,8.7398,26.671,6.8309,18.923,1.6437,33.455,13.959,23.912,1.1505,18.5,2.258,4.7688,2.2815,0.010209,0.81614,0.10502,54.064,43.569,63.153,53.702,20.355,63.136,22.932,39.996,41.15,47.717,53.45,40.816,18.826,-0.041268600000000016,-0.030993000000000492,2.675999999999931,-0.33008999999999844,-0.0012404000000000304,1.0451199999999972,4.289999999999964,0.4927899999999994,-0.23422000000000054,21.618799999999993,1.9440999999999917,0.19066000000000116,-0.15943799999999975,0.19780000000000086,0.1890199999999993,0.4954400000000021,0.13626000000000005,-0.09283799999999998,-0.10394000000000148,-0.008268070000000002,-0.019815499999999986,0.007743050000000001,0.1282899999999998,-3.674009999999999,1.857990000000001,0.7646199999999972,3.073769999999996,1.1408300000000011,6.148230000000005,-0.2726199999999963,0.5855199999999989,7.6
2020-01-01 07:39:00,0.20463,3700.0,4497.7,9.4372,26.937,42.087,2709.0,74.791,120.41,0.33927,80.042,49.254,2639.1,28.068,50.644,3104.5,22.47,66.506,252.17,343.08,94.542,77.329,32.411,8.7398,26.671,6.8309,18.923,1.6437,33.455,13.959,23.912,1.1505,18.5,2.258,4.7688,2.2815,0.010209,0.81614,0.10502,54.064,43.569,62.954,53.785,20.214,60.465,22.912,39.835,35.904,48.024,53.299,41.555,19.278,-0.0398386,0.0846070000000001,2.9760000000001128,-0.2650900000000007,7.9600000000013e-05,-0.7378800000000041,4.389999999999873,0.625789999999995,-0.4232200000000006,22.22879999999998,1.7740999999999758,0.19066000000000116,-0.15943799999999975,0.19780000000000086,0.1890199999999993,0.4954400000000021,0.13626000000000005,-0.09283799999999998,-0.10394000000000148,-0.008268070000000002,-0.019815499999999986,0.007743050000000001,-0.07070999999999827,-3.815010000000001,-0.8130099999999985,0.7446199999999976,-2.172229999999999,1.4478300000000033,5.997230000000002,0.4663800000000009,1.0375199999999971,7.65
2020-01-01 07:42:00,0.22932,3702.1,4453.7,9.4121,26.843,42.428,2708.2,75.03,120.38,0.35181,80.03,50.089,2637.7,24.726,48.441,3104.7,22.382,66.511,253.15,343.23,94.476,77.352,32.38,8.815,26.526,6.7563,18.337,1.6816,33.196,13.838,24.11,1.1195,18.225,2.2393,4.7633,2.2989,0.010209,0.81614,0.10502,54.064,43.569,62.711,53.975,22.478,58.143,22.481,41.356,38.362,42.926,53.113,40.91,19.477,-0.015148600000000012,0.05950699999999998,2.175999999999931,-0.026089999999996394,0.012619600000000009,0.09711999999999676,2.9899999999997817,-1.577210000000001,-0.511219999999998,23.208799999999997,1.92410000000001,0.15966000000000236,-0.08423800000000092,0.05280000000000129,-0.3969799999999992,0.23644000000000176,0.015259999999999607,-0.12383800000000011,-0.37894000000000005,-0.008268070000000002,-0.019815499999999986,0.007743050000000001,-0.3137100000000004,-1.551009999999998,-3.135010000000001,0.31362000000000023,0.2857699999999994,-3.6501699999999957,5.811230000000002,-0.17862000000000222,1.2365199999999987,7.7
2020-01-01 07:45:00,0.22869,3673.2,4499.2,9.5159,27.051,42.01,2706.4,75.705,120.4,0.35083,79.809,50.165,2635.2,25.832,48.881,3102.4,24.342,66.493,251.33,342.74,94.564,76.958,32.38,8.815,26.526,6.7563,18.337,1.6816,33.196,13.838,24.11,1.1195,18.225,2.2393,4.7633,2.2989,0.010128,0.82642,0.092331,52.936,43.403,63.209,53.431,22.54,61.013,22.445,41.475,38.587,43.945,53.009,41.266,14.869,-0.015778600000000004,0.16330699999999965,0.3760000000002037,0.6489100000000008,0.011639599999999972,0.17311999999999728,0.4899999999997817,-1.1372100000000032,1.4487799999999993,21.388800000000003,1.4341000000000008,0.15966000000000236,-0.08423800000000092,0.05280000000000129,-0.3969799999999992,0.23644000000000176,0.015259999999999607,-0.12383800000000011,-0.37894000000000005,-0.008349070000000002,-0.009535499999999919,-0.0049459500000000045,0.18429000000000428,-1.4890100000000004,-0.26501000000000374,0.27761999999999887,0.5107700000000008,-2.6311699999999973,5.707230000000003,0.17737999999999943,-3.371480000000002,7.75
2020-01-01 07:48:00,0.23048,3703.9,4549.8,9.5105,27.097,42.713,2707.2,75.065,120.38,0.33818,79.784,51.268,2636.6,27.394,50.3,3103.1,22.728,66.419,251.15,342.89,94.555,77.009,32.089,8.8649,26.329,6.8759,18.479,1.6433,32.757,13.774,24.565,1.2659,18.284,2.2035,4.8511,2.3886,0.010128,0.82642,0.092331,52.936,43.403,63.419,54.287,22.536,60.821,22.46,39.888,41.833,47.228,52.86,41.083,18.71,-0.013988600000000018,0.1579069999999998,1.1759999999999309,0.008910000000000196,-0.0010104000000000224,1.2761199999999988,1.8899999999998727,0.28178999999999377,-0.16521999999999792,21.208799999999997,1.584099999999978,-0.13134000000000157,-0.03433799999999998,-0.14419999999999789,-0.25497999999999976,-0.2025599999999983,-0.04874000000000045,0.02256199999999997,-0.31994000000000256,-0.008349070000000002,-0.009535499999999919,-0.0049459500000000045,0.39428999999999803,-1.4930099999999982,-0.4570100000000039,0.29261999999999944,3.756769999999996,0.6518300000000039,5.558230000000002,-0.0056200000000004025,0.46951999999999927,7.8
2020-01-01 07:51:00,0.22854,3719.6,4523.8,9.389,26.969,42.304,2709.1,75.775,120.4,0.33856,79.869,49.978,2637.0,24.448,48.27,3105.2,22.564,66.375,251.15,342.95,94.494,77.525,32.089,8.8649,26.329,6.8759,18.479,1.6433,32.757,13.774,24.565,1.2659,18.284,2.2035,4.8511,2.3886,0.010128,0.82642,0.092331,52.936,43.403,63.148,54.598,22.727,63.481,22.708,39.841,38.036,42.531,52.697,41.45,19.067,-0.015928600000000015,0.036406999999998746,3.076000000000022,0.7189100000000082,-0.0006303999999999754,-0.013880000000000337,2.2899999999999636,-1.7482100000000003,-0.3292199999999994,21.208799999999997,1.6440999999999804,-0.13134000000000157,-0.03433799999999998,-0.14419999999999789,-0.25497999999999976,-0.2025599999999983,-0.04874000000000045,0.02256199999999997,-0.31994000000000256,-0.008349070000000002,-0.009535499999999919,-0.0049459500000000045,0.12329000000000434,-1.3020099999999992,2.20299,0.540619999999997,-0.0402300000000011,-4.045169999999999,5.395230000000005,0.36138000000000403,0.8265199999999986,7.85
2020-01-01 07:54:00,0.25812,3657.5,4533.8,9.3296,26.86,42.454,2710.7,75.376,120.38,0.32856,80.128,51.007,2639.9,25.481,51.31,3107.4,23.371,66.403,251.64,342.48,94.472,77.491,32.017,9.0469,26.878,7.0418,18.813,1.6398,33.573,13.742,24.183,1.2872,18.684,2.2928,4.7846,2.2956,0.010128,0.82642,0.092331,52.936,43.403,63.231,54.191,25.265,62.634,22.552,39.322,41.063,49.565,52.486,41.2,17.128,0.013651400000000008,-0.022993000000001373,4.675999999999931,0.31991000000000724,-0.010630399999999984,1.015119999999996,5.190000000000055,1.2917899999999989,0.4777799999999992,21.698799999999977,1.17410000000001,-0.2033399999999972,0.1476620000000004,0.4048000000000016,0.07901999999999987,0.6134400000000042,-0.0807399999999987,0.043861999999999846,0.08005999999999958,-0.008349070000000002,-0.009535499999999919,-0.0049459500000000045,0.20629000000000275,1.235990000000001,1.3559899999999985,0.3846199999999982,2.98677,2.98883,5.1842299999999994,0.11138000000000403,-1.1124800000000015,7.9
2020-01-01 07:57:00,0.25553,3651.9,4564.0,9.4407,26.998,42.229,2710.9,74.83,120.41,0.3286,79.985,48.875,2640.4,27.254,49.776,3107.8,23.848,66.438,251.21,342.64,94.541,77.373,32.017,9.0469,26.878,7.0418,18.813,1.6398,33.573,13.742,24.183,1.2872,18.684,2.2928,4.7846,2.2956,0.010128,0.82642,0.092331,52.936,43.403,63.327,53.83,25.519,62.017,22.643,39.317,34.79,46.015,52.354,41.084,16.004,0.011061399999999971,0.08810699999999905,4.876000000000204,-0.22608999999999924,-0.0105904,-1.1168800000000019,5.690000000000055,-0.24221000000000004,0.9547799999999995,21.2688,1.334099999999978,-0.2033399999999972,0.1476620000000004,0.4048000000000016,0.07901999999999987,0.6134400000000042,-0.0807399999999987,0.043861999999999846,0.08005999999999958,-0.008349070000000002,-0.009535499999999919,-0.0049459500000000045,0.3022899999999993,1.4899899999999988,0.7389900000000011,0.47561999999999927,-3.2862300000000033,-0.5611699999999971,5.0522300000000016,-0.004619999999995628,-2.2364800000000002,7.95
2020-01-01 08:00:00,0.26678,3635.4,4520.4,8.3649,26.973,41.566,2689.7,76.118,120.32,0.32683,80.013,51.845,2619.9,24.866,49.55,3077.6,22.687,66.877,248.44,343.22,94.893,76.612,32.276,8.9769,26.353,6.7965,18.277,1.6203,33.021,13.889,24.223,1.2746,18.692,2.2698,4.7588,2.2076,0.021996,0.79486,0.11756,53.868,43.913,62.083,53.555,26.05,67.355,23.284,38.573,43.53,45.492,52.639,39.112,18.792,0.02231140000000001,-0.9876930000000002,-16.32400000000007,1.0619099999999975,-0.012360399999999994,1.853119999999997,-14.809999999999945,-0.46821000000000623,-0.2062199999999983,18.49879999999999,1.914100000000019,0.05566000000000315,0.07766200000000012,-0.12019999999999698,-0.45697999999999794,0.0614400000000046,0.06625999999999976,0.0312619999999999,0.0880599999999987,0.00351893,-0.04109549999999995,0.020283049999999997,-0.9417100000000005,2.020990000000001,6.076990000000002,1.1166199999999975,5.453769999999999,-1.0841700000000003,5.337230000000005,-1.976619999999997,0.55152,8.0
2020-01-01 08:03:00,0.26456,3632.1,4494.0,8.3305,26.855,41.568,2670.3,75.508,120.36,0.3238,79.725,49.859,2599.1,24.275,50.249,3057.4,22.388,67.057,247.24,341.7,95.399,75.999,32.276,8.9769,26.353,6.7965,18.277,1.6203,33.021,13.889,24.223,1.2746,18.692,2.2698,4.7588,2.2076,0.021996,0.79486,0.11756,53.868,43.913,62.14,53.87,26.267,68.157,22.873,38.943,37.685,47.11,52.648,39.876,19.577,0.02009140000000001,-1.022093,-35.723999999999705,0.45190999999999804,-0.015390400000000026,-0.1328800000000001,-35.61000000000013,0.23078999999999894,-0.5052199999999978,17.2988,0.39409999999998035,0.05566000000000315,0.07766200000000012,-0.12019999999999698,-0.45697999999999794,0.0614400000000046,0.06625999999999976,0.0312619999999999,0.0880599999999987,0.00351893,-0.04109549999999995,0.020283049999999997,-0.8847099999999983,2.23799,6.878989999999995,0.7056199999999997,-0.3912300000000002,0.5338300000000018,5.346230000000006,-1.2126200000000011,1.3365200000000002,8.05
2020-01-01 08:06:00,0.24065,3666.6,4566.2,8.3628,26.84,41.893,2653.3,75.596,120.32,0.33863,79.722,49.253,2582.2,24.339,49.186,3042.9,22.778,67.102,245.87,339.09,95.362,76.02,32.462,8.7589,26.7,6.6798,18.437,1.6647,33.137,13.65,24.033,1.174,18.408,2.2819,4.8123,2.3119,0.021996,0.79486,0.11756,53.868,43.913,63.664,54.36,23.784,68.694,22.066,41.058,35.901,44.651,52.676,38.784,18.69,-0.0038186000000000053,-0.9897930000000006,-52.723999999999705,0.5399100000000061,-0.0005604000000000164,-0.7388800000000018,-52.51000000000022,-0.8322100000000034,-0.11522000000000077,15.928799999999995,-2.2159000000000333,0.2416600000000031,-0.14033799999999985,0.22680000000000078,-0.2969799999999978,0.17744000000000426,-0.17273999999999923,-0.06933800000000012,-0.19594000000000023,0.00351893,-0.04109549999999995,0.020283049999999997,0.6392900000000026,-0.24501000000000062,7.415990000000001,-0.10138000000000247,-2.175229999999999,-1.9251699999999943,5.374230000000004,-2.30462,0.4495199999999997,8.1
2020-01-01 08:09:00,0.24244,3680.2,4509.1,8.4729,26.769,41.904,2640.8,75.293,120.37,0.34094,79.947,49.583,2569.4,26.154,50.193,3030.6,22.104,67.142,243.4,337.45,95.483,76.284,32.462,8.7589,26.7,6.6798,18.437,1.6647,33.137,13.65,24.033,1.174,18.408,2.2819,4.8123,2.3119,0.021996,0.79486,0.11756,53.868,43.913,63.429,55.044,23.608,67.802,21.652,40.777,36.872,46.98,52.802,39.728,20.304,-0.0020286000000000193,-0.8796930000000014,-65.2239999999997,0.23691000000000884,0.0017496000000000178,-0.40888000000000346,-65.30999999999995,0.17478999999999445,-0.7892200000000003,13.458799999999997,-3.8559000000000196,0.2416600000000031,-0.14033799999999985,0.22680000000000078,-0.2969799999999978,0.17744000000000426,-0.17273999999999923,-0.06933800000000012,-0.19594000000000023,0.00351893,-0.04109549999999995,0.020283049999999997,0.40429000000000315,-0.421009999999999,6.523990000000005,-0.5153800000000004,-1.2042300000000026,0.40382999999999925,5.500230000000002,-1.3606199999999973,2.063519999999997,8.15
2020-01-01 08:12:00,0.22183,3727.1,4532.5,8.4382,26.952,41.85,2629.5,74.419,120.39,0.30986,80.228,49.931,2556.7,25.435,50.219,3023.7,23.557,67.223,245.37,334.48,95.456,76.44,31.81,9.0019,25.964,6.9327,19.303,1.642,32.925,14.009,23.814,1.384,19.001,2.255,4.9179,2.2151,0.021996,0.79486,0.11756,53.868,43.913,63.781,54.443,21.731,69.744,20.489,38.091,37.897,47.041,52.527,39.093,16.881,-0.02263860000000001,-0.9143930000000005,-76.52399999999989,-0.6370900000000006,-0.02933039999999998,-0.060880000000004486,-78.01000000000022,0.2007899999999978,0.6637799999999991,15.428799999999995,-6.82589999999999,-0.4103400000000015,0.1026619999999987,-0.5091999999999999,0.5690200000000019,-0.034559999999999036,0.18626000000000076,0.14066199999999984,0.39705999999999975,0.00351893,-0.04109549999999995,0.020283049999999997,0.7562899999999999,-2.298009999999998,8.465989999999998,-1.6783800000000006,-0.179230000000004,0.4648299999999992,5.225230000000003,-1.9956199999999953,-1.3594800000000014,8.2
2020-01-01 08:15:00,0.21961,3751.2,4554.0,8.4666,26.794,41.645,2622.2,73.793,120.39,0.31068,80.856,49.712,2549.8,26.032,50.825,3019.8,23.756,67.301,240.66,331.17,95.348,76.868,31.81,9.0019,25.964,6.9327,19.303,1.642,32.925,14.009,23.814,1.384,19.001,2.255,4.9179,2.2151,0.0067713,0.82338,0.091626,53.619,44.087,63.368,54.186,21.95,68.99,19.739,37.99,37.253,48.443,51.992,39.104,16.382,-0.02485860000000001,-0.8859930000000009,-83.82400000000007,-1.2630899999999912,-0.02851039999999999,-0.2798799999999986,-84.90999999999985,0.8067899999999995,0.8627800000000008,10.718799999999987,-10.135899999999992,-0.4103400000000015,0.1026619999999987,-0.5091999999999999,0.5690200000000019,-0.034559999999999036,0.18626000000000076,0.14066199999999984,0.39705999999999975,-0.01170577,-0.012575499999999962,-0.005650950000000002,0.3432900000000032,-2.0790100000000002,7.711989999999993,-2.4283800000000006,-0.8232300000000023,1.8668300000000002,4.69023,-1.9846199999999996,-1.8584800000000001,8.25
2020-01-01 08:18:00,0.2854,3642.9,4431.2,8.4723,26.872,41.623,2614.8,73.746,120.38,0.34616,81.278,49.785,2540.6,26.048,48.818,3016.3,23.334,67.448,241.65,328.25,95.468,76.876,31.841,9.2739,25.825,6.9372,19.846,1.7292,32.716,14.12,23.371,1.4801,19.15,2.2947,4.9285,2.3503,0.0067713,0.82338,0.091626,53.619,44.087,63.083,53.515,27.977,69.657,18.871,43.284,37.467,43.797,51.421,38.864,17.37,0.04093139999999998,-0.880293,-91.2239999999997,-1.3100900000000024,0.00696960000000002,-0.20688000000000528,-94.11000000000013,-1.2002100000000056,0.44078000000000017,11.708799999999997,-13.055900000000008,-0.3793399999999991,0.37466199999999894,-0.6481999999999992,1.1120200000000011,-0.2435599999999951,0.29725999999999964,0.23676199999999992,0.5460599999999971,-0.01170577,-0.012575499999999962,-0.005650950000000002,0.05828999999999951,3.9479900000000008,8.378989999999995,-3.2963800000000028,-0.6092300000000037,-2.7791700000000006,4.119230000000002,-2.2246200000000016,-0.8704800000000006,8.3
2020-01-01 08:21:00,0.28517,3680.5,4425.3,8.7255,26.823,41.674,2608.7,72.859,120.4,0.34555,81.567,48.759,2535.0,25.232,51.378,3010.9,22.531,67.586,237.72,326.43,95.632,77.442,31.841,9.2739,25.825,6.9372,19.846,1.7292,32.716,14.12,23.371,1.4801,19.15,2.2947,4.9285,2.3503,0.0067713,0.82338,0.091626,53.619,44.087,62.436,53.585,28.0,70.157,18.388,43.359,34.449,49.724,51.285,38.434,19.234,0.04070139999999997,-0.6270930000000003,-97.32400000000007,-2.197090000000003,0.006359600000000021,-1.2328800000000015,-99.71000000000004,1.3597899999999967,-0.36222000000000065,7.77879999999999,-14.875900000000001,-0.3793399999999991,0.37466199999999894,-0.6481999999999992,1.1120200000000011,-0.2435599999999951,0.29725999999999964,0.23676199999999992,0.5460599999999971,-0.01170577,-0.012575499999999962,-0.005650950000000002,-0.588709999999999,3.9709900000000005,8.878989999999995,-3.7793799999999997,-3.6272300000000044,3.147829999999999,3.983229999999999,-2.6546200000000013,0.9935200000000002,8.35
2020-01-01 08:24:00,0.28661,3655.2,4392.6,8.6001,26.863,41.546,2602.5,73.776,120.39,0.35716,81.839,50.829,2527.2,24.881,49.332,3008.4,23.111,67.676,236.55,323.62,95.549,77.033,30.93,9.191,25.179,7.2615,20.434,1.6771,31.837,14.054,22.935,1.5656,19.855,2.3005,5.1209,2.3914,0.0067713,0.82338,0.091626,53.619,44.087,62.782,52.508,28.016,71.337,17.616,45.275,40.539,44.989,50.899,39.015,17.876,0.04214139999999997,-0.7524930000000012,-103.52399999999989,-1.2800900000000013,0.017969599999999974,0.8371199999999988,-107.51000000000022,-0.6862100000000027,0.2177800000000012,6.608800000000002,-17.685900000000004,-1.2903400000000005,0.2917620000000003,-1.2942,1.700020000000002,-1.1225599999999964,0.2312600000000007,0.32226200000000005,1.251059999999999,-0.01170577,-0.012575499999999962,-0.005650950000000002,-0.24271000000000242,3.9869899999999987,10.058990000000001,-4.551380000000002,2.462769999999999,-1.5871700000000004,3.5972300000000033,-2.0736199999999982,-0.36448000000000036,8.4
2020-01-01 08:27:00,0.28302,3657.8,4401.2,8.6973,26.697,41.266,2597.1,72.843,120.37,0.3542,81.928,49.083,2521.5,25.638,51.006,3005.9,21.714,67.716,233.92,321.86,95.762,77.328,30.93,9.191,25.179,7.2615,20.434,1.6771,31.837,14.054,22.935,1.5656,19.855,2.3005,5.1209,2.3914,0.0067713,0.82338,0.091626,53.619,44.087,62.738,52.405,28.37,73.535,17.015,45.636,35.403,48.863,50.645,38.711,21.165,0.038551399999999986,-0.6552930000000003,-108.92399999999998,-2.213089999999994,0.015009600000000012,-0.9088800000000035,-113.21000000000004,0.9877899999999968,-1.1792200000000008,3.9787999999999784,-19.445899999999995,-1.2903400000000005,0.2917620000000003,-1.2942,1.700020000000002,-1.1225599999999964,0.2312600000000007,0.32226200000000005,1.251059999999999,-0.01170577,-0.012575499999999962,-0.005650950000000002,-0.28670999999999935,4.3409900000000015,12.256989999999995,-5.152380000000001,-2.6732300000000038,2.286830000000002,3.3432300000000055,-2.3776200000000003,2.9245199999999976,8.45
2020-01-01 08:30:00,0.37987,3507.0,4270.8,8.7496,27.067,41.62,2597.2,73.621,120.4,0.35216,82.307,50.84,2521.4,26.388,49.793,3005.3,23.856,67.776,233.51,320.64,95.637,77.698,31.741,9.3227,25.228,7.1038,19.835,1.7487,31.377,14.171,21.828,1.4724,20.405,2.3534,5.2042,2.5319,0.0095667,0.88042,0.096503,52.991,44.717,62.282,52.293,37.817,69.005,16.89,44.499,40.571,46.055,50.871,38.251,16.041,0.13540139999999998,-0.6029930000000014,-108.82400000000007,-1.4350900000000024,0.01296959999999997,0.8481200000000015,-113.30999999999995,-0.22521000000000413,0.9627800000000022,3.5687999999999818,-20.665900000000022,-0.47934000000000054,0.4234619999999989,-1.245199999999997,1.1010200000000019,-1.5825599999999973,0.3482599999999998,0.22906199999999988,1.8010599999999997,-0.008910370000000003,0.04446450000000002,-0.0007739499999999955,-0.7427100000000024,13.78799,7.726989999999994,-5.277380000000001,2.4947699999999955,-0.5211699999999979,3.5692300000000046,-2.837620000000001,-2.199480000000001,8.5
2020-01-01 08:33:00,0.37898,3589.4,4352.0,8.8684,26.818,42.017,2596.2,72.032,120.4,0.35111,82.459,50.023,2519.8,26.392,50.219,3007.2,22.371,67.861,230.99,319.88,95.824,77.428,31.741,9.3227,25.228,7.1038,19.835,1.7487,31.377,14.171,21.828,1.4724,20.405,2.3534,5.2042,2.5319,0.0095667,0.88042,0.096503,52.991,44.717,60.864,51.322,37.905,75.033,16.291,44.626,38.168,47.041,50.897,38.018,19.561,0.13451139999999998,-0.4841930000000012,-109.82400000000007,-3.024090000000001,0.011919599999999975,0.03112000000000137,-114.90999999999985,0.2007899999999978,-0.5222200000000008,1.0488,-21.425900000000013,-0.47934000000000054,0.4234619999999989,-1.245199999999997,1.1010200000000019,-1.5825599999999973,0.3482599999999998,0.22906199999999988,1.8010599999999997,-0.008910370000000003,0.04446450000000002,-0.0007739499999999955,-2.1607100000000017,13.875990000000002,13.75499,-5.876380000000001,0.0917699999999968,0.4648299999999992,3.595230000000001,-3.070619999999998,1.3205199999999984,8.55
2020-01-01 08:36:00,0.31291,3594.1,4422.8,9.0196,27.244,41.884,2595.5,71.511,120.39,0.36693,82.445,48.541,2519.2,26.902,50.308,3007.1,22.911,67.826,230.56,320.15,95.761,77.212,30.837,9.1649,24.622,7.313,20.26,1.726,31.363,14.106,21.645,1.4569,20.321,2.3793,5.3196,2.554,0.0095667,0.88042,0.096503,52.991,44.717,61.884,51.716,30.726,71.223,16.534,46.253,33.806,47.247,50.74,38.359,18.293,0.06844140000000001,-0.3329930000000001,-110.52399999999989,-3.545090000000002,0.027739599999999975,-1.450880000000005,-115.51000000000022,0.28978999999999644,0.017780000000001905,0.6187999999999931,-21.15590000000003,-1.3833400000000005,0.26566199999999895,-1.8511999999999986,1.5260200000000026,-1.5965599999999966,0.2832600000000003,0.21356200000000003,1.71706,-0.008910370000000003,0.04446450000000002,-0.0007739499999999955,-1.1407099999999986,6.6969899999999996,9.944989999999997,-5.6333800000000025,-4.270230000000005,0.6708300000000023,3.4382300000000043,-2.729619999999997,0.05251999999999768,8.6
2020-01-01 08:39:00,0.31354,3606.8,4390.7,8.9098,26.748,42.093,2595.3,71.674,120.42,0.3643,82.486,49.996,2519.4,26.609,52.402,3008.7,23.573,67.786,229.33,319.19,95.643,77.53,30.837,9.1649,24.622,7.313,20.26,1.726,31.363,14.106,21.645,1.4569,20.321,2.3793,5.3196,2.554,0.0095667,0.88042,0.096503,52.991,44.717,61.666,52.1,30.665,73.537,15.81,46.573,38.088,52.093,50.66,39.425,16.693,0.06907139999999998,-0.442793,-110.7239999999997,-3.382089999999991,0.02510960000000001,0.004120000000000346,-115.30999999999995,2.3837899999999976,0.6797800000000009,-0.6111999999999966,-22.11590000000001,-1.3833400000000005,0.26566199999999895,-1.8511999999999986,1.5260200000000026,-1.5965599999999966,0.2832600000000003,0.21356200000000003,1.71706,-0.008910370000000003,0.04446450000000002,-0.0007739499999999955,-1.358710000000002,6.63599,12.258990000000004,-6.357380000000001,0.011769999999998504,5.516830000000006,3.358229999999999,-1.6636200000000017,-1.5474800000000002,8.65
2020-01-01 08:42:00,0.41063,3532.8,4368.1,9.001,26.728,41.947,2598.1,71.357,120.42,0.36621,82.518,49.459,2521.5,25.517,50.679,3013.4,23.841,67.734,230.03,318.85,95.737,77.602,31.17,9.1905,24.596,6.9583,20.109,1.7874,31.148,14.335,21.586,1.5256,21.179,2.4009,5.4758,2.5272,0.0095667,0.88042,0.096503,52.991,44.717,60.796,51.114,40.151,76.496,15.717,45.08,36.508,48.105,50.407,39.222,16.042,0.1661614,-0.35159300000000115,-107.92399999999998,-3.699089999999998,0.027019599999999977,-0.5328799999999987,-113.21000000000004,0.6607899999999987,0.9477800000000016,0.088799999999992,-22.455899999999986,-1.0503399999999985,0.2912619999999997,-1.8771999999999984,1.3750200000000028,-1.8115599999999965,0.5122600000000013,0.282262,2.575059999999997,-0.008910370000000003,0.04446450000000002,-0.0007739499999999955,-2.2287099999999995,16.121990000000004,15.217989999999993,-6.450380000000001,-1.5682299999999998,1.5288299999999992,3.105229999999999,-1.8666199999999975,-2.19848,8.7
2020-01-01 08:45:00,0.4077,3548.6,4241.5,9.2304,26.889,42.352,2603.7,71.415,120.43,0.3612,82.648,50.091,2527.9,25.049,50.865,3017.1,23.587,67.704,233.21,320.16,95.622,78.09,31.17,9.1905,24.596,6.9583,20.109,1.7874,31.148,14.335,21.586,1.5256,21.179,2.4009,5.4758,2.5272,0.039068,0.90003,0.1111,53.379,43.457,60.525,52.63,40.439,75.095,16.097,45.692,38.367,48.536,51.423,38.7,16.598,0.1632314,-0.1221930000000011,-102.32400000000007,-3.6410899999999913,0.022009600000000018,0.09911999999999921,-106.80999999999995,0.8467899999999986,0.6937800000000003,3.268799999999999,-21.145899999999983,-1.0503399999999985,0.2912619999999997,-1.8771999999999984,1.3750200000000028,-1.8115599999999965,0.5122600000000013,0.282262,2.575059999999997,0.020590929999999997,0.06407450000000003,0.013823050000000003,-2.4997100000000003,16.40999,13.816989999999997,-6.07038,0.29076999999999487,1.9598300000000037,4.121230000000004,-2.388619999999996,-1.6424800000000026,8.75
2020-01-01 08:48:00,0.38787,3609.9,4287.0,9.2309,27.433,42.134,2608.2,71.882,120.42,0.38628,82.788,50.496,2532.8,24.71,49.662,3023.6,22.979,67.746,234.57,320.79,95.468,78.158,30.899,9.1155,24.411,7.1611,20.482,1.7006,31.589,14.274,21.671,1.485,20.736,2.3767,5.3149,2.478,0.039068,0.90003,0.1111,53.379,43.457,62.342,52.218,38.481,74.904,16.402,49.349,39.559,45.752,51.758,39.731,18.004,0.14340139999999998,-0.1216930000000005,-97.82400000000007,-3.1740899999999925,0.04708960000000001,0.5041200000000003,-101.90999999999985,-0.35621000000000436,0.08577999999999975,4.628799999999984,-20.515899999999988,-1.3213399999999993,0.2162620000000004,-2.062199999999997,1.7480200000000004,-1.3705599999999976,0.45125999999999955,0.24166200000000004,2.132059999999999,0.020590929999999997,0.06407450000000003,0.013823050000000003,-0.6827100000000002,14.451990000000002,13.625989999999994,-5.76538,1.482769999999995,-0.8241699999999952,4.456230000000005,-1.3576199999999972,-0.23648000000000025,8.8
2020-01-01 08:51:00,0.38925,3601.2,4274.9,9.2645,26.742,42.199,2611.5,70.758,120.46,0.38729,82.765,48.899,2535.8,24.947,51.408,3027.3,22.025,67.775,235.08,321.3,95.058,77.878,30.899,9.1155,24.411,7.1611,20.482,1.7006,31.589,14.274,21.671,1.485,20.736,2.3767,5.3149,2.478,0.039068,0.90003,0.1111,53.379,43.457,62.49,52.362,38.346,75.286,16.242,49.226,34.86,49.793,52.167,40.312,20.265,0.14478139999999998,-0.08809300000000064,-94.52399999999989,-4.298090000000002,0.04809960000000002,-1.092880000000001,-98.90999999999985,1.3897899999999979,-0.8682200000000009,5.138800000000003,-20.005899999999997,-1.3213399999999993,0.2162620000000004,-2.062199999999997,1.7480200000000004,-1.3705599999999976,0.45125999999999955,0.24166200000000004,2.132059999999999,0.020590929999999997,0.06407450000000003,0.013823050000000003,-0.5347099999999969,14.316989999999997,14.00799,-5.9253800000000005,-3.216230000000003,3.2168300000000016,4.865230000000004,-0.7766200000000012,2.024519999999999,8.85
2020-01-01 08:54:00,0.4269,3516.0,4238.8,9.397,27.102,42.452,2613.7,70.109,120.44,0.38423,82.582,51.374,2537.6,25.953,49.162,3029.2,23.195,67.757,238.9,321.91,95.327,77.947,31.289,9.1986,24.851,6.8328,20.006,1.7204,31.631,14.173,21.443,1.3362,21.285,2.3764,5.379,2.5995,0.039068,0.90003,0.1111,53.379,43.457,62.011,51.622,42.154,76.344,16.377,48.666,42.144,44.596,52.284,40.187,17.472,0.1824314,0.04440699999999964,-92.32400000000007,-4.947090000000003,0.04503960000000001,1.3821200000000005,-97.11000000000013,-0.8562100000000044,0.3017800000000008,8.958799999999997,-19.395899999999983,-0.9313399999999987,0.29936200000000035,-1.6221999999999994,1.2720200000000013,-1.328559999999996,0.35026000000000046,0.092862,2.6810599999999987,0.020590929999999997,0.06407450000000003,0.013823050000000003,-1.0137099999999961,18.124990000000004,15.065989999999992,-5.7903800000000025,4.067769999999996,-1.980170000000001,4.982230000000001,-0.9016200000000012,-0.7684800000000003,8.9
2020-01-01 08:57:00,0.42676,3548.3,4258.0,9.327,26.926,42.42,2618.4,70.767,120.43,0.38501,82.563,49.147,2542.9,25.343,50.852,3033.2,22.521,67.7,239.4,324.0,95.034,78.272,31.289,9.1986,24.851,6.8328,20.006,1.7204,31.631,14.173,21.443,1.3362,21.285,2.3764,5.379,2.5995,0.039068,0.90003,0.1111,53.379,43.457,61.454,51.393,42.168,77.368,16.831,48.571,35.591,48.505,52.7,40.226,19.028,0.18229139999999996,-0.025593000000000643,-87.6239999999998,-4.289090000000002,0.045819600000000016,-0.8448800000000034,-91.80999999999995,0.8337899999999934,-0.37221999999999866,9.458799999999997,-17.30590000000001,-0.9313399999999987,0.29936200000000035,-1.6221999999999994,1.2720200000000013,-1.328559999999996,0.35026000000000046,0.092862,2.6810599999999987,0.020590929999999997,0.06407450000000003,0.013823050000000003,-1.5707099999999983,18.13899,16.089989999999993,-5.336380000000002,-2.4852300000000014,1.928830000000005,5.398230000000005,-0.8626199999999997,0.7875199999999971,8.95
2020-01-01 09:00:00,0.4012,3620.0,4292.4,9.6149,27.134,42.582,2625.0,69.916,120.44,0.38235,82.574,50.953,2550.8,24.876,49.298,3039.2,23.12,67.685,242.51,325.94,94.968,78.04,31.282,8.8528,24.687,6.9466,20.329,1.7218,31.653,14.349,20.957,1.2482,20.939,2.3748,5.4436,2.571,0.01961,0.87507,0.098432,53.483,43.651,62.992,51.902,39.496,76.458,17.418,46.8,40.906,44.909,53.485,40.839,17.592,0.1567314,0.26230699999999985,-81.02399999999989,-5.140090000000001,0.04315960000000002,0.9611200000000011,-83.90999999999985,-0.7202100000000016,0.22678000000000154,12.568799999999982,-15.36590000000001,-0.9383400000000002,-0.0464380000000002,-1.7861999999999973,1.5950200000000017,-1.3065599999999975,0.5262600000000006,0.004861999999999922,2.3350599999999986,0.0011329299999999973,0.03911450000000005,0.0011550500000000047,-0.03271000000000157,15.466990000000003,15.179989999999997,-4.749380000000002,2.8297699999999963,-1.6671699999999987,6.183230000000002,-0.24962000000000018,-0.6484800000000028,9.0
2020-01-01 09:03:00,0.4012,3631.8,4361.1,9.3874,27.011,42.554,2629.6,70.38,120.45,0.3817,82.432,50.168,2555.2,26.027,49.721,3042.0,23.162,67.689,244.35,327.73,94.593,78.119,31.282,8.8528,24.687,6.9466,20.329,1.7218,31.653,14.349,20.957,1.2482,20.939,2.3748,5.4436,2.571,0.01961,0.87507,0.098432,53.483,43.651,62.79,51.08,39.495,79.541,17.685,46.878,38.596,45.888,54.04,40.76,17.463,0.1567314,0.03480699999999892,-76.42399999999998,-4.676090000000002,0.04250959999999998,0.1761199999999974,-79.51000000000022,-0.29721000000000686,0.2687799999999996,14.408799999999985,-13.57589999999999,-0.9383400000000002,-0.0464380000000002,-1.7861999999999973,1.5950200000000017,-1.3065599999999975,0.5262600000000006,0.004861999999999922,2.3350599999999986,0.0011329299999999973,0.03911450000000005,0.0011550500000000047,-0.23470999999999975,15.465989999999998,18.262989999999995,-4.482380000000003,0.5197699999999941,-0.6881699999999995,6.7382300000000015,-0.3286200000000008,-0.7774800000000006,9.05
2020-01-01 09:06:00,0.41114,3621.4,4305.3,9.6092,26.974,42.692,2631.7,69.771,120.46,0.39952,82.286,48.12,2557.6,25.843,51.754,3044.8,22.601,67.671,250.04,328.77,94.771,78.248,31.963,8.893,25.014,6.9004,20.607,1.7274,32.658,14.063,21.825,1.3826,20.724,2.3533,5.35,2.4318,0.01961,0.87507,0.098432,53.483,43.651,61.962,50.722,40.492,78.504,17.634,50.07,32.569,50.594,54.255,41.287,18.767,0.1666714,0.2566069999999989,-74.32400000000007,-5.285089999999997,0.06032959999999998,-1.8718800000000044,-77.11000000000013,1.7357899999999944,-0.29222000000000037,20.098799999999983,-12.535900000000026,-0.25733999999999924,-0.006237999999999744,-1.4591999999999992,1.8730200000000004,-0.30155999999999494,0.24026000000000103,0.139262,2.1200599999999987,0.0011329299999999973,0.03911450000000005,0.0011550500000000047,-1.0627099999999956,16.462989999999998,17.225990000000003,-4.533380000000001,-5.50723,4.017830000000004,6.953230000000005,0.19838000000000022,0.5265199999999979,9.1
2020-01-01 09:09:00,0.40979,3613.0,4262.7,9.6345,27.357,42.83,2636.8,69.437,120.42,0.40569,82.068,49.606,2562.4,28.537,51.692,3047.3,23.323,67.656,250.04,330.9,94.644,78.175,31.963,8.893,25.014,6.9004,20.607,1.7274,32.658,14.063,21.825,1.3826,20.724,2.3533,5.35,2.4318,0.01961,0.87507,0.098432,53.483,43.651,62.108,51.232,40.625,79.044,18.364,49.317,36.942,50.451,54.979,40.648,17.05,0.16532139999999998,0.2819069999999986,-69.2239999999997,-5.61909,0.06649959999999999,-0.3858800000000002,-72.30999999999995,1.6737899999999968,0.42978000000000094,20.098799999999983,-10.405900000000031,-0.25733999999999924,-0.006237999999999744,-1.4591999999999992,1.8730200000000004,-0.30155999999999494,0.24026000000000103,0.139262,2.1200599999999987,0.0011329299999999973,0.03911450000000005,0.0011550500000000047,-0.9167100000000019,16.59599,17.765989999999995,-3.8033800000000006,-1.1342300000000023,3.874830000000003,7.6772300000000016,-0.44061999999999557,-1.1904800000000009,9.15
2020-01-01 09:12:00,0.35102,3603.5,4217.5,9.7361,26.992,42.524,2643.6,70.479,120.45,0.3763,82.115,49.141,2570.8,26.469,49.328,3051.4,22.673,67.613,252.04,333.7,94.519,78.537,32.318,8.9501,24.609,7.0394,20.09,1.7354,32.605,14.142,21.323,1.3182,20.07,2.4065,5.2914,2.5525,0.01961,0.87507,0.098432,53.483,43.651,62.636,50.806,34.612,78.596,18.993,45.801,35.573,44.979,55.526,41.708,18.537,0.10655139999999999,0.3835069999999998,-62.42399999999998,-4.577089999999998,0.03710960000000002,-0.8508800000000036,-63.909999999999854,-0.6902100000000004,-0.2202200000000012,22.098799999999983,-7.60590000000002,0.09765999999999764,0.05086200000000041,-1.8641999999999967,1.356020000000001,-0.3545599999999993,0.3192599999999999,0.07486199999999998,1.4660599999999988,0.0011329299999999973,0.03911450000000005,0.0011550500000000047,-0.3887099999999961,10.582990000000002,17.31799,-3.174380000000003,-2.503230000000002,-1.5971699999999984,8.224230000000006,0.6193799999999996,0.29651999999999745,9.2
2020-01-01 09:15:00,0.35313,3625.3,4276.1,9.8371,27.023,43.036,2651.6,68.912,120.41,0.3766,82.16,49.914,2579.2,27.691,51.198,3056.2,23.613,67.648,252.04,336.34,94.35,78.345,32.318,8.9501,24.609,7.0394,20.09,1.7354,32.605,14.142,21.323,1.3182,20.07,2.4065,5.2914,2.5525,0.02101,0.83914,0.098975,53.266,44.271,62.261,50.104,34.404,77.739,19.613,45.764,37.846,49.306,55.702,40.822,16.28,0.10866139999999999,0.4845069999999989,-54.42399999999998,-6.144089999999991,0.03740959999999999,-0.0778800000000004,-55.51000000000022,1.179789999999997,0.7197800000000001,22.098799999999983,-4.965900000000033,0.09765999999999764,0.05086200000000041,-1.8641999999999967,1.356020000000001,-0.3545599999999993,0.3192599999999999,0.07486199999999998,1.4660599999999988,0.002532929999999999,0.0031845000000000345,0.0016980499999999926,-0.7637099999999961,10.374990000000004,16.460990000000002,-2.554380000000002,-0.23023000000000593,2.7298299999999998,8.40023,-0.2666199999999961,-1.9604800000000004,9.25
2020-01-01 09:18:00,0.31609,3588.5,4277.0,9.7868,26.859,42.802,2656.3,69.599,120.42,0.3893,81.985,49.179,2583.3,25.83,50.44,3060.8,23.323,67.63,255.29,337.82,94.526,78.432,32.561,9.1543,24.702,6.7342,19.553,1.7037,33.55,13.905,21.838,1.388,20.064,2.3792,5.2163,2.5136,0.02101,0.83914,0.098975,53.266,44.271,61.593,51.097,31.383,80.666,19.908,46.748,35.685,47.552,55.897,41.869,16.929,0.07162139999999997,0.4342069999999989,-49.723999999999705,-5.457089999999994,0.050109599999999976,-0.8128799999999998,-51.409999999999854,0.42178999999999434,0.42978000000000094,25.348799999999983,-3.485900000000015,0.34065999999999974,0.2550619999999988,-1.7711999999999968,0.8190200000000019,0.590440000000001,0.08225999999999978,0.14466199999999985,1.4600599999999986,0.002532929999999999,0.0031845000000000345,0.0016980499999999926,-1.4317099999999954,7.35399,19.387989999999995,-2.25938,-2.39123,0.975830000000002,8.59523,0.780380000000001,-1.311480000000003,9.3
2020-01-01 09:21:00,0.31721,3591.4,4276.5,9.8076,26.846,42.426,2661.3,69.789,120.38,0.39028,81.592,48.977,2588.4,26.439,49.21,3063.7,23.202,67.578,258.91,340.41,94.446,78.197,32.561,9.1543,24.702,6.7342,19.553,1.7037,33.55,13.905,21.838,1.388,20.064,2.3792,5.2163,2.5136,0.02101,0.83914,0.098975,53.266,44.271,61.542,51.103,31.273,80.109,20.408,46.629,35.089,44.705,56.063,41.067,17.223,0.07274139999999998,0.45500700000000016,-44.723999999999705,-5.267089999999996,0.05108960000000001,-1.0148800000000051,-46.309999999999945,-0.8082100000000025,0.3087800000000023,28.968800000000016,-0.8958999999999833,0.34065999999999974,0.2550619999999988,-1.7711999999999968,0.8190200000000019,0.590440000000001,0.08225999999999978,0.14466199999999985,1.4600599999999986,0.002532929999999999,0.0031845000000000345,0.0016980499999999926,-1.4827099999999973,7.24399,18.830989999999993,-1.7593800000000002,-2.987230000000004,-1.8711699999999993,8.761230000000005,-0.02161999999999864,-1.0174800000000026,9.35
2020-01-01 09:24:00,0.293,3643.2,4350.1,9.9662,26.673,42.763,2671.1,69.667,120.46,0.36601,81.587,50.044,2599.7,25.357,51.127,3071.4,23.016,67.509,259.35,342.58,94.337,78.485,32.635,8.7805,25.342,6.93,19.481,1.7254,33.48,13.969,21.617,1.2832,19.295,2.3877,5.2175,2.4995,0.02101,0.83914,0.098975,53.266,44.271,63.324,51.364,28.524,79.642,21.047,43.527,38.23,49.142,56.518,42.714,17.619,0.048531399999999975,0.613607,-34.92399999999998,-5.389089999999996,0.0268196,0.05211999999999506,-35.01000000000022,1.108789999999999,0.12277999999999878,29.408800000000014,1.2740999999999758,0.4146599999999978,-0.11873800000000045,-1.1311999999999998,0.7470200000000027,0.5204400000000007,0.14625999999999983,0.03986199999999984,0.6910600000000002,0.002532929999999999,0.0031845000000000345,0.0016980499999999926,0.29928999999999917,4.494990000000001,18.363989999999994,-1.1203800000000008,0.1537699999999944,2.5658300000000054,9.216230000000003,1.6253799999999998,-0.6214800000000018,9.4
2020-01-01 09:27:00,0.29062,3640.6,4299.5,9.9452,26.943,42.38,2678.7,69.825,120.41,0.36526,81.562,48.691,2608.0,24.2,48.911,3077.9,23.467,67.486,261.88,344.07,94.076,78.813,32.635,8.7805,25.342,6.93,19.481,1.7254,33.48,13.969,21.617,1.2832,19.295,2.3877,5.2175,2.4995,0.02101,0.83914,0.098975,53.266,44.271,63.368,51.97,28.758,82.331,21.521,43.618,34.248,44.015,56.783,41.681,16.494,0.04615139999999998,0.5926069999999992,-27.32400000000007,-5.231089999999995,0.02606959999999997,-1.3008799999999994,-26.710000000000036,-1.107210000000002,0.5737799999999993,31.938799999999986,2.764099999999985,0.4146599999999978,-0.11873800000000045,-1.1311999999999998,0.7470200000000027,0.5204400000000007,0.14625999999999983,0.03986199999999984,0.6910600000000002,0.002532929999999999,0.0031845000000000345,0.0016980499999999926,0.3432900000000032,4.72899,21.05299,-0.6463800000000006,-3.828230000000005,-2.561169999999997,9.481230000000004,0.5923799999999986,-1.7464800000000018,9.45
2020-01-01 09:30:00,0.28244,3628.0,4321.7,9.8421,27.003,42.849,2686.2,70.178,120.46,0.37672,81.258,48.918,2614.6,26.073,50.003,3082.3,22.208,67.457,261.37,346.39,94.135,78.398,33.178,8.837,24.984,6.8706,19.071,1.6969,33.905,13.853,22.371,1.3098,18.51,2.3313,5.1587,2.4802,0.00579,0.81777,0.08872,54.384,44.416,61.915,51.756,27.314,83.369,22.228,44.104,34.915,46.54,56.44,43.464,19.484,0.037971400000000016,0.4895069999999997,-19.82400000000007,-4.87809,0.037529599999999996,-1.0738800000000026,-20.110000000000127,-0.015210000000003276,-0.685220000000001,31.428799999999995,5.084099999999978,0.9576599999999971,-0.06223800000000068,-1.4891999999999967,0.33702000000000254,0.9454400000000049,0.030260000000000176,0.06646200000000002,-0.09393999999999991,-0.012687070000000002,-0.018185499999999966,-0.008556950000000008,-1.1097099999999998,3.2849900000000005,22.090989999999998,0.06062000000000012,-3.1612300000000033,-0.03616999999999848,9.13823,2.37538,1.2435200000000002,9.5
2020-01-01 09:33:00,0.28086,3632.2,4281.3,10.088,26.928,42.449,2693.5,69.688,120.41,0.37954,80.949,50.425,2623.4,24.91,49.978,3086.6,23.14,67.343,261.46,348.59,94.167,78.253,33.178,8.837,24.984,6.8706,19.071,1.6969,33.905,13.853,22.371,1.3098,18.51,2.3313,5.1587,2.4802,0.00579,0.81777,0.08872,54.384,44.416,61.843,52.24,27.47,80.455,23.058,43.76,39.352,46.482,56.548,41.722,17.269,0.03639139999999999,0.7354069999999986,-12.523999999999887,-5.368089999999995,0.040349599999999985,0.4331199999999953,-11.309999999999945,-0.040210000000001855,0.2467800000000011,31.51879999999997,7.284099999999967,0.9576599999999971,-0.06223800000000068,-1.4891999999999967,0.33702000000000254,0.9454400000000049,0.030260000000000176,0.06646200000000002,-0.09393999999999991,-0.012687070000000002,-0.018185499999999966,-0.008556950000000008,-1.1817099999999954,3.4409899999999993,19.176989999999996,0.8906199999999984,1.2757699999999943,-0.09416999999999831,9.246230000000004,0.6333800000000025,-0.9714800000000032,9.55
2020-01-01 09:36:00,0.21943,3650.9,4374.6,10.061,26.859,42.823,2702.3,69.517,120.43,0.36546,80.891,49.862,2632.9,24.555,51.559,3094.2,22.91,67.226,263.16,350.79,94.094,78.56,33.525,8.8461,25.388,6.582,18.599,1.6859,34.158,13.71,22.581,1.125,18.771,2.3435,5.1714,2.5514,0.00579,0.81777,0.08872,54.384,44.416,62.025,52.044,21.719,84.003,23.456,42.508,37.695,50.142,56.52,43.021,17.773,-0.025038600000000022,0.7084069999999993,-3.7239999999997053,-5.539090000000002,0.026269600000000004,-0.12988,-1.8099999999999454,1.540789999999994,0.016780000000000683,33.218800000000016,9.484100000000012,1.3046599999999984,-0.053138000000000574,-1.0851999999999968,-0.13497999999999877,1.198440000000005,-0.11273999999999873,-0.11833800000000005,0.16705999999999932,-0.012687070000000002,-0.018185499999999966,-0.008556950000000008,-0.9997100000000003,-2.3100099999999983,22.72499,1.288619999999998,-0.3812300000000022,3.5658300000000054,9.218230000000005,1.932380000000002,-0.4674800000000019,9.6
2020-01-01 09:39:00,0.21968,3627.1,4371.2,10.077,27.217,42.832,2710.0,70.607,120.41,0.36614,80.62,49.109,2640.7,26.42,49.585,3102.1,22.948,67.126,262.23,352.02,94.058,78.323,33.525,8.8461,25.388,6.582,18.599,1.6859,34.158,13.71,22.581,1.125,18.771,2.3435,5.1714,2.5514,0.00579,0.81777,0.08872,54.384,44.416,62.434,52.085,21.694,83.516,24.012,42.424,35.479,45.573,56.726,42.111,17.676,-0.02478860000000002,0.7244069999999994,3.9760000000001128,-4.449089999999998,0.026949600000000018,-0.8828800000000001,5.989999999999782,-0.43321000000000254,0.05478000000000094,32.28880000000001,10.714099999999974,1.3046599999999984,-0.053138000000000574,-1.0851999999999968,-0.13497999999999877,1.198440000000005,-0.11273999999999873,-0.11833800000000005,0.16705999999999932,-0.012687070000000002,-0.018185499999999966,-0.008556950000000008,-0.5907100000000014,-2.3350100000000005,22.237990000000003,1.844619999999999,-2.5972300000000033,-1.0031699999999972,9.424230000000001,1.0223799999999983,-0.5644800000000032,9.65
2020-01-01 09:42:00,0.17361,3721.5,4415.7,10.064,27.193,42.794,2719.0,69.942,120.45,0.35079,80.364,50.42,2648.9,24.631,48.565,3108.8,24.075,67.037,263.99,353.56,93.907,78.419,33.386,8.837,26.304,6.6519,18.014,1.7059,34.225,13.703,22.934,1.0719,17.975,2.3275,5.0771,2.4188,0.00579,0.81777,0.08872,54.384,44.416,63.488,52.701,17.241,83.273,24.242,40.416,39.337,43.213,56.698,43.163,14.985,-0.07085860000000002,0.7114069999999995,12.976000000000113,-5.1140900000000045,0.011599599999999988,0.42811999999999983,14.190000000000055,-1.4532100000000057,1.1817799999999998,34.0488,12.254099999999994,1.1656600000000026,-0.06223800000000068,-0.16920000000000002,-0.7199799999999996,1.2654400000000052,-0.11974000000000018,-0.17143799999999998,-0.62894,-0.012687070000000002,-0.018185499999999966,-0.008556950000000008,0.46329000000000065,-6.78801,21.994989999999994,2.0746199999999995,1.2607700000000008,-3.3631699999999967,9.396230000000003,2.074379999999998,-3.255480000000002,9.7
2020-01-01 09:45:00,0.17165,3727.8,4409.0,10.188,27.161,43.025,2729.2,70.275,120.42,0.35194,80.5,49.078,2660.8,24.943,49.801,3117.2,21.872,66.943,265.18,354.96,93.665,78.805,33.386,8.837,26.304,6.6519,18.014,1.7059,34.225,13.703,22.934,1.0719,17.975,2.3275,5.0771,2.4188,0.0057808,0.76303,0.085687,53.423,43.867,63.379,52.782,17.434,84.211,25.38,40.275,35.385,46.074,56.164,42.606,20.151,-0.07281860000000001,0.835407,23.17599999999993,-4.781089999999992,0.012749599999999972,-0.9138799999999989,26.090000000000146,-0.21721000000000146,-1.0212199999999996,35.2388,13.654099999999971,1.1656600000000026,-0.06223800000000068,-0.16920000000000002,-0.7199799999999996,1.2654400000000052,-0.11974000000000018,-0.17143799999999998,-0.62894,-0.012696270000000003,-0.07292549999999998,-0.011589950000000002,0.3542899999999989,-6.5950099999999985,22.932989999999997,3.2126199999999976,-2.6912300000000045,-0.5021699999999996,8.862230000000004,1.5173800000000028,1.9105199999999982,9.75
2020-01-01 09:48:00,0.17448,3715.8,4464.3,10.325,27.005,42.785,2738.7,69.847,120.44,0.3496,80.444,49.957,2671.8,24.563,48.732,3125.8,22.402,66.924,262.44,356.2,93.602,78.419,33.514,8.6686,25.885,6.5608,17.293,1.6959,34.455,13.675,23.502,1.2554,16.852,2.3135,4.9944,2.3621,0.0057808,0.76303,0.085687,53.423,43.867,63.223,53.635,17.195,83.186,25.689,40.2,37.974,43.6,56.294,43.558,18.876,-0.06998860000000001,0.9724069999999987,32.67599999999993,-5.209090000000003,0.010409600000000019,-0.03488000000000113,37.090000000000146,-1.286210000000004,-0.49121999999999844,32.49879999999999,14.89409999999998,1.2936600000000027,-0.2306380000000008,-0.588199999999997,-1.4409799999999997,1.495440000000002,-0.14773999999999887,0.012062000000000017,-1.7519400000000012,-0.012696270000000003,-0.07292549999999998,-0.011589950000000002,0.19829000000000008,-6.834009999999999,21.907990000000005,3.5216199999999986,-0.10223000000000582,-2.976169999999996,8.99223,2.469380000000001,0.6355199999999996,9.8
2020-01-01 09:51:00,0.17488,3702.7,4487.3,10.156,27.105,43.183,2744.6,69.898,120.41,0.35193,79.968,49.961,2677.1,24.736,50.146,3130.9,22.573,66.84,262.13,356.97,93.689,78.222,33.514,8.6686,25.885,6.5608,17.293,1.6959,34.455,13.675,23.502,1.2554,16.852,2.3135,4.9944,2.3621,0.0057808,0.76303,0.085687,53.423,43.867,63.449,53.359,17.155,84.514,25.715,39.916,37.984,46.871,56.215,43.046,18.475,-0.0695886,0.803407,38.57600000000002,-5.158090000000001,0.012739600000000018,-0.03088000000000335,42.38999999999987,0.1277899999999974,-0.32021999999999906,32.188799999999986,15.664100000000019,1.2936600000000027,-0.2306380000000008,-0.588199999999997,-1.4409799999999997,1.495440000000002,-0.14773999999999887,0.012062000000000017,-1.7519400000000012,-0.012696270000000003,-0.07292549999999998,-0.011589950000000002,0.42428999999999917,-6.874009999999998,23.235989999999994,3.5476199999999984,-0.0922300000000007,0.2948300000000046,8.913230000000006,1.9573800000000006,0.23451999999999984,9.85
2020-01-01 09:54:00,0.14769,3697.3,4538.3,10.169,26.794,42.287,2752.6,71.121,120.42,0.35057,79.802,49.082,2685.6,23.27,49.63,3138.5,22.767,66.682,265.69,358.6,93.403,78.461,33.715,8.6416,26.929,6.7727,17.843,1.6659,35.127,13.517,23.737,1.1471,16.779,2.2856,4.8759,2.3184,0.0057808,0.76303,0.085687,53.423,43.867,64.601,54.708,14.83,83.909,26.205,39.142,35.399,45.678,55.795,43.987,17.988,-0.09677860000000002,0.8164069999999999,46.57600000000002,-3.9350900000000024,0.01137959999999999,-0.9098800000000011,50.88999999999987,-0.38821000000000083,-0.12622,35.74879999999999,17.294100000000014,1.4946600000000032,-0.25763800000000003,0.4558,-0.890979999999999,2.1674400000000063,-0.3057400000000001,-0.09623800000000005,-1.8249400000000016,-0.012696270000000003,-0.07292549999999998,-0.011589950000000002,1.5762900000000002,-9.19901,22.630990000000004,4.037619999999997,-2.6772300000000016,-0.8981700000000004,8.493230000000004,2.898380000000003,-0.25248000000000204,9.9
2020-01-01 09:57:00,0.14974,3716.5,4538.3,10.159,26.667,43.11,2762.0,71.287,120.41,0.34902,79.616,50.405,2694.8,25.219,50.603,3145.7,22.135,66.556,265.03,359.45,93.517,78.203,33.715,8.6416,26.929,6.7727,17.843,1.6659,35.127,13.517,23.737,1.1471,16.779,2.2856,4.8759,2.3184,0.0057808,0.76303,0.085687,53.423,43.867,64.27,54.708,14.628,83.359,26.691,39.331,39.293,47.93,55.759,44.538,19.489,-0.0947286,0.8064070000000001,55.97600000000011,-3.7690899999999914,0.009829599999999994,0.41311999999999927,60.090000000000146,0.5847899999999981,-0.7582199999999979,35.088799999999964,18.14409999999998,1.4946600000000032,-0.25763800000000003,0.4558,-0.890979999999999,2.1674400000000063,-0.3057400000000001,-0.09623800000000005,-1.8249400000000016,-0.012696270000000003,-0.07292549999999998,-0.011589950000000002,1.2452899999999971,-9.40101,22.080989999999993,4.5236199999999975,1.2167699999999968,1.353830000000002,8.457230000000003,3.449379999999998,1.2485199999999992,9.95
2020-01-01 10:00:00,0.11694,3667.0,4503.7,10.207,27.12,42.756,2768.3,71.43,120.38,0.33049,79.329,51.799,2701.9,23.368,50.42,3150.4,23.108,66.438,261.29,360.21,93.56,78.19,33.6,8.5712,26.305,6.7157,16.76,1.6648,35.749,13.598,24.415,1.1356,16.439,2.2769,4.7966,2.2503,-0.0033103,0.7252,0.090846,53.822,43.751,63.467,53.975,11.098,82.437,27.515,37.019,43.395,47.507,54.521,43.43,17.166,-0.1275286,0.8544070000000001,62.276000000000295,-3.6260899999999907,-0.008700399999999997,1.8071199999999976,67.19000000000005,0.4017899999999983,0.21478000000000108,31.34880000000001,18.90409999999997,1.3796600000000012,-0.32803800000000116,-0.1681999999999988,-1.9739799999999974,2.789440000000006,-0.22473999999999883,-0.10773800000000011,-2.1649400000000014,-0.02178737,-0.1107555,-0.006430950000000005,0.44228999999999985,-12.931009999999999,21.158989999999996,5.347619999999999,5.318770000000001,0.9308300000000003,7.219230000000003,2.341380000000001,-1.0744800000000012,10.0
2020-01-01 10:03:00,0.11099,3672.6,4523.0,10.167,26.914,42.625,2778.4,71.649,120.39,0.33293,79.285,50.126,2712.5,22.399,49.597,3156.6,22.933,66.266,259.27,360.83,93.639,78.198,33.6,8.5712,26.305,6.7157,16.76,1.6648,35.749,13.598,24.415,1.1356,16.439,2.2769,4.7966,2.2503,-0.0033103,0.7252,0.090846,53.822,43.751,63.37,53.743,11.683,83.541,28.25,36.721,38.47,45.601,53.971,43.289,17.57,-0.1334786,0.8144069999999992,72.3760000000002,-3.4070899999999966,-0.006260399999999999,0.1341199999999958,77.78999999999996,-0.4212100000000021,0.03978000000000037,29.328799999999973,19.524099999999976,1.3796600000000012,-0.32803800000000116,-0.1681999999999988,-1.9739799999999974,2.789440000000006,-0.22473999999999883,-0.10773800000000011,-2.1649400000000014,-0.02178737,-0.1107555,-0.006430950000000005,0.34528999999999854,-12.34601,22.262989999999995,6.082619999999999,0.3937699999999964,-0.9751699999999985,6.669229999999999,2.2003800000000027,-0.6704800000000013,10.05
2020-01-01 10:06:00,0.10814,3671.5,4640.1,10.158,26.863,42.993,2785.1,71.6,120.41,0.33769,78.881,49.111,2719.2,25.16,48.613,3164.8,22.839,66.106,257.7,362.01,93.567,77.557,34.121,8.6289,27.27,6.8316,16.72,1.6725,35.598,13.51,24.68,0.94521,16.065,2.2478,4.8181,2.2723,-0.0033103,0.7252,0.090846,53.822,43.751,64.02,55.249,11.149,84.59,28.026,37.914,35.483,43.324,53.389,43.411,17.837,-0.13632860000000002,0.8054069999999989,79.07600000000002,-3.456090000000003,-0.0015004000000000128,-0.8808800000000048,84.48999999999978,-1.4052100000000038,-0.05422000000000082,27.75879999999998,20.704099999999983,1.900660000000002,-0.27033800000000063,0.7968000000000011,-2.01398,2.638440000000003,-0.3127399999999998,-0.29812800000000006,-2.53894,-0.02178737,-0.1107555,-0.006430950000000005,0.9952899999999971,-12.88001,23.31199,5.858619999999998,-2.5932300000000055,-3.2521699999999996,6.087230000000005,2.3223800000000026,-0.40348000000000184,10.1
2020-01-01 10:09:00,0.11095,3734.5,4609.9,10.167,26.988,42.544,2792.6,72.8,120.39,0.34171,78.501,48.88,2726.5,26.292,50.428,3169.2,22.669,65.878,255.4,362.73,93.583,77.756,34.121,8.6289,27.27,6.8316,16.72,1.6725,35.598,13.51,24.68,0.94521,16.065,2.2478,4.8181,2.2723,-0.0033103,0.7252,0.090846,53.822,43.751,62.935,55.61,10.873,83.785,28.682,37.424,34.803,47.525,52.884,43.619,18.254,-0.13351860000000002,0.8144069999999992,86.57600000000002,-2.2560900000000004,0.0025196000000000107,-1.1118799999999993,91.78999999999996,0.4097899999999939,-0.22421999999999898,25.458799999999997,21.42410000000001,1.900660000000002,-0.27033800000000063,0.7968000000000011,-2.01398,2.638440000000003,-0.3127399999999998,-0.29812800000000006,-2.53894,-0.02178737,-0.1107555,-0.006430950000000005,-0.08970999999999663,-13.15601,22.506989999999995,6.514619999999997,-3.273230000000005,0.948830000000001,5.582230000000003,2.530380000000001,0.013519999999999754,10.15
2020-01-01 10:12:00,0.057494,3682.2,4668.3,10.144,26.672,42.845,2799.2,71.317,120.37,0.32596,78.275,49.867,2733.1,24.328,50.987,3175.4,23.515,65.643,254.39,363.21,93.753,77.87,34.197,8.5691,27.564,6.7709,16.484,1.652,35.572,13.475,25.014,1.2621,15.823,2.2514,4.6358,2.3148,-0.0033103,0.7252,0.090846,53.822,43.751,62.92,55.352,5.4818,83.181,28.571,36.598,37.708,48.819,52.273,42.635,16.242,-0.1869746,0.7914069999999995,93.17599999999993,-3.7390900000000045,-0.013230399999999976,-0.12488000000000454,98.38999999999987,0.9687899999999985,0.6217800000000011,24.448799999999977,21.90409999999997,1.9766600000000025,-0.3301379999999998,1.0908000000000015,-2.249979999999997,2.6124400000000065,-0.34773999999999994,0.018761999999999945,-2.780940000000001,-0.02178737,-0.1107555,-0.006430950000000005,-0.1047099999999972,-18.54721,21.902989999999996,6.40362,-0.36823000000000405,2.242830000000005,4.971230000000006,1.5463799999999992,-1.9984800000000007,10.2
2020-01-01 10:15:00,0.057089,3658.1,4640.6,10.238,27.004,42.859,2810.0,72.058,120.39,0.32805,78.519,49.48,2745.0,23.972,51.029,3183.7,23.966,65.489,250.63,362.99,93.581,78.303,34.197,8.5691,27.564,6.7709,16.484,1.652,35.572,13.475,25.014,1.2621,15.823,2.2514,4.6358,2.3148,0.010913,0.65831,0.10277,53.166,44.76,63.335,55.683,5.5216,81.119,29.623,36.343,36.57,48.916,50.78,43.613,15.125,-0.1873796,0.885406999999999,103.97600000000011,-2.9980899999999906,-0.011140399999999995,-0.511880000000005,110.28999999999996,1.01079,1.0727800000000016,20.688799999999986,21.6841,1.9766600000000025,-0.3301379999999998,1.0908000000000015,-2.249979999999997,2.6124400000000065,-0.34773999999999994,0.018761999999999945,-2.780940000000001,-0.007564070000000001,-0.1776455,0.005493049999999999,0.31029000000000195,-18.50741,19.840989999999998,7.45562,-1.5062300000000022,2.339829999999999,3.4782300000000035,2.5243800000000007,-3.1154800000000016,10.25
2020-01-01 10:18:00,0.028853,3670.5,4682.6,10.17,26.921,42.644,2819.1,72.966,120.41,0.32157,78.556,49.627,2754.0,25.39,47.872,3192.6,23.078,65.361,244.7,362.99,93.621,78.06,33.653,8.2952,27.279,6.6269,16.565,1.6318,36.016,13.439,25.567,1.0669,15.72,2.2093,4.4703,2.2285,0.010913,0.65831,0.10277,53.166,44.76,63.73,56.126,2.942,83.475,29.688,35.697,37.003,41.61,50.12,43.499,17.223,-0.21561560000000002,0.8174069999999993,113.07600000000002,-2.0900900000000036,-0.01762039999999998,-0.3648799999999994,119.28999999999996,-2.1462100000000035,0.18477999999999994,14.75879999999998,21.6841,1.4326599999999985,-0.604038000000001,0.8058000000000014,-2.1689799999999977,3.056440000000002,-0.3837399999999995,-0.1764380000000001,-2.883940000000001,-0.007564070000000001,-0.1776455,0.005493049999999999,0.705289999999998,-21.08701,22.196989999999992,7.520619999999997,-1.0732300000000023,-4.966169999999998,2.81823,2.4103800000000035,-1.0174800000000026,10.3
2020-01-01 10:21:00,0.029727,3677.7,4706.6,10.063,26.615,42.703,2822.0,72.109,120.4,0.31972,78.158,50.641,2757.2,25.572,50.966,3197.3,23.053,65.212,244.13,363.26,93.501,77.738,33.653,8.2952,27.279,6.6269,16.565,1.6318,36.016,13.439,25.567,1.0669,15.72,2.2093,4.4703,2.2285,0.010913,0.65831,0.10277,53.166,44.76,63.607,55.838,2.856,83.784,29.557,35.923,39.986,48.769,48.992,43.299,17.313,-0.2147416,0.710407,115.97600000000011,-2.947090000000003,-0.0194704,0.6491199999999964,122.48999999999978,0.9477899999999977,0.15978000000000137,14.188799999999986,21.954099999999983,1.4326599999999985,-0.604038000000001,0.8058000000000014,-2.1689799999999977,3.056440000000002,-0.3837399999999995,-0.1764380000000001,-2.883940000000001,-0.007564070000000001,-0.1776455,0.005493049999999999,0.5822900000000004,-21.173009999999998,22.505990000000004,7.389619999999997,1.9097699999999946,2.1928300000000007,1.6902299999999997,2.2103800000000007,-0.9274800000000027,10.35
2020-01-01 10:24:00,0.064879,3732.8,4680.5,10.137,27.194,42.668,2826.2,72.489,120.41,0.31676,77.697,51.292,2761.2,25.329,50.158,3200.0,23.28,64.974,239.61,363.35,93.714,77.194,34.302,8.4905,27.749,6.6817,16.687,1.5663,35.47,13.26,26.379,0.90519,14.892,2.1779,4.6148,2.2347,0.010913,0.65831,0.10277,53.166,44.76,64.094,56.332,6.2032,81.607,30.155,34.787,41.903,46.899,48.229,43.999,16.839,-0.17958960000000002,0.7844069999999999,120.17599999999993,-2.567089999999993,-0.022430400000000017,1.3001199999999997,126.48999999999978,0.13978999999999786,0.3867800000000017,9.668800000000005,22.044100000000014,2.0816599999999994,-0.4087379999999996,1.2758000000000003,-2.046979999999998,2.5104400000000027,-0.5627399999999998,-0.338148,-3.711940000000002,-0.007564070000000001,-0.1776455,0.005493049999999999,1.0692899999999952,-17.82581,20.328989999999997,7.98762,3.8267699999999962,0.3228300000000033,0.9272300000000016,2.9103800000000035,-1.401480000000003,10.4
2020-01-01 10:27:00,0.063057,3728.9,4654.5,10.013,27.116,42.956,2831.2,73.574,120.39,0.32032,77.523,49.978,2766.2,23.444,48.933,3205.4,23.508,64.686,240.86,363.13,93.49,77.525,34.302,8.4905,27.749,6.6817,16.687,1.5663,35.47,13.26,26.379,0.90519,14.892,2.1779,4.6148,2.2347,0.010913,0.65831,0.10277,53.166,44.76,64.162,56.643,6.3823,83.77,30.212,34.353,38.035,44.064,46.962,43.414,16.298,-0.1814116,0.6604069999999993,125.17599999999993,-1.4820899999999995,-0.01887040000000001,-0.013880000000000337,131.48999999999978,-1.0852100000000036,0.6147799999999997,10.918800000000005,21.824099999999987,2.0816599999999994,-0.4087379999999996,1.2758000000000003,-2.046979999999998,2.5104400000000027,-0.5627399999999998,-0.338148,-3.711940000000002,-0.007564070000000001,-0.1776455,0.005493049999999999,1.1372900000000072,-17.64671,22.491989999999994,8.044619999999998,-0.04123000000000587,-2.5121699999999976,-0.33976999999999435,2.3253800000000027,-1.9424800000000033,10.45
2020-01-01 10:30:00,0.030798,3693.1,4673.7,10.08,26.878,42.461,2837.6,74.27,120.39,0.29613,77.548,49.394,2773.1,24.721,49.059,3209.4,23.293,64.451,228.51,362.86,93.568,77.668,33.871,8.3617,28.3,6.7656,16.333,1.6621,35.675,13.298,26.102,0.97426,14.775,2.1329,4.4142,2.1008,0.0034729,0.66707,0.083962,52.425,44.864,64.511,56.475,3.1912,82.588,30.607,31.799,36.317,44.356,44.948,43.124,16.805,-0.21367060000000002,0.7274069999999995,131.57600000000002,-0.7860900000000015,-0.0430604,-0.5978800000000035,138.38999999999987,-0.9592100000000059,0.3997799999999998,-1.4312000000000182,21.554100000000005,1.650660000000002,-0.5375379999999996,1.8268000000000022,-2.4009800000000006,2.715440000000001,-0.5247399999999995,-0.26907800000000004,-3.828940000000001,-0.01500417,-0.1688854999999999,-0.013314950000000006,1.4862899999999968,-20.83781,21.309989999999992,8.439619999999998,-1.7592300000000023,-2.220169999999996,-2.3537699999999973,2.0353800000000035,-1.4354800000000019,10.5
2020-01-01 10:33:00,0.030282,3729.9,4697.3,9.9538,27.301,42.347,2841.9,74.611,120.4,0.29814,77.513,49.852,2776.7,23.157,50.445,3213.2,21.671,64.218,225.65,362.67,93.384,77.48,33.871,8.3617,28.3,6.7656,16.333,1.6621,35.675,13.298,26.102,0.97426,14.775,2.1329,4.4142,2.1008,0.0034729,0.66707,0.083962,52.425,44.864,63.878,56.193,3.2419,82.888,30.573,31.553,37.664,47.564,43.206,44.279,20.674,-0.2141866,0.6012069999999987,135.8760000000002,-0.4450899999999933,-0.04105039999999999,-0.1398800000000051,141.98999999999978,0.4267899999999969,-1.22222,-4.2912000000000035,21.364100000000008,1.650660000000002,-0.5375379999999996,1.8268000000000022,-2.4009800000000006,2.715440000000001,-0.5247399999999995,-0.26907800000000004,-3.828940000000001,-0.01500417,-0.1688854999999999,-0.013314950000000006,0.8532900000000012,-20.78711,21.609990000000003,8.405619999999999,-0.412230000000001,0.9878300000000024,-4.095769999999995,3.1903800000000047,2.433519999999998,10.55
2020-01-01 10:36:00,0.054445,3696.0,4742.5,9.9541,27.246,42.767,2843.0,73.203,120.38,0.29617,77.232,47.956,2778.3,23.253,49.113,3216.3,23.635,63.934,218.72,362.63,93.684,77.05,33.76,8.4346,28.321,6.6366,16.634,1.5933,35.518,13.125,26.8,0.87664,15.28,2.1412,4.2983,2.0529,0.0034729,0.66707,0.083962,52.425,44.864,63.875,56.902,5.1774,79.856,30.536,32.009,32.085,44.481,41.841,42.84,16.059,-0.19002360000000001,0.6015069999999998,136.9760000000001,-1.8530899999999946,-0.043020400000000014,-2.035879999999999,143.59000000000015,-0.9052100000000038,0.7417800000000021,-11.22120000000001,21.324099999999987,1.5396599999999978,-0.4646380000000008,1.847800000000003,-2.0999799999999986,2.5584400000000045,-0.6977399999999996,-0.3666980000000001,-3.323940000000002,-0.01500417,-0.1688854999999999,-0.013314950000000006,0.8502900000000011,-18.85161,18.577989999999993,8.36862,-5.991230000000002,-2.095169999999996,-5.460769999999997,1.7513800000000046,-2.1814800000000005,10.6
2020-01-01 10:39:00,0.051523,3709.8,4731.4,9.846,26.75,42.983,2846.1,74.546,120.39,0.29662,77.044,50.706,2782.0,25.258,49.479,3217.9,23.967,63.638,215.43,362.17,93.598,76.84,33.76,8.4346,28.321,6.6366,16.634,1.5933,35.518,13.125,26.8,0.87664,15.28,2.1412,4.2983,2.0529,0.0034729,0.66707,0.083962,52.425,44.864,63.636,57.034,5.4647,82.109,30.544,31.955,40.178,45.327,40.165,43.39,15.318,-0.1929456,0.4934069999999995,140.07600000000002,-0.510089999999991,-0.04257040000000001,0.7141200000000012,147.28999999999996,-0.5392100000000042,1.0737799999999993,-14.511200000000002,20.864100000000008,1.5396599999999978,-0.4646380000000008,1.847800000000003,-2.0999799999999986,2.5584400000000045,-0.6977399999999996,-0.3666980000000001,-3.323940000000002,-0.01500417,-0.1688854999999999,-0.013314950000000006,0.6112900000000039,-18.56431,20.830989999999993,8.376619999999999,2.101769999999995,-1.2491699999999994,-7.1367699999999985,2.3013800000000018,-2.922480000000002,10.65
2020-01-01 10:42:00,0.04703,3753.0,4722.0,9.9837,27.042,43.054,2849.2,75.372,120.39,0.27157,76.865,48.559,2784.4,25.35,50.824,3220.3,22.89,63.332,208.53,362.21,93.749,76.628,33.389,8.3876,28.781,6.8142,16.254,1.5572,35.514,13.127,26.997,0.73925,14.937,2.1559,4.296,2.0901,0.0034729,0.66707,0.083962,52.425,44.864,64.196,56.795,4.6905,79.115,30.724,29.479,33.859,48.441,38.823,43.128,17.929,-0.19743860000000002,0.6311070000000001,143.17599999999993,0.31591000000000236,-0.06762040000000002,-1.4328800000000044,149.69000000000005,0.8057899999999947,-0.0032199999999988904,-21.411200000000008,20.90409999999997,1.1686600000000027,-0.5116379999999996,2.3078000000000003,-2.4799799999999976,2.5544400000000067,-0.6957399999999989,-0.5040880000000001,-3.666940000000002,-0.01500417,-0.1688854999999999,-0.013314950000000006,1.171289999999999,-19.33851,17.836989999999993,8.556619999999999,-4.217230000000001,1.8648300000000049,-8.478769999999997,2.0393800000000013,-0.3114800000000031,10.7
2020-01-01 10:45:00,0.048437,3738.0,4725.4,9.735,27.464,42.209,2849.2,74.725,120.38,0.27249,76.655,49.651,2784.8,25.325,49.457,3221.5,22.161,63.003,202.48,361.88,93.686,76.722,33.389,8.3876,28.781,6.8142,16.254,1.5572,35.514,13.127,26.997,0.73925,14.937,2.1559,4.296,2.0901,0.016474,0.65217,0.084862,53.465,44.972,64.454,56.754,4.5522,80.628,30.931,29.366,37.073,45.276,37.332,43.036,19.694,-0.1960316,0.38240699999999883,143.17599999999993,-0.3310900000000032,-0.06670039999999999,-0.3408799999999985,150.09000000000015,-0.5612100000000027,-0.7322199999999981,-27.46120000000002,20.574099999999987,1.1686600000000027,-0.5116379999999996,2.3078000000000003,-2.4799799999999976,2.5544400000000067,-0.6957399999999989,-0.5040880000000001,-3.666940000000002,-0.0020030700000000026,-0.18378549999999994,-0.012414949999999994,1.4292899999999946,-19.47681,19.34999,8.76362,-1.003230000000002,-1.3001699999999943,-9.969769999999997,1.9473800000000026,1.4535199999999975,10.75
2020-01-01 10:48:00,0.067925,3693.7,4792.5,9.7566,26.896,42.725,2851.8,75.256,120.38,0.2669,76.65,50.259,2787.4,24.021,49.748,3223.5,22.332,62.71,195.15,361.29,93.656,76.919,33.683,8.3084,29.053,6.9039,16.214,1.5756,35.427,13.082,27.65,0.87065,14.841,2.1793,4.2168,2.0218,0.016474,0.65217,0.084862,53.465,44.972,63.806,57.276,6.8434,80.404,30.679,29.068,38.861,45.951,36.017,43.142,19.307,-0.17654360000000002,0.404007,145.7760000000003,0.1999100000000027,-0.07229039999999998,0.26711999999999847,152.69000000000005,-0.27021000000000583,-0.5612199999999987,-34.7912,19.984100000000012,1.4626599999999996,-0.5908379999999998,2.5798000000000023,-2.5199800000000003,2.4674400000000034,-0.7407399999999988,-0.372688,-3.762940000000002,-0.0020030700000000026,-0.18378549999999994,-0.012414949999999994,0.7812899999999985,-17.18561,19.125989999999994,8.511619999999997,0.7847699999999946,-0.6251699999999971,-11.284769999999995,2.053380000000004,1.066519999999997,10.8
2020-01-01 10:51:00,0.0682,3714.9,4816.4,9.6097,27.256,42.315,2855.8,76.116,120.36,0.26276,76.755,49.524,2791.4,22.433,49.942,3226.1,21.54,62.464,189.89,360.87,93.887,76.989,33.683,8.3084,29.053,6.9039,16.214,1.5756,35.427,13.082,27.65,0.87065,14.841,2.1793,4.2168,2.0218,0.016474,0.65217,0.084862,53.465,44.972,63.441,56.99,6.8164,81.281,31.045,29.573,36.698,46.4,34.525,43.08,21.199,-0.1762686,0.25710699999999953,149.7760000000003,1.0599100000000021,-0.07643040000000001,-0.46788000000000096,156.69000000000005,-0.07621000000000322,-1.3532200000000003,-40.05120000000002,19.564099999999996,1.4626599999999996,-0.5908379999999998,2.5798000000000023,-2.5199800000000003,2.4674400000000034,-0.7407399999999988,-0.372688,-3.762940000000002,-0.0020030700000000026,-0.18378549999999994,-0.012414949999999994,0.4162900000000036,-17.212609999999998,20.002990000000004,8.87762,-1.378230000000002,-0.17616999999999905,-12.776769999999999,1.9913799999999995,2.95852,10.85
2020-01-01 10:54:00,0.032359,3695.0,4795.1,9.7134,26.961,42.305,2855.5,76.136,120.38,0.25676,76.662,49.858,2790.2,24.165,49.017,3227.0,22.658,62.213,180.95,359.87,93.836,76.788,33.202,8.4129,28.93,6.8113,16.384,1.5691,34.573,13.125,27.611,0.99136,14.524,2.1229,4.1591,1.9494,0.016474,0.65217,0.084862,53.465,44.972,63.018,57.77,3.4443,77.128,30.661,28.046,37.682,44.26,33.37,42.451,18.595,-0.2121096,0.36080699999999943,149.4760000000001,1.0799099999999981,-0.08243040000000001,-0.13388000000000488,155.48999999999978,-1.0012100000000004,-0.2352199999999982,-48.99120000000002,18.564099999999996,0.981659999999998,-0.48633799999999994,2.456800000000001,-2.3499799999999986,1.6134400000000042,-0.6977399999999996,-0.25197800000000004,-4.079940000000002,-0.0020030700000000026,-0.18378549999999994,-0.012414949999999994,-0.006709999999998217,-20.58471,15.849989999999998,8.49362,-0.3942300000000003,-2.3161699999999996,-13.93177,1.3623800000000017,0.3545199999999973,10.9
2020-01-01 10:57:00,0.03256,3683.8,4809.6,9.5967,26.924,42.032,2856.8,76.701,120.37,0.25896,76.71,47.978,2792.0,24.366,49.52,3227.3,22.464,61.986,177.5,359.17,94.113,76.509,33.202,8.4129,28.93,6.8113,16.384,1.5691,34.573,13.125,27.611,0.99136,14.524,2.1229,4.1591,1.9494,0.016474,0.65217,0.084862,53.465,44.972,63.211,57.596,3.4245,79.928,30.755,27.777,32.15,45.423,31.735,42.495,19.098,-0.2119086,0.24410699999999963,150.7760000000003,1.6449099999999959,-0.08023039999999998,-2.0138800000000003,157.28999999999996,-0.49821000000000026,-0.4292200000000008,-52.44120000000001,17.864100000000008,0.981659999999998,-0.48633799999999994,2.456800000000001,-2.3499799999999986,1.6134400000000042,-0.6977399999999996,-0.25197800000000004,-4.079940000000002,-0.0020030700000000026,-0.18378549999999994,-0.012414949999999994,0.18628999999999962,-20.604509999999998,18.649989999999995,8.587619999999998,-5.926230000000004,-1.1531699999999958,-15.566769999999998,1.4063799999999986,0.8575199999999974,10.95
2020-01-01 11:00:00,0.067612,3706.0,4847.7,9.5746,26.686,42.436,2853.8,77.017,120.39,0.25697,76.354,49.578,2787.7,23.038,48.981,3225.3,23.31,61.717,166.51,358.95,94.066,76.072,33.455,8.3621,29.065,6.7846,16.616,1.5488,35.01,13.168,27.76,0.97925,14.729,2.0913,4.2162,1.9774,0.020831,0.69262,0.10507,53.192,44.109,63.665,57.14,6.5568,76.439,30.356,28.1,36.859,44.176,30.088,42.883,17.172,-0.1768566,0.22200699999999962,147.7760000000003,1.9609099999999984,-0.08222040000000003,-0.4138799999999989,152.98999999999978,-1.0372100000000017,0.41677999999999926,-63.43120000000002,17.64409999999998,1.234659999999998,-0.5371380000000006,2.5918000000000028,-2.1179799999999993,2.050440000000002,-0.6547400000000003,-0.2640880000000001,-3.8749400000000023,0.002353929999999997,-0.14333549999999995,0.007793049999999996,0.6402900000000002,-17.47221,15.160989999999991,8.18862,-1.2172300000000007,-2.4001699999999957,-17.213769999999997,1.7943800000000039,-1.068480000000001,11.0
2020-01-01 11:03:00,0.065429,3715.0,4764.2,9.5741,26.724,42.346,2853.1,77.155,120.36,0.2555,76.39,50.244,2788.0,23.597,50.251,3224.0,22.767,61.374,164.03,358.08,94.066,76.539,33.455,8.3621,29.065,6.7846,16.616,1.5488,35.01,13.168,27.76,0.97925,14.729,2.0913,4.2162,1.9774,0.020831,0.69262,0.10507,53.192,44.109,63.509,58.14,6.7715,78.583,30.339,28.279,38.819,47.114,28.092,41.986,18.476,-0.17903960000000002,0.221506999999999,147.07600000000002,2.0989100000000036,-0.0836904,0.2521199999999979,153.28999999999996,0.23278999999999428,-0.12622,-65.91120000000001,16.774099999999976,1.234659999999998,-0.5371380000000006,2.5918000000000028,-2.1179799999999993,2.050440000000002,-0.6547400000000003,-0.2640880000000001,-3.8749400000000023,0.002353929999999997,-0.14333549999999995,0.007793049999999996,0.48429000000000144,-17.25751,17.304989999999997,8.171619999999997,0.7427700000000002,0.5378299999999996,-19.20977,0.8973799999999983,0.2355199999999975,11.05
2020-01-01 11:06:00,0.032479,3719.2,4806.3,9.4905,27.08,42.165,2851.4,77.029,120.37,0.25683,76.619,51.701,2786.4,24.31,49.828,3223.9,22.12,61.121,153.14,357.4,94.074,76.374,32.711,8.5204,29.414,6.6703,16.183,1.5387,34.885,13.249,27.973,1.0238,14.613,2.1059,4.2253,1.9686,0.020831,0.69262,0.10507,53.192,44.109,63.75,57.45,3.3928,75.868,30.198,28.271,43.107,46.136,26.853,42.475,20.038,-0.2119896,0.13790700000000022,145.3760000000002,1.9729099999999988,-0.0823604,1.7091199999999986,151.69000000000005,-0.19021000000000043,-0.7732199999999985,-76.80120000000002,16.09409999999997,0.4906599999999983,-0.378838,2.940800000000003,-2.550979999999999,1.9254400000000018,-0.573739999999999,-0.219538,-3.990940000000002,0.002353929999999997,-0.14333549999999995,0.007793049999999996,0.7252900000000011,-20.63621,14.589989999999993,8.030619999999999,5.030769999999997,-0.44016999999999484,-20.448769999999996,1.3863800000000026,1.7975199999999987,11.1
2020-01-01 11:09:00,0.031193,3698.2,4779.8,9.5376,26.908,42.239,2845.7,76.966,120.37,0.25551,76.397,49.217,2780.2,22.914,48.807,3217.8,22.21,60.865,146.98,356.44,94.202,75.626,32.711,8.5204,29.414,6.6703,16.183,1.5387,34.885,13.249,27.973,1.0238,14.613,2.1059,4.2253,1.9686,0.020831,0.69262,0.10507,53.192,44.109,64.111,57.767,3.5193,77.486,29.915,28.432,35.794,43.773,25.203,41.243,19.929,-0.2132756,0.1850069999999988,139.67599999999993,1.9099099999999964,-0.08368039999999999,-0.7748800000000031,145.48999999999978,-1.2112100000000012,-0.6832199999999986,-82.96120000000002,15.13409999999999,0.4906599999999983,-0.378838,2.940800000000003,-2.550979999999999,1.9254400000000018,-0.573739999999999,-0.219538,-3.990940000000002,0.002353929999999997,-0.14333549999999995,0.007793049999999996,1.0862900000000053,-20.50971,16.207990000000002,7.747619999999998,-2.2822300000000055,-2.8031699999999944,-22.09877,0.1543800000000033,1.688519999999997,11.15
2020-01-01 11:12:00,0.09783,3741.2,4848.9,9.3361,26.832,42.429,2843.0,78.398,120.4,0.26025,76.41,50.519,2777.5,23.794,49.238,3217.0,22.113,60.569,138.89,355.27,94.122,76.174,32.701,8.3732,29.613,6.8311,16.69,1.4945,33.494,13.123,28.368,1.2166,15.132,2.0533,4.2167,1.9691,0.020831,0.69262,0.10507,53.192,44.109,64.521,58.403,9.2891,76.025,29.815,29.104,39.627,44.771,23.74,42.15,20.172,-0.1466386,-0.016493000000000535,136.9760000000001,3.3419099999999986,-0.07894040000000002,0.5271199999999965,142.78999999999996,-0.7802100000000038,-0.7802199999999999,-91.05120000000002,13.964099999999974,0.4806600000000003,-0.5260379999999998,3.139800000000001,-2.0439799999999977,0.5344400000000036,-0.6997400000000003,-0.02673800000000015,-3.471940000000002,0.002353929999999997,-0.14333549999999995,0.007793049999999996,1.496290000000002,-14.73991,14.746990000000004,7.64762,1.55077,-1.8051699999999968,-23.56177,1.0613799999999998,1.931519999999999,11.2
2020-01-01 11:15:00,0.096363,3729.4,4848.6,9.2923,27.457,42.528,2837.6,79.04,120.41,0.26293,76.426,50.916,2771.1,24.876,51.766,3213.7,23.329,60.261,131.28,354.2,94.114,75.892,32.701,8.3732,29.613,6.8311,16.69,1.4945,33.494,13.123,28.368,1.2166,15.132,2.0533,4.2167,1.9691,0.007056,0.74289,0.11226,53.788,43.727,64.724,58.407,9.4334,75.285,29.237,28.777,40.796,50.621,22.986,42.151,17.353,-0.1481056,-0.060293000000001484,131.57600000000002,3.9839100000000087,-0.0762604,0.924119999999995,136.38999999999987,1.7477899999999948,0.43578000000000117,-98.66120000000001,12.89409999999998,0.4806600000000003,-0.5260379999999998,3.139800000000001,-2.0439799999999977,0.5344400000000036,-0.6997400000000003,-0.02673800000000015,-3.471940000000002,-0.011421070000000002,-0.09306549999999991,0.014983049999999998,1.6992900000000049,-14.595609999999999,14.006989999999995,7.069619999999997,2.719769999999997,4.044830000000005,-24.315769999999997,1.0623800000000045,-0.88748,11.25
2020-01-01 11:18:00,0.09283,3703.5,4812.5,9.2151,26.838,42.244,2831.4,78.249,120.39,0.24452,76.42,50.832,2764.9,25.586,49.843,3208.8,22.491,60.038,127.73,353.29,94.392,75.969,32.865,8.4804,29.433,6.8057,17.133,1.5633,34.199,13.322,28.703,0.979,15.416,2.1087,4.1188,2.0587,0.007056,0.74289,0.11226,53.788,43.727,63.883,57.987,8.8984,75.439,28.757,26.723,40.549,46.171,21.46,41.559,19.386,-0.1516386,-0.13749300000000098,125.3760000000002,3.1929099999999977,-0.09467040000000002,0.8401199999999989,130.19000000000005,-0.17520999999999987,-0.4022199999999998,-102.2112,11.984100000000012,0.6446600000000018,-0.41883800000000093,2.9598000000000013,-1.6009799999999998,1.2394400000000019,-0.5007400000000004,-0.2643380000000001,-3.187940000000001,-0.011421070000000002,-0.09306549999999991,0.014983049999999998,0.8582900000000038,-15.130609999999999,14.160989999999991,6.58962,2.472769999999997,-0.40516999999999825,-25.841769999999997,0.4703799999999987,1.1455199999999977,11.3
2020-01-01 11:21:00,0.092366,3710.6,4831.3,9.1256,26.733,42.05,2827.7,78.047,120.4,0.24434,76.612,51.136,2760.4,23.276,50.01,3203.8,22.629,59.84,120.13,351.99,94.311,75.755,32.865,8.4804,29.433,6.8057,17.133,1.5633,34.199,13.322,28.703,0.979,15.416,2.1087,4.1188,2.0587,0.007056,0.74289,0.11226,53.788,43.727,63.761,57.762,8.944,75.109,28.486,26.744,41.443,46.558,20.301,42.101,19.112,-0.1521026,-0.22699300000000022,121.67599999999993,2.9909099999999995,-0.0948504,1.144120000000001,125.69000000000005,-0.00821000000000538,-0.2642199999999981,-109.81120000000001,10.6841,0.6446600000000018,-0.41883800000000093,2.9598000000000013,-1.6009799999999998,1.2394400000000019,-0.5007400000000004,-0.2643380000000001,-3.187940000000001,-0.011421070000000002,-0.09306549999999991,0.014983049999999998,0.7362900000000039,-15.085009999999999,13.830989999999993,6.318619999999999,3.3667699999999954,-0.0181699999999978,-27.00077,1.0123800000000003,0.8715199999999967,11.35
2020-01-01 11:24:00,0.069026,3745.5,4797.0,9.0495,26.793,42.298,2820.6,78.445,120.38,0.26216,76.738,49.035,2753.3,24.727,50.021,3197.4,23.096,59.612,113.8,351.09,94.544,75.427,32.229,8.6979,29.287,6.8959,16.684,1.5967,33.814,13.435,28.087,1.0572,15.635,2.1042,4.1642,1.9962,0.007056,0.74289,0.11226,53.788,43.727,63.443,57.399,6.9098,73.991,27.973,29.013,35.261,46.583,19.039,41.193,18.066,-0.1754426,-0.3030930000000005,114.57600000000002,3.3889099999999956,-0.0770304,-0.9568800000000053,118.59000000000015,0.0027899999999974057,0.20278000000000063,-116.14120000000001,9.784099999999967,0.008659999999999002,-0.2013379999999998,2.8138000000000005,-2.049979999999998,0.8544400000000039,-0.3877399999999991,-0.18613800000000014,-2.9689400000000017,-0.011421070000000002,-0.09306549999999991,0.014983049999999998,0.41828999999999894,-17.11921,12.712989999999998,5.805619999999998,-2.8152299999999997,0.00683000000000078,-28.262769999999996,0.10437999999999903,-0.17448000000000263,11.4
2020-01-01 11:27:00,0.070092,3714.2,4793.8,9.1959,27.284,42.135,2811.5,79.226,120.38,0.25736,76.745,49.303,2744.4,25.888,50.783,3192.2,23.677,59.445,105.76,349.81,94.669,75.809,32.229,8.6979,29.287,6.8959,16.684,1.5967,33.814,13.435,28.087,1.0572,15.635,2.1042,4.1642,1.9962,0.007056,0.74289,0.11226,53.788,43.727,63.982,57.437,6.805,72.545,27.897,29.598,36.049,48.345,17.935,40.976,16.71,-0.1743766,-0.15669300000000064,105.47600000000011,4.169910000000002,-0.08183040000000003,-0.6888800000000046,109.69000000000005,0.7647899999999979,0.7837800000000001,-124.1812,8.504099999999994,0.008659999999999002,-0.2013379999999998,2.8138000000000005,-2.049979999999998,0.8544400000000039,-0.3877399999999991,-0.18613800000000014,-2.9689400000000017,-0.011421070000000002,-0.09306549999999991,0.014983049999999998,0.9572900000000004,-17.22401,11.26699,5.729619999999997,-2.027230000000003,1.7688300000000012,-29.36677,-0.11261999999999972,-1.5304800000000007,11.45
2020-01-01 11:30:00,0.12915,3700.8,4853.7,9.0105,27.238,41.812,2806.0,78.428,120.34,0.26592,77.03,48.449,2738.1,24.015,50.9,3189.0,23.171,59.282,105.35,348.04,94.605,75.62,31.903,8.6327,29.322,6.9795,17.073,1.5488,33.053,13.391,27.574,1.1859,15.852,2.1178,4.1648,2.0041,0.030093,0.80318,0.099587,53.465,43.651,63.45,58.137,12.35,72.582,27.158,30.923,33.536,48.618,17.231,40.509,17.955,-0.11531860000000002,-0.3420930000000002,99.97600000000011,3.3719099999999997,-0.07327040000000001,-1.5428800000000038,103.38999999999987,0.8817899999999952,0.2777799999999999,-124.59120000000001,6.734100000000012,-0.3173400000000015,-0.2665380000000006,2.8488000000000007,-1.6609799999999986,0.09344000000000108,-0.43173999999999957,-0.0574380000000001,-2.751940000000001,0.01161593,-0.03277549999999996,0.002310049999999994,0.42529000000000394,-11.67901,11.303989999999992,4.99062,-4.540230000000001,2.0418300000000045,-30.070769999999996,-0.5796199999999985,-0.2854800000000033,11.5
2020-01-01 11:33:00,0.12752,3718.7,4902.2,8.9264,26.85,41.901,2797.9,79.078,120.38,0.26606,77.004,48.97,2729.7,21.962,50.132,3182.4,22.974,59.177,99.445,346.59,94.811,75.841,31.903,8.6327,29.322,6.9795,17.073,1.5488,33.053,13.391,27.574,1.1859,15.852,2.1178,4.1648,2.0041,0.030093,0.80318,0.099587,53.465,43.651,63.142,57.556,12.51,72.964,26.146,30.906,35.068,46.84,16.416,41.61,18.464,-0.11694860000000001,-0.4261930000000014,91.8760000000002,4.021910000000005,-0.07313039999999998,-1.021880000000003,94.98999999999978,0.1137899999999945,0.08078000000000074,-130.49620000000002,5.284099999999967,-0.3173400000000015,-0.2665380000000006,2.8488000000000007,-1.6609799999999986,0.09344000000000108,-0.43173999999999957,-0.0574380000000001,-2.751940000000001,0.01161593,-0.03277549999999996,0.002310049999999994,0.11729000000000411,-11.51901,11.685989999999997,3.9786199999999994,-3.0082300000000046,0.2638300000000058,-30.885769999999997,0.5213800000000006,0.22351999999999705,11.55
2020-01-01 11:36:00,0.15955,3659.1,4842.4,8.8404,27.181,41.983,2791.3,78.864,120.38,0.25573,77.164,51.536,2722.2,25.967,50.349,3177.1,22.311,59.057,92.039,345.28,94.821,75.746,31.73,8.5748,28.637,7.0735,17.665,1.578,32.215,13.537,28.169,0.95276,16.298,2.1365,4.2035,1.9523,0.030093,0.80318,0.099587,53.465,43.651,63.382,57.639,15.813,73.539,26.014,30.381,42.62,47.342,15.74,41.049,20.087,-0.08491860000000001,-0.5121929999999999,85.2760000000003,3.807910000000007,-0.08346039999999999,1.5441199999999995,87.48999999999978,0.33078999999999326,-0.5822199999999995,-137.9022,3.9740999999999644,-0.4903399999999998,-0.32443800000000067,2.163800000000002,-1.0689799999999998,-0.7445599999999928,-0.2857399999999988,-0.290578,-2.305940000000003,0.01161593,-0.03277549999999996,0.002310049999999994,0.357289999999999,-8.216009999999999,12.26099,3.846619999999998,4.543769999999995,0.7658300000000011,-31.561769999999996,-0.03961999999999932,1.8465199999999982,11.6
2020-01-01 11:39:00,0.15817,3654.8,4842.9,8.841,26.953,41.629,2786.6,78.7,120.37,0.25872,77.424,51.453,2716.8,26.386,52.189,3173.2,22.433,58.938,89.06,343.84,95.051,75.636,31.73,8.5748,28.637,7.0735,17.665,1.578,32.215,13.537,28.169,0.95276,16.298,2.1365,4.2035,1.9523,0.030093,0.80318,0.099587,53.465,43.651,63.455,57.632,15.948,73.85,25.938,30.017,42.375,51.601,14.671,40.075,19.838,-0.0862986,-0.5115930000000013,80.57600000000002,3.6439100000000053,-0.0804704,1.461120000000001,82.09000000000015,2.1707899999999967,-0.46021999999999963,-140.8812,2.5340999999999667,-0.4903399999999998,-0.32443800000000067,2.163800000000002,-1.0689799999999998,-0.7445599999999928,-0.2857399999999988,-0.290578,-2.305940000000003,0.01161593,-0.03277549999999996,0.002310049999999994,0.4302899999999994,-8.08101,12.571989999999992,3.7706199999999974,4.2987699999999975,5.0248300000000015,-32.63077,-1.013619999999996,1.5975199999999994,11.65
2020-01-01 11:42:00,0.18223,3646.1,4773.6,8.7695,26.904,41.63,2778.9,78.77,120.39,0.2714,77.644,49.18,2710.0,26.356,50.828,3168.3,22.748,58.846,85.601,342.37,94.914,75.871,31.227,8.6588,28.958,6.9126,17.754,1.5372,32.251,13.475,28.079,1.23,16.858,2.1258,4.312,2.0997,0.030093,0.80318,0.099587,53.465,43.651,62.644,57.245,17.639,71.847,25.026,31.833,35.686,48.45,13.649,40.194,19.105,-0.062238600000000005,-0.5830929999999999,72.8760000000002,3.7139099999999985,-0.06779040000000003,-0.8118800000000022,75.28999999999996,0.8097899999999996,-0.14521999999999835,-144.3402,1.0640999999999963,-0.9933399999999999,-0.24043800000000104,2.4848,-0.9799799999999976,-0.7085599999999985,-0.34773999999999994,-0.013338000000000072,-1.745940000000001,0.01161593,-0.03277549999999996,0.002310049999999994,-0.38071000000000055,-6.39001,10.568989999999992,2.8586199999999984,-2.3902300000000025,1.8738300000000052,-33.65277,-0.8946199999999962,0.8645199999999988,11.7
2020-01-01 11:45:00,0.17873,3647.8,4773.5,8.7596,26.96,41.867,2772.4,79.697,120.36,0.27199,77.813,47.258,2702.0,24.492,50.41,3162.2,22.611,58.791,84.631,341.28,95.291,75.779,31.227,8.6588,28.958,6.9126,17.754,1.5372,32.251,13.475,28.079,1.23,16.858,2.1258,4.312,2.0997,0.023172,0.89382,0.11697,53.432,43.352,62.615,57.245,17.982,72.392,24.645,31.762,30.03,47.484,13.838,39.513,19.465,-0.06573860000000001,-0.5929929999999999,66.3760000000002,4.640910000000005,-0.0672004,-2.733879999999999,67.28999999999996,0.3917899999999932,-0.2822199999999988,-145.3102,-0.02590000000003556,-0.9933399999999999,-0.24043800000000104,2.4848,-0.9799799999999976,-0.7085599999999985,-0.34773999999999994,-0.013338000000000072,-1.745940000000001,0.00469493,0.057864499999999985,0.019693050000000004,-0.4097099999999969,-6.04701,11.113989999999994,2.477619999999998,-8.046230000000001,0.9078300000000041,-33.46377,-1.5756200000000007,1.2245199999999983,11.75
2020-01-01 11:48:00,0.23579,3715.8,4782.2,8.9272,27.079,41.977,2766.8,78.96,120.39,0.26328,78.052,49.323,2696.3,26.749,48.319,3160.1,22.214,58.831,79.883,339.49,95.018,76.123,31.362,8.8845,28.678,6.9569,18.11,1.6238,32.095,13.444,27.428,1.1755,17.64,2.1315,4.3364,2.1253,0.023172,0.89382,0.11697,53.432,43.352,62.752,57.103,23.39,71.534,23.917,30.699,36.109,42.644,13.552,39.846,20.406,-0.008678600000000009,-0.42539300000000146,60.776000000000295,3.903909999999996,-0.07591039999999999,-0.6688800000000015,61.590000000000146,-1.6992100000000008,-0.6792200000000008,-150.0582,-1.8158999999999992,-0.8583400000000019,-0.01473800000000125,2.2048000000000023,-0.6239799999999995,-0.8645599999999973,-0.37873999999999874,-0.06783800000000006,-0.9639400000000009,0.00469493,0.057864499999999985,0.019693050000000004,-0.27270999999999646,-0.639009999999999,10.255990000000004,1.7496200000000002,-1.9672300000000007,-3.9321699999999993,-33.74977,-1.2426200000000023,2.1655199999999972,11.8
2020-01-01 11:51:00,0.23674,3658.1,4798.2,8.7658,26.804,41.989,2760.0,79.094,120.4,0.26089,78.194,48.94,2688.3,27.235,49.456,3154.9,22.197,58.835,78.769,337.83,95.183,75.651,31.362,8.8845,28.678,6.9569,18.11,1.6238,32.095,13.444,27.428,1.1755,17.64,2.1315,4.3364,2.1253,0.023172,0.89382,0.11697,53.432,43.352,63.745,56.911,23.297,70.297,23.383,30.991,34.98,45.275,12.943,40.192,20.507,-0.007728600000000002,-0.5867930000000001,53.97600000000011,4.037909999999997,-0.07830039999999999,-1.0518800000000041,53.590000000000146,-0.5622100000000003,-0.6962200000000003,-151.1722,-3.475900000000024,-0.8583400000000019,-0.01473800000000125,2.2048000000000023,-0.6239799999999995,-0.8645599999999973,-0.37873999999999874,-0.06783800000000006,-0.9639400000000009,0.00469493,0.057864499999999985,0.019693050000000004,0.7202899999999985,-0.7320099999999989,9.018989999999995,1.2156199999999977,-3.0962300000000056,-1.301169999999999,-34.35877,-0.8966199999999986,2.26652,11.85
2020-01-01 11:54:00,0.22983,3685.9,4748.2,8.8002,27.012,41.543,2750.3,78.929,120.39,0.25391,78.187,48.271,2677.9,25.96,50.798,3146.6,21.524,58.761,75.038,336.24,95.125,75.795,30.747,8.8354,28.645,6.9057,18.711,1.5972,31.244,13.706,27.694,1.4269,17.742,2.1417,4.3331,2.0246,0.023172,0.89382,0.11697,53.432,43.352,62.828,56.779,23.23,73.039,22.743,30.475,33.012,48.382,12.571,40.08,22.136,-0.014638600000000002,-0.5523930000000004,44.276000000000295,3.8729100000000045,-0.08528039999999998,-1.720880000000001,43.190000000000055,0.7797899999999984,-1.3692199999999985,-154.90320000000003,-5.065899999999999,-1.4733400000000003,-0.0638380000000005,2.171800000000001,-0.022980000000000445,-1.7155599999999964,-0.11674000000000007,0.183562,-0.8619400000000006,0.00469493,0.057864499999999985,0.019693050000000004,-0.19670999999999594,-0.7990099999999991,11.76099,0.5756199999999971,-5.064230000000002,1.8058300000000003,-34.73077,-1.0086200000000005,3.8955199999999977,11.9
2020-01-01 11:57:00,0.23275,3701.1,4702.7,8.6328,26.947,41.699,2744.3,78.533,120.38,0.25471,78.422,48.489,2671.6,25.536,50.763,3140.5,22.385,58.72,72.023,334.87,95.375,75.552,30.747,8.8354,28.645,6.9057,18.711,1.5972,31.244,13.706,27.694,1.4269,17.742,2.1417,4.3331,2.0246,0.023172,0.89382,0.11697,53.432,43.352,62.567,57.322,22.943,69.987,22.4,30.378,33.653,48.3,12.137,39.421,20.146,-0.011718599999999996,-0.719793000000001,38.276000000000295,3.4769100000000037,-0.08448040000000001,-1.5028800000000047,36.88999999999987,0.7447899999999947,-0.5082199999999979,-157.9182,-6.435900000000004,-1.4733400000000003,-0.0638380000000005,2.171800000000001,-0.022980000000000445,-1.7155599999999964,-0.11674000000000007,0.183562,-0.8619400000000006,0.00469493,0.057864499999999985,0.019693050000000004,-0.45770999999999873,-1.0860099999999981,8.708989999999993,0.23261999999999716,-4.423230000000004,1.7238299999999995,-35.16477,-1.6676199999999994,1.9055199999999992,11.95
2020-01-01 12:00:00,0.30553,3681.2,4695.1,8.6315,26.796,42.124,2733.8,78.71,120.39,0.28335,78.355,50.17,2660.8,25.348,50.192,3134.8,22.275,58.755,77.008,332.93,95.35,75.503,30.576,8.8647,27.715,7.0001,19.041,1.56,30.849,13.906,26.879,1.1845,17.969,2.1483,4.4928,2.1813,0.012538,0.99591,0.11728,53.697,44.106,63.311,56.001,29.802,70.141,21.316,33.526,38.601,46.978,13.33,38.87,20.462,0.061061400000000016,-0.7210929999999998,27.776000000000295,3.653909999999996,-0.05584040000000001,0.17811999999999983,26.090000000000146,0.17378999999999678,-0.6182200000000009,-152.9332,-8.375900000000001,-1.6443399999999997,-0.03453800000000129,1.2418000000000013,0.3070200000000014,-2.110559999999996,0.083260000000001,-0.058837999999999946,-0.6349400000000003,-0.005939070000000001,0.1599545,0.020003049999999994,0.28629000000000104,5.77299,8.862990000000003,-0.8513800000000025,0.5247699999999966,0.4018300000000039,-33.97177,-2.2186200000000014,2.221519999999998,12.0
2020-01-01 12:03:00,0.30152,3711.9,4689.6,8.6703,26.988,42.224,2726.8,79.004,120.4,0.28081,78.567,48.914,2653.9,26.653,50.699,3128.2,22.185,58.801,78.182,331.45,95.423,75.571,30.576,8.8647,27.715,7.0001,19.041,1.56,30.849,13.906,26.879,1.1845,17.969,2.1483,4.4928,2.1813,0.012538,0.99591,0.11728,53.697,44.106,62.783,56.067,30.196,70.63,21.163,33.836,34.905,48.151,13.536,39.369,20.71,0.0570514,-0.6822930000000014,20.776000000000295,3.9479100000000074,-0.0583804,-1.0778800000000004,19.190000000000055,0.6807899999999947,-0.7082200000000007,-151.75920000000002,-9.85590000000002,-1.6443399999999997,-0.03453800000000129,1.2418000000000013,0.3070200000000014,-2.110559999999996,0.083260000000001,-0.058837999999999946,-0.6349400000000003,-0.005939070000000001,0.1599545,0.020003049999999994,-0.24170999999999765,6.166990000000002,9.351989999999994,-1.0043800000000012,-3.1712300000000013,1.5748300000000057,-33.765769999999996,-1.719619999999999,2.4695199999999993,12.05
2020-01-01 12:06:00,0.33618,3657.8,4627.5,8.6315,26.74,41.92,2719.1,79.2,120.39,0.30279,78.794,50.182,2646.2,26.738,50.498,3122.2,22.515,58.939,78.594,330.04,95.452,75.93,30.44,8.8763,27.476,6.9171,19.441,1.58,30.227,13.716,26.396,1.2819,18.42,2.1721,4.431,2.1592,0.012538,0.99591,0.11728,53.697,44.106,62.819,55.983,33.169,70.55,20.666,36.486,38.636,47.685,13.805,38.979,19.928,0.09171139999999997,-0.7210929999999998,13.076000000000022,4.143910000000005,-0.0364004,0.1901200000000003,11.489999999999782,0.47978999999999417,-0.3782199999999989,-151.34720000000002,-11.265899999999988,-1.780339999999999,-0.022937999999999903,1.0028000000000006,0.70702,-2.732559999999996,-0.10674000000000028,0.038561999999999985,-0.18393999999999977,-0.005939070000000001,0.1599545,0.020003049999999994,-0.20570999999999628,9.139989999999997,9.271989999999995,-1.501380000000001,0.5597700000000003,1.1088300000000046,-33.49677,-2.1096199999999996,1.6875199999999992,12.1
2020-01-01 12:09:00,0.33718,3666.7,4670.1,8.6127,26.919,41.725,2715.2,78.183,120.4,0.30145,79.385,49.986,2642.0,25.809,50.344,3120.3,22.304,59.109,80.592,328.53,95.422,76.544,30.44,8.8763,27.476,6.9171,19.441,1.58,30.227,13.716,26.396,1.2819,18.42,2.1721,4.431,2.1592,0.012538,0.99591,0.11728,53.697,44.106,62.667,55.474,33.07,70.647,20.267,36.65,38.058,47.329,13.924,39.668,20.379,0.09271139999999997,-0.7398930000000004,9.17599999999993,3.1269100000000094,-0.03774040000000001,-0.00588000000000477,7.289999999999964,0.3257899999999978,-0.589220000000001,-149.3492,-12.775900000000036,-1.780339999999999,-0.022937999999999903,1.0028000000000006,0.70702,-2.732559999999996,-0.10674000000000028,0.038561999999999985,-0.18393999999999977,-0.005939070000000001,0.1599545,0.020003049999999994,-0.3577099999999973,9.04099,9.368990000000004,-1.900380000000002,-0.018230000000002633,0.752830000000003,-33.37777,-1.4206199999999995,2.1385199999999998,12.15
2020-01-01 12:12:00,0.36417,3651.9,4604.8,8.4463,27.067,41.741,2709.2,78.743,120.41,0.27682,79.577,50.767,2634.7,25.192,48.894,3117.6,22.587,59.348,82.032,326.15,95.462,76.101,30.448,8.9542,27.491,7.0622,19.378,1.6604,30.124,13.929,26.436,1.3862,19.192,2.179,4.5631,2.0995,0.012538,0.99591,0.11728,53.697,44.106,63.577,55.194,36.435,72.542,19.399,34.544,40.356,43.975,14.079,39.463,19.742,0.11970139999999999,-0.9062929999999998,3.175999999999931,3.6869099999999975,-0.06237039999999999,0.7751200000000011,-0.010000000000218279,-1.124210000000005,-0.3062199999999997,-147.9092,-15.155900000000031,-1.7723399999999998,0.05496199999999973,1.0178000000000011,0.6440200000000011,-2.8355599999999974,0.10626000000000069,0.14286200000000004,0.5880599999999987,-0.005939070000000001,0.1599545,0.020003049999999994,0.5522899999999993,12.405990000000003,11.26399,-2.7683800000000005,2.279769999999999,-2.601169999999996,-33.22277,-1.6256199999999978,1.5015199999999993,12.2
2020-01-01 12:15:00,0.37121,3666.0,4555.6,8.6442,26.996,41.872,2701.5,78.999,120.42,0.27928,79.656,51.413,2626.7,24.438,48.673,3110.9,22.307,59.588,89.043,325.6,95.403,75.803,30.448,8.9542,27.491,7.0622,19.378,1.6604,30.124,13.929,26.436,1.3862,19.192,2.179,4.5631,2.0995,0.025875,1.0911,0.10698,53.338,43.045,63.334,55.783,35.743,70.557,19.469,34.244,42.257,43.464,16.537,39.098,20.442,0.12674139999999998,-0.7083930000000009,-4.523999999999887,3.9429099999999977,-0.05991040000000003,1.4211199999999948,-8.010000000000218,-1.3452100000000016,-0.5862200000000009,-140.8982,-15.705899999999986,-1.7723399999999998,0.05496199999999973,1.0178000000000011,0.6440200000000011,-2.8355599999999974,0.10626000000000069,0.14286200000000004,0.5880599999999987,0.007397929999999997,0.2551445,0.009703050000000005,0.3092900000000043,11.713990000000003,9.27899,-2.6983800000000002,4.180769999999995,-3.112169999999999,-30.76477,-1.9906199999999998,2.2015199999999986,12.25
2020-01-01 12:18:00,0.38494,3616.5,4597.0,8.6273,26.837,41.752,2692.8,77.703,120.35,0.29815,79.605,48.869,2617.6,25.96,50.603,3103.8,22.904,59.814,93.544,323.41,95.649,75.594,30.159,9.1031,27.155,7.0863,20.328,1.6401,29.674,13.808,25.298,1.3394,19.73,2.2033,4.6162,2.2012,0.025875,1.0911,0.10698,53.338,43.045,62.812,55.336,37.817,70.106,18.693,37.653,34.77,47.929,17.627,38.239,19.07,0.1404714,-0.7252930000000006,-13.223999999999705,2.6469100000000054,-0.04104039999999998,-1.122880000000002,-17.110000000000127,0.5847899999999981,0.010780000000000456,-136.3972,-17.895899999999983,-2.0613400000000013,0.2038619999999991,0.6818000000000026,1.5940200000000004,-3.2855599999999967,-0.014739999999999753,0.09606199999999987,1.126059999999999,0.007397929999999997,0.2551445,0.009703050000000005,-0.2127100000000013,13.78799,8.827989999999993,-3.47438,-3.3062299999999993,1.3528300000000044,-29.67477,-2.8496200000000016,0.8295199999999987,12.3
2020-01-01 12:21:00,0.38311,3635.2,4595.7,8.5015,26.598,41.481,2686.8,77.598,120.41,0.30031,79.71,47.844,2611.3,24.795,48.58,3098.3,22.126,60.066,101.72,322.67,95.582,75.899,30.159,9.1031,27.155,7.0863,20.328,1.6401,29.674,13.808,25.298,1.3394,19.73,2.2033,4.6162,2.2012,0.025875,1.0911,0.10698,53.338,43.045,62.491,55.352,37.996,70.043,18.114,37.389,31.754,43.247,18.377,38.416,20.932,0.1386414,-0.8510930000000005,-19.223999999999705,2.5419100000000014,-0.03888039999999998,-2.1478800000000007,-23.409999999999854,-1.438210000000005,-0.7672199999999982,-128.2212,-18.635899999999992,-2.0613400000000013,0.2038619999999991,0.6818000000000026,1.5940200000000004,-3.2855599999999967,-0.014739999999999753,0.09606199999999987,1.126059999999999,0.007397929999999997,0.2551445,0.009703050000000005,-0.5337099999999992,13.966990000000003,8.764990000000004,-4.053380000000001,-6.322230000000001,-3.3291699999999977,-28.92477,-2.672620000000002,2.691519999999997,12.35
2020-01-01 12:24:00,0.435,3624.9,4488.8,8.5395,27.023,41.629,2682.1,77.215,120.37,0.28507,79.944,51.271,2606.2,26.349,47.959,3095.1,22.406,60.302,105.04,321.36,95.635,76.213,30.206,9.2274,26.604,7.0253,20.315,1.648,29.634,14.053,25.346,1.4084,20.457,2.2269,4.7415,2.264,0.025875,1.0911,0.10698,53.338,43.045,62.275,54.119,42.255,69.898,18.066,36.067,41.841,41.811,19.55,38.468,20.261,0.1905314,-0.8130930000000003,-23.923999999999978,2.158910000000006,-0.05412040000000001,1.279119999999999,-28.51000000000022,-2.05921,-0.48722000000000065,-124.9012,-19.945899999999995,-2.0143400000000007,0.32816199999999895,0.1308000000000007,1.5810200000000023,-3.325559999999996,0.23026000000000124,0.16506200000000004,1.8530599999999993,0.007397929999999997,0.2551445,0.009703050000000005,-0.7497100000000003,18.225990000000003,8.619989999999994,-4.1013800000000025,3.7647699999999986,-4.765169999999998,-27.751769999999997,-2.6206199999999953,2.0205199999999977,12.4
2020-01-01 12:27:00,0.43251,3635.3,4532.9,8.5303,26.712,41.692,2680.4,77.536,120.41,0.2832,80.358,50.48,2605.2,25.861,49.316,3092.4,23.106,60.604,110.03,321.07,95.622,76.352,30.206,9.2274,26.604,7.0253,20.315,1.648,29.634,14.053,25.346,1.4084,20.457,2.2269,4.7415,2.264,0.025875,1.0911,0.10698,53.338,43.045,62.096,53.592,42.5,71.357,17.829,36.295,39.513,44.952,20.56,38.752,18.577,0.1880414,-0.8222930000000002,-25.623999999999796,2.479910000000004,-0.055990399999999996,0.488119999999995,-29.51000000000022,-0.7022100000000009,0.2127800000000022,-119.91120000000001,-20.235900000000015,-2.0143400000000007,0.32816199999999895,0.1308000000000007,1.5810200000000023,-3.325559999999996,0.23026000000000124,0.16506200000000004,1.8530599999999993,0.007397929999999997,0.2551445,0.009703050000000005,-0.9287100000000024,18.47099,10.078989999999997,-4.338380000000001,1.4367699999999957,-1.6241699999999994,-26.74177,-2.3366199999999964,0.33652000000000015,12.45
2020-01-01 12:30:00,0.4485,3626.3,4485.8,8.6374,27.017,41.815,2674.9,77.768,120.41,0.31511,80.496,50.186,2598.5,26.976,49.218,3090.8,22.996,61.026,122.82,319.27,95.589,76.305,30.222,9.0565,26.786,7.0767,20.217,1.688,29.703,14.156,24.076,1.3978,20.814,2.2564,4.7275,2.2147,0.030376,1.1896,0.12871,53.394,42.886,62.622,53.926,44.136,69.67,17.321,39.12,38.646,44.723,23.666,38.326,18.846,0.2040314,-0.7151930000000011,-31.123999999999796,2.711910000000003,-0.024080400000000002,0.19411999999999807,-36.210000000000036,-0.8002099999999999,0.1027799999999992,-107.12120000000002,-22.035900000000026,-1.998339999999999,0.15726199999999935,0.31280000000000285,1.4830199999999998,-3.256559999999997,0.333260000000001,0.15446199999999988,2.2100599999999986,0.011898929999999999,0.35364450000000003,0.03143304999999999,-0.402709999999999,20.106990000000003,8.39199,-4.84638,0.5697699999999983,-1.8531699999999987,-23.635769999999997,-2.7626199999999983,0.6055199999999985,12.5
2020-01-01 12:33:00,0.44588,3621.5,4503.9,8.5524,27.31,42.105,2669.0,77.691,120.41,0.30984,80.606,51.033,2591.0,23.955,49.074,3086.2,23.457,61.428,132.11,317.81,95.56,76.392,30.222,9.0565,26.786,7.0767,20.217,1.688,29.703,14.156,24.076,1.3978,20.814,2.2564,4.7275,2.2147,0.030376,1.1896,0.12871,53.394,42.886,62.705,53.71,44.393,69.792,17.092,39.764,41.14,44.39,25.479,38.989,17.747,0.2014114,-0.8001930000000002,-37.02399999999989,2.634910000000005,-0.0293504,1.0411199999999994,-43.710000000000036,-0.9442100000000053,0.5637800000000013,-97.8312,-23.495900000000006,-1.998339999999999,0.15726199999999935,0.31280000000000285,1.4830199999999998,-3.256559999999997,0.333260000000001,0.15446199999999988,2.2100599999999986,0.011898929999999999,0.35364450000000003,0.03143304999999999,-0.3197100000000006,20.36399,8.51399,-5.075380000000003,3.063769999999998,-2.186169999999997,-21.82277,-2.0996200000000016,-0.4934800000000017,12.55
2020-01-01 12:36:00,0.46995,3618.7,4536.4,8.768,26.864,41.788,2662.9,75.764,120.41,0.32514,80.626,48.703,2587.0,27.034,51.915,3081.2,23.697,61.832,142.58,317.67,95.737,76.208,30.443,9.1675,26.063,7.0842,20.406,1.6391,29.604,14.107,24.175,1.3444,21.078,2.2229,4.8481,2.3027,0.030376,1.1896,0.12871,53.394,42.886,62.143,53.311,45.746,69.843,16.691,41.064,34.284,50.965,27.172,38.71,17.195,0.22548139999999997,-0.5845929999999999,-43.123999999999796,0.7079099999999983,-0.014050400000000018,-1.288879999999999,-47.710000000000036,1.8967899999999958,0.8037799999999997,-87.3612,-23.635899999999992,-1.7773399999999988,0.268262,-0.4101999999999997,1.6720199999999998,-3.355559999999997,0.28425999999999974,0.10106199999999999,2.474059999999998,0.011898929999999999,0.35364450000000003,0.03143304999999999,-0.8817099999999982,21.716990000000003,8.564990000000002,-5.4763800000000025,-3.7922300000000035,4.388830000000006,-20.129769999999997,-2.378619999999998,-1.0454800000000013,12.6
2020-01-01 12:39:00,0.46748,3617.3,4482.2,8.6659,26.93,41.621,2658.7,77.017,120.39,0.32251,80.812,49.933,2581.9,28.507,50.269,3078.4,23.357,62.235,146.9,316.05,95.473,76.305,30.443,9.1675,26.063,7.0842,20.406,1.6391,29.604,14.107,24.175,1.3444,21.078,2.2229,4.8481,2.3027,0.030376,1.1896,0.12871,53.394,42.886,62.166,53.96,45.989,69.852,16.293,41.386,37.903,47.157,29.398,38.534,17.996,0.2230114,-0.686693,-47.32400000000007,1.9609099999999984,-0.016680399999999984,-0.05888000000000204,-52.809999999999945,0.25078999999999496,0.46377999999999986,-83.0412,-25.255899999999997,-1.7773399999999988,0.268262,-0.4101999999999997,1.6720199999999998,-3.355559999999997,0.28425999999999974,0.10106199999999999,2.474059999999998,0.011898929999999999,0.35364450000000003,0.03143304999999999,-0.8587100000000021,21.959989999999998,8.573990000000002,-5.874380000000002,-0.17323000000000377,0.5808299999999988,-17.903769999999998,-2.55462,-0.24448000000000292,12.65
2020-01-01 12:42:00,0.46544,3591.5,4433.2,8.6282,27.16,41.998,2654.5,76.203,120.4,0.31986,80.85,49.804,2577.0,25.432,48.977,3075.4,22.497,62.61,157.44,315.65,95.854,76.407,30.126,9.1169,25.631,7.1297,20.59,1.718,29.431,14.287,23.748,1.395,21.706,2.2528,4.9495,2.3366,0.030376,1.1896,0.12871,53.394,42.886,62.357,53.824,45.787,71.108,16.26,40.852,37.523,44.166,31.053,38.982,20.039,0.2209714,-0.724393000000001,-51.52399999999989,1.1469100000000054,-0.019330400000000025,-0.18787999999999982,-57.710000000000036,-1.0412100000000066,-0.3962199999999996,-72.50120000000001,-25.65590000000003,-2.094339999999999,0.2176619999999989,-0.8421999999999983,1.856020000000001,-3.5285599999999953,0.4642600000000012,0.15166199999999996,3.102059999999998,0.011898929999999999,0.35364450000000003,0.03143304999999999,-0.6677099999999996,21.75799,9.829990000000002,-5.90738,-0.5532299999999992,-2.410170000000001,-16.248769999999997,-2.1066199999999995,1.79852,12.7
2020-01-01 12:45:00,0.46449,3647.1,4445.8,8.6774,26.692,41.925,2650.1,76.26,120.42,0.32353,80.932,48.916,2572.6,25.528,50.756,3070.3,22.518,63.059,172.04,315.44,95.452,76.499,30.126,9.1169,25.631,7.1297,20.59,1.718,29.431,14.287,23.748,1.395,21.706,2.2528,4.9495,2.3366,0.034481,1.1964,0.14004,55.237,43.519,61.4,53.673,45.881,72.515,15.632,40.405,34.909,48.284,35.396,38.669,19.99,0.2200214,-0.6751930000000002,-55.92399999999998,1.2039100000000076,-0.01566040000000002,-1.075880000000005,-62.11000000000013,0.7377899999999968,-0.3752199999999988,-57.90120000000002,-25.86590000000001,-2.094339999999999,0.2176619999999989,-0.8421999999999983,1.856020000000001,-3.5285599999999953,0.4642600000000012,0.15166199999999996,3.102059999999998,0.016003929999999996,0.36044449999999995,0.04276305,-1.6247100000000003,21.85199,11.236989999999999,-6.535380000000002,-3.1672300000000035,1.7078300000000013,-11.905769999999997,-2.419620000000002,1.7495199999999969,12.75
2020-01-01 12:48:00,0.51512,3569.7,4411.2,8.6773,26.64,42.17,2649.4,76.76,120.38,0.33987,81.233,49.17,2572.3,25.206,49.991,3068.8,22.463,63.526,187.51,315.95,95.766,76.7,30.153,9.1834,25.341,7.1123,21.244,1.6874,30.175,14.35,23.879,1.6116,21.806,2.2952,4.8838,2.2992,0.034481,1.1964,0.14004,55.237,43.519,62.122,53.346,50.823,70.513,15.736,43.783,35.656,46.512,37.909,38.659,20.095,0.2706514,-0.6752929999999999,-56.623999999999796,1.7039100000000076,0.0006796000000000024,-0.8218800000000002,-62.409999999999854,-0.02721000000000373,-0.4302199999999985,-42.43120000000002,-25.35590000000002,-2.0673400000000015,0.28416200000000025,-1.1321999999999974,2.510020000000001,-2.7845599999999955,0.5272600000000001,0.36826199999999987,3.2020599999999995,0.016003929999999996,0.36044449999999995,0.04276305,-0.902709999999999,26.79399,9.234990000000003,-6.431380000000001,-2.4202300000000037,-0.06416999999999717,-9.392769999999999,-2.42962,1.8545199999999973,12.8
2020-01-01 12:51:00,0.51567,3599.3,4471.0,8.7164,26.927,42.039,2645.3,76.219,120.43,0.33948,81.164,50.915,2568.2,26.13,50.229,3066.8,22.78,64.05,197.33,314.76,95.436,76.641,30.153,9.1834,25.341,7.1123,21.244,1.6874,30.175,14.35,23.879,1.6116,21.806,2.2952,4.8838,2.2992,0.034481,1.1964,0.14004,55.237,43.519,61.611,52.63,50.769,71.013,15.982,43.831,40.792,47.063,40.903,39.205,19.349,0.2712013999999999,-0.6361930000000005,-60.723999999999705,1.1629099999999966,0.00028960000000000097,0.9231199999999973,-66.51000000000022,0.21078999999999581,-0.11321999999999832,-32.6112,-26.545900000000017,-2.0673400000000015,0.28416200000000025,-1.1321999999999974,2.510020000000001,-2.7845599999999955,0.5272600000000001,0.36826199999999987,3.2020599999999995,0.016003929999999996,0.36044449999999995,0.04276305,-1.4137100000000018,26.73999,9.734990000000003,-6.185380000000002,2.715769999999999,0.48683000000000476,-6.398769999999999,-1.8836200000000005,1.1085199999999986,12.85
2020-01-01 12:54:00,0.53333,3633.0,4375.1,8.6123,27.139,42.056,2642.6,76.301,120.4,0.35332,81.315,49.287,2565.7,28.141,50.586,3064.4,22.224,64.551,208.78,315.02,95.688,76.835,30.582,9.4503,25.255,7.0542,20.834,1.6728,29.969,14.205,22.519,1.6204,21.862,2.304,4.9168,2.4001,0.034481,1.1964,0.14004,55.237,43.519,60.959,51.813,52.715,73.173,15.728,44.558,36.002,47.89,43.732,38.779,20.645,0.28886139999999993,-0.7402930000000012,-63.42399999999998,1.2449100000000044,0.01412960000000002,-0.7048800000000028,-69.01000000000022,0.5677899999999951,-0.6692199999999993,-21.161200000000008,-26.285900000000026,-1.6383399999999995,0.5510619999999999,-1.2181999999999995,2.1000200000000007,-2.990559999999995,0.3822600000000005,0.377062,3.258059999999997,0.016003929999999996,0.36044449999999995,0.04276305,-2.0657099999999957,28.685990000000004,11.89499,-6.439380000000002,-2.07423,1.313830000000003,-3.5697699999999983,-2.3096199999999953,2.404519999999998,12.9
2020-01-01 12:57:00,0.53667,3594.7,4352.8,8.7472,27.096,42.134,2637.0,75.091,120.42,0.35021,81.083,49.747,2558.7,24.411,51.703,3060.2,23.938,64.998,222.19,314.24,95.538,76.393,30.582,9.4503,25.255,7.0542,20.834,1.6728,29.969,14.205,22.519,1.6204,21.862,2.304,4.9168,2.4001,0.034481,1.1964,0.14004,55.237,43.519,61.618,52.08,52.385,71.806,15.346,44.938,37.357,50.475,46.368,39.372,16.634,0.29220139999999994,-0.6053930000000012,-69.02399999999989,0.034909999999996444,0.011019600000000018,-0.24488000000000198,-76.01000000000022,1.6847899999999996,1.0447799999999994,-7.751200000000011,-27.0659,-1.6383399999999995,0.5510619999999999,-1.2181999999999995,2.1000200000000007,-2.990559999999995,0.3822600000000005,0.377062,3.258059999999997,0.016003929999999996,0.36044449999999995,0.04276305,-1.4067099999999968,28.35599,10.527989999999996,-6.821380000000001,-0.7192300000000031,3.898830000000004,-0.9337699999999955,-1.716619999999999,-1.6064800000000012,12.95
2020-01-01 13:00:00,0.51314,3592.0,4420.7,8.8589,26.845,41.899,2640.0,75.346,120.41,0.3377,81.497,50.822,2563.1,26.513,49.568,3058.1,22.857,65.441,235.1,316.23,95.529,77.004,30.288,9.434,24.866,6.8632,21.197,1.6783,30.159,14.331,22.673,1.4855,22.115,2.2837,5.0191,2.2963,0.011469,1.1703,0.13201,53.245,43.982,61.985,51.891,50.253,71.586,15.922,43.279,40.518,45.534,49.846,39.012,19.133,0.2686714,-0.4936930000000004,-66.02399999999989,0.2899100000000061,-0.0014904000000000028,0.8301200000000009,-71.61000000000013,-0.45021000000000555,-0.03622000000000014,5.158799999999985,-25.07589999999999,-1.93234,0.5347619999999988,-1.6071999999999989,2.46302,-2.8005599999999973,0.5082599999999999,0.242162,3.511059999999997,-0.007008070000000002,0.33434449999999993,0.03473304999999999,-1.0397099999999995,26.22399,10.307989999999997,-6.245380000000001,2.441769999999998,-1.0421699999999987,2.544229999999999,-2.0766199999999984,0.8925199999999975,13.0
2020-01-01 13:03:00,0.51343,3621.4,4421.2,8.8224,26.933,42.058,2638.8,74.723,120.44,0.33932,81.727,49.777,2562.1,25.733,48.146,3059.4,22.427,66.024,244.39,316.31,95.334,76.806,30.288,9.434,24.866,6.8632,21.197,1.6783,30.159,14.331,22.673,1.4855,22.115,2.2837,5.0191,2.2963,0.011469,1.1703,0.13201,53.245,43.982,61.479,51.885,50.224,72.937,15.993,43.081,37.445,42.243,53.161,40.155,20.136,0.2689614,-0.5301930000000006,-67.2239999999997,-0.33308999999999855,0.0001296000000000075,-0.21488000000000085,-72.61000000000013,-1.8722100000000026,-0.46621999999999986,14.448799999999977,-24.995900000000006,-1.93234,0.5347619999999988,-1.6071999999999989,2.46302,-2.8005599999999973,0.5082599999999999,0.242162,3.511059999999997,-0.007008070000000002,0.33434449999999993,0.03473304999999999,-1.5457099999999997,26.194989999999997,11.658989999999996,-6.174380000000001,-0.6312300000000022,-4.3331699999999955,5.859230000000004,-0.9336199999999977,1.8955199999999977,13.05
2020-01-01 13:06:00,0.55743,3636.7,4326.5,8.8705,27.091,42.22,2636.8,74.498,120.45,0.35362,81.645,50.662,2559.2,25.919,50.214,3058.1,22.849,66.517,255.07,315.92,95.25,76.847,30.488,9.341,24.742,6.9394,21.445,1.6943,30.558,14.361,21.883,1.5676,21.95,2.2963,4.9918,2.3341,0.011469,1.1703,0.13201,53.245,43.982,62.819,51.751,55.087,71.983,15.76,45.361,40.047,47.03,56.332,39.961,19.119,0.31296139999999995,-0.48209300000000077,-69.2239999999997,-0.5580899999999929,0.014429599999999987,0.6701199999999972,-75.51000000000022,0.19578999999999525,-0.04421999999999926,25.128799999999984,-25.385899999999992,-1.7323400000000007,0.4417619999999989,-1.7311999999999976,2.7110200000000013,-2.4015599999999964,0.5382600000000011,0.32426200000000005,3.346059999999998,-0.007008070000000002,0.33434449999999993,0.03473304999999999,-0.20570999999999628,31.057990000000004,10.704990000000002,-6.407380000000002,1.9707699999999946,0.4538300000000035,9.030230000000003,-1.1276200000000003,0.8785199999999982,13.1
2020-01-01 13:09:00,0.55892,3603.7,4347.4,8.9656,26.846,42.236,2632.3,74.066,120.44,0.35765,81.475,50.213,2554.9,25.847,49.983,3053.6,23.318,66.975,267.85,316.48,95.09,76.492,30.488,9.341,24.742,6.9394,21.445,1.6943,30.558,14.361,21.883,1.5676,21.95,2.2963,4.9918,2.3341,0.011469,1.1703,0.13201,53.245,43.982,63.386,51.501,54.94,72.026,15.779,44.869,38.727,46.494,59.3,39.189,18.038,0.31445139999999994,-0.38699300000000036,-73.7239999999997,-0.990089999999995,0.01845960000000002,0.2211199999999991,-79.80999999999995,-0.0352100000000064,0.42478000000000193,37.908800000000014,-24.82589999999999,-1.7323400000000007,0.4417619999999989,-1.7311999999999976,2.7110200000000013,-2.4015599999999964,0.5382600000000011,0.32426200000000005,3.346059999999998,-0.007008070000000002,0.33434449999999993,0.03473304999999999,0.3612900000000039,30.910989999999998,10.747989999999994,-6.3883800000000015,0.6507699999999943,-0.08216999999999786,11.99823,-1.8996199999999988,-0.20248000000000133,13.15
2020-01-01 13:12:00,0.55901,3623.9,4277.6,8.9994,26.806,42.27,2632.0,74.161,120.43,0.36158,81.613,50.329,2555.3,24.906,50.422,3051.0,23.086,67.385,278.69,318.01,95.151,77.337,30.471,9.2125,24.317,7.2363,20.822,1.6857,30.685,14.426,21.737,1.524,22.411,2.3607,5.0776,2.3799,0.011469,1.1703,0.13201,53.245,43.982,62.352,51.299,54.806,74.553,15.918,45.949,39.069,47.51,62.427,40.768,18.519,0.31454139999999997,-0.353193000000001,-74.02399999999989,-0.8950899999999962,0.02238960000000001,0.33711999999999875,-79.40999999999985,0.40378999999999365,0.19277999999999906,48.74879999999999,-23.295900000000017,-1.7493400000000001,0.31326199999999993,-2.1561999999999983,2.08802,-2.2745599999999975,0.6032600000000006,0.28066199999999997,3.80706,-0.007008070000000002,0.33434449999999993,0.03473304999999999,-0.6727100000000021,30.776989999999998,13.274989999999995,-6.249380000000002,0.9927700000000002,0.9338300000000004,15.125230000000002,-0.32061999999999813,0.27851999999999677,13.2
2020-01-01 13:15:00,0.55862,3629.1,4307.7,8.933,27.035,42.23,2631.6,73.909,120.43,0.36154,81.902,50.815,2554.8,26.604,50.464,3052.2,23.029,67.87,289.35,317.81,95.017,77.232,30.471,9.2125,24.317,7.2363,20.822,1.6857,30.685,14.426,21.737,1.524,22.411,2.3607,5.0776,2.3799,0.035612,1.1305,0.10422,54.136,44.007,62.263,50.94,54.845,74.954,15.671,45.954,40.498,47.609,65.503,39.749,18.626,0.31415139999999997,-0.41959300000000077,-74.42399999999998,-1.1470899999999915,0.02234959999999997,0.8231199999999959,-79.90999999999985,0.44578999999999525,0.13578000000000046,59.408800000000014,-23.495900000000006,-1.7493400000000001,0.31326199999999993,-2.1561999999999983,2.08802,-2.2745599999999975,0.6032600000000006,0.28066199999999997,3.80706,0.017134929999999996,0.2945445000000001,0.006943049999999992,-0.7617100000000008,30.81599,13.675989999999992,-6.496380000000002,2.421769999999995,1.0328300000000041,18.201230000000002,-1.3396199999999965,0.38551999999999964,13.25
2020-01-01 13:18:00,0.57913,3543.2,4360.8,8.9394,26.729,42.294,2631.2,74.116,120.39,0.37169,81.947,51.052,2555.5,25.148,48.98,3050.5,22.721,68.363,299.86,319.42,95.086,77.46,31.208,9.2787,24.06,6.8887,21.304,1.6872,31.134,14.49,20.903,1.4146,21.928,2.3102,4.9971,2.4462,0.035612,1.1305,0.10422,54.136,44.007,60.941,51.435,56.648,73.138,16.069,47.298,41.196,44.173,68.596,39.535,19.303,0.3346614,-0.4131930000000015,-74.82400000000007,-0.9400899999999979,0.03249960000000002,1.0601199999999977,-79.21000000000004,-1.0382100000000065,-0.17221999999999937,69.9188,-21.885899999999992,-1.0123400000000018,0.3794620000000002,-2.4132,2.5700199999999995,-1.8255599999999959,0.6672600000000006,0.17126200000000003,3.3240599999999993,0.017134929999999996,0.2945445000000001,0.006943049999999992,-2.0837099999999964,32.618990000000004,11.859990000000003,-6.098380000000002,3.1197699999999955,-2.403169999999996,21.294230000000006,-1.5536200000000022,1.0625199999999992,13.3
2020-01-01 13:21:00,0.57702,3516.8,4360.9,9.0079,27.377,42.403,2631.6,73.862,120.43,0.37551,81.864,50.467,2555.5,25.244,50.083,3049.5,23.126,68.8,306.87,321.38,95.138,77.029,31.208,9.2787,24.06,6.8887,21.304,1.6872,31.134,14.49,20.903,1.4146,21.928,2.3102,4.9971,2.4462,0.035612,1.1305,0.10422,54.136,44.007,61.396,51.434,56.856,74.766,16.701,46.832,39.474,46.725,71.985,39.779,18.352,0.33255139999999994,-0.34469300000000125,-74.42399999999998,-1.1940900000000028,0.03631960000000001,0.4751199999999969,-79.21000000000004,0.06478999999999502,0.23278000000000176,76.9288,-19.925900000000013,-1.0123400000000018,0.3794620000000002,-2.4132,2.5700199999999995,-1.8255599999999959,0.6672600000000006,0.17126200000000003,3.3240599999999993,0.017134929999999996,0.2945445000000001,0.006943049999999992,-1.628709999999998,32.82699,13.487990000000003,-5.466380000000001,1.3977699999999942,0.1488300000000038,24.683230000000002,-1.3096199999999953,0.11151999999999873,13.35
2020-01-01 13:24:00,0.51875,3607.0,4265.8,8.9983,27.09,42.624,2630.8,73.123,120.43,0.38452,81.686,50.608,2554.5,25.836,52.869,3047.1,22.531,69.157,316.4,322.74,95.049,77.169,31.182,9.2329,24.047,6.9196,20.915,1.6685,31.585,14.302,20.93,1.4994,21.9,2.3214,5.1546,2.3604,0.035612,1.1305,0.10422,54.136,44.007,62.722,51.006,51.321,75.345,16.733,48.387,39.89,53.173,75.139,39.652,19.744,0.2742814,-0.3542930000000002,-75.2239999999997,-1.9330899999999929,0.04532959999999997,0.6161199999999951,-80.21000000000004,2.8507899999999964,-0.36222000000000065,86.45879999999997,-18.5659,-1.0383400000000016,0.33366200000000035,-2.426199999999998,2.18102,-1.3745599999999953,0.47926,0.256062,3.296059999999997,0.017134929999999996,0.2945445000000001,0.006943049999999992,-0.3027099999999976,27.29199,14.066989999999997,-5.434380000000001,1.813769999999998,6.596830000000004,27.837229999999998,-1.4366199999999978,1.5035199999999982,13.4
2020-01-01 13:27:00,0.51952,3611.6,4241.7,9.1814,26.994,42.457,2631.0,72.941,120.45,0.38621,81.82,49.368,2555.3,26.958,51.385,3046.3,23.853,69.51,330.57,323.94,94.854,77.599,31.182,9.2329,24.047,6.9196,20.915,1.6685,31.585,14.302,20.93,1.4994,21.9,2.3214,5.1546,2.3604,0.035612,1.1305,0.10422,54.136,44.007,62.644,51.294,51.246,75.806,16.995,48.181,36.241,49.739,77.865,40.366,16.548,0.27505139999999995,-0.1711930000000006,-75.02399999999989,-2.115089999999995,0.047019599999999995,-0.6238799999999998,-79.40999999999985,1.3667899999999946,0.9597800000000021,100.62879999999998,-17.36590000000001,-1.0383400000000016,0.33366200000000035,-2.426199999999998,2.18102,-1.3745599999999953,0.47926,0.256062,3.296059999999997,0.017134929999999996,0.2945445000000001,0.006943049999999992,-0.38071000000000055,27.216990000000003,14.527989999999996,-5.17238,-1.8352300000000028,3.1628299999999996,30.563229999999997,-0.7226199999999992,-1.6924800000000033,13.45
2020-01-01 13:30:00,0.5319,3638.3,4321.3,9.1343,26.881,42.492,2629.8,72.249,120.42,0.37249,81.696,49.477,2554.9,26.62,50.029,3045.9,21.715,69.876,336.7,325.21,94.88,77.063,31.765,9.2469,24.252,6.8959,21.278,1.7192,31.462,14.33,20.838,1.3428,22.042,2.2972,5.0555,2.4637,0.0050157,1.0377,0.10535,54.057,43.261,61.893,50.902,52.558,75.199,16.897,45.693,36.561,46.601,80.835,40.558,21.635,0.2874314,-0.21829300000000096,-76.2239999999997,-2.8070900000000023,0.033299599999999985,-0.5148800000000051,-79.80999999999995,0.010790000000000077,-1.1782199999999996,106.75879999999998,-16.09590000000003,-0.45533999999999963,0.3476619999999997,-2.2211999999999996,2.5440199999999997,-1.4975599999999964,0.5072600000000005,0.09946199999999994,3.43806,-0.013461370000000002,0.2017445000000001,0.008073049999999998,-1.1317099999999982,28.52899,13.920989999999996,-5.270380000000003,-1.5152300000000025,0.024830000000001462,33.533229999999996,-0.530619999999999,3.39452,13.5
2020-01-01 13:33:00,0.53289,3621.7,4262.8,9.1483,26.883,42.593,2631.7,73.5,120.44,0.37159,81.704,50.905,2556.4,25.335,49.649,3044.5,23.702,70.198,346.12,327.0,94.758,77.59,31.765,9.2469,24.252,6.8959,21.278,1.7192,31.462,14.33,20.838,1.3428,22.042,2.2972,5.0555,2.4637,0.0050157,1.0377,0.10535,54.057,43.261,62.178,51.603,52.46,77.852,17.573,45.803,40.765,45.722,83.761,41.527,16.866,0.28842139999999994,-0.20429299999999984,-74.32400000000007,-1.5560899999999975,0.03239959999999997,0.9131199999999993,-78.30999999999995,-0.3692100000000025,0.8087800000000023,116.1788,-14.305900000000008,-0.45533999999999963,0.3476619999999997,-2.2211999999999996,2.5440199999999997,-1.4975599999999964,0.5072600000000005,0.09946199999999994,3.43806,-0.013461370000000002,0.2017445000000001,0.008073049999999998,-0.8467100000000016,28.43099,16.573990000000002,-4.594380000000001,2.688769999999998,-0.8541699999999963,36.45923,0.4383800000000022,-1.374480000000002,13.55
2020-01-01 13:36:00,0.4828,3574.3,4244.4,9.3,27.095,42.381,2632.0,72.534,120.42,0.37967,81.748,49.764,2558.0,26.347,50.571,3043.4,23.193,70.527,352.44,328.45,94.762,77.568,31.998,9.2243,23.741,6.8151,20.678,1.7119,32.494,14.401,20.381,1.4818,21.567,2.3629,5.1063,2.4268,0.0050157,1.0377,0.10535,54.057,43.261,63.178,50.541,47.754,76.58,17.981,46.278,37.407,47.855,86.949,40.561,18.041,0.2383314,-0.05259299999999989,-74.02399999999989,-2.5220899999999915,0.040479600000000004,-0.22787999999999897,-76.71000000000004,0.5527899999999946,0.29978000000000193,122.49879999999999,-12.85590000000002,-0.2223399999999991,0.3250619999999991,-2.732199999999999,1.9440200000000019,-0.4655599999999964,0.5782600000000002,0.23846199999999995,2.9630599999999987,-0.013461370000000002,0.2017445000000001,0.008073049999999998,0.15328999999999837,23.72499,15.301989999999996,-4.18638,-0.669230000000006,1.2788299999999992,39.64723,-0.5276199999999989,-0.1994800000000012,13.6
2020-01-01 13:39:00,0.48302,3646.1,4233.9,9.2855,27.105,42.6,2634.2,73.254,120.42,0.37817,81.89,49.255,2559.9,26.514,47.189,3043.0,23.159,70.893,362.26,330.13,94.578,77.872,31.998,9.2243,23.741,6.8151,20.678,1.7119,32.494,14.401,20.381,1.4818,21.567,2.3629,5.1063,2.4268,0.0050157,1.0377,0.10535,54.057,43.261,61.942,50.668,47.733,74.685,18.16,46.461,35.909,40.029,89.807,40.5,18.059,0.2385514,-0.06709299999999985,-71.82400000000007,-1.8020899999999926,0.0389796,-0.7368799999999993,-74.80999999999995,-2.8292100000000033,0.26577999999999946,132.31879999999998,-11.175900000000013,-0.2223399999999991,0.3250619999999991,-2.732199999999999,1.9440200000000019,-0.4655599999999964,0.5782600000000002,0.23846199999999995,2.9630599999999987,-0.013461370000000002,0.2017445000000001,0.008073049999999998,-1.0827099999999987,23.703989999999997,13.40699,-4.007380000000001,-2.1672300000000035,-6.547169999999994,42.505230000000005,-0.5886199999999988,-0.18148000000000053,13.65
2020-01-01 13:42:00,0.46471,3634.8,4290.5,9.2774,26.696,42.527,2635.4,72.802,120.43,0.38774,81.929,51.317,2561.3,26.673,50.978,3043.0,22.994,71.257,369.84,331.75,94.636,77.826,32.176,9.3598,23.743,6.8212,20.535,1.6827,32.781,14.371,20.4,1.4272,21.296,2.3268,5.1331,2.3154,0.0050157,1.0377,0.10535,54.057,43.261,62.871,51.092,45.731,76.704,18.582,47.993,41.977,48.797,92.851,41.46,18.405,0.2202414,-0.07519300000000051,-70.6239999999998,-2.254089999999991,0.04854959999999997,1.3251199999999983,-73.40999999999985,0.9597899999999981,0.10078000000000031,139.89879999999997,-9.555900000000008,-0.04433999999999827,0.46056199999999947,-2.7302,1.8010200000000012,-0.1785599999999974,0.5482600000000009,0.18386199999999997,2.692059999999998,-0.013461370000000002,0.2017445000000001,0.008073049999999998,-0.15370999999999668,21.701990000000002,15.425989999999992,-3.5853800000000007,3.9007699999999943,2.2208299999999994,45.54923,0.37138000000000204,0.16451999999999956,13.7
2020-01-01 13:45:00,0.46467,3665.4,4273.2,9.1846,26.655,42.637,2633.7,72.934,120.41,0.39334,81.804,51.422,2559.7,25.667,49.813,3043.2,23.856,71.577,373.46,332.31,94.523,77.632,32.176,9.3598,23.743,6.8212,20.535,1.6827,32.781,14.371,20.4,1.4272,21.296,2.3268,5.1331,2.3154,0.0082704,0.94108,0.094485,53.426,43.873,62.344,51.3,45.735,75.665,18.194,47.31,42.286,46.101,94.305,41.199,16.335,0.22020140000000002,-0.16799300000000095,-72.32400000000007,-2.12209,0.05414960000000002,1.4301199999999952,-75.01000000000022,-0.205210000000001,0.9627800000000022,143.51879999999997,-8.995900000000006,-0.04433999999999827,0.46056199999999947,-2.7302,1.8010200000000012,-0.1785599999999974,0.5482600000000009,0.18386199999999997,2.692059999999998,-0.010206670000000001,0.10512450000000007,-0.0027919500000000014,-0.6807099999999977,21.70599,14.386990000000004,-3.9733800000000024,4.209769999999999,-0.47516999999999854,47.00323000000001,0.11037999999999926,-1.9054800000000007,13.75
2020-01-01 13:48:00,0.44803,3660.5,4267.1,9.3234,26.883,42.68,2633.8,73.121,120.42,0.39013,81.653,50.63,2560.1,25.3,50.344,3040.6,22.001,71.796,379.46,334.42,94.469,77.37,32.685,9.1653,23.82,6.8341,20.071,1.6946,33.263,14.27,20.183,1.419,21.402,2.3603,5.2222,2.5092,0.0082704,0.94108,0.094485,53.426,43.873,62.434,51.413,44.197,77.615,18.953,47.741,39.954,47.33,96.63,41.412,20.736,0.20356139999999998,-0.029193000000001135,-72.2239999999997,-1.9350900000000024,0.050939599999999974,0.6381200000000007,-74.61000000000013,0.3257899999999978,-0.8922199999999982,149.51879999999997,-6.885899999999992,0.46466000000000207,0.2660619999999998,-2.6531999999999982,1.3370200000000025,0.30344000000000193,0.44726,0.17566199999999998,2.7980599999999995,-0.010206670000000001,0.10512450000000007,-0.0027919500000000014,-0.5907100000000014,20.167990000000003,16.336989999999993,-3.214380000000002,1.8777699999999982,0.7538300000000007,49.32823,0.3233800000000002,2.495519999999999,13.8
2020-01-01 13:51:00,0.44975,3644.3,4273.4,9.3689,26.845,42.575,2633.0,72.38,120.38,0.39113,81.304,49.482,2559.7,26.986,51.6,3037.7,23.069,71.925,386.64,336.04,94.601,77.231,32.685,9.1653,23.82,6.8341,20.071,1.6946,33.263,14.27,20.183,1.419,21.402,2.3603,5.2222,2.5092,0.0082704,0.94108,0.094485,53.426,43.873,62.714,51.339,44.027,77.994,19.205,47.619,36.576,50.238,98.845,40.62,18.213,0.20528139999999998,0.016306999999999405,-73.02399999999989,-2.676090000000002,0.051939599999999975,-0.5098800000000026,-75.01000000000022,1.581789999999998,0.1757799999999996,156.69879999999998,-5.265899999999988,0.46466000000000207,0.2660619999999998,-2.6531999999999982,1.3370200000000025,0.30344000000000193,0.44726,0.17566199999999998,2.7980599999999995,-0.010206670000000001,0.10512450000000007,-0.0027919500000000014,-0.31071000000000026,19.99799,16.715989999999998,-2.962380000000003,-1.500230000000002,3.661830000000002,51.54323,-0.46862000000000137,-0.027480000000000615,13.85
2020-01-01 13:54:00,0.3991,3688.8,4348.0,9.4672,26.654,42.175,2633.9,71.82,120.41,0.38292,81.178,50.753,2561.7,25.156,49.816,3037.5,23.648,72.042,390.94,337.5,94.553,77.52,32.947,9.1103,23.769,6.8736,19.674,1.7408,33.551,14.493,20.068,1.4094,20.633,2.3885,5.1796,2.544,0.0082704,0.94108,0.094485,53.426,43.873,61.887,51.329,38.823,76.0,19.74,46.638,40.317,46.109,100.16,41.894,16.812,0.1546314,0.11460699999999946,-72.1239999999998,-3.2360900000000044,0.04372959999999998,0.7611199999999982,-73.01000000000022,-0.2022100000000009,0.7547800000000002,160.9988,-3.8059000000000083,0.7266600000000025,0.21106200000000008,-2.7042,0.9400200000000005,0.5914400000000057,0.6702600000000007,0.16606199999999993,2.0290599999999976,-0.010206670000000001,0.10512450000000007,-0.0027919500000000014,-1.1377099999999984,14.79399,14.721989999999998,-2.427380000000003,2.2407699999999977,-0.46716999999999587,52.85823,0.8053799999999995,-1.4284800000000004,13.9
2020-01-01 13:57:00,0.39691,3642.5,4268.8,9.4023,27.11,42.409,2638.6,71.697,120.43,0.3863,81.366,49.162,2565.9,27.38,48.696,3040.7,23.909,72.172,392.56,338.78,94.479,77.96,32.947,9.1103,23.769,6.8736,19.674,1.7408,33.551,14.493,20.068,1.4094,20.633,2.3885,5.1796,2.544,0.0082704,0.94108,0.094485,53.426,43.873,62.682,52.277,39.038,77.712,20.114,46.225,35.633,43.516,100.02,41.497,16.134,0.15244139999999998,0.049706999999999724,-67.42399999999998,-3.359089999999995,0.047109599999999974,-0.8298800000000028,-68.80999999999995,-1.3222100000000054,1.0157799999999995,162.6188,-2.5259000000000356,0.7266600000000025,0.21106200000000008,-2.7042,0.9400200000000005,0.5914400000000057,0.6702600000000007,0.16606199999999993,2.0290599999999976,-0.010206670000000001,0.10512450000000007,-0.0027919500000000014,-0.34270999999999674,15.008989999999997,16.43399,-2.0533800000000006,-2.44323,-3.0601699999999994,52.71823,0.4083800000000011,-2.1064800000000012,13.95
2020-01-01 14:00:00,0.36538,3646.4,4347.9,9.4325,26.793,42.323,2643.8,71.936,120.42,0.41524,81.698,50.652,2572.4,26.793,48.201,3043.3,23.17,72.277,391.18,340.58,94.409,78.282,32.801,9.1801,23.353,6.9266,19.281,1.7159,34.21,14.322,20.512,1.3757,19.921,2.3829,5.0551,2.4874,0.036928,0.85577,0.091854,53.011,43.437,62.296,52.119,35.872,76.849,20.623,49.496,40.018,42.37,100.07,41.885,17.813,0.12091139999999997,0.07990699999999862,-62.223999999999705,-3.1200899999999905,0.0760496,0.6601199999999992,-62.309999999999945,-1.8172100000000029,0.27678000000000225,161.2388,-0.7259000000000242,0.5806600000000017,0.28086199999999906,-3.120199999999997,0.5470199999999998,1.2504400000000047,0.4992599999999996,0.13236199999999987,1.317059999999998,0.01845093,0.019814500000000068,-0.005422949999999996,-0.7287099999999995,11.84299,15.570990000000002,-1.5443800000000003,1.9417699999999982,-4.20617,52.768229999999996,0.7963799999999992,-0.42748000000000275,14.0
2020-01-01 14:03:00,0.36566,3611.6,4374.1,9.4414,26.943,42.37,2645.9,72.065,120.41,0.41492,81.695,49.092,2574.5,27.469,50.463,3046.4,22.795,72.447,388.95,341.45,94.361,77.982,32.801,9.1801,23.353,6.9266,19.281,1.7159,34.21,14.322,20.512,1.3757,19.921,2.3829,5.0551,2.4874,0.036928,0.85577,0.091854,53.011,43.437,62.894,51.806,35.844,79.687,20.603,49.535,35.428,47.606,100.07,41.38,18.678,0.12119139999999998,0.08880699999999919,-60.123999999999796,-2.99109,0.07572960000000001,-0.8998800000000031,-60.210000000000036,0.4447899999999976,-0.09821999999999775,159.00879999999998,0.14409999999998035,0.5806600000000017,0.28086199999999906,-3.120199999999997,0.5470199999999998,1.2504400000000047,0.4992599999999996,0.13236199999999987,1.317059999999998,0.01845093,0.019814500000000068,-0.005422949999999996,-0.13071000000000055,11.814990000000002,18.408989999999996,-1.5643799999999999,-2.648230000000005,1.029830000000004,52.768229999999996,0.29138000000000375,0.43751999999999924,14.05
2020-01-01 14:06:00,0.37302,3599.4,4377.6,9.6465,27.084,42.75,2647.3,72.501,120.42,0.39949,81.476,50.517,2575.9,25.369,51.237,3047.6,23.036,72.474,390.16,342.58,94.51,78.101,33.01,9.0392,23.257,6.9015,19.745,1.6944,34.832,14.222,19.935,1.3754,19.975,2.3301,5.1191,2.4744,0.036928,0.85577,0.091854,53.011,43.437,62.622,52.609,36.501,76.991,20.928,47.718,39.621,49.398,99.835,41.771,18.058,0.1285514,0.29390699999999903,-58.723999999999705,-2.5550899999999928,0.06029960000000001,0.5251200000000011,-58.809999999999945,1.2187899999999985,0.1427800000000019,160.21880000000002,1.2740999999999758,0.7896599999999978,0.1399619999999988,-3.216199999999997,1.011020000000002,1.8724400000000045,0.39925999999999995,0.1320619999999999,1.37106,0.01845093,0.019814500000000068,-0.005422949999999996,-0.402709999999999,12.471989999999998,15.712989999999998,-1.2393800000000006,1.5447699999999998,2.8218300000000056,52.533229999999996,0.682380000000002,-0.18248000000000175,14.1
2020-01-01 14:09:00,0.37423,3610.1,4381.6,9.6366,27.059,42.886,2651.1,71.69,120.4,0.39897,81.368,48.739,2580.2,25.614,50.636,3050.3,23.699,72.441,390.55,343.97,94.223,77.871,33.01,9.0392,23.257,6.9015,19.745,1.6944,34.832,14.222,19.935,1.3754,19.975,2.3301,5.1191,2.4744,0.036928,0.85577,0.091854,53.011,43.437,62.438,52.561,36.382,78.494,21.255,47.782,34.389,48.007,99.873,41.406,16.474,0.1297614,0.284006999999999,-54.92399999999998,-3.36609,0.05977959999999999,-1.2528800000000047,-54.51000000000022,0.6177899999999994,0.8057800000000022,160.6088,2.664100000000019,0.7896599999999978,0.1399619999999988,-3.216199999999997,1.011020000000002,1.8724400000000045,0.39925999999999995,0.1320619999999999,1.37106,0.01845093,0.019814500000000068,-0.005422949999999996,-0.5867099999999965,12.352989999999998,17.215989999999998,-0.9123800000000024,-3.6872299999999996,1.4308300000000003,52.57123000000001,0.31738,-1.7664800000000014,14.15
2020-01-01 14:12:00,0.34367,3639.5,4284.3,9.6216,26.898,43.037,2655.4,72.36,120.45,0.39631,81.249,49.031,2584.3,25.488,49.884,3052.1,23.553,72.388,391.13,345.62,94.514,78.032,33.679,9.0489,24.111,6.8843,19.442,1.7107,34.607,14.167,20.48,1.257,19.479,2.3932,5.1914,2.3898,0.036928,0.85577,0.091854,53.011,43.437,62.121,52.463,33.933,76.843,21.712,46.073,35.248,46.266,99.861,42.625,16.784,0.09920139999999997,0.2690070000000002,-50.623999999999796,-2.696089999999998,0.05711959999999999,-0.9608800000000031,-50.409999999999854,-0.13421000000000305,0.6597800000000014,161.1888,4.314099999999996,1.4586600000000018,0.1496619999999993,-2.362199999999998,0.7080200000000012,1.6474400000000031,0.34426000000000023,0.013661999999999841,0.8750599999999977,0.01845093,0.019814500000000068,-0.005422949999999996,-0.9037099999999967,9.90399,15.564990000000002,-0.4553800000000017,-2.828230000000005,-0.3101699999999994,52.55923000000001,1.5363800000000012,-1.4564800000000027,14.2
2020-01-01 14:15:00,0.34545,3619.7,4312.2,9.7409,26.843,43.003,2659.8,72.904,120.35,0.39278,81.287,49.465,2588.8,25.311,49.37,3054.7,23.324,72.341,390.89,347.01,94.16,78.029,33.679,9.0489,24.111,6.8843,19.442,1.7107,34.607,14.167,20.48,1.257,19.479,2.3932,5.1914,2.3898,0.011705,0.77956,0.081217,53.064,44.023,62.463,52.129,33.758,77.947,22.069,46.504,36.525,45.076,99.698,40.973,17.286,0.10098139999999997,0.3883069999999993,-46.223999999999705,-2.152090000000001,0.053589600000000015,-0.5268799999999985,-45.909999999999854,-0.648210000000006,0.43078000000000216,160.94879999999998,5.704099999999983,1.4586600000000018,0.1496619999999993,-2.362199999999998,0.7080200000000012,1.6474400000000031,0.34426000000000023,0.013661999999999841,0.8750599999999977,-0.0067720700000000016,-0.05639549999999993,-0.016059950000000003,-0.5617099999999979,9.728990000000003,16.66899,-0.09838000000000235,-1.5512300000000039,-1.5001699999999971,52.396229999999996,-0.11561999999999983,-0.9544800000000002,14.25
2020-01-01 14:18:00,0.26879,3616.0,4369.2,9.5788,27.076,42.684,2662.6,72.249,120.42,0.39052,81.162,50.458,2591.4,24.937,49.905,3056.5,23.939,72.301,390.56,348.38,94.406,78.333,33.066,9.0213,24.14,6.8477,19.253,1.692,35.471,14.346,20.063,1.424,19.455,2.3282,5.0404,2.5091,0.011705,0.77956,0.081217,53.064,44.023,62.668,52.053,26.211,81.139,22.397,45.856,39.447,46.313,100.01,42.893,15.774,0.024321399999999965,0.22620699999999871,-43.42399999999998,-2.8070900000000023,0.051329599999999975,0.46611999999999654,-43.309999999999945,-0.11321000000000225,1.0457800000000006,160.6188,7.074099999999987,0.8456600000000023,0.12206199999999967,-2.333199999999998,0.5190200000000011,2.5114400000000003,0.5232600000000005,0.18066199999999988,0.8510599999999968,-0.0067720700000000016,-0.05639549999999993,-0.016059950000000003,-0.35670999999999964,2.181989999999999,19.860989999999994,0.22961999999999705,1.3707700000000003,-0.26316999999999524,52.70823000000001,1.8043800000000019,-2.4664800000000024,14.3
2020-01-01 14:21:00,0.2661,3644.8,4378.7,9.7545,27.13,42.78,2665.1,72.148,120.37,0.38986,81.0,50.255,2594.9,24.664,49.072,3057.8,22.731,72.283,392.76,349.48,94.214,77.761,33.066,9.0213,24.14,6.8477,19.253,1.692,35.471,14.346,20.063,1.424,19.455,2.3282,5.0404,2.5091,0.011705,0.77956,0.081217,53.064,44.023,62.172,51.939,26.475,78.785,22.594,45.937,38.851,44.387,99.845,40.765,18.651,0.021631399999999995,0.40190699999999957,-40.92399999999998,-2.9080900000000014,0.05066959999999998,0.2631200000000007,-39.809999999999945,-0.9462100000000007,-0.1622199999999978,162.81879999999998,8.17410000000001,0.8456600000000023,0.12206199999999967,-2.333199999999998,0.5190200000000011,2.5114400000000003,0.5232600000000005,0.18066199999999988,0.8510599999999968,-0.0067720700000000016,-0.05639549999999993,-0.016059950000000003,-0.8527100000000019,2.445990000000002,17.506989999999995,0.4266199999999998,0.7747699999999966,-2.189169999999997,52.54323,-0.32361999999999824,0.4105199999999982,14.35
2020-01-01 14:24:00,0.31389,3656.5,4367.2,9.7272,26.868,43.023,2669.4,72.449,120.41,0.41358,80.774,49.579,2599.2,25.535,50.32,3060.4,23.593,72.201,391.8,350.67,94.308,77.758,33.873,8.9613,23.738,6.7271,19.228,1.7071,35.082,14.126,20.549,1.1501,19.295,2.354,5.1145,2.4371,0.011705,0.77956,0.081217,53.064,44.023,62.306,52.446,31.0,79.712,23.009,48.477,36.86,47.276,100.11,42.746,16.59,0.0694214,0.37460699999999925,-36.623999999999796,-2.6070899999999995,0.0743896,-0.41288000000000125,-35.51000000000022,0.3017899999999969,0.6997800000000005,161.8588,9.364100000000008,1.6526599999999974,0.06206199999999917,-2.735199999999999,0.49402000000000257,2.1224400000000045,0.30325999999999986,-0.09323800000000015,0.6910600000000002,-0.0067720700000000016,-0.05639549999999993,-0.016059950000000003,-0.7187100000000015,6.9709900000000005,18.43399,0.8416199999999989,-1.216230000000003,0.6998300000000057,52.80823,1.6573800000000034,-1.6504800000000017,14.4
2020-01-01 14:27:00,0.31503,3648.6,4383.8,9.7956,26.863,43.036,2675.1,71.462,120.4,0.41271,80.914,50.574,2605.0,23.971,49.012,3065.5,23.934,72.139,392.23,351.85,94.148,78.733,33.873,8.9613,23.738,6.7271,19.228,1.7071,35.082,14.126,20.549,1.1501,19.295,2.354,5.1145,2.4371,0.011705,0.77956,0.081217,53.064,44.023,62.442,52.246,30.888,78.893,23.308,48.583,39.789,44.247,100.06,41.701,15.681,0.07056139999999997,0.4430069999999997,-30.923999999999978,-3.5940899999999942,0.07351960000000002,0.5821199999999962,-29.710000000000036,-1.006210000000003,1.0407800000000016,162.2888,10.544100000000014,1.6526599999999974,0.06206199999999917,-2.735199999999999,0.49402000000000257,2.1224400000000045,0.30325999999999986,-0.09323800000000015,0.6910600000000002,-0.0067720700000000016,-0.05639549999999993,-0.016059950000000003,-0.5827099999999987,6.858990000000002,17.61499,1.1406199999999984,1.712769999999999,-2.3291699999999977,52.758230000000005,0.6123800000000017,-2.5594800000000024,14.45
2020-01-01 14:30:00,0.22306,3672.0,4367.6,9.8288,27.073,42.736,2681.1,71.874,120.41,0.39407,81.088,49.025,2612.8,22.563,50.577,3069.1,22.987,72.165,391.44,353.26,94.106,78.654,33.952,8.9376,24.449,6.7685,18.595,1.7208,35.553,14.107,20.971,1.1409,18.623,2.3454,4.9995,2.4697,-0.0023387,0.72703,0.088813,53.516,44.233,63.188,52.423,21.957,80.377,24.133,45.592,35.23,47.869,99.076,42.484,17.884,-0.0214086,0.4762069999999987,-24.923999999999978,-3.1820900000000023,0.05487959999999997,-0.9668800000000033,-21.909999999999854,0.5587899999999948,0.09377999999999886,161.4988,11.954099999999983,1.731659999999998,0.03836199999999934,-2.024199999999997,-0.1389800000000001,2.593440000000001,0.28425999999999974,-0.10243800000000003,0.019059999999999633,-0.02081577,-0.10892550000000001,-0.008463949999999998,0.1632900000000035,-2.072009999999999,19.098989999999993,1.9656199999999977,-2.8462300000000056,1.2928300000000021,51.774229999999996,1.395380000000003,-0.35648000000000124,14.5
2020-01-01 14:33:00,0.22,3695.2,4393.1,9.916,27.232,43.093,2682.4,72.24,120.41,0.39347,80.755,48.731,2612.9,25.935,49.483,3071.1,23.749,72.155,390.88,353.82,94.014,78.298,33.952,8.9376,24.449,6.7685,18.595,1.7208,35.553,14.107,20.971,1.1409,18.623,2.3454,4.9995,2.4697,-0.0023387,0.72703,0.088813,53.516,44.233,62.787,52.117,22.259,81.515,24.026,45.666,34.365,45.337,99.253,42.634,16.069,-0.024468600000000007,0.5634069999999998,-23.623999999999796,-2.8160900000000026,0.05427959999999998,-1.2608800000000002,-21.809999999999945,-0.5352100000000064,0.8557799999999993,160.9388,12.514099999999985,1.731659999999998,0.03836199999999934,-2.024199999999997,-0.1389800000000001,2.593440000000001,0.28425999999999974,-0.10243800000000003,0.019059999999999633,-0.02081577,-0.10892550000000001,-0.008463949999999998,-0.23770999999999987,-1.7700099999999992,20.23699,1.8586199999999984,-3.7112300000000005,-1.2391699999999943,51.95123,1.5453800000000015,-2.1714800000000025,14.55
2020-01-01 14:36:00,0.19815,3651.5,4457.2,9.7739,26.822,42.508,2686.6,72.004,120.41,0.3943,80.717,49.643,2617.8,26.439,49.091,3074.2,23.576,72.113,393.23,354.98,94.165,78.067,33.884,8.9764,24.5,6.7927,18.491,1.6689,35.797,14.005,20.874,1.2033,18.105,2.2988,5.0275,2.4531,-0.0023387,0.72703,0.088813,53.516,44.233,63.303,52.882,19.396,80.151,24.274,45.474,37.05,44.431,99.174,42.459,16.463,-0.046318600000000015,0.42130699999999877,-19.423999999999978,-3.0520899999999926,0.05510959999999998,-0.3488800000000012,-16.909999999999854,-0.9272100000000023,0.682780000000001,163.2888,13.67410000000001,1.6636600000000001,0.07716199999999951,-1.9731999999999985,-0.2429799999999993,2.837440000000001,0.1822600000000012,-0.04003800000000002,-0.49894000000000105,-0.02081577,-0.10892550000000001,-0.008463949999999998,0.27828999999999837,-4.633009999999999,18.872989999999994,2.1066199999999995,-1.0262300000000053,-2.1451700000000002,51.87223000000001,1.3703800000000044,-1.7774800000000006,14.6
2020-01-01 14:39:00,0.19672,3683.4,4433.0,9.9292,26.645,42.737,2689.2,71.696,120.41,0.39449,80.524,50.682,2620.5,26.19,48.689,3077.0,22.105,72.044,391.76,355.24,93.98,78.022,33.884,8.9764,24.5,6.7927,18.491,1.6689,35.797,14.005,20.874,1.2033,18.105,2.2988,5.0275,2.4531,-0.0023387,0.72703,0.088813,53.516,44.233,62.754,53.172,19.536,80.913,24.241,45.45,40.108,43.5,99.437,42.31,19.934,-0.0477486,0.5766069999999992,-16.82400000000007,-3.3600899999999996,0.055299600000000004,0.6901200000000003,-14.210000000000036,-1.3292100000000033,-0.788219999999999,161.81879999999998,13.9341,1.6636600000000001,0.07716199999999951,-1.9731999999999985,-0.2429799999999993,2.837440000000001,0.1822600000000012,-0.04003800000000002,-0.49894000000000105,-0.02081577,-0.10892550000000001,-0.008463949999999998,-0.2707100000000011,-4.493009999999998,19.634989999999995,2.0736199999999982,2.0317699999999945,-3.0761699999999976,52.13523,1.2213800000000035,1.6935199999999995,14.65
2020-01-01 14:42:00,0.18563,3648.6,4422.6,9.8328,26.888,42.234,2695.5,73.08,120.41,0.38427,80.481,51.936,2627.0,23.817,49.811,3079.6,22.151,72.018,393.6,356.37,94.076,78.337,34.601,8.9905,24.979,6.7743,17.919,1.6564,35.782,13.971,21.615,1.2353,17.788,2.3378,4.9408,2.4163,-0.0023387,0.72703,0.088813,53.516,44.233,63.235,53.59,18.364,81.962,24.875,44.325,43.797,46.096,99.408,41.809,19.782,-0.05883860000000002,0.48020700000000005,-10.523999999999887,-1.9760899999999992,0.0450796,1.944119999999998,-7.710000000000036,-0.20721000000000345,-0.7422199999999997,163.6588,15.064099999999996,2.380659999999999,0.0912620000000004,-1.4941999999999993,-0.8149799999999985,2.8224400000000003,0.1482600000000005,-0.00803799999999999,-0.8159400000000012,-0.02081577,-0.10892550000000001,-0.008463949999999998,0.21029000000000053,-5.665009999999999,20.68399,2.7076199999999986,5.720769999999995,-0.4801700000000011,52.106230000000004,0.7203799999999987,1.5415199999999984,14.7
2020-01-01 14:45:00,0.1849,3681.0,4447.7,9.9017,26.563,42.639,2700.4,72.684,120.41,0.38806,80.394,48.996,2632.3,23.503,50.326,3083.0,23.137,71.944,390.43,357.1,93.941,78.137,34.601,8.9905,24.979,6.7743,17.919,1.6564,35.782,13.971,21.615,1.2353,17.788,2.3378,4.9408,2.4163,0.014067,0.6998,0.093243,54.49,43.559,62.678,53.29,18.436,80.177,25.32,43.861,35.147,47.287,98.334,42.61,17.433,-0.0595686,0.5491069999999993,-5.623999999999796,-2.37209,0.04886960000000001,-0.9958799999999997,-2.4099999999998545,0.3077899999999971,0.243780000000001,160.4888,15.794100000000014,2.380659999999999,0.0912620000000004,-1.4941999999999993,-0.8149799999999985,2.8224400000000003,0.1482600000000005,-0.00803799999999999,-0.8159400000000012,-0.004410070000000002,-0.13615549999999998,-0.0040339499999999945,-0.34671000000000163,-5.59301,18.898990000000005,3.152619999999999,-2.929230000000004,0.7108300000000014,51.032230000000006,1.5213800000000006,-0.8074800000000018,14.75
2020-01-01 14:48:00,0.095865,3686.1,4522.9,9.814,26.586,42.524,2703.4,71.955,120.4,0.38243,80.318,49.631,2634.8,24.667,50.953,3086.7,22.746,71.909,390.65,357.62,94.058,77.902,34.676,9.074,25.235,6.9782,17.952,1.6449,36.278,14.03,21.235,1.1852,17.92,2.3297,4.9836,2.2748,0.014067,0.6998,0.093243,54.49,43.559,62.845,53.889,9.3613,80.53,25.081,43.88,37.015,48.739,97.805,41.978,18.347,-0.1486036,0.46140699999999946,-2.6239999999997963,-3.1010899999999992,0.04323959999999999,-0.36088000000000164,0.09000000000014552,0.9347899999999996,-0.1472200000000008,160.70879999999997,16.314099999999996,2.4556600000000017,0.17476199999999942,-1.238199999999999,-0.7819799999999972,3.3184400000000025,0.20725999999999978,-0.05813800000000002,-0.6839399999999998,-0.004410070000000002,-0.13615549999999998,-0.0040339499999999945,-0.17971000000000004,-14.66771,19.25199,2.913619999999998,-1.061230000000002,2.1628299999999996,50.50323000000001,0.8893800000000027,0.10651999999999973,14.8
2020-01-01 14:51:00,0.097394,3662.6,4503.3,9.8596,27.053,42.977,2705.3,72.153,120.41,0.38465,80.05,48.939,2636.8,26.333,51.246,3089.7,22.198,71.795,393.71,358.07,94.032,78.173,34.676,9.074,25.235,6.9782,17.952,1.6449,36.278,14.03,21.235,1.1852,17.92,2.3297,4.9836,2.2748,0.014067,0.6998,0.093243,54.49,43.559,63.249,54.124,9.2109,80.18,25.371,43.61,34.978,49.418,97.026,43.018,19.62,-0.1470746,0.5070069999999998,-0.7239999999997053,-2.9030899999999917,0.04545959999999999,-1.0528800000000018,2.0900000000001455,1.2277899999999988,-0.6952199999999991,163.76879999999997,16.764099999999985,2.4556600000000017,0.17476199999999942,-1.238199999999999,-0.7819799999999972,3.3184400000000025,0.20725999999999978,-0.05813800000000002,-0.6839399999999998,-0.004410070000000002,-0.13615549999999998,-0.0040339499999999945,0.22429000000000343,-14.818109999999999,18.901990000000005,3.2036199999999972,-3.098230000000001,2.8418300000000016,49.72423,1.9293800000000019,1.3795199999999994,14.85
2020-01-01 14:54:00,0.06139,3605.4,4497.9,9.848,26.487,42.009,2711.3,73.054,120.4,0.39332,80.138,49.955,2643.8,23.487,49.374,3091.9,23.624,71.692,388.64,358.05,94.131,78.25,34.393,9.1437,24.944,6.5566,17.383,1.7294,36.056,14.003,22.121,1.0941,17.302,2.3215,4.9803,2.3377,0.014067,0.6998,0.093243,54.49,43.559,62.45,54.248,6.3048,82.021,26.012,44.394,37.967,45.085,96.978,42.282,16.202,-0.1830786,0.49540700000000015,5.276000000000295,-2.0020899999999955,0.0541296,-0.03688000000000358,9.090000000000146,-0.6442100000000011,0.7307799999999993,158.69879999999998,16.744100000000003,2.1726600000000005,0.2444620000000004,-1.5291999999999994,-1.3509799999999998,3.096440000000001,0.18026000000000053,-0.14923799999999998,-1.3019400000000019,-0.004410070000000002,-0.13615549999999998,-0.0040339499999999945,-0.5747099999999961,-17.72421,20.74299,3.844619999999999,-0.10923000000000371,-1.4911699999999968,49.67623,1.1933799999999977,-2.03848,14.9
2020-01-01 14:57:00,0.062689,3600.0,4531.6,9.7493,26.655,42.589,2716.7,72.913,120.38,0.39104,80.258,49.934,2649.5,26.201,52.017,3096.7,23.453,71.678,387.94,358.4,94.173,78.191,34.393,9.1437,24.944,6.5566,17.383,1.7294,36.056,14.003,22.121,1.0941,17.302,2.3215,4.9803,2.3377,0.014067,0.6998,0.093243,54.49,43.559,62.544,53.844,6.1771,81.504,26.118,44.672,37.905,51.202,96.537,41.63,16.575,-0.1817796,0.39670699999999925,10.67599999999993,-2.143090000000001,0.051849599999999996,-0.05788000000000437,14.789999999999964,1.9987899999999996,0.5597799999999999,157.9988,17.09409999999997,2.1726600000000005,0.2444620000000004,-1.5291999999999994,-1.3509799999999998,3.096440000000001,0.18026000000000053,-0.14923799999999998,-1.3019400000000019,-0.004410070000000002,-0.13615549999999998,-0.0040339499999999945,-0.48071000000000197,-17.85191,20.225990000000003,3.950619999999997,-0.17123000000000133,4.6258300000000006,49.23523000000001,0.5413800000000037,-1.6654800000000023,14.95
2020-01-01 15:00:00,0.064422,3746.9,4539.8,9.8679,26.924,42.786,2718.9,72.486,120.39,0.38976,80.102,50.246,2651.4,23.875,50.992,3102.7,23.38,71.634,387.22,358.16,93.958,78.245,33.922,8.8105,25.581,6.81,17.813,1.691,36.558,13.801,22.599,1.1328,16.707,2.3156,4.8971,2.3764,0.008841,0.65092,0.098542,54.176,45.009,63.821,55.329,6.5992,81.168,26.113,44.391,38.825,48.829,95.184,42.026,16.718,-0.1800466,0.515307,12.876000000000204,-2.5700899999999933,0.05056959999999999,0.25412000000000035,16.690000000000055,0.9737899999999939,0.48677999999999955,157.27880000000002,16.854100000000017,1.7016599999999968,-0.0887380000000011,-0.892199999999999,-0.9209800000000001,3.5984400000000036,-0.021739999999999426,-0.11053800000000003,-1.8969400000000007,-0.009636070000000002,-0.1850354999999999,0.0012650500000000037,0.796289999999999,-17.42981,19.889990000000004,3.945619999999998,0.7487700000000004,2.252830000000003,47.88223,0.9373800000000045,-1.5224800000000016,15.0
2020-01-01 15:03:00,0.063305,3739.5,4554.8,9.8445,26.564,42.563,2722.6,72.511,120.43,0.39122,80.043,50.941,2654.5,25.85,50.325,3105.5,21.706,71.556,384.82,357.94,93.795,77.824,33.922,8.8105,25.581,6.81,17.813,1.691,36.558,13.801,22.599,1.1328,16.707,2.3156,4.8971,2.3764,0.008841,0.65092,0.098542,54.176,45.009,63.948,55.15,6.709,83.761,25.804,44.213,40.87,47.286,94.5,43.712,20.699,-0.1811636,0.49190699999999943,16.576000000000022,-2.545090000000002,0.05202960000000001,0.9491200000000006,19.789999999999964,0.30678999999999945,-1.18722,154.87879999999998,16.63409999999999,1.7016599999999968,-0.0887380000000011,-0.892199999999999,-0.9209800000000001,3.5984400000000036,-0.021739999999999426,-0.11053800000000003,-1.8969400000000007,-0.009636070000000002,-0.1850354999999999,0.0012650500000000037,0.9232900000000015,-17.32001,22.482989999999994,3.636619999999997,2.793769999999995,0.7098300000000037,47.19823,2.6233800000000045,2.45852,15.05
2020-01-01 15:06:00,0.091148,3666.3,4542.8,9.866,26.881,42.687,2724.4,73.474,120.37,0.36733,79.74,49.848,2656.7,23.629,49.734,3106.6,23.46,71.404,383.53,358.36,94.039,77.404,34.044,8.8321,25.921,6.8106,17.361,1.6824,36.027,13.842,22.149,0.95482,16.785,2.2767,4.7912,2.3629,0.008841,0.65092,0.098542,54.176,45.009,63.174,54.439,8.8912,82.488,25.922,41.841,37.651,45.92,93.728,41.928,16.563,-0.1533206,0.5134069999999991,18.376000000000204,-1.5820899999999938,0.028139599999999987,-0.1438800000000029,21.98999999999978,-0.28421000000000163,0.5667800000000014,153.58879999999996,17.054100000000005,1.8236599999999967,-0.06713799999999992,-0.5521999999999991,-1.3729799999999983,3.067440000000005,0.019260000000000943,-0.28851800000000005,-1.8189400000000013,-0.009636070000000002,-0.1850354999999999,0.0012650500000000037,0.1492900000000006,-15.13781,21.209989999999998,3.754619999999999,-0.4252299999999991,-0.6561699999999959,46.42623,0.8393799999999985,-1.6774800000000027,15.1
2020-01-01 15:09:00,0.089176,3677.9,4585.8,9.9079,27.207,42.719,2727.6,72.992,120.41,0.36814,79.648,50.801,2660.9,24.373,50.132,3110.5,23.113,71.246,381.48,358.55,93.959,78.154,34.044,8.8321,25.921,6.8106,17.361,1.6824,36.027,13.842,22.149,0.95482,16.785,2.2767,4.7912,2.3629,0.008841,0.65092,0.098542,54.176,45.009,62.973,53.924,9.0852,81.948,26.486,41.743,40.457,46.84,93.029,42.567,17.341,-0.1552926,0.5553069999999991,21.576000000000022,-2.064089999999993,0.02894960000000002,0.8091200000000001,26.190000000000055,0.1137899999999945,0.2197800000000001,151.5388,17.244100000000003,1.8236599999999967,-0.06713799999999992,-0.5521999999999991,-1.3729799999999983,3.067440000000005,0.019260000000000943,-0.28851800000000005,-1.8189400000000013,-0.009636070000000002,-0.1850354999999999,0.0012650500000000037,-0.05170999999999992,-14.94381,20.66998999999999,4.318619999999999,2.3807699999999983,0.2638300000000058,45.72723,1.4783800000000014,-0.8994800000000005,15.15
2020-01-01 15:12:00,0.061688,3692.1,4548.5,9.7706,26.828,42.409,2733.6,73.3,120.39,0.37201,79.714,51.343,2666.2,25.678,48.383,3114.9,22.95,71.138,380.09,358.6,94.069,78.056,34.253,8.926,25.848,6.7217,17.577,1.6545,36.065,13.728,22.876,1.0684,16.633,2.2819,4.8183,2.2467,0.008841,0.65092,0.098542,54.176,45.009,62.793,55.678,5.7922,80.467,26.533,42.373,42.053,42.791,92.277,42.66,17.716,-0.18278060000000002,0.41800699999999935,27.576000000000022,-1.7560900000000004,0.032819600000000004,1.3511200000000017,31.48999999999978,-1.6352100000000007,0.05677999999999983,150.14879999999997,17.294100000000014,2.03266,0.02676199999999973,-0.6251999999999995,-1.1569799999999972,3.1054400000000015,-0.09473999999999982,-0.17493800000000004,-1.9709400000000024,-0.009636070000000002,-0.1850354999999999,0.0012650500000000037,-0.23170999999999964,-18.23681,19.188989999999997,4.36562,3.976769999999995,-3.785170000000001,44.97523,1.5713799999999978,-0.5244800000000005,15.2
2020-01-01 15:15:00,0.063585,3667.8,4615.5,9.7752,26.594,42.617,2738.4,74.502,120.39,0.37523,79.71,50.551,2671.4,25.255,48.433,3119.3,22.814,71.029,375.73,358.25,93.965,78.184,34.253,8.926,25.848,6.7217,17.577,1.6545,36.065,13.728,22.876,1.0684,16.633,2.2819,4.8183,2.2467,0.013152,0.64451,0.073969,53.263,44.084,63.211,54.876,5.6056,81.006,26.649,41.981,39.72,42.908,90.254,42.145,18.013,-0.1808836,0.4226069999999993,32.376000000000204,-0.5540900000000022,0.036039600000000005,0.5591200000000001,36.690000000000055,-1.5852100000000036,-0.0792199999999994,145.7888,16.94409999999999,2.03266,0.02676199999999973,-0.6251999999999995,-1.1569799999999972,3.1054400000000015,-0.09473999999999982,-0.17493800000000004,-1.9709400000000024,-0.005325070000000001,-0.19144549999999994,-0.023307950000000008,0.18628999999999962,-18.42341,19.72799,4.4816199999999995,1.6437699999999964,-3.6681699999999964,42.95223000000001,1.0563800000000043,-0.2274799999999999,15.25
2020-01-01 15:18:00,0.029647,3686.0,4595.1,9.7338,27.205,42.864,2742.0,73.336,120.4,0.36025,79.821,50.862,2674.8,24.312,49.847,3124.2,23.95,70.936,369.43,357.88,93.893,78.045,33.749,8.8915,26.083,6.7955,17.265,1.6267,36.146,13.684,22.989,1.2993,16.826,2.2844,4.7675,2.216,0.013152,0.64451,0.073969,53.263,44.084,63.785,54.812,2.9161,81.245,26.567,40.692,40.637,46.18,89.273,42.01,15.292,-0.2148216,0.38120699999999985,35.97600000000011,-1.720089999999999,0.02105960000000001,0.87012,40.090000000000146,-0.17121000000000208,1.0567799999999998,139.4888,16.574099999999987,1.5286600000000021,-0.007737999999999801,-0.3902000000000001,-1.4689799999999984,3.1864400000000046,-0.1387400000000003,0.055961999999999845,-1.777940000000001,-0.005325070000000001,-0.19144549999999994,-0.023307950000000008,0.7602899999999977,-21.11291,19.966990000000003,4.399619999999999,2.560769999999998,-0.3961699999999979,41.97123,0.9213799999999992,-2.9484800000000018,15.3
2020-01-01 15:21:00,0.027512,3730.9,4614.9,9.8065,27.072,42.717,2743.5,73.839,120.42,0.35872,79.653,50.175,2676.7,24.952,48.7,3125.9,23.566,70.832,365.33,357.72,93.899,77.774,33.749,8.8915,26.083,6.7955,17.265,1.6267,36.146,13.684,22.989,1.2993,16.826,2.2844,4.7675,2.216,0.013152,0.64451,0.073969,53.263,44.084,63.013,54.575,3.1261,82.358,26.416,40.879,38.614,43.525,88.102,43.023,16.21,-0.2169566,0.4539069999999992,37.47600000000011,-1.217089999999999,0.01952959999999998,0.1831199999999953,41.98999999999978,-1.3182100000000005,0.6727799999999995,135.38879999999997,16.41410000000002,1.5286600000000021,-0.007737999999999801,-0.3902000000000001,-1.4689799999999984,3.1864400000000046,-0.1387400000000003,0.055961999999999845,-1.777940000000001,-0.005325070000000001,-0.19144549999999994,-0.023307950000000008,-0.011710000000000775,-20.90291,21.079990000000002,4.248619999999999,0.5377699999999948,-3.051169999999999,40.800230000000006,1.9343800000000044,-2.0304800000000007,15.35
2020-01-01 15:24:00,0.061036,3697.1,4639.9,9.692,27.013,42.711,2744.8,74.627,120.38,0.3557,79.407,48.039,2677.4,24.011,49.717,3127.5,21.813,70.66,363.87,357.55,94.022,77.699,34.081,8.7517,26.696,6.7769,17.632,1.6597,35.244,13.612,23.317,0.95563,16.82,2.2498,4.7877,2.2615,0.013152,0.64451,0.073969,53.263,44.084,63.064,55.268,5.7125,81.466,26.422,39.904,32.329,45.88,86.704,42.576,20.376,-0.1834326,0.33940699999999957,38.776000000000295,-0.4290900000000022,0.016509600000000013,-1.9528800000000004,42.690000000000055,-0.30121000000000464,-1.0802200000000006,133.9288,16.244100000000003,1.8606600000000029,-0.14753800000000084,0.222800000000003,-1.1019799999999975,2.2844400000000036,-0.21073999999999948,-0.2877080000000001,-1.7839400000000012,-0.005325070000000001,-0.19144549999999994,-0.023307950000000008,0.03929000000000116,-18.31651,20.187989999999992,4.254619999999999,-5.747230000000002,-0.6961699999999951,39.402229999999996,1.4873800000000017,2.1355199999999996,15.4
2020-01-01 15:27:00,0.060328,3690.3,4638.9,9.7048,26.679,42.547,2745.9,74.592,120.4,0.35885,79.178,49.404,2678.9,26.162,49.719,3127.9,22.298,70.456,360.83,357.15,94.087,77.662,34.081,8.7517,26.696,6.7769,17.632,1.6597,35.244,13.612,23.317,0.95563,16.82,2.2498,4.7877,2.2615,0.013152,0.64451,0.073969,53.263,44.084,63.181,55.28,5.7821,80.66,26.323,39.52,36.345,45.883,85.457,43.403,19.249,-0.18414060000000002,0.35220699999999994,39.876000000000204,-0.4640899999999988,0.0196596,-0.5878799999999984,44.190000000000055,-0.2992100000000022,-0.5952200000000012,130.88879999999997,15.844099999999969,1.8606600000000029,-0.14753800000000084,0.222800000000003,-1.1019799999999975,2.2844400000000036,-0.21073999999999948,-0.2877080000000001,-1.7839400000000012,-0.005325070000000001,-0.19144549999999994,-0.023307950000000008,0.15628999999999849,-18.24691,19.381989999999995,4.155619999999999,-1.7312300000000036,-0.693169999999995,38.155229999999996,2.31438,1.0085199999999972,15.45
2020-01-01 15:30:00,0.031693,3674.9,4566.8,9.6528,27.09,42.111,2749.1,74.515,120.38,0.34919,79.237,50.8,2681.6,25.501,48.679,3130.3,21.705,70.283,357.94,356.8,94.046,77.789,33.136,8.7095,26.468,6.8356,17.784,1.657,35.516,13.69,24.298,0.99769,16.361,2.2466,4.7403,2.1321,0.015181,0.6378,0.093683,53.481,44.274,63.699,55.465,2.9313,80.374,26.807,38.511,40.456,43.476,83.701,41.647,20.645,-0.2127756,0.30020699999999856,43.07600000000002,-0.541089999999997,0.009999599999999997,0.8081199999999953,46.88999999999987,-1.3392100000000013,-1.1882200000000012,127.99879999999999,15.494100000000003,0.9156600000000026,-0.18973800000000018,-0.005199999999998539,-0.94998,2.556440000000002,-0.13274000000000008,-0.2456480000000001,-2.242940000000001,-0.0032960700000000016,-0.19815549999999993,-0.0035939499999999985,0.6742899999999992,-21.09771,19.095989999999993,4.639619999999997,2.3797700000000006,-3.1001699999999985,36.399229999999996,0.5583799999999997,2.404519999999998,15.5
2020-01-01 15:33:00,0.034074,3661.1,4636.6,9.738,27.1,42.324,2751.8,75.484,120.4,0.34381,79.227,47.734,2684.6,24.05,49.556,3132.1,21.281,70.113,352.2,356.44,94.099,77.613,33.136,8.7095,26.468,6.8356,17.784,1.657,35.516,13.69,24.298,0.99769,16.361,2.2466,4.7403,2.1321,0.015181,0.6378,0.093683,53.481,44.274,63.937,54.63,2.6972,79.232,26.743,39.167,31.431,45.507,82.49,42.195,21.662,-0.21039460000000001,0.38540699999999894,45.776000000000295,0.4279099999999971,0.0046196000000000015,-2.25788,49.88999999999987,-0.462210000000006,-1.6122200000000007,122.25879999999998,15.13409999999999,0.9156600000000026,-0.18973800000000018,-0.005199999999998539,-0.94998,2.556440000000002,-0.13274000000000008,-0.2456480000000001,-2.242940000000001,-0.0032960700000000016,-0.19815549999999993,-0.0035939499999999985,0.9122899999999987,-21.33181,17.953989999999997,4.575619999999997,-6.6452300000000015,-1.0691699999999997,35.18823,1.1063800000000015,3.4215199999999975,15.55
2020-01-01 15:36:00,0.10825,3672.0,4590.3,9.5605,27.005,42.206,2753.6,75.243,120.38,0.35437,79.166,47.633,2685.9,25.949,49.693,3135.2,22.857,69.94,350.33,356.24,94.048,77.616,33.551,8.5378,26.399,6.5657,16.94,1.6515,35.244,13.52,24.32,1.1208,17.003,2.2133,4.6846,2.2771,0.015181,0.6378,0.093683,53.481,44.274,63.306,54.993,10.482,80.561,26.582,39.695,31.134,45.824,80.939,42.147,17.927,-0.13621860000000002,0.20790699999999873,47.57600000000002,0.18690999999999747,0.015179600000000015,-2.358879999999999,51.190000000000055,-0.32521000000000555,-0.03622000000000014,120.38879999999997,14.9341,1.3306600000000017,-0.3614379999999997,-0.0741999999999976,-1.7939799999999977,2.2844400000000036,-0.30274,-0.12253800000000004,-1.6009400000000014,-0.0032960700000000016,-0.19815549999999993,-0.0035939499999999985,0.2812899999999985,-13.54701,19.282990000000005,4.414619999999999,-6.942230000000002,-0.7521699999999996,33.637229999999995,1.0583799999999997,-0.313480000000002,15.6
2020-01-01 15:39:00,0.10666,3649.2,4608.1,9.7088,26.667,42.729,2754.4,74.613,120.39,0.35359,79.016,51.761,2686.6,23.811,49.27,3136.1,22.439,69.782,345.49,356.06,94.196,77.323,33.551,8.5378,26.399,6.5657,16.94,1.6515,35.244,13.52,24.32,1.1208,17.003,2.2133,4.6846,2.2771,0.015181,0.6378,0.093683,53.481,44.274,63.699,54.78,10.638,79.378,26.257,39.79,43.281,44.845,79.662,41.844,18.954,-0.1378086,0.3562069999999995,48.376000000000204,-0.443089999999998,0.014399600000000012,1.769120000000001,51.88999999999987,-0.7482100000000003,-0.4542199999999994,115.5488,14.754099999999994,1.3306600000000017,-0.3614379999999997,-0.0741999999999976,-1.7939799999999977,2.2844400000000036,-0.30274,-0.12253800000000004,-1.6009400000000014,-0.0032960700000000016,-0.19815549999999993,-0.0035939499999999985,0.6742899999999992,-13.39101,18.09999,4.08962,5.204769999999996,-1.7311699999999988,32.36023000000001,0.7553800000000024,0.713519999999999,15.65
2020-01-01 15:42:00,0.054978,3761.5,4707.3,9.7039,27.017,42.371,2754.6,75.824,120.42,0.33012,78.812,51.249,2687.3,25.588,50.683,3138.2,23.349,69.552,341.63,355.52,94.04,77.529,33.483,8.5347,26.749,6.6765,17.566,1.6247,35.21,13.571,24.568,1.186,16.559,2.1988,4.7115,2.2744,0.015181,0.6378,0.093683,53.481,44.274,64.304,55.902,5.4565,78.312,26.459,37.802,41.776,48.114,78.308,42.662,16.805,-0.1894906,0.35130700000000026,48.57600000000002,0.7679100000000005,-0.009070399999999978,1.2571200000000005,52.590000000000146,0.6647899999999964,0.45578000000000074,111.68879999999999,14.214099999999974,1.2626599999999968,-0.3645379999999996,0.27580000000000027,-1.16798,2.2504400000000047,-0.25173999999999985,-0.05733800000000011,-2.0449400000000004,-0.0032960700000000016,-0.19815549999999993,-0.0035939499999999985,1.2792900000000031,-18.57251,17.033989999999996,4.291619999999998,3.699770000000001,1.5378299999999996,31.00623000000001,1.5733800000000002,-1.4354800000000019,15.7
2020-01-01 15:45:00,0.055343,3753.2,4688.5,9.5372,27.038,42.552,2758.0,75.923,120.41,0.33227,79.085,51.569,2690.4,25.315,49.851,3141.6,23.358,69.385,334.67,354.9,93.905,77.814,33.483,8.5347,26.749,6.6765,17.566,1.6247,35.21,13.571,24.568,1.186,16.559,2.1988,4.7115,2.2744,0.0011688,0.64261,0.071064,53.66,45.23,64.446,56.127,5.4207,77.615,26.413,37.54,42.718,46.189,76.713,42.454,16.762,-0.1891256,0.18460699999999974,51.97600000000011,0.8669100000000043,-0.006920399999999993,1.5771200000000007,55.690000000000055,-0.1672100000000043,0.4647800000000011,104.7288,13.594099999999969,1.2626599999999968,-0.3645379999999996,0.27580000000000027,-1.16798,2.2504400000000047,-0.25173999999999985,-0.05733800000000011,-2.0449400000000004,-0.01730827,-0.19334549999999995,-0.02621295,1.421289999999999,-18.60831,16.336989999999993,4.245619999999999,4.641770000000001,-0.38716999999999757,29.411229999999996,1.3653800000000018,-1.4784800000000011,15.75
2020-01-01 15:48:00,0.047368,3697.1,4612.2,9.5823,26.982,41.995,2759.7,75.692,120.42,0.33545,79.338,48.885,2692.4,24.731,51.489,3141.9,22.376,69.29,332.32,354.16,93.943,77.785,32.95,8.6676,27.43,6.6106,17.279,1.5893,35.137,13.529,24.939,1.2058,16.425,2.1812,4.7259,2.2332,0.0011688,0.64261,0.071064,53.66,45.23,64.687,55.759,4.7909,78.037,26.755,38.096,34.818,49.98,75.004,42.87,19.073,-0.19710060000000001,0.22970699999999944,53.67599999999993,0.6359099999999955,-0.003740399999999977,-1.1068800000000039,57.690000000000055,1.4707899999999938,-0.5172199999999982,102.37879999999998,12.854100000000017,0.7296600000000026,-0.23163800000000023,0.9568000000000012,-1.454979999999999,2.1774400000000043,-0.29373999999999967,-0.03753800000000007,-2.1789400000000008,-0.01730827,-0.19334549999999995,-0.02621295,1.6622899999999987,-19.23811,16.758990000000004,4.587619999999998,-3.2582300000000046,3.4038299999999992,27.702230000000007,1.7813799999999986,0.8325199999999988,15.8
2020-01-01 15:51:00,0.047727,3690.3,4639.3,9.5735,26.755,42.361,2755.2,75.423,120.39,0.33769,79.124,49.728,2687.2,23.009,50.461,3141.1,22.371,69.188,325.75,353.82,94.054,77.156,32.95,8.6676,27.43,6.6106,17.279,1.5893,35.137,13.529,24.939,1.2058,16.425,2.1812,4.7259,2.2332,0.0011688,0.64261,0.071064,53.66,45.23,64.804,55.435,4.7556,77.395,25.774,37.822,37.299,47.6,73.674,42.051,19.131,-0.19674160000000002,0.22090699999999863,49.17599999999993,0.3669100000000043,-0.0015004000000000128,-0.26388000000000034,52.48999999999978,0.44278999999999513,-0.5222200000000008,95.80879999999999,12.514099999999985,0.7296600000000026,-0.23163800000000023,0.9568000000000012,-1.454979999999999,2.1774400000000043,-0.29373999999999967,-0.03753800000000007,-2.1789400000000008,-0.01730827,-0.19334549999999995,-0.02621295,1.7792900000000031,-19.27341,16.116989999999994,3.6066199999999995,-0.777230000000003,1.0238300000000038,26.37223000000001,0.9623800000000031,0.8905199999999986,15.85
2020-01-01 15:54:00,0.088285,3730.7,4644.9,9.4589,26.993,42.509,2754.1,75.757,120.4,0.32662,78.949,48.129,2685.2,25.224,49.727,3140.1,22.741,69.024,323.67,352.74,94.05,77.037,33.333,8.637,27.134,6.9059,17.607,1.5971,34.808,13.631,25.066,1.1098,16.572,2.23,4.7272,2.2885,0.0011688,0.64261,0.071064,53.66,45.23,64.911,56.299,8.7961,77.501,25.685,37.641,32.594,45.901,71.954,42.312,18.283,-0.1561836,0.10630699999999926,48.07600000000002,0.7009100000000075,-0.012570399999999982,-1.862880000000004,50.48999999999978,-0.29121000000000663,-0.1522199999999998,93.7288,11.4341,1.1126599999999982,-0.26223799999999997,0.6608000000000018,-1.1269799999999996,1.8484400000000036,-0.19173999999999936,-0.13353800000000016,-2.0319400000000023,-0.01730827,-0.19334549999999995,-0.02621295,1.8862900000000025,-15.23291,16.222990000000003,3.5176199999999973,-5.482230000000001,-0.6751699999999943,24.652229999999996,1.2233799999999988,0.04251999999999967,15.9
2020-01-01 15:57:00,0.089568,3772.3,4633.9,9.4805,27.377,42.451,2751.4,76.444,120.39,0.32754,78.886,50.138,2682.7,25.058,51.578,3138.9,22.321,68.774,316.85,352.0,94.024,77.274,33.333,8.637,27.134,6.9059,17.607,1.5971,34.808,13.631,25.066,1.1098,16.572,2.23,4.7272,2.2885,0.0011688,0.64261,0.071064,53.66,45.23,64.195,56.431,8.6701,75.576,25.678,37.528,38.506,50.186,70.668,42.151,19.292,-0.1549006,0.12790699999999866,45.376000000000204,1.387910000000005,-0.011650400000000005,0.14611999999999625,47.98999999999978,1.5597899999999996,-0.572219999999998,86.90880000000001,10.694099999999992,1.1126599999999982,-0.26223799999999997,0.6608000000000018,-1.1269799999999996,1.8484400000000036,-0.19173999999999936,-0.13353800000000016,-2.0319400000000023,-0.01730827,-0.19334549999999995,-0.02621295,1.1702899999999943,-15.35891,14.297989999999992,3.5106199999999994,0.42976999999999776,3.6098300000000023,23.36623000000001,1.0623800000000045,1.05152,15.95
2020-01-01 16:00:00,0.042707,3670.3,4626.1,9.6069,26.942,42.277,2749.5,75.472,120.37,0.33449,78.945,49.648,2681.6,26.042,49.957,3134.8,22.799,68.603,312.28,351.36,94.235,76.82,32.727,8.6403,27.7,6.7434,17.984,1.6447,34.104,13.501,25.071,1.1887,17.166,2.225,4.7323,2.2375,0.014004,0.6498,0.063471,53.42,43.368,63.477,55.943,4.4222,76.057,25.722,39.061,37.063,46.434,68.96,41.572,18.206,-0.2017616,0.25430699999999895,43.47600000000011,0.41590999999999667,-0.0047003999999999935,-0.34387999999999863,46.88999999999987,-0.06121000000000265,-0.09421999999999997,82.33879999999996,10.054100000000005,0.5066599999999966,-0.25893800000000056,1.2268000000000008,-0.7499799999999972,1.144440000000003,-0.32174000000000014,-0.054637999999999964,-1.437940000000001,-0.004473070000000001,-0.18615549999999992,-0.03380595,0.45228999999999786,-19.60681,14.77899,3.55462,-1.01323,-0.14217000000000013,21.658229999999996,0.4833800000000039,-0.034480000000002065,16.0
2020-01-01 16:03:00,0.043513,3677.7,4629.9,9.4422,26.68,41.981,2746.8,76.555,120.37,0.33665,78.973,50.619,2678.3,24.773,50.382,3131.6,22.817,68.413,305.95,350.6,94.49,77.143,32.727,8.6403,27.7,6.7434,17.984,1.6447,34.104,13.501,25.071,1.1887,17.166,2.225,4.7323,2.2375,0.014004,0.6498,0.063471,53.42,43.368,63.349,55.898,4.343,76.128,25.469,38.797,39.921,47.417,67.545,40.944,18.156,-0.2009556,0.0896069999999991,40.776000000000295,1.4989100000000093,-0.002540399999999998,0.6271199999999979,43.590000000000146,0.3637899999999945,-0.07621999999999929,76.00879999999998,9.294100000000014,0.5066599999999966,-0.25893800000000056,1.2268000000000008,-0.7499799999999972,1.144440000000003,-0.32174000000000014,-0.054637999999999964,-1.437940000000001,-0.004473070000000001,-0.18615549999999992,-0.03380595,0.32428999999999775,-19.68601,14.849989999999998,3.3016199999999998,1.844769999999997,0.840830000000004,20.243230000000004,-0.1446199999999962,-0.08448000000000278,16.05
2020-01-01 16:06:00,0.092789,3718.6,4640.9,9.2716,27.012,42.101,2746.0,76.307,120.4,0.32215,79.056,49.669,2677.7,24.231,49.284,3132.9,21.763,68.239,300.42,349.19,94.332,77.226,33.162,8.8266,27.205,6.8878,17.806,1.6536,33.855,13.719,25.135,1.2059,17.388,2.1897,4.641,2.2461,0.014004,0.6498,0.063471,53.42,43.368,64.124,55.007,9.2937,77.723,25.371,36.694,37.125,44.877,66.063,42.195,20.67,-0.15167960000000003,-0.0809930000000012,39.97600000000011,1.2509100000000046,-0.01704040000000001,-0.32288000000000494,42.98999999999978,-0.7342100000000045,-1.1302199999999978,70.4788,7.8840999999999894,0.9416599999999988,-0.07263800000000131,0.7317999999999998,-0.927979999999998,0.8954400000000007,-0.10374000000000017,-0.03743800000000008,-1.2159399999999998,-0.004473070000000001,-0.18615549999999992,-0.03380595,1.0992899999999963,-14.73531,16.444989999999997,3.2036199999999972,-0.9512300000000025,-1.6991699999999952,18.761230000000005,1.1063800000000015,2.42952,16.1
2020-01-01 16:09:00,0.091195,3758.2,4573.8,9.4416,26.599,42.132,2742.8,76.176,120.4,0.31963,79.002,49.847,2674.0,25.843,50.115,3133.0,24.486,68.08,295.27,348.34,94.43,76.745,33.162,8.8266,27.205,6.8878,17.806,1.6536,33.855,13.719,25.135,1.2059,17.388,2.1897,4.641,2.2461,0.014004,0.6498,0.063471,53.42,43.368,63.444,55.811,9.4503,76.957,24.519,37.001,37.65,46.801,64.556,41.132,14.268,-0.1532736,0.08900699999999873,36.776000000000295,1.1199100000000044,-0.019560399999999978,-0.14488000000000056,39.289999999999964,0.0967899999999986,1.5927800000000012,65.32879999999997,7.034099999999967,0.9416599999999988,-0.07263800000000131,0.7317999999999998,-0.927979999999998,0.8954400000000007,-0.10374000000000017,-0.03743800000000008,-1.2159399999999998,-0.004473070000000001,-0.18615549999999992,-0.03380595,0.4192900000000037,-14.57871,15.678989999999992,2.351619999999997,-0.4262300000000039,0.2248300000000043,17.25423,0.043379999999999086,-3.972480000000001,16.15
2020-01-01 16:12:00,0.04373,3700.3,4630.8,9.2983,26.955,42.265,2739.4,76.61,120.37,0.34147,79.045,48.249,2670.0,25.304,51.171,3129.4,22.625,67.901,291.31,347.52,94.496,77.119,32.531,8.8901,27.412,6.8769,18.058,1.6086,33.787,13.651,25.182,1.2224,17.45,2.1964,4.6453,2.201,0.014004,0.6498,0.063471,53.42,43.368,63.236,55.713,4.8636,77.949,24.275,39.877,32.948,49.244,62.951,40.981,18.677,-0.20073860000000002,-0.05429300000000126,33.376000000000204,1.553910000000002,0.0022795999999999927,-1.7428799999999995,35.289999999999964,1.152789999999996,-0.26821999999999946,61.36879999999999,6.2140999999999735,0.3106599999999986,-0.00913800000000009,0.9388000000000005,-0.6759799999999991,0.8274400000000028,-0.17173999999999978,-0.020938000000000123,-1.1539400000000022,-0.004473070000000001,-0.18615549999999992,-0.03380595,0.2112899999999982,-19.16541,16.670989999999996,2.107619999999997,-5.128230000000002,2.667830000000002,15.649230000000003,-0.10761999999999716,0.436519999999998,16.2
2020-01-01 16:15:00,0.048477,3670.4,4671.2,9.352,26.631,41.865,2737.5,77.174,120.37,0.34442,79.209,49.533,2668.6,25.629,50.65,3126.1,22.117,67.753,285.98,346.76,94.645,76.803,32.531,8.8901,27.412,6.8769,18.058,1.6086,33.787,13.651,25.182,1.2224,17.45,2.1964,4.6453,2.201,0.020423,0.6891,0.078592,53.167,44.093,63.751,55.229,4.3969,76.251,24.303,39.517,36.726,48.038,61.317,41.28,19.92,-0.19599160000000002,-0.0005930000000002877,31.476000000000113,2.117910000000009,0.005229600000000001,-0.4588800000000006,33.88999999999987,0.6317899999999952,-0.7762199999999986,56.03880000000001,5.454099999999983,0.3106599999999986,-0.00913800000000009,0.9388000000000005,-0.6759799999999991,0.8274400000000028,-0.17173999999999978,-0.020938000000000123,-1.1539400000000022,0.0019459299999999985,-0.14685549999999992,-0.018684950000000006,0.7262899999999988,-19.63211,14.972990000000003,2.1356199999999994,-1.3502300000000034,1.461829999999999,14.015230000000003,0.19138000000000233,1.6795200000000001,16.25
2020-01-01 16:18:00,0.10138,3669.1,4603.9,9.2572,26.646,41.835,2733.6,77.293,120.37,0.33264,79.156,49.278,2664.1,27.48,49.652,3126.1,21.968,67.562,281.27,345.04,94.598,76.683,32.671,8.7656,27.221,6.9046,18.059,1.6523,33.046,13.661,25.606,1.1261,17.469,2.2032,4.6908,2.2375,0.020423,0.6891,0.078592,53.167,44.093,63.869,55.559,9.8538,76.864,23.73,38.907,35.976,45.728,59.724,40.121,20.316,-0.1430886,-0.0953930000000014,27.576000000000022,2.236910000000009,-0.006550400000000012,-0.7138800000000032,29.389999999999873,-0.36621000000000237,-0.9252199999999995,51.32879999999997,3.734100000000012,0.4506599999999992,-0.13363800000000126,0.7478000000000016,-0.6749799999999979,0.08644000000000318,-0.16174,-0.11723799999999995,-1.1349400000000003,0.0019459299999999985,-0.14685549999999992,-0.018684950000000006,0.8442900000000009,-14.17521,15.585990000000002,1.562619999999999,-2.1002300000000034,-0.8481699999999961,12.422229999999999,-0.9676199999999966,2.0755199999999974,16.3
2020-01-01 16:21:00,0.099502,3687.5,4629.2,9.2101,26.975,41.995,2731.4,76.665,120.36,0.33588,79.203,51.242,2661.7,25.378,50.076,3124.0,23.35,67.362,275.44,343.81,94.745,77.086,32.671,8.7656,27.221,6.9046,18.059,1.6523,33.046,13.661,25.606,1.1261,17.469,2.2032,4.6908,2.2375,0.020423,0.6891,0.078592,53.167,44.093,63.552,55.257,10.039,77.342,24.002,38.511,41.756,46.709,58.239,40.029,17.028,-0.1449666,-0.14249299999999998,25.376000000000204,1.6089100000000087,-0.003310399999999991,1.2501199999999955,26.98999999999978,0.05778999999999712,0.45678000000000196,45.49879999999999,2.504099999999994,0.4506599999999992,-0.13363800000000126,0.7478000000000016,-0.6749799999999979,0.08644000000000318,-0.16174,-0.11723799999999995,-1.1349400000000003,0.0019459299999999985,-0.14685549999999992,-0.018684950000000006,0.5272900000000007,-13.99001,16.063989999999997,1.8346199999999975,3.6797699999999978,0.13283000000000555,10.93723,-1.0596199999999953,-1.2124800000000029,16.35
2020-01-01 16:24:00,0.083629,3694.5,4624.0,9.1895,26.882,42.195,2731.8,76.691,120.41,0.32933,79.628,49.489,2661.8,27.002,50.656,3125.0,23.126,67.24,268.36,343.19,94.616,77.349,32.179,8.9414,27.511,6.9732,17.911,1.6638,33.313,13.725,25.727,1.1649,17.341,2.2114,4.6776,2.1442,0.020423,0.6891,0.078592,53.167,44.093,63.18,55.436,8.0936,76.43,23.564,39.355,36.597,48.053,56.868,41.082,17.532,-0.16083960000000003,-0.16309299999999993,25.776000000000295,1.634910000000005,-0.009860399999999991,-0.5028800000000047,27.090000000000146,0.6377899999999954,0.23278000000000176,38.418800000000005,1.8840999999999894,-0.041339999999998156,0.04216199999999937,1.0378000000000007,-0.8229799999999976,0.3534400000000062,-0.09773999999999994,-0.07843800000000001,-1.2629400000000004,0.0019459299999999985,-0.14685549999999992,-0.018684950000000006,0.15529000000000082,-15.93541,15.151990000000005,1.3966199999999986,-1.4792300000000012,1.4768299999999996,9.566230000000004,-0.006619999999998072,-0.7084800000000016,16.4
2020-01-01 16:27:00,0.08395,3700.2,4615.0,9.2708,27.127,41.887,2727.8,76.727,120.38,0.32945,79.592,51.691,2658.0,22.95,50.319,3123.3,23.247,67.148,261.61,342.29,94.796,76.651,32.179,8.9414,27.511,6.9732,17.911,1.6638,33.313,13.725,25.727,1.1649,17.341,2.2114,4.6776,2.1442,0.020423,0.6891,0.078592,53.167,44.093,63.083,55.544,8.0621,75.795,23.201,39.34,43.077,47.273,55.471,40.45,17.302,-0.1605186,-0.08179300000000111,21.776000000000295,1.6709100000000063,-0.009740399999999982,1.6991200000000006,23.289999999999964,0.3007899999999992,0.3537800000000004,31.668800000000005,0.9841000000000122,-0.041339999999998156,0.04216199999999937,1.0378000000000007,-0.8229799999999976,0.3534400000000062,-0.09773999999999994,-0.07843800000000001,-1.2629400000000004,0.0019459299999999985,-0.14685549999999992,-0.018684950000000006,0.05828999999999951,-15.96691,14.51699,1.033619999999999,5.000769999999996,0.6968300000000056,8.169229999999999,-0.638619999999996,-0.938480000000002,16.45
2020-01-01 16:30:00,0.12557,3650.1,4647.8,9.1122,26.914,41.958,2724.0,77.349,120.37,0.33693,79.452,50.578,2652.0,26.254,48.297,3121.1,22.447,66.974,256.74,340.06,94.788,76.654,31.423,8.771,27.531,7.0168,18.132,1.6115,32.433,13.738,24.96,1.2763,18.046,2.2006,4.6291,2.2163,0.017953,0.74389,0.057921,53.488,43.738,63.288,55.647,12.842,74.678,22.555,39.947,39.8,42.593,54.624,40.267,19.232,-0.11889860000000002,-0.24039300000000097,17.976000000000113,2.292910000000006,-0.0022603999999999957,0.5861200000000011,17.289999999999964,-1.7212100000000063,-0.4462200000000003,26.7988,-1.245900000000006,-0.7973400000000019,-0.12823799999999963,1.0578000000000003,-0.6019799999999975,-0.5265599999999964,-0.08474000000000004,0.032961999999999936,-0.5579400000000021,-0.0005240700000000015,-0.09206549999999991,-0.03935595,0.2632899999999978,-11.187009999999999,13.399989999999995,0.3876199999999983,1.7237699999999947,-3.983169999999994,7.322230000000005,-0.8216199999999958,0.9915199999999977,16.5
2020-01-01 16:33:00,0.12703,3686.4,4628.3,9.1039,27.012,42.266,2721.1,77.383,120.38,0.33749,79.438,52.333,2648.9,25.321,49.021,3118.0,22.739,66.774,254.25,339.17,95.005,76.889,31.423,8.771,27.531,7.0168,18.132,1.6115,32.433,13.738,24.96,1.2763,18.046,2.2006,4.6291,2.2163,0.017953,0.74389,0.057921,53.488,43.738,62.665,55.881,12.698,73.672,22.256,39.879,44.966,44.269,53.175,40.443,18.555,-0.1174386,-0.24869300000000116,15.076000000000022,2.326909999999998,-0.0017003999999999908,2.3411199999999965,14.190000000000055,-0.9972100000000026,-0.1542199999999987,24.30879999999999,-2.1358999999999924,-0.7973400000000019,-0.12823799999999963,1.0578000000000003,-0.6019799999999975,-0.5265599999999964,-0.08474000000000004,0.032961999999999936,-0.5579400000000021,-0.0005240700000000015,-0.09206549999999991,-0.03935595,-0.35970999999999975,-11.33101,12.393989999999995,0.08861999999999881,6.889769999999999,-2.3071699999999993,5.8732299999999995,-0.645620000000001,0.31451999999999813,16.55
2020-01-01 16:36:00,0.20413,3658.1,4668.6,9.0475,26.812,41.995,2718.9,76.694,120.38,0.33793,79.471,50.954,2645.7,25.65,48.629,3118.6,22.935,66.616,248.35,338.18,94.97,76.665,32.007,8.7717,27.308,7.0911,18.542,1.6304,32.166,13.692,25.282,1.2496,18.348,2.1983,4.7989,2.2275,0.017953,0.74389,0.057921,53.488,43.738,62.663,54.983,20.28,75.699,21.79,40.015,40.907,43.36,52.033,39.974,18.136,-0.0403386,-0.30509300000000117,12.876000000000204,1.637910000000005,-0.0012603999999999949,0.9621199999999988,10.989999999999782,-1.3892100000000056,0.04177999999999926,18.408799999999985,-3.1259000000000015,-0.2133400000000023,-0.12753800000000126,0.8348000000000013,-0.19197999999999737,-0.7935599999999994,-0.1307399999999994,0.00626199999999999,-0.2559400000000025,-0.0005240700000000015,-0.09206549999999991,-0.03935595,-0.3617100000000022,-3.7490099999999984,14.420989999999996,-0.37738000000000227,2.830769999999994,-3.216169999999998,4.731230000000004,-1.1146200000000022,-0.10448000000000235,16.6
2020-01-01 16:39:00,0.20396,3671.6,4676.2,9.1924,26.917,42.05,2716.4,77.342,120.37,0.3332,79.42,51.334,2643.9,23.76,50.909,3116.1,23.574,66.408,245.5,337.32,94.973,76.749,32.007,8.7717,27.308,7.0911,18.542,1.6304,32.166,13.692,25.282,1.2496,18.348,2.1983,4.7989,2.2275,0.017953,0.74389,0.057921,53.488,43.738,62.431,54.892,20.297,73.269,21.658,40.591,42.027,48.638,50.631,39.916,16.646,-0.040508600000000006,-0.16019300000000136,10.376000000000204,2.285910000000001,-0.005990400000000007,1.3421200000000013,9.190000000000055,0.8907899999999955,0.6807800000000022,15.55879999999999,-3.985900000000015,-0.2133400000000023,-0.12753800000000126,0.8348000000000013,-0.19197999999999737,-0.7935599999999994,-0.1307399999999994,0.00626199999999999,-0.2559400000000025,-0.0005240700000000015,-0.09206549999999991,-0.03935595,-0.5937100000000015,-3.732009999999999,11.990990000000004,-0.5093800000000002,3.9507699999999986,2.0618300000000005,3.3292300000000026,-1.172620000000002,-1.5944800000000008,16.65
2020-01-01 16:42:00,0.15192,3623.7,4561.8,9.106,27.123,42.577,2717.1,76.886,120.39,0.33104,79.84,49.36,2645.5,24.714,49.458,3117.0,23.653,66.266,242.53,336.64,95.054,77.323,31.451,8.8183,27.85,6.9575,18.804,1.655,32.247,13.757,25.962,1.356,18.4,2.2335,4.7379,2.2519,0.017953,0.74389,0.057921,53.488,43.738,62.44,55.328,15.278,74.934,22.015,39.473,36.217,45.28,49.245,40.044,16.43,-0.09254860000000001,-0.24659300000000073,11.076000000000022,1.8299099999999981,-0.008150400000000002,-0.6318800000000024,10.789999999999964,-0.560210000000005,0.7597799999999992,12.588799999999992,-4.665900000000022,-0.7693399999999997,-0.08093799999999973,1.376800000000003,0.07001999999999953,-0.7125599999999963,-0.06573999999999991,0.11266200000000004,-0.2039400000000029,-0.0005240700000000015,-0.09206549999999991,-0.03935595,-0.5847100000000012,-8.751009999999999,13.655989999999996,-0.15238000000000085,-1.8592300000000037,-1.2961699999999965,1.9432299999999998,-1.0446200000000019,-1.8104800000000019,16.7
2020-01-01 16:45:00,0.15409,3635.6,4562.3,9.126,26.931,42.183,2715.9,77.126,120.37,0.32718,80.098,49.019,2643.0,26.85,47.785,3116.7,22.756,66.221,238.36,335.55,95.046,77.168,31.451,8.8183,27.85,6.9575,18.804,1.655,32.247,13.757,25.962,1.356,18.4,2.2335,4.7379,2.2519,0.01883,0.79002,0.07667,53.909,43.701,62.237,55.323,15.065,73.336,21.526,39.944,35.212,41.408,49.151,40.053,18.557,-0.0903786,-0.22659300000000115,9.876000000000204,2.0699100000000072,-0.012010399999999977,-0.9728800000000035,8.289999999999964,-2.233210000000007,-0.13721999999999923,8.418800000000005,-5.755899999999997,-0.7693399999999997,-0.08093799999999973,1.376800000000003,0.07001999999999953,-0.7125599999999963,-0.06573999999999991,0.11266200000000004,-0.2039400000000029,0.00035292999999999783,-0.04593550000000002,-0.02060695,-0.787709999999997,-8.96401,12.057989999999997,-0.6413800000000016,-2.864229999999999,-5.168169999999996,1.8492300000000057,-1.0356200000000015,0.316519999999997,16.75
2020-01-01 16:48:00,0.21322,3645.0,4539.9,9.0494,26.911,42.064,2713.2,76.737,120.41,0.33904,80.118,48.996,2640.0,25.448,50.555,3116.3,22.814,66.185,233.88,334.45,95.051,77.026,31.316,9.0447,27.617,6.9916,18.867,1.6052,31.941,13.558,25.667,1.1998,18.313,2.1982,4.7466,2.1795,0.01883,0.79002,0.07667,53.909,43.701,63.113,54.965,20.769,74.328,20.733,40.097,35.146,47.818,48.415,39.961,18.43,-0.031248600000000015,-0.30319300000000027,7.175999999999931,1.6809099999999972,-0.00015039999999999498,-0.9958799999999997,5.289999999999964,0.5367899999999963,-0.0792199999999994,3.9387999999999863,-6.85590000000002,-0.9043400000000013,0.1454620000000002,1.1438000000000024,0.13302000000000191,-1.0185599999999972,-0.26473999999999975,-0.04353800000000008,-0.29094000000000264,0.00035292999999999783,-0.04593550000000002,-0.02060695,0.08829000000000065,-3.260010000000001,13.049990000000001,-1.4343800000000009,-2.9302300000000017,1.2418300000000002,1.1132300000000015,-1.1276200000000003,0.18951999999999813,16.8
2020-01-01 16:51:00,0.21355,3652.1,4600.7,9.1833,26.938,42.049,2709.4,76.373,120.36,0.33359,80.032,48.917,2635.9,27.04,50.263,3113.2,21.962,66.088,229.36,333.53,95.064,76.681,31.316,9.0447,27.617,6.9916,18.867,1.6052,31.941,13.558,25.667,1.1998,18.313,2.1982,4.7466,2.1795,0.01883,0.79002,0.07667,53.909,43.701,62.99,54.238,20.737,75.115,20.912,40.762,34.912,47.143,47.688,39.428,20.496,-0.03091860000000002,-0.16929300000000147,3.3760000000002037,1.3169100000000071,-0.005600400000000005,-1.0748800000000003,1.1900000000000546,0.24478999999999473,-0.9312199999999997,-0.5811999999999955,-7.775900000000036,-0.9043400000000013,0.1454620000000002,1.1438000000000024,0.13302000000000191,-1.0185599999999972,-0.26473999999999975,-0.04353800000000008,-0.29094000000000264,0.00035292999999999783,-0.04593550000000002,-0.02060695,-0.03470999999999691,-3.292010000000001,13.836989999999993,-1.2553800000000024,-3.1642300000000034,0.566830000000003,0.38623000000000474,-1.6606200000000015,2.255519999999997,16.85
2020-01-01 16:54:00,0.23332,3652.0,4569.8,9.043,26.903,41.664,2706.1,77.156,120.43,0.31454,79.874,48.778,2632.8,25.944,50.242,3109.5,22.29,65.931,226.92,333.04,95.158,76.704,31.385,8.8995,27.425,6.803,19.042,1.5975,31.178,13.658,25.248,1.1523,18.848,2.2615,4.8276,2.2619,0.01883,0.79002,0.07667,53.909,43.701,62.605,54.443,23.005,74.097,20.48,37.525,34.505,47.093,46.784,40.245,19.755,-0.011148600000000009,-0.30959300000000134,0.07600000000002183,2.0999100000000084,-0.024650400000000017,-1.2138800000000032,-1.9099999999998545,0.22378999999999394,-0.6032200000000003,-3.0212000000000216,-8.265899999999988,-0.8353399999999986,0.00026199999999931833,0.9518000000000022,0.3080200000000026,-1.7815599999999954,-0.1647400000000001,-0.09103799999999995,0.2440599999999975,0.00035292999999999783,-0.04593550000000002,-0.02060695,-0.419710000000002,-1.0240100000000005,12.818989999999992,-1.687380000000001,-3.57123,0.5168300000000059,-0.5177699999999987,-0.8436200000000014,1.5145199999999974,16.9
2020-01-01 16:57:00,0.23444,3650.2,4580.0,9.0944,26.4,42.247,2702.1,76.326,120.37,0.3113,79.787,51.357,2628.2,26.065,50.366,3106.6,23.407,65.764,225.67,332.65,95.11,76.509,31.385,8.8995,27.425,6.803,19.042,1.5975,31.178,13.658,25.248,1.1523,18.848,2.2615,4.8276,2.2619,0.01883,0.79002,0.07667,53.909,43.701,62.636,54.321,22.895,74.955,20.223,37.921,42.094,47.38,45.783,39.818,17.156,-0.010028599999999999,-0.25819300000000034,-3.923999999999978,1.2699099999999959,-0.027890399999999982,1.3651199999999974,-6.510000000000218,0.34778999999999627,0.5137800000000006,-4.271200000000022,-8.655900000000031,-0.8353399999999986,0.00026199999999931833,0.9518000000000022,0.3080200000000026,-1.7815599999999954,-0.1647400000000001,-0.09103799999999995,0.2440599999999975,0.00035292999999999783,-0.04593550000000002,-0.02060695,-0.3887099999999961,-1.13401,13.676989999999996,-1.9443800000000024,4.017769999999999,0.8038300000000049,-1.5187699999999964,-1.270620000000001,-1.0844800000000028,16.95
2020-01-01 17:00:00,0.23656,3714.2,4548.7,9.0251,26.766,42.349,2698.4,76.706,120.41,0.32042,79.849,49.828,2625.3,23.754,52.126,3104.9,23.712,65.614,226.75,331.41,95.16,76.867,31.061,8.7659,27.202,7.0822,19.512,1.6158,31.182,13.544,25.752,1.3573,19.498,2.213,4.8185,2.2723,0.014046,0.83417,0.092829,53.609,43.538,63.175,54.236,23.086,72.701,20.199,39.154,37.595,51.455,45.636,40.138,16.438,-0.007908600000000016,-0.3274930000000005,-7.623999999999796,1.6499100000000055,-0.01877040000000002,-0.16387999999999892,-9.409999999999854,2.1077899999999943,0.8187800000000003,-3.191200000000009,-9.895899999999983,-1.1593400000000003,-0.13333800000000018,0.7288000000000032,0.7780200000000015,-1.7775599999999976,-0.2787399999999991,0.1139619999999999,0.8940599999999996,-0.004431070000000002,-0.0017854999999999954,-0.004447950000000006,0.15028999999999826,-0.943010000000001,11.422989999999992,-1.9683799999999998,-0.4812300000000036,4.878830000000001,-1.6657699999999949,-0.9506200000000007,-1.8024800000000027,17.0
2020-01-01 17:03:00,0.23527,3725.3,4532.4,8.9555,26.781,42.193,2698.6,76.822,120.41,0.32019,80.222,50.484,2624.8,25.415,50.691,3104.6,23.816,65.593,220.65,330.74,94.913,77.06,31.061,8.7659,27.202,7.0822,19.512,1.6158,31.182,13.544,25.752,1.3573,19.498,2.213,4.8185,2.2723,0.014046,0.83417,0.092829,53.609,43.538,62.983,54.431,23.214,74.795,19.949,39.182,39.523,48.134,45.531,40.795,16.178,-0.009198600000000001,-0.3970929999999999,-7.423999999999978,1.7659100000000052,-0.01900040000000003,0.4921199999999999,-9.909999999999854,0.6727899999999991,0.9227799999999995,-9.291200000000003,-10.5659,-1.1593400000000003,-0.13333800000000018,0.7288000000000032,0.7780200000000015,-1.7775599999999976,-0.2787399999999991,0.1139619999999999,0.8940599999999996,-0.004431070000000002,-0.0017854999999999954,-0.004447950000000006,-0.04171000000000191,-0.8150100000000009,13.51699,-2.21838,1.4467700000000008,1.5578300000000027,-1.7707699999999988,-0.2936199999999971,-2.0624800000000008,17.05
2020-01-01 17:06:00,0.2772,3607.5,4504.8,9.0735,27.052,41.706,2696.3,75.84,120.4,0.3052,80.38,51.165,2621.7,23.813,51.948,3104.9,23.101,65.622,219.6,329.58,95.113,77.13,30.659,8.8363,26.818,7.0954,19.3,1.6222,31.152,13.842,25.409,1.467,19.41,2.2507,4.897,2.2092,0.014046,0.83417,0.092829,53.609,43.538,62.504,53.523,27.224,75.738,19.518,37.639,41.528,51.042,44.973,39.629,17.868,0.032731399999999994,-0.27909300000000137,-9.723999999999705,0.7839100000000059,-0.033990399999999976,1.1731199999999973,-13.010000000000218,1.929789999999997,0.20777999999999963,-10.341200000000015,-11.725900000000024,-1.5613400000000013,-0.06293800000000083,0.3448000000000029,0.5660200000000017,-1.8075599999999952,0.019260000000000943,0.22366200000000003,0.8060599999999987,-0.004431070000000002,-0.0017854999999999954,-0.004447950000000006,-0.5207100000000011,3.1949900000000007,14.459989999999998,-2.6493800000000007,3.4517699999999962,4.465830000000004,-2.3287699999999987,-1.459620000000001,-0.37248000000000303,17.1
2020-01-01 17:09:00,0.27791,3643.8,4553.5,9.032,26.538,42.38,2694.9,76.851,120.37,0.30876,80.505,50.679,2621.2,24.513,49.437,3102.9,22.664,65.598,219.74,329.45,95.18,76.927,30.659,8.8363,26.818,7.0954,19.3,1.6222,31.152,13.842,25.409,1.467,19.41,2.2507,4.897,2.2092,0.014046,0.83417,0.092829,53.609,43.538,61.879,52.94,27.155,74.129,19.375,37.204,40.097,45.232,44.307,39.747,18.924,0.03344139999999998,-0.32059300000000057,-11.123999999999796,1.7949100000000016,-0.030430400000000024,0.6871200000000002,-13.510000000000218,-0.5812100000000058,-0.22921999999999798,-10.2012,-11.85590000000002,-1.5613400000000013,-0.06293800000000083,0.3448000000000029,0.5660200000000017,-1.8075599999999952,0.019260000000000943,0.22366200000000003,0.8060599999999987,-0.004431070000000002,-0.0017854999999999954,-0.004447950000000006,-1.1457100000000011,3.1259900000000016,12.850990000000003,-2.7923800000000014,2.020769999999999,-1.3441699999999983,-2.9947699999999955,-1.341619999999999,0.6835199999999979,17.15
2020-01-01 17:12:00,0.33235,3623.6,4495.8,9.0594,26.659,42.079,2692.4,76.794,120.41,0.33546,80.523,49.749,2618.1,23.889,49.67,3101.7,23.888,65.586,216.48,328.61,95.09,76.91,30.59,8.8858,26.822,6.97,19.463,1.5945,30.981,13.751,24.721,1.4341,19.068,2.246,4.8895,2.3337,0.014046,0.83417,0.092829,53.609,43.538,61.916,54.046,32.167,74.351,18.956,41.733,37.36,45.771,43.949,39.709,16.02,0.08788139999999997,-0.2931930000000005,-13.623999999999796,1.7379099999999994,-0.0037304000000000226,-0.24287999999999954,-16.610000000000127,-0.3482100000000017,0.9947800000000022,-13.46120000000002,-12.695899999999995,-1.6303400000000003,-0.013438000000000727,0.34880000000000067,0.729020000000002,-1.9785599999999945,-0.07174000000000014,0.19076199999999988,0.4640599999999999,-0.004431070000000002,-0.0017854999999999954,-0.004447950000000006,-1.108710000000002,8.137990000000002,13.072989999999997,-3.211380000000002,-0.716230000000003,-0.8051699999999968,-3.3527699999999996,-1.3796199999999956,-2.220480000000002,17.2
2020-01-01 17:15:00,0.32968,3586.0,4517.9,9.0123,27.387,42.251,2690.8,76.571,120.4,0.33917,80.499,51.297,2616.0,24.918,50.023,3100.5,23.479,65.564,216.85,328.7,95.303,77.031,30.59,8.8858,26.822,6.97,19.463,1.5945,30.981,13.751,24.721,1.4341,19.068,2.246,4.8895,2.3337,0.025378,0.88174,0.095041,53.709,44.11,62.564,53.782,32.429,73.912,19.58,41.28,41.916,46.588,44.355,39.387,17.002,0.08521139999999996,-0.34029300000000084,-15.223999999999705,1.5149100000000004,-2.0399999999975993e-05,1.3051199999999952,-18.710000000000036,0.00478999999999985,0.5857799999999997,-13.091200000000015,-12.60590000000002,-1.6303400000000003,-0.013438000000000727,0.34880000000000067,0.729020000000002,-1.9785599999999945,-0.07174000000000014,0.19076199999999988,0.4640599999999999,0.0069009299999999996,0.045784500000000006,-0.0022359500000000004,-0.46070999999999884,8.399990000000003,12.633990000000004,-2.587380000000003,3.8397699999999944,0.011830000000003338,-2.9467700000000008,-1.7016199999999984,-1.2384800000000027,17.25
2020-01-01 17:18:00,0.35203,3669.5,4460.3,8.9393,27.231,41.883,2691.0,76.692,120.4,0.33022,80.613,50.113,2616.6,23.81,49.337,3100.1,22.453,65.565,216.46,328.47,95.046,76.822,30.86,8.9025,26.633,6.954,19.485,1.623,31.258,13.883,24.741,1.4649,19.793,2.238,4.9829,2.2904,0.025378,0.88174,0.095041,53.709,44.11,62.085,53.969,34.743,71.763,19.508,39.879,38.432,45.0,44.215,40.054,19.45,0.1075614,-0.41329300000000124,-15.023999999999887,1.6359099999999955,-0.00897039999999999,0.12111999999999767,-18.110000000000127,-0.6812100000000001,-0.44022000000000006,-13.481200000000001,-12.835899999999981,-1.3603400000000008,0.003261999999999432,0.1598000000000006,0.7510200000000005,-1.701559999999997,0.060259999999999536,0.22156200000000004,1.1890599999999978,0.0069009299999999996,0.045784500000000006,-0.0022359500000000004,-0.939709999999998,10.713990000000003,10.484990000000003,-2.6593800000000023,0.3557699999999997,-1.5761699999999976,-3.0867699999999942,-1.0346199999999968,1.2095199999999977,17.3
2020-01-01 17:21:00,0.35426,3661.0,4489.1,9.0582,27.154,42.129,2687.2,75.94,120.42,0.32905,80.376,50.978,2613.6,26.417,52.359,3096.7,24.064,65.523,216.62,328.29,95.219,76.498,30.86,8.9025,26.633,6.954,19.485,1.623,31.258,13.883,24.741,1.4649,19.793,2.238,4.9829,2.2904,0.025378,0.88174,0.095041,53.709,44.11,62.23,53.623,34.524,72.072,19.071,40.021,40.979,51.994,44.026,39.476,15.682,0.10979140000000001,-0.29439300000000124,-18.82400000000007,0.8839100000000002,-0.010140399999999994,0.9861199999999997,-21.110000000000127,2.3407899999999984,1.1707800000000006,-13.321200000000005,-13.015899999999988,-1.3603400000000008,0.003261999999999432,0.1598000000000006,0.7510200000000005,-1.701559999999997,0.060259999999999536,0.22156200000000004,1.1890599999999978,0.0069009299999999996,0.045784500000000006,-0.0022359500000000004,-0.794710000000002,10.494990000000001,10.79399,-3.09638,2.9027699999999967,5.417830000000002,-3.2757699999999943,-1.6126199999999997,-2.558480000000001,17.35
2020-01-01 17:24:00,0.34064,3663.8,4522.5,9.0588,27.152,42.059,2684.9,76.056,120.41,0.33994,80.361,51.719,2610.6,24.955,50.375,3092.7,23.548,65.453,214.32,328.7,95.099,76.652,31.139,8.905,26.48,6.9238,19.924,1.6823,31.185,13.837,24.868,1.3763,19.86,2.2568,4.9391,2.295,0.025378,0.88174,0.095041,53.709,44.11,62.248,53.053,33.713,75.895,19.282,42.224,43.16,47.401,44.064,40.264,16.924,0.09617139999999999,-0.29379300000000086,-21.123999999999796,0.9999099999999999,0.0007496000000000169,1.7271199999999993,-24.110000000000127,0.3567899999999966,0.6547799999999988,-15.621200000000016,-12.60590000000002,-1.0813400000000009,0.005761999999998935,0.006800000000001916,1.1900200000000005,-1.7745599999999975,0.014260000000000161,0.13296200000000002,1.256059999999998,0.0069009299999999996,0.045784500000000006,-0.0022359500000000004,-0.7767100000000013,9.683990000000001,14.616989999999994,-2.8853800000000014,5.083769999999994,0.8248300000000057,-3.2377699999999976,-0.8246199999999959,-1.316480000000002,17.4
2020-01-01 17:27:00,0.34181,3668.3,4507.9,9.1157,26.659,41.907,2684.4,75.751,120.42,0.34214,80.598,49.719,2610.4,26.888,50.197,3092.8,23.199,65.42,215.43,327.87,95.169,77.162,31.139,8.905,26.48,6.9238,19.924,1.6823,31.185,13.837,24.868,1.3763,19.86,2.2568,4.9391,2.295,0.025378,0.88174,0.095041,53.709,44.11,62.171,53.228,33.598,71.979,19.011,41.955,37.274,46.989,43.796,40.284,17.72,0.0973414,-0.23689300000000024,-21.623999999999796,0.6949100000000072,0.0029495999999999967,-0.2728800000000007,-24.309999999999945,0.17878999999999934,0.30578000000000216,-14.511200000000002,-13.435900000000004,-1.0813400000000009,0.005761999999998935,0.006800000000001916,1.1900200000000005,-1.7745599999999975,0.014260000000000161,0.13296200000000002,1.256059999999998,0.0069009299999999996,0.045784500000000006,-0.0022359500000000004,-0.8537099999999995,9.56899,10.700989999999997,-3.156380000000002,-0.8022300000000016,0.4128299999999996,-3.5057699999999983,-0.8046199999999999,-0.5204800000000027,17.45
2020-01-01 17:30:00,0.32744,3634.6,4403.0,9.0848,26.515,41.837,2681.2,76.562,120.41,0.33935,80.628,50.984,2606.4,23.266,48.523,3091.4,21.703,65.456,218.42,327.56,95.082,76.732,30.82,9.0551,26.483,6.8824,20.124,1.6573,30.786,13.79,24.306,1.3417,19.693,2.3008,4.9737,2.3339,0.019621,0.91783,0.0888,53.623,42.492,62.961,53.25,32.14,73.613,18.566,41.135,40.995,43.116,44.614,40.242,21.304,0.0829714,-0.26779300000000106,-24.82400000000007,1.50591,0.00015959999999998198,0.9921199999999999,-28.309999999999945,-1.4952100000000002,-1.19022,-11.521200000000022,-13.745900000000006,-1.40034,0.15586199999999906,0.00980000000000203,1.3900199999999998,-2.173559999999995,-0.032740000000000435,0.09836199999999984,1.08906,0.0011439299999999979,0.08187450000000007,-0.008476949999999997,-0.06371000000000038,8.110990000000001,12.334989999999998,-3.6013800000000025,2.918769999999995,-3.460169999999998,-2.6877700000000004,-0.8466200000000015,3.063519999999997,17.5
2020-01-01 17:33:00,0.32828,3639.1,4407.4,9.03,26.74,42.005,2676.4,76.919,120.41,0.33723,80.381,51.01,2601.2,25.744,48.734,3087.1,22.717,65.465,217.44,327.13,95.219,76.919,30.82,9.0551,26.483,6.8824,20.124,1.6573,30.786,13.79,24.306,1.3417,19.693,2.3008,4.9737,2.3339,0.019621,0.91783,0.0888,53.623,42.492,62.884,53.197,32.057,73.327,18.503,41.394,41.073,43.605,45.078,39.565,18.922,0.08381140000000001,-0.32259300000000124,-29.623999999999796,1.8629099999999994,-0.001960400000000029,1.0181199999999961,-33.51000000000022,-1.2842100000000016,-0.1762200000000007,-12.501200000000011,-14.175900000000013,-1.40034,0.15586199999999906,0.00980000000000203,1.3900199999999998,-2.173559999999995,-0.032740000000000435,0.09836199999999984,1.08906,0.0011439299999999979,0.08187450000000007,-0.008476949999999997,-0.14070999999999856,8.027990000000003,12.048989999999996,-3.6643800000000013,2.996769999999998,-2.9711700000000008,-2.2237699999999947,-1.523620000000001,0.681519999999999,17.55
2020-01-01 17:36:00,0.372,3680.9,4385.1,9.1264,26.961,42.234,2675.8,75.565,120.42,0.33254,80.583,50.56,2600.7,27.433,49.779,3086.6,23.354,65.511,221.22,327.32,95.003,76.91,30.65,8.9245,26.413,6.9369,19.613,1.6416,31.152,13.812,24.315,1.3025,20.615,2.2725,4.9403,2.3185,0.019621,0.91783,0.0888,53.623,42.492,62.508,52.764,36.293,71.62,18.503,40.674,39.747,46.023,45.115,40.707,17.418,0.1275314,-0.2261930000000003,-30.223999999999705,0.5089100000000002,-0.006650400000000001,0.5681200000000004,-34.01000000000022,-0.23920999999999992,0.46077999999999975,-8.72120000000001,-13.985900000000015,-1.5703400000000016,0.025261999999999674,-0.060199999999998255,0.8790200000000006,-1.8075599999999952,-0.010740000000000194,0.05916199999999994,2.011059999999997,0.0011439299999999979,0.08187450000000007,-0.008476949999999997,-0.5167099999999962,12.26399,10.341990000000003,-3.6643800000000013,1.6707699999999974,-0.5531699999999944,-2.1867699999999957,-0.38161999999999807,-0.8224800000000023,17.6
2020-01-01 17:39:00,0.37053,3625.1,4353.3,9.0092,27.017,42.19,2675.3,76.272,120.42,0.33192,80.686,49.558,2600.2,23.851,50.816,3085.5,23.28,65.573,222.32,327.11,95.16,77.106,30.65,8.9245,26.413,6.9369,19.613,1.6416,31.152,13.812,24.315,1.3025,20.615,2.2725,4.9403,2.3185,0.019621,0.91783,0.0888,53.623,42.492,63.468,53.145,36.437,76.473,18.504,40.75,36.798,48.422,45.388,39.764,17.588,0.12606140000000002,-0.3433930000000007,-30.723999999999705,1.215910000000008,-0.00727040000000001,-0.43388000000000204,-34.51000000000022,0.7977899999999991,0.3867800000000017,-7.621200000000016,-14.195899999999995,-1.5703400000000016,0.025261999999999674,-0.060199999999998255,0.8790200000000006,-1.8075599999999952,-0.010740000000000194,0.05916199999999994,2.011059999999997,0.0011439299999999979,0.08187450000000007,-0.008476949999999997,0.4432900000000046,12.407989999999998,15.194989999999997,-3.66338,-1.2782300000000006,1.8458299999999994,-1.9137699999999995,-1.324619999999996,-0.6524800000000006,17.65
2020-01-01 17:42:00,0.4023,3637.8,4396.9,9.1042,26.959,42.162,2674.5,75.817,120.4,0.33587,80.778,48.953,2600.6,26.56,50.031,3085.8,22.95,65.652,221.21,327.27,94.838,77.179,31.014,8.9211,26.213,7.1353,20.107,1.6589,31.503,13.869,24.208,1.2704,20.713,2.2433,4.8276,2.3339,0.019621,0.91783,0.0888,53.623,42.492,62.746,53.693,39.526,72.587,18.592,40.841,35.019,46.606,45.854,40.162,18.37,0.15783139999999998,-0.24839300000000009,-31.523999999999887,0.7609099999999955,-0.003320400000000001,-1.038879999999999,-34.11000000000013,0.012789999999995416,0.05677999999999983,-8.731200000000001,-14.035900000000026,-1.2063400000000009,0.021861999999998716,-0.26019999999999754,1.3730200000000004,-1.456559999999996,0.04626000000000019,0.02706199999999992,2.1090599999999995,0.0011439299999999979,0.08187450000000007,-0.008476949999999997,-0.2787099999999967,15.496990000000004,11.308990000000001,-3.5753800000000027,-3.057230000000004,0.02983000000000402,-1.4477699999999984,-0.9266199999999998,0.1295199999999994,17.7
2020-01-01 17:45:00,0.40152,3635.3,4448.3,9.1456,26.662,41.747,2675.6,75.659,120.42,0.3338,80.96,50.136,2601.6,26.268,49.773,3086.0,23.013,65.75,224.58,327.91,95.036,77.22,31.014,8.9211,26.213,7.1353,20.107,1.6589,31.503,13.869,24.208,1.2704,20.713,2.2433,4.8276,2.3339,0.019566,0.93347,0.099377,54.745,43.602,62.788,53.078,39.602,76.301,18.705,41.094,38.501,46.01,46.954,40.686,18.205,0.15705139999999998,-0.20699300000000065,-30.423999999999978,0.6029100000000085,-0.005390400000000017,0.14412000000000091,-33.11000000000013,-0.24521000000000015,0.11978000000000222,-5.361199999999997,-13.395899999999983,-1.2063400000000009,0.021861999999998716,-0.26019999999999754,1.3730200000000004,-1.456559999999996,0.04626000000000019,0.02706199999999992,2.1090599999999995,0.0010889299999999984,0.09751450000000006,0.002100049999999992,-0.2367100000000022,15.572989999999997,15.02299,-3.462380000000003,0.4247699999999952,-0.5661699999999996,-0.347769999999997,-0.40261999999999887,-0.03548000000000329,17.75
2020-01-01 17:48:00,0.38246,3580.6,4363.8,9.1206,26.456,42.049,2672.9,75.623,120.41,0.33782,80.936,47.894,2598.4,25.511,50.118,3083.7,22.983,65.897,226.32,327.42,94.965,77.192,30.549,9.0168,26.212,6.9458,19.806,1.6808,31.577,14.079,23.896,1.5053,20.344,2.2823,5.0172,2.2867,0.019566,0.93347,0.099377,54.745,43.602,61.843,52.695,37.324,75.924,18.186,42.146,31.904,46.808,47.607,40.041,18.273,0.13799140000000001,-0.231993000000001,-33.123999999999796,0.5669100000000071,-0.0013703999999999938,-2.0978800000000035,-36.309999999999945,0.09978999999999871,0.08978000000000108,-3.621200000000016,-13.885899999999992,-1.6713400000000007,0.1175619999999995,-0.26119999999999877,1.072020000000002,-1.3825599999999945,0.25626000000000104,0.26196200000000003,1.7400599999999997,0.0010889299999999984,0.09751450000000006,0.002100049999999992,-1.1817099999999954,13.294989999999999,14.645990000000005,-3.9813800000000015,-6.1722300000000025,0.2318300000000022,0.30523000000000167,-1.047620000000002,0.032519999999998106,17.8
2020-01-01 17:51:00,0.3801,3557.2,4357.3,9.0898,26.773,42.347,2670.9,74.47,120.38,0.34263,80.797,51.663,2597.8,26.617,49.458,3080.2,22.838,65.981,229.7,328.92,95.181,76.896,30.549,9.0168,26.212,6.9458,19.806,1.6808,31.577,14.079,23.896,1.5053,20.344,2.2823,5.0172,2.2867,0.019566,0.93347,0.099377,54.745,43.602,62.247,52.772,37.555,75.611,19.039,41.558,42.995,45.279,48.111,39.758,18.646,0.13563139999999999,-0.2627930000000003,-35.123999999999796,-0.5860899999999987,0.003439599999999987,1.6711199999999948,-36.909999999999854,-0.560210000000005,-0.05521999999999849,-0.2412000000000205,-12.385899999999992,-1.6713400000000007,0.1175619999999995,-0.26119999999999877,1.072020000000002,-1.3825599999999945,0.25626000000000104,0.26196200000000003,1.7400599999999997,0.0010889299999999984,0.09751450000000006,0.002100049999999992,-0.777709999999999,13.52599,14.332990000000002,-3.12838,4.918769999999995,-1.2971699999999942,0.8092299999999994,-1.3306199999999961,0.4055199999999992,17.85
2020-01-01 17:54:00,0.44102,3592.0,4393.6,9.1661,26.933,42.381,2669.3,76.2,120.4,0.3633,80.562,50.487,2594.1,25.629,49.801,3080.9,24.934,65.998,233.25,327.97,95.164,76.647,31.199,9.0024,25.754,6.8147,19.378,1.6769,31.0,13.927,23.707,1.343,20.001,2.2618,5.0086,2.3849,0.019566,0.93347,0.099377,54.745,43.602,63.161,52.878,43.295,73.328,18.251,44.89,39.534,46.073,48.601,40.885,13.714,0.19655140000000001,-0.18649300000000046,-36.723999999999705,1.1439100000000053,0.02410960000000001,0.49512,-40.61000000000013,-0.21721000000000146,2.0407800000000016,3.308799999999991,-13.335899999999981,-1.0213399999999986,0.10316199999999931,-0.7191999999999972,0.6440200000000011,-1.9595599999999962,0.10426000000000002,0.09966199999999992,1.3970599999999997,0.0010889299999999984,0.09751450000000006,0.002100049999999992,0.13629000000000246,19.265990000000002,12.049990000000001,-3.91638,1.4577699999999965,-0.5031699999999972,1.2992300000000014,-0.2036200000000008,-4.526480000000001,17.9
2020-01-01 17:57:00,0.43999,3654.2,4412.3,9.1239,26.575,42.149,2670.5,74.441,120.41,0.36747,80.601,49.522,2595.6,26.014,50.713,3079.9,23.734,66.051,233.87,329.47,95.101,77.161,31.199,9.0024,25.754,6.8147,19.378,1.6769,31.0,13.927,23.707,1.343,20.001,2.2618,5.0086,2.3849,0.019566,0.93347,0.099377,54.745,43.602,62.09,52.655,43.397,73.466,18.612,44.381,36.694,48.184,49.351,40.304,16.542,0.19552139999999998,-0.2286929999999998,-35.52399999999989,-0.615089999999995,0.028279600000000016,-0.4698800000000034,-39.11000000000013,0.6947899999999976,0.8407800000000023,3.9287999999999954,-11.835899999999981,-1.0213399999999986,0.10316199999999931,-0.7191999999999972,0.6440200000000011,-1.9595599999999962,0.10426000000000002,0.09966199999999992,1.3970599999999997,0.0010889299999999984,0.09751450000000006,0.002100049999999992,-0.9347099999999955,19.36799,12.187989999999992,-3.555380000000003,-1.3822299999999998,1.6078299999999999,2.0492300000000014,-0.7846199999999968,-1.69848,17.95
2020-01-01 18:00:00,0.39077,3704.9,4425.5,9.1186,26.746,42.112,2673.8,73.987,120.43,0.35044,80.917,50.445,2599.9,25.707,50.846,3081.5,23.623,66.143,238.69,330.86,94.78,77.363,30.991,8.9067,25.253,6.9078,19.746,1.6742,31.494,13.855,23.636,1.2932,20.213,2.2519,5.0069,2.3377,0.021166,0.93615,0.093753,54.223,43.174,62.369,53.408,38.549,75.943,19.075,42.659,39.409,48.491,50.282,40.611,16.775,0.1463014,-0.2339929999999999,-32.223999999999705,-1.0690900000000028,0.01124959999999997,0.4531199999999984,-34.809999999999945,0.8277899999999931,0.7297800000000016,8.748799999999989,-10.445899999999995,-1.2293400000000005,0.007462000000000302,-1.2201999999999984,1.0120199999999997,-1.4655599999999964,0.032260000000000844,0.04986199999999985,1.6090599999999995,0.002688929999999999,0.10019450000000008,-0.003523949999999998,-0.6557099999999991,14.51999,14.664989999999996,-3.092380000000002,1.3327699999999965,1.914830000000002,2.980229999999999,-0.4776200000000017,-1.465480000000003,18.0
2020-01-01 18:03:00,0.39016,3679.1,4445.9,9.2496,27.054,42.715,2675.7,75.711,120.46,0.35072,81.233,48.958,2602.5,26.069,50.692,3083.7,22.526,66.343,240.03,330.66,94.794,77.732,30.991,8.9067,25.253,6.9078,19.746,1.6742,31.494,13.855,23.636,1.2932,20.213,2.2519,5.0069,2.3377,0.021166,0.93615,0.093753,54.223,43.174,62.813,53.165,38.609,77.543,19.464,42.625,35.032,48.136,51.195,41.128,19.319,0.1456914,-0.10299300000000144,-30.32400000000007,0.654910000000001,0.011529599999999973,-1.0338800000000035,-32.210000000000036,0.6737899999999968,-0.36721999999999966,10.088799999999992,-10.645899999999983,-1.2293400000000005,0.007462000000000302,-1.2201999999999984,1.0120199999999997,-1.4655599999999964,0.032260000000000844,0.04986199999999985,1.6090599999999995,0.002688929999999999,0.10019450000000008,-0.003523949999999998,-0.2117099999999965,14.579990000000002,16.264990000000004,-2.703380000000003,-3.044230000000006,1.5598300000000052,3.8932300000000026,0.0393800000000013,1.0785199999999975,18.05
2020-01-01 18:06:00,0.42096,3656.2,4405.3,9.1332,27.339,42.295,2672.9,74.907,120.38,0.34322,81.07,48.464,2598.5,24.415,50.122,3082.6,24.11,66.533,242.6,330.35,94.684,77.237,31.515,8.9427,26.192,6.93,20.061,1.7129,32.107,13.96,23.145,1.2248,20.055,2.2866,4.8659,2.283,0.021166,0.93615,0.093753,54.223,43.174,62.409,52.613,41.78,76.84,19.177,41.714,33.579,46.816,51.991,40.276,15.573,0.1764914,-0.21939300000000017,-33.123999999999796,-0.14909000000000106,0.004029600000000022,-1.5278800000000032,-36.210000000000036,0.1037899999999965,1.21678,12.658799999999985,-10.955899999999986,-0.7053399999999996,0.04346199999999989,-0.28119999999999834,1.327020000000001,-0.8525599999999969,0.13726000000000127,-0.018537999999999943,1.4510599999999982,0.002688929999999999,0.10019450000000008,-0.003523949999999998,-0.61571,17.75099,15.561990000000002,-2.990380000000002,-4.497230000000002,0.23983000000000487,4.689230000000002,-0.8126199999999955,-2.667480000000001,18.1
2020-01-01 18:09:00,0.42186,3640.0,4393.6,9.2343,26.812,42.198,2672.0,75.27,120.44,0.34431,80.973,50.555,2598.4,25.46,49.486,3079.9,23.461,66.66,247.83,331.56,94.61,77.175,31.515,8.9427,26.192,6.93,20.061,1.7129,32.107,13.96,23.145,1.2248,20.055,2.2866,4.8659,2.283,0.021166,0.93615,0.093753,54.223,43.174,62.689,52.754,41.692,75.246,19.313,41.581,39.732,45.345,52.545,41.35,17.118,0.1773914,-0.11829300000000131,-34.02399999999989,0.2139099999999985,0.005119600000000002,0.5631199999999978,-36.309999999999945,-0.5322100000000063,0.5677799999999991,17.888800000000003,-9.745900000000006,-0.7053399999999996,0.04346199999999989,-0.28119999999999834,1.327020000000001,-0.8525599999999969,0.13726000000000127,-0.018537999999999943,1.4510599999999982,0.002688929999999999,0.10019450000000008,-0.003523949999999998,-0.33570999999999884,17.66299,13.967989999999993,-2.8543800000000026,1.6557699999999969,-1.2311699999999988,5.243230000000004,0.2613800000000026,-1.122480000000003,18.15
2020-01-01 18:12:00,0.38112,3624.9,4369.3,9.0946,27.132,42.193,2667.9,73.834,120.39,0.35583,80.697,49.783,2594.4,25.79,48.933,3075.1,23.087,66.7,251.11,332.09,94.888,76.941,31.402,8.946,25.679,6.8775,19.698,1.6976,32.156,14.008,22.974,1.4509,20.094,2.3415,5.169,2.4261,0.021166,0.93615,0.093753,54.223,43.174,62.719,52.084,37.632,77.201,19.694,43.088,37.461,44.065,53.274,40.247,18.034,0.1366514,-0.2579930000000008,-38.123999999999796,-1.2220899999999943,0.016639599999999977,-0.20888000000000062,-40.309999999999945,-1.0852100000000036,0.19378000000000029,21.168800000000005,-9.215900000000033,-0.8183399999999992,0.046761999999999304,-0.7942,0.9640200000000014,-0.8035599999999974,0.18525999999999954,0.20756200000000002,1.4900599999999997,0.002688929999999999,0.10019450000000008,-0.003523949999999998,-0.3057099999999977,13.602989999999998,15.922989999999992,-2.4733800000000024,-0.6152300000000039,-2.51117,5.972230000000003,-0.8416199999999989,-0.20648000000000266,18.2
2020-01-01 18:15:00,0.38163,3637.3,4355.7,9.1867,26.818,42.632,2666.2,74.551,120.38,0.35396,80.645,50.696,2592.7,27.269,49.521,3073.2,22.2,66.76,252.47,332.31,94.833,77.058,31.402,8.946,25.679,6.8775,19.698,1.6976,32.156,14.008,22.974,1.4509,20.094,2.3415,5.169,2.4261,0.027583,0.9226,0.10475,53.873,43.775,62.506,52.247,37.582,76.512,19.233,43.316,40.149,45.426,54.419,40.051,20.144,0.13716140000000002,-0.1658930000000005,-39.82400000000007,-0.5050899999999956,0.014769599999999994,0.7041199999999961,-42.01000000000022,-0.4972100000000026,-0.6932200000000002,22.52879999999999,-8.995900000000006,-0.8183399999999992,0.046761999999999304,-0.7942,0.9640200000000014,-0.8035599999999974,0.18525999999999954,0.20756200000000002,1.4900599999999997,0.009105929999999998,0.08664450000000001,0.007473049999999995,-0.5187099999999987,13.552990000000001,15.233989999999999,-2.934380000000001,2.0727699999999984,-1.1501699999999957,7.117229999999999,-1.0376199999999969,1.9035199999999968,18.25
2020-01-01 18:18:00,0.39962,3632.9,4399.6,9.3063,26.876,42.211,2670.4,74.447,120.42,0.36127,80.901,50.251,2597.7,24.595,52.693,3074.9,23.481,66.822,256.14,333.42,94.881,77.812,31.904,8.974,25.592,6.9692,19.715,1.675,32.164,13.81,22.975,1.2657,19.993,2.3031,4.9684,2.3521,0.027583,0.9226,0.10475,53.873,43.775,63.022,52.424,39.462,74.961,19.652,43.952,38.838,52.765,55.216,41.725,17.037,0.15515139999999997,-0.04629300000000036,-35.623999999999796,-0.6090899999999948,0.022079599999999977,0.2591199999999958,-37.01000000000022,2.6747899999999944,0.5877800000000022,26.198799999999977,-7.885899999999992,-0.3163400000000003,0.07476199999999977,-0.8811999999999998,0.9810200000000009,-0.7955599999999947,-0.012739999999999085,0.022361999999999993,1.389059999999997,0.009105929999999998,0.08664450000000001,0.007473049999999995,-0.0027100000000004343,15.432990000000004,13.682989999999997,-2.5153800000000004,0.7617699999999985,6.188830000000003,7.914230000000003,0.6363800000000026,-1.2034800000000025,18.3
2020-01-01 18:21:00,0.40173,3635.0,4404.5,9.2252,26.828,42.42,2672.1,74.346,120.41,0.36287,81.12,51.983,2599.1,24.339,49.247,3078.2,22.893,67.003,260.31,334.06,94.54,77.563,31.904,8.974,25.592,6.9692,19.715,1.675,32.164,13.81,22.975,1.2657,19.993,2.3031,4.9684,2.3521,0.027583,0.9226,0.10475,53.873,43.775,62.985,52.366,39.254,74.389,19.793,43.757,43.936,44.792,55.957,40.673,18.416,0.15726139999999997,-0.12739300000000142,-33.92399999999998,-0.7100899999999939,0.023679600000000023,1.9911199999999951,-35.61000000000013,-0.7712100000000035,-0.00021999999999877673,30.368799999999993,-7.245900000000006,-0.3163400000000003,0.07476199999999977,-0.8811999999999998,0.9810200000000009,-0.7955599999999947,-0.012739999999999085,0.022361999999999993,1.389059999999997,0.009105929999999998,0.08664450000000001,0.007473049999999995,-0.03970999999999947,15.224989999999998,13.110989999999994,-2.374380000000002,5.8597699999999975,-1.784169999999996,8.655230000000003,-0.415619999999997,0.1755199999999988,18.35
2020-01-01 18:24:00,0.35522,3614.6,4370.9,9.2391,27.387,42.575,2670.3,74.421,120.42,0.34071,80.867,49.844,2597.7,24.739,51.25,3074.8,24.052,67.158,260.12,334.63,94.886,77.431,32.063,9.0392,25.609,7.0103,19.362,1.6693,32.018,13.84,22.704,1.3114,20.675,2.2867,4.9663,2.3686,0.027583,0.9226,0.10475,53.873,43.775,62.493,52.569,35.371,74.808,20.161,41.282,37.642,49.426,57.081,40.995,15.669,0.11075139999999997,-0.11349300000000007,-35.723999999999705,-0.635089999999991,0.0015196000000000098,-0.14788000000000068,-37.01000000000022,1.2317899999999966,1.1587800000000001,30.178799999999995,-6.675900000000013,-0.15733999999999781,0.1399619999999988,-0.8641999999999967,0.6280199999999994,-0.9415599999999955,0.017260000000000275,0.06806199999999984,2.0710599999999992,0.009105929999999998,0.08664450000000001,0.007473049999999995,-0.5317099999999968,11.341990000000003,13.529990000000005,-2.00638,-0.43422999999999945,2.8498300000000043,9.779230000000005,-0.09362000000000137,-2.571480000000001,18.4
2020-01-01 18:27:00,0.35445,3639.7,4370.4,9.1456,27.139,42.44,2671.8,73.466,120.41,0.34423,80.997,51.416,2599.1,26.313,50.342,3075.7,24.078,67.301,264.42,335.77,94.572,77.246,32.063,9.0392,25.609,7.0103,19.362,1.6693,32.018,13.84,22.704,1.3114,20.675,2.2867,4.9663,2.3686,0.027583,0.9226,0.10475,53.873,43.775,62.061,52.576,35.447,78.169,20.299,40.852,42.268,47.326,57.801,40.03,15.597,0.10998139999999998,-0.20699300000000065,-34.223999999999705,-1.5900900000000036,0.005039599999999977,1.424119999999995,-35.61000000000013,0.32378999999999536,1.18478,34.47880000000001,-5.5359000000000265,-0.15733999999999781,0.1399619999999988,-0.8641999999999967,0.6280199999999994,-0.9415599999999955,0.017260000000000275,0.06806199999999984,2.0710599999999992,0.009105929999999998,0.08664450000000001,0.007473049999999995,-0.963709999999999,11.417990000000003,16.890989999999995,-1.868380000000002,4.191769999999998,0.7498300000000029,10.499230000000004,-1.0586199999999977,-2.643480000000002,18.45
2020-01-01 18:30:00,0.34274,3612.5,4400.9,9.2705,26.961,42.259,2674.2,74.14,120.43,0.34629,80.948,49.415,2601.0,25.45,50.759,3075.2,23.549,67.434,266.19,336.67,94.873,77.596,32.0,8.8022,25.521,6.7684,19.667,1.7139,32.615,14.084,22.566,1.511,19.599,2.3479,5.102,2.4062,0.024557,0.87312,0.089703,53.861,43.29,62.066,52.948,33.995,78.247,20.699,41.43,36.377,48.291,58.561,41.442,16.817,0.09827139999999998,-0.08209300000000042,-31.82400000000007,-0.916089999999997,0.007099599999999984,-0.5768800000000027,-33.710000000000036,0.740789999999997,0.65578,36.24879999999999,-4.635899999999992,-0.2203400000000002,-0.09703800000000129,-0.9521999999999977,0.9330200000000026,-0.3445599999999942,0.26126000000000005,0.26766199999999984,0.9950599999999987,0.006079929999999997,0.037164500000000045,-0.007573949999999996,-0.9587099999999964,9.965989999999998,16.968989999999998,-1.4683799999999998,-1.69923,1.7148299999999992,11.259230000000002,0.35338000000000136,-1.4234800000000014,18.5
2020-01-01 18:33:00,0.34318,3590.9,4385.2,9.3101,26.747,42.44,2673.1,72.863,120.39,0.34411,80.846,48.424,2600.3,24.556,51.349,3075.9,23.429,67.517,271.88,336.63,94.725,77.399,32.0,8.8022,25.521,6.7684,19.667,1.7139,32.615,14.084,22.566,1.511,19.599,2.3479,5.102,2.4062,0.024557,0.87312,0.089703,53.861,43.29,62.438,53.137,33.951,76.506,20.464,41.696,33.463,49.656,59.072,40.736,17.103,0.09871139999999998,-0.042493000000000336,-32.92399999999998,-2.193089999999998,0.004919600000000024,-1.5678800000000024,-34.409999999999854,1.3307899999999933,0.535779999999999,41.938799999999986,-4.675900000000013,-0.2203400000000002,-0.09703800000000129,-0.9521999999999977,0.9330200000000026,-0.3445599999999942,0.26126000000000005,0.26766199999999984,0.9950599999999987,0.006079929999999997,0.037164500000000045,-0.007573949999999996,-0.5867099999999965,9.921990000000001,15.227989999999998,-1.7033800000000028,-4.6132300000000015,3.079830000000001,11.770230000000005,-0.3526200000000017,-1.13748,18.55
2020-01-01 18:36:00,0.35106,3670.9,4363.5,9.3378,26.342,42.304,2672.8,74.697,120.42,0.373,80.769,50.026,2601.5,24.812,49.602,3074.8,22.425,67.584,271.65,338.13,94.689,77.534,32.255,8.8636,25.151,6.8036,19.113,1.6523,32.966,13.944,22.61,1.4228,19.816,2.3134,5.1023,2.4175,0.024557,0.87312,0.089703,53.861,43.29,63.177,52.523,34.701,75.85,20.586,44.884,38.178,45.612,60.108,41.816,19.472,0.10659139999999998,-0.014793000000000944,-33.223999999999705,-0.3590899999999948,0.033809599999999995,0.03412000000000148,-33.210000000000036,-0.41621000000000663,-0.46821999999999875,41.70879999999997,-3.175900000000013,0.034660000000002356,-0.0356380000000005,-1.3221999999999987,0.3790200000000006,0.006440000000004886,0.12126000000000126,0.179462,1.2120599999999975,0.006079929999999997,0.037164500000000045,-0.007573949999999996,0.1522900000000007,10.671990000000001,14.571989999999992,-1.581380000000003,0.10176999999999481,-0.9641699999999958,12.80623,0.7273800000000037,1.2315199999999997,18.6
2020-01-01 18:39:00,0.35086,3656.0,4389.9,9.4477,26.631,42.531,2673.5,73.796,120.42,0.37507,80.733,51.064,2600.9,26.188,51.14,3075.3,22.041,67.664,274.16,338.42,94.541,77.231,32.255,8.8636,25.151,6.8036,19.113,1.6523,32.966,13.944,22.61,1.4228,19.816,2.3134,5.1023,2.4175,0.024557,0.87312,0.089703,53.861,43.29,63.433,52.207,34.72,76.309,20.77,44.631,41.231,49.173,60.897,41.52,20.393,0.1063914,0.09510699999999872,-32.52399999999989,-1.260089999999991,0.03587960000000001,1.0721199999999982,-33.809999999999945,1.1217899999999972,-0.8522199999999991,44.218800000000016,-2.8858999999999924,0.034660000000002356,-0.0356380000000005,-1.3221999999999987,0.3790200000000006,0.006440000000004886,0.12126000000000126,0.179462,1.2120599999999975,0.006079929999999997,0.037164500000000045,-0.007573949999999996,0.40829000000000093,10.69099,15.030989999999996,-1.3973800000000018,3.154769999999999,2.596830000000004,13.59523,0.4313800000000043,2.152519999999999,18.65
2020-01-01 18:42:00,0.32666,3681.6,4411.2,9.4172,27.193,42.508,2673.9,73.819,120.41,0.3592,80.705,50.24,2602.1,25.5,48.523,3075.8,22.77,67.7,276.48,338.83,94.549,77.735,32.361,8.9584,25.237,6.8448,19.028,1.709,33.061,14.099,22.385,1.2699,19.287,2.2972,5.0239,2.398,0.024557,0.87312,0.089703,53.861,43.29,62.774,53.21,32.364,76.349,21.023,43.105,38.805,43.115,61.7,40.791,18.626,0.0821914,0.06460699999999875,-32.123999999999796,-1.237089999999995,0.020009600000000016,0.24812000000000012,-32.61000000000013,-1.4952100000000002,-0.12321999999999989,46.53880000000001,-2.475900000000024,0.1406599999999969,0.05916199999999883,-1.2362000000000002,0.2940199999999997,0.10144000000000375,0.2762600000000006,0.026561999999999975,0.6830599999999976,0.006079929999999997,0.037164500000000045,-0.007573949999999996,-0.250709999999998,8.334989999999998,15.070990000000002,-1.1443800000000017,0.7287699999999973,-3.4611699999999956,14.398230000000005,-0.297620000000002,0.38551999999999964,18.7
2020-01-01 18:45:00,0.32796,3628.7,4444.0,9.3939,27.094,42.555,2676.3,74.405,120.42,0.36083,80.841,48.979,2606.1,23.214,48.957,3075.4,23.084,67.8,277.03,340.51,94.407,77.707,32.361,8.9584,25.237,6.8448,19.028,1.709,33.061,14.099,22.385,1.2699,19.287,2.2972,5.0239,2.398,0.0045882,0.86107,0.09162,53.956,44.342,63.684,52.817,32.236,77.232,21.451,42.906,35.094,44.121,61.502,41.987,17.859,0.08349139999999997,0.04130699999999976,-29.723999999999705,-0.6510899999999964,0.02163959999999998,-1.0128800000000027,-28.610000000000127,-1.0612100000000027,0.19078000000000017,47.088799999999964,-0.7959000000000174,0.1406599999999969,0.05916199999999883,-1.2362000000000002,0.2940199999999997,0.10144000000000375,0.2762600000000006,0.026561999999999975,0.6830599999999976,-0.013888870000000001,0.02511450000000004,-0.005656950000000008,0.6592899999999986,8.206989999999998,15.953989999999997,-0.7163800000000009,-2.9822300000000013,-2.4551699999999954,14.200230000000005,0.8983800000000031,-0.3814799999999998,18.75
2020-01-01 18:48:00,0.31501,3630.2,4418.6,9.4308,26.878,42.602,2675.0,73.676,120.38,0.37602,80.602,49.238,2603.7,25.634,50.156,3075.4,22.803,67.848,281.66,340.28,94.677,77.222,32.287,8.8745,25.531,6.9622,19.265,1.6527,33.496,13.826,22.89,1.4606,18.927,2.2692,4.9683,2.3935,0.0045882,0.86107,0.09162,53.956,44.342,63.352,53.281,31.251,78.413,21.083,45.499,35.857,46.894,61.591,40.522,18.56,0.0705414,0.07820699999999903,-31.023999999999887,-1.3800899999999956,0.03682960000000002,-0.7538800000000023,-31.01000000000022,0.13778999999999542,-0.09021999999999863,51.718800000000016,-1.0259000000000356,0.06665999999999883,-0.024738000000001037,-0.9421999999999997,0.5310200000000016,0.536440000000006,0.003260000000000929,0.21726199999999984,0.3230599999999981,-0.013888870000000001,0.02511450000000004,-0.005656950000000008,0.32728999999999786,7.221990000000002,17.134989999999995,-1.084380000000003,-2.219230000000003,0.3178300000000007,14.289230000000003,-0.5666200000000003,0.31951999999999714,18.8
2020-01-01 18:51:00,0.31591,3637.9,4407.5,9.3782,26.926,42.161,2676.4,73.462,120.42,0.38001,80.629,48.743,2605.3,26.743,48.189,3075.5,23.546,67.877,283.13,340.98,94.405,77.76,32.287,8.8745,25.531,6.9622,19.265,1.6527,33.496,13.826,22.89,1.4606,18.927,2.2692,4.9683,2.3935,0.0045882,0.86107,0.09162,53.956,44.342,63.219,53.414,31.162,77.103,21.385,45.011,34.4,42.342,61.96,41.753,16.753,0.07144140000000002,0.025606999999999047,-29.623999999999796,-1.5940899999999942,0.04081960000000001,-1.2488799999999998,-29.409999999999854,-1.8292100000000033,0.6527799999999999,53.188799999999986,-0.3258999999999901,0.06665999999999883,-0.024738000000001037,-0.9421999999999997,0.5310200000000016,0.536440000000006,0.003260000000000929,0.21726199999999984,0.3230599999999981,-0.013888870000000001,0.02511450000000004,-0.005656950000000008,0.1942900000000023,7.1329899999999995,15.824989999999993,-0.7823799999999999,-3.676230000000004,-4.234169999999999,14.658230000000003,0.6643800000000013,-1.4874800000000015,18.85
2020-01-01 18:54:00,0.32068,3639.5,4412.0,9.5735,26.615,42.622,2680.2,73.338,120.37,0.35191,80.78,47.526,2608.8,25.672,48.717,3078.9,23.111,67.907,281.84,341.74,94.586,77.638,32.966,8.7353,25.388,6.9839,18.952,1.6857,33.153,13.917,22.367,1.3123,19.331,2.3109,4.9761,2.3411,0.0045882,0.86107,0.09162,53.956,44.342,62.141,52.714,31.821,77.244,21.524,41.35,30.821,43.566,62.575,40.758,17.768,0.07621140000000001,0.22090699999999863,-25.82400000000007,-1.7180900000000037,0.012719599999999998,-2.4658799999999985,-25.909999999999854,-1.3012100000000046,0.2177800000000012,51.898799999999966,0.4341000000000008,0.7456600000000009,-0.16393799999999992,-1.0851999999999968,0.21802000000000277,0.1934400000000025,0.09426000000000023,0.06896199999999997,0.727059999999998,-0.013888870000000001,0.02511450000000004,-0.005656950000000008,-0.8837100000000007,7.791990000000002,15.965989999999998,-0.6433800000000005,-7.255230000000001,-3.010169999999995,15.273230000000005,-0.33061999999999614,-0.4724800000000009,18.9
2020-01-01 18:57:00,0.32312,3617.1,4437.7,9.4413,27.099,42.49,2681.6,74.662,120.42,0.35158,80.702,50.732,2610.3,25.043,49.725,3080.0,23.496,67.98,284.61,341.97,94.499,77.902,32.966,8.7353,25.388,6.9839,18.952,1.6857,33.153,13.917,22.367,1.3123,19.331,2.3109,4.9761,2.3411,0.0045882,0.86107,0.09162,53.956,44.342,62.527,52.406,31.581,79.19,21.779,41.391,40.255,45.898,62.823,41.5,16.824,0.07865140000000001,0.08870699999999943,-24.423999999999978,-0.3940899999999914,0.0123896,0.7401199999999974,-24.409999999999854,-0.29321000000000197,0.6027799999999992,54.668800000000005,0.664100000000019,0.7456600000000009,-0.16393799999999992,-1.0851999999999968,0.21802000000000277,0.1934400000000025,0.09426000000000023,0.06896199999999997,0.727059999999998,-0.013888870000000001,0.02511450000000004,-0.005656950000000008,-0.4977099999999979,7.55199,17.911989999999996,-0.3883800000000015,2.17877,-0.6781699999999944,15.521230000000003,0.4113800000000012,-1.41648,18.95
2020-01-01 19:00:00,0.2527,3620.7,4430.0,9.4309,26.855,42.025,2684.5,74.293,120.37,0.36019,80.755,47.721,2613.4,25.797,48.786,3079.5,23.139,68.043,284.99,343.24,94.611,77.677,32.475,8.8109,25.451,6.8715,19.037,1.7078,33.986,13.825,23.239,1.1693,18.624,2.3194,4.9724,2.4187,0.037673,0.84311,0.08906,53.704,44.228,62.189,53.212,24.702,77.095,22.117,42.85,31.394,43.724,63.03,40.723,17.659,0.008231399999999972,0.0783069999999988,-21.523999999999887,-0.7630899999999912,0.020999600000000007,-2.2708800000000053,-21.309999999999945,-1.232210000000002,0.2457799999999999,55.0488,1.9341000000000008,0.2546600000000012,-0.08833800000000025,-1.022199999999998,0.30302000000000007,1.026440000000001,0.0022599999999997067,-0.07403800000000005,0.020059999999997302,0.019195929999999996,0.007154500000000064,-0.00821695,-0.8357099999999988,0.6729900000000022,15.816989999999997,-0.050380000000000535,-6.682230000000004,-2.852170000000001,15.728230000000003,-0.36561999999999983,-0.5814800000000027,19.0
2020-01-01 19:03:00,0.25034,3640.8,4435.3,9.459,26.931,42.564,2685.5,73.213,120.4,0.35733,80.686,49.758,2614.9,24.327,51.422,3080.8,22.035,68.071,285.67,344.02,94.438,77.747,32.475,8.8109,25.451,6.8715,19.037,1.7078,33.986,13.825,23.239,1.1693,18.624,2.3194,4.9724,2.4187,0.037673,0.84311,0.08906,53.704,44.228,61.843,53.149,24.934,76.637,22.475,43.199,37.388,49.825,63.353,41.258,20.261,0.005871399999999999,0.10640699999999903,-20.523999999999887,-1.8430900000000037,0.018139599999999978,-0.2338799999999992,-19.809999999999945,1.4037899999999937,-0.8582199999999993,55.72880000000001,2.7140999999999735,0.2546600000000012,-0.08833800000000025,-1.022199999999998,0.30302000000000007,1.026440000000001,0.0022599999999997067,-0.07403800000000005,0.020059999999997302,0.019195929999999996,0.007154500000000064,-0.00821695,-1.1817099999999954,0.9049900000000015,15.358989999999999,0.30762,-0.6882300000000043,3.248830000000005,16.051230000000004,0.16938000000000386,2.0205199999999977,19.05
2020-01-01 19:06:00,0.29243,3654.8,4444.1,9.4363,26.975,42.465,2687.8,73.417,120.4,0.35217,80.587,50.321,2616.6,25.447,50.976,3083.8,23.229,68.109,287.93,344.19,94.607,77.524,32.978,8.7182,25.398,6.8219,19.108,1.6645,33.62,13.805,22.317,1.4213,18.526,2.3029,4.958,2.4029,0.037673,0.84311,0.08906,53.704,44.228,62.546,52.797,29.033,76.607,22.354,41.43,39.046,48.792,63.532,41.378,17.427,0.047961400000000015,0.08370699999999864,-18.223999999999705,-1.639089999999996,0.01297959999999998,0.3291199999999961,-18.110000000000127,0.9577899999999957,0.33577999999999975,57.9888,2.8840999999999894,0.7576600000000013,-0.18103800000000092,-1.0751999999999988,0.3740200000000016,0.6604400000000012,-0.017739999999999867,0.17796199999999995,-0.07794000000000167,0.019195929999999996,0.007154500000000064,-0.00821695,-0.4787099999999995,5.003990000000002,15.328989999999997,0.1866199999999978,0.9697699999999969,2.215830000000004,16.23023,0.2893800000000013,-0.813480000000002,19.1
2020-01-01 19:09:00,0.29507,3640.0,4403.2,9.481,27.143,42.793,2690.1,73.399,120.42,0.35467,80.499,49.29,2618.9,25.72,50.29,3085.6,23.675,68.137,286.47,345.08,94.403,77.806,32.978,8.7182,25.398,6.8219,19.108,1.6645,33.62,13.805,22.317,1.4213,18.526,2.3029,4.958,2.4029,0.037673,0.84311,0.08906,53.704,44.228,62.801,53.287,28.774,79.457,22.63,41.125,36.012,47.206,64.043,41.249,16.335,0.05060139999999999,0.12840699999999927,-15.923999999999978,-1.6570899999999966,0.015479599999999982,-0.7018800000000027,-15.809999999999945,0.27178999999999576,0.7817800000000013,56.52880000000002,3.774099999999976,0.7576600000000013,-0.18103800000000092,-1.0751999999999988,0.3740200000000016,0.6604400000000012,-0.017739999999999867,0.17796199999999995,-0.07794000000000167,0.019195929999999996,0.007154500000000064,-0.00821695,-0.22370999999999697,4.744990000000001,18.17898999999999,0.4626199999999976,-2.064230000000002,0.6298300000000054,16.74123000000001,0.16038000000000352,-1.9054800000000007,19.15
2020-01-01 19:12:00,0.24149,3665.7,4408.5,9.4434,26.968,42.251,2692.1,73.701,120.41,0.34825,80.471,49.891,2621.3,26.639,50.131,3086.0,23.546,68.134,288.06,345.75,94.52,77.444,33.058,8.8053,25.889,6.6566,18.716,1.6816,33.619,13.679,22.481,1.1757,18.134,2.2966,4.9577,2.3651,0.037673,0.84311,0.08906,53.704,44.228,62.826,52.999,23.382,78.275,22.628,41.357,37.78,46.836,64.284,42.065,16.653,-0.002978599999999998,0.09080699999999986,-13.923999999999978,-1.3550900000000041,0.009059600000000001,-0.10088000000000363,-13.409999999999854,0.11278999999999684,0.6527799999999999,58.11879999999999,4.444099999999992,0.8376599999999996,-0.09393799999999963,-0.5841999999999992,-0.017979999999997887,0.6594400000000036,-0.1437399999999993,-0.06763800000000009,-0.46994000000000113,0.019195929999999996,0.007154500000000064,-0.00821695,-0.1987099999999984,-0.6470099999999981,16.996990000000004,0.4606199999999987,-0.2962300000000013,0.2598300000000009,16.98223000000001,0.9763799999999989,-1.5874800000000029,19.2
2020-01-01 19:15:00,0.23998,3685.4,4408.3,9.5516,26.958,42.36,2692.0,73.839,120.41,0.34999,80.308,51.096,2620.4,23.711,50.413,3085.2,22.229,68.117,287.61,346.16,94.484,77.443,33.058,8.8053,25.889,6.6566,18.716,1.6816,33.619,13.679,22.481,1.1757,18.134,2.2966,4.9577,2.3651,0.014129,0.82001,0.082407,54.172,43.186,62.488,53.001,23.531,79.362,22.774,41.145,41.324,47.491,64.276,41.841,19.78,-0.004488600000000009,0.19900699999999993,-14.023999999999887,-1.217089999999999,0.01079960000000002,1.1041199999999947,-14.309999999999945,0.3947899999999933,-0.6642200000000003,57.668800000000005,4.854100000000017,0.8376599999999996,-0.09393799999999963,-0.5841999999999992,-0.017979999999997887,0.6594400000000036,-0.1437399999999993,-0.06763800000000009,-0.46994000000000113,-0.0043480700000000025,-0.015945499999999946,-0.014869950000000007,-0.5367099999999994,-0.49801000000000073,18.083989999999993,0.6066199999999995,3.2477699999999956,0.914830000000002,16.97423,0.7523800000000023,1.5395199999999996,19.25
2020-01-01 19:18:00,0.22357,3687.2,4415.0,9.5168,27.097,42.111,2694.7,73.585,120.43,0.3354,80.312,49.955,2624.1,26.641,50.924,3088.2,22.479,68.068,289.17,346.26,94.241,77.877,33.041,8.6814,25.791,6.7302,18.657,1.6526,34.033,13.762,23.167,1.2403,18.226,2.2867,4.9547,2.3284,0.014129,0.82001,0.082407,54.172,43.186,64.04,53.859,21.93,78.319,23.163,39.442,37.969,48.671,64.335,41.784,19.148,-0.020898600000000017,0.16420699999999933,-11.32400000000007,-1.4710900000000038,-0.003790400000000027,-0.03688000000000358,-10.610000000000127,0.9057899999999961,-0.41422000000000025,59.22880000000001,4.954099999999983,0.8206599999999966,-0.21783800000000042,-0.6821999999999981,-0.07697999999999894,1.073440000000005,-0.06073999999999913,-0.003038000000000096,-0.3779400000000024,-0.0043480700000000025,-0.015945499999999946,-0.014869950000000007,1.0152900000000074,-2.09901,17.04099,0.9956199999999988,-0.10723000000000127,2.0948300000000017,17.033229999999996,0.6953800000000001,0.9075199999999981,19.3
2020-01-01 19:21:00,0.22426,3733.0,4464.6,9.5726,26.746,42.707,2697.5,73.336,120.42,0.33402,80.525,50.948,2627.2,25.41,50.515,3090.5,22.81,68.105,292.53,346.66,94.288,78.347,33.041,8.6814,25.791,6.7302,18.657,1.6526,34.033,13.762,23.167,1.2403,18.226,2.2867,4.9547,2.3284,0.014129,0.82001,0.082407,54.172,43.186,63.252,53.265,21.861,78.337,23.238,39.61,40.89,47.725,64.23,41.69,18.299,-0.02020860000000002,0.22000699999999895,-8.523999999999887,-1.720089999999999,-0.005170400000000019,0.9561199999999985,-7.510000000000218,0.4967899999999972,-0.08322000000000074,62.588799999999964,5.354100000000017,0.8206599999999966,-0.21783800000000042,-0.6821999999999981,-0.07697999999999894,1.073440000000005,-0.06073999999999913,-0.003038000000000096,-0.3779400000000024,-0.0043480700000000025,-0.015945499999999946,-0.014869950000000007,0.22729000000000354,-2.168009999999999,17.05899,1.0706199999999981,2.813769999999998,1.1488300000000038,16.928230000000006,0.6013799999999989,0.05851999999999791,19.35
2020-01-01 19:24:00,0.21507,3689.3,4480.7,9.525,26.754,42.399,2700.2,72.737,120.41,0.33889,80.7,50.56,2629.9,26.284,50.059,3094.1,22.405,68.231,290.82,346.52,94.135,78.066,32.729,8.8187,26.057,6.7105,18.499,1.6884,34.2,13.931,22.944,1.2884,18.181,2.308,5.0168,2.3622,0.014129,0.82001,0.082407,54.172,43.186,63.538,53.235,21.309,78.151,23.05,41.077,39.749,46.672,64.57,42.628,19.235,-0.029398599999999997,0.17240699999999975,-5.824000000000069,-2.3190900000000028,-0.00030039999999997846,0.5681200000000004,-4.809999999999945,0.04078999999999411,-0.4882199999999983,60.878799999999984,5.2140999999999735,0.508659999999999,-0.08053800000000066,-0.4161999999999999,-0.2349800000000002,1.2404400000000066,0.10825999999999958,0.045061999999999935,-0.42294000000000054,-0.0043480700000000025,-0.015945499999999946,-0.014869950000000007,0.5132899999999978,-2.7200099999999985,16.872989999999994,0.8826199999999993,1.6727699999999999,0.09582999999999942,17.268229999999996,1.5393800000000013,0.9945199999999979,19.4
2020-01-01 19:27:00,0.21817,3692.6,4491.5,9.5471,26.933,42.13,2700.2,73.795,120.44,0.34553,80.518,49.908,2630.9,26.401,50.114,3093.2,22.917,68.261,292.74,347.05,94.177,77.664,32.729,8.8187,26.057,6.7105,18.499,1.6884,34.2,13.931,22.944,1.2884,18.181,2.308,5.0168,2.3622,0.014129,0.82001,0.082407,54.172,43.186,63.48,53.104,21.004,77.177,23.428,40.267,37.83,46.798,64.585,42.67,18.026,-0.026298600000000005,0.19450699999999976,-5.824000000000069,-1.2610899999999958,0.006339600000000001,-0.08388000000000062,-3.8099999999999454,0.09578999999999382,0.023780000000002133,62.7988,5.744100000000003,0.508659999999999,-0.08053800000000066,-0.4161999999999999,-0.2349800000000002,1.2404400000000066,0.10825999999999958,0.045061999999999935,-0.42294000000000054,-0.0043480700000000025,-0.015945499999999946,-0.014869950000000007,0.455289999999998,-3.025009999999998,15.898990000000005,1.2606199999999994,-0.24623000000000417,0.2218300000000042,17.283229999999996,1.581380000000003,-0.21448000000000178,19.45
2020-01-01 19:30:00,0.23776,3682.6,4486.1,9.6441,27.024,42.99,2701.1,73.827,120.36,0.36421,80.395,49.086,2631.0,26.025,49.8,3094.5,22.947,68.242,289.87,346.9,94.3,77.649,32.955,8.8023,25.525,6.8206,18.61,1.655,33.876,13.804,23.408,1.2947,17.907,2.3271,4.9074,2.3952,0.0084462,0.77202,0.098782,53.757,43.557,63.978,53.59,23.597,76.572,23.107,42.551,35.411,46.07,64.433,41.13,17.95,-0.006708600000000009,0.2915069999999993,-4.923999999999978,-1.2290899999999993,0.025019599999999975,-0.9058800000000033,-3.7100000000000364,-0.21821000000000623,0.05377999999999972,59.928799999999995,5.594099999999969,0.7346599999999981,-0.09693799999999975,-0.9481999999999999,-0.12397999999999954,0.9164400000000015,-0.018739999999999313,0.05136199999999991,-0.6969400000000014,-0.010030870000000002,-0.06393549999999992,0.001505049999999994,0.9532900000000026,-0.43200999999999823,15.29399,0.9396199999999979,-2.665230000000001,-0.5061699999999973,17.13123000000001,0.04138000000000375,-0.2904800000000023,19.5
2020-01-01 19:33:00,0.23868,3681.6,4509.1,9.7012,26.727,42.39,2701.5,73.393,120.44,0.36101,80.258,49.273,2631.8,23.922,51.854,3094.3,22.379,68.175,289.68,347.36,94.166,77.512,32.955,8.8023,25.525,6.8206,18.61,1.655,33.876,13.804,23.408,1.2947,17.907,2.3271,4.9074,2.3952,0.0084462,0.77202,0.098782,53.757,43.557,63.995,53.316,23.507,78.024,23.299,42.941,35.96,50.825,64.381,42.834,19.306,-0.005788600000000005,0.34860699999999945,-4.523999999999887,-1.6630899999999968,0.021819599999999995,-0.7188799999999986,-2.9099999999998545,1.8357899999999958,-0.5142199999999981,59.7388,6.054100000000005,0.7346599999999981,-0.09693799999999975,-0.9481999999999999,-0.12397999999999954,0.9164400000000015,-0.018739999999999313,0.05136199999999991,-0.6969400000000014,-0.010030870000000002,-0.06393549999999992,0.001505049999999994,0.9702899999999985,-0.5220099999999981,16.74599,1.131619999999998,-2.1162300000000016,4.248830000000005,17.079230000000003,1.7453800000000044,1.0655199999999994,19.55
2020-01-01 19:36:00,0.20946,3660.0,4441.9,9.6537,26.938,42.713,2700.9,73.681,120.37,0.3474,80.003,51.143,2631.3,25.02,51.015,3093.2,22.267,68.115,290.89,348.03,94.358,77.305,32.721,8.8035,25.944,6.8423,18.064,1.6512,34.066,13.854,23.116,1.2491,18.006,2.2983,5.016,2.4279,0.0084462,0.77202,0.098782,53.757,43.557,63.511,53.884,20.746,78.541,23.618,41.268,41.464,48.882,64.209,41.103,19.595,-0.0350086,0.301107,-5.123999999999796,-1.3750900000000001,0.008209599999999984,1.1511199999999988,-3.4099999999998545,0.9967899999999972,-0.62622,60.94879999999998,6.724099999999964,0.5006599999999963,-0.09573800000000077,-0.5291999999999994,-0.6699799999999989,1.1064400000000063,0.03125999999999962,0.005762000000000045,-0.5979400000000012,-0.010030870000000002,-0.06393549999999992,0.001505049999999994,0.4862900000000039,-3.283010000000001,17.262989999999995,1.4506199999999971,3.387769999999996,2.3058300000000003,16.907230000000006,0.014380000000002724,1.3545199999999973,19.6
2020-01-01 19:39:00,0.21128,3671.6,4456.3,9.6779,27.086,42.574,2702.6,73.904,120.39,0.35216,79.88,50.179,2633.1,23.982,48.557,3093.9,22.897,68.023,289.02,348.53,94.388,77.352,32.721,8.8035,25.944,6.8423,18.064,1.6512,34.066,13.854,23.116,1.2491,18.006,2.2983,5.016,2.4279,0.0084462,0.77202,0.098782,53.757,43.557,63.311,53.712,20.567,78.233,23.749,40.687,38.626,43.193,64.318,41.893,18.112,-0.03318860000000001,0.3253069999999987,-3.423999999999978,-1.1520900000000012,0.01296959999999997,0.18712000000000018,-1.6100000000001273,-1.4612100000000012,0.0037799999999990064,59.07879999999997,7.224099999999964,0.5006599999999963,-0.09573800000000077,-0.5291999999999994,-0.6699799999999989,1.1064400000000063,0.03125999999999962,0.005762000000000045,-0.5979400000000012,-0.010030870000000002,-0.06393549999999992,0.001505049999999994,0.28629000000000104,-3.4620099999999994,16.954990000000002,1.5816199999999974,0.5497699999999952,-3.38317,17.01623,0.8043800000000019,-0.12848000000000326,19.65
2020-01-01 19:42:00,0.22795,3644.8,4511.9,9.6963,27.019,42.488,2705.5,73.417,120.4,0.3575,79.909,50.855,2636.1,24.821,49.604,3095.8,23.339,67.953,291.38,348.54,94.357,77.755,32.712,8.7669,26.663,6.8166,18.502,1.6682,33.996,13.667,23.454,1.1951,18.139,2.2758,4.827,2.3786,0.0084462,0.77202,0.098782,53.757,43.557,63.63,54.46,22.046,78.379,23.793,41.384,40.617,45.617,64.05,41.288,17.041,-0.016518599999999994,0.3437070000000002,-0.5239999999998872,-1.639089999999996,0.01830959999999998,0.863119999999995,1.3899999999998727,-0.4142100000000042,0.4457799999999992,61.438799999999986,7.234100000000012,0.4916600000000031,-0.13233800000000073,0.18980000000000175,-0.23198000000000008,1.036440000000006,-0.15573999999999977,-0.048238,-0.46494000000000213,-0.010030870000000002,-0.06393549999999992,0.001505049999999994,0.6052900000000037,-1.9830100000000002,17.100990000000003,1.6256199999999978,2.540769999999995,-0.9591700000000003,16.74823,0.1993799999999979,-1.1994800000000012,19.7
2020-01-01 19:45:00,0.2243,3678.9,4521.1,9.6124,27.038,42.193,2712.4,74.424,120.43,0.35641,80.237,49.149,2642.7,26.203,49.765,3101.6,23.428,67.929,285.5,348.79,94.226,77.898,32.712,8.7669,26.663,6.8166,18.502,1.6682,33.996,13.667,23.454,1.1951,18.139,2.2758,4.827,2.3786,0.01612,0.74707,0.08187,52.676,44.292,63.043,54.35,22.405,80.206,24.177,41.517,35.595,45.991,63.217,41.695,16.786,-0.02016860000000001,0.25980699999999857,6.376000000000204,-0.6320899999999909,0.0172196,-0.842880000000001,7.989999999999782,-0.2532100000000028,0.5347800000000014,55.55879999999999,7.484100000000012,0.4916600000000031,-0.13233800000000073,0.18980000000000175,-0.23198000000000008,1.036440000000006,-0.15573999999999977,-0.048238,-0.46494000000000213,-0.0023570700000000028,-0.08888549999999995,-0.015406950000000003,0.01829000000000036,-1.6240099999999984,18.92799,2.009619999999998,-2.4812300000000036,-0.585169999999998,15.915230000000001,0.6063800000000015,-1.4544800000000002,19.75
2020-01-01 19:48:00,0.22326,3682.0,4528.0,9.6004,27.15,42.326,2714.5,74.552,120.4,0.33322,80.236,49.083,2645.2,25.409,49.317,3105.3,23.104,67.959,285.69,349.32,94.192,77.589,32.793,8.6883,26.57,6.8723,17.967,1.6944,34.475,13.675,23.467,1.1926,17.901,2.2431,4.8244,2.3794,0.01612,0.74707,0.08187,52.676,44.292,63.264,53.276,21.594,79.947,24.119,39.233,35.4,44.953,62.573,42.07,17.556,-0.021208600000000022,0.2478069999999999,8.476000000000113,-0.5040899999999908,-0.005970399999999987,-0.9088800000000035,10.489999999999782,-0.7012100000000032,0.21077999999999975,55.74879999999999,8.014099999999985,0.5726599999999991,-0.21093800000000051,0.09680000000000177,-0.7669800000000002,1.5154400000000052,-0.14773999999999887,-0.05073799999999995,-0.7029400000000017,-0.0023570700000000028,-0.08888549999999995,-0.015406950000000003,0.239290000000004,-2.4350099999999983,18.66899,1.9516199999999984,-2.676230000000004,-1.6231699999999947,15.271230000000003,0.9813800000000015,-0.6844800000000006,19.8
2020-01-01 19:51:00,0.22232,3670.4,4467.2,9.6882,26.489,42.657,2716.6,73.734,120.4,0.33309,80.166,50.306,2647.1,24.335,51.756,3107.8,22.53,67.916,282.19,349.62,94.204,77.66,32.793,8.6883,26.57,6.8723,17.967,1.6944,34.475,13.675,23.467,1.1926,17.901,2.2431,4.8244,2.3794,0.01612,0.74707,0.08187,52.676,44.292,63.465,54.004,21.687,78.114,23.82,39.25,39.0,50.598,62.262,41.98,18.898,-0.02214860000000002,0.33560699999999954,10.576000000000022,-1.3220900000000029,-0.006100400000000006,0.3141199999999955,12.389999999999873,1.7377899999999968,-0.3632199999999983,52.24879999999999,8.314099999999996,0.5726599999999991,-0.21093800000000051,0.09680000000000177,-0.7669800000000002,1.5154400000000052,-0.14773999999999887,-0.05073799999999995,-0.7029400000000017,-0.0023570700000000028,-0.08888549999999995,-0.015406950000000003,0.4402900000000045,-2.3420099999999984,16.835990000000002,1.6526199999999989,0.9237699999999975,4.021830000000001,14.960230000000003,0.8913799999999981,0.6575199999999981,19.85
2020-01-01 19:54:00,0.2079,3639.5,4567.6,9.5524,27.022,42.498,2717.8,74.189,120.4,0.33777,79.989,48.781,2648.6,24.084,49.649,3107.9,23.002,67.852,283.44,349.81,94.284,77.753,32.822,8.805,26.399,6.7088,18.727,1.6423,34.359,13.554,23.632,1.1552,17.783,2.2617,4.7688,2.2633,0.01612,0.74707,0.08187,52.676,44.292,63.542,54.206,20.408,78.088,24.358,38.685,34.514,45.722,61.532,42.236,17.769,-0.03656860000000001,0.19980699999999985,11.776000000000295,-0.8670900000000046,-0.0014203999999999883,-1.210880000000003,13.889999999999873,-0.3692100000000025,0.10877999999999943,53.49879999999999,8.504099999999994,0.6016600000000025,-0.09423800000000071,-0.0741999999999976,-0.006979999999998654,1.3994400000000056,-0.2687399999999993,-0.08813800000000005,-0.8209400000000002,-0.0023570700000000028,-0.08888549999999995,-0.015406950000000003,0.5172900000000027,-3.6210099999999983,16.809989999999992,2.190619999999999,-3.5622299999999996,-0.8541699999999963,14.230229999999999,1.1473799999999983,-0.47148000000000323,19.9
2020-01-01 19:57:00,0.2078,3677.5,4551.9,9.6151,26.738,42.494,2720.0,74.24,120.39,0.33523,79.874,48.322,2651.0,25.168,50.197,3107.8,21.465,67.733,280.8,349.91,94.211,77.337,32.822,8.805,26.399,6.7088,18.727,1.6423,34.359,13.554,23.632,1.1552,17.783,2.2617,4.7688,2.2633,0.01612,0.74707,0.08187,52.676,44.292,62.889,54.394,20.418,79.543,24.484,38.996,33.162,46.991,61.153,42.07,21.443,-0.036668599999999996,0.2625069999999994,13.976000000000113,-0.8160900000000026,-0.0039604000000000306,-1.6698799999999991,16.289999999999964,0.17878999999999934,-1.4282199999999996,50.8588,8.604100000000017,0.6016600000000025,-0.09423800000000071,-0.0741999999999976,-0.006979999999998654,1.3994400000000056,-0.2687399999999993,-0.08813800000000005,-0.8209400000000002,-0.0023570700000000028,-0.08888549999999995,-0.015406950000000003,-0.135709999999996,-3.6110100000000003,18.264990000000004,2.3166200000000003,-4.914230000000003,0.41483000000000203,13.851230000000001,0.9813800000000015,3.20252,19.95
2020-01-01 20:00:00,0.19616,3741.9,4466.1,9.5531,27.254,42.531,2720.7,75.04,120.42,0.31722,79.746,51.764,2651.5,25.513,47.457,3108.8,24.318,67.613,280.14,350.34,94.318,77.367,33.405,8.8038,26.075,6.9073,17.748,1.6687,34.484,13.662,23.42,1.2432,17.483,2.2584,4.798,2.3413,0.017328,0.74527,0.085635,54.101,43.842,63.3,53.627,19.748,79.111,24.64,37.64,43.292,40.649,59.829,42.678,14.678,-0.04830860000000001,0.200507,14.67599999999993,-0.016089999999991278,-0.0219704,1.772120000000001,16.789999999999964,-2.5612100000000027,1.424780000000002,50.19879999999998,9.034099999999967,1.184660000000001,-0.09543799999999969,-0.3981999999999992,-0.9859799999999979,1.5244400000000056,-0.16073999999999877,-0.00013799999999997148,-1.120940000000001,-0.001149070000000002,-0.09068549999999997,-0.011641949999999998,0.27528999999999826,-4.281009999999998,17.832990000000002,2.472619999999999,5.215769999999999,-5.927169999999997,12.527230000000003,1.5893799999999985,-3.5624800000000008,20.0
2020-01-01 20:03:00,0.19774,3682.3,4483.1,9.6056,27.06,42.721,2721.7,75.052,120.42,0.32002,79.658,50.876,2652.2,24.208,48.618,3109.4,23.515,67.45,276.5,350.59,94.092,77.565,33.405,8.8038,26.075,6.9073,17.748,1.6687,34.484,13.662,23.42,1.2432,17.483,2.2584,4.798,2.3413,0.017328,0.74527,0.085635,54.101,43.842,64.327,53.423,19.593,76.084,24.602,37.298,40.677,43.337,59.214,41.893,16.572,-0.04672860000000001,0.2530070000000002,15.67599999999993,-0.004089999999990823,-0.019170399999999976,0.8841199999999958,17.48999999999978,-1.4002100000000013,0.6217800000000011,46.55879999999999,9.284099999999967,1.184660000000001,-0.09543799999999969,-0.3981999999999992,-0.9859799999999979,1.5244400000000056,-0.16073999999999877,-0.00013799999999997148,-1.120940000000001,-0.001149070000000002,-0.09068549999999997,-0.011641949999999998,1.3022899999999993,-4.43601,14.805990000000001,2.434619999999999,2.600769999999997,-3.2391699999999943,11.912230000000001,0.8043800000000019,-1.6684800000000024,20.05
2020-01-01 20:06:00,0.13322,3649.0,4603.0,9.518,26.608,42.996,2723.8,75.911,120.39,0.33366,79.903,50.758,2654.8,24.737,49.936,3110.3,23.544,67.379,273.64,350.2,94.397,77.946,33.254,8.7173,26.009,6.6798,18.268,1.6804,33.949,13.595,23.9,1.1195,18.014,2.2346,4.7994,2.2603,0.017328,0.74527,0.085635,54.101,43.842,63.228,54.482,12.962,78.669,24.476,38.215,40.33,46.385,58.532,42.584,16.461,-0.1112486,0.16540700000000008,17.776000000000295,0.8549100000000038,-0.005530399999999991,0.7661200000000008,20.090000000000146,-0.08221000000000345,0.650780000000001,43.69879999999998,8.89409999999998,1.0336599999999976,-0.1819380000000006,-0.46419999999999817,-0.4659799999999983,0.9894400000000019,-0.22773999999999894,-0.12383800000000011,-0.5899400000000021,-0.001149070000000002,-0.09068549999999997,-0.011641949999999998,0.20329000000000264,-11.06701,17.390989999999995,2.3086199999999977,2.253769999999996,-0.19116999999999962,11.230229999999999,1.4953800000000044,-1.779480000000003,20.1
2020-01-01 20:09:00,0.1324,3640.0,4585.3,9.4583,26.691,42.45,2723.4,73.961,120.4,0.33123,79.908,50.29,2655.2,23.845,49.059,3111.2,23.448,67.315,271.12,350.07,94.266,77.68,33.254,8.7173,26.009,6.6798,18.268,1.6804,33.949,13.595,23.9,1.1195,18.014,2.2346,4.7994,2.2603,0.017328,0.74527,0.085635,54.101,43.842,63.383,54.694,13.043,77.82,24.552,38.512,38.953,44.357,57.819,41.19,16.69,-0.11206860000000002,0.10570699999999889,17.376000000000204,-1.095089999999999,-0.007960399999999979,0.2981199999999973,20.48999999999978,-0.9592100000000059,0.5547800000000009,41.178799999999995,8.764099999999985,1.0336599999999976,-0.1819380000000006,-0.46419999999999817,-0.4659799999999983,0.9894400000000019,-0.22773999999999894,-0.12383800000000011,-0.5899400000000021,-0.001149070000000002,-0.09068549999999997,-0.011641949999999998,0.35829000000000377,-10.98601,16.54198999999999,2.384619999999998,0.8767700000000005,-2.2191699999999983,10.517230000000005,0.10137999999999892,-1.5504800000000003,20.15
2020-01-01 20:12:00,0.13364,3733.6,4514.7,9.4426,26.804,42.617,2723.5,75.174,120.41,0.32317,79.842,49.011,2655.0,24.973,47.351,3111.9,22.417,67.262,267.26,349.87,94.355,77.283,32.592,8.8018,26.257,6.9433,17.571,1.5938,34.188,13.698,23.782,1.2114,17.616,2.2073,4.7595,2.2713,0.017328,0.74527,0.085635,54.101,43.842,63.851,54.393,13.458,78.983,24.486,37.42,35.19,40.404,57.23,41.211,19.157,-0.1108286,0.09000699999999995,17.476000000000113,0.11791000000000906,-0.01602039999999999,-0.9808799999999991,20.289999999999964,-2.6672100000000043,-0.47621999999999787,37.31879999999998,8.564099999999996,0.37165999999999855,-0.09743800000000036,-0.21619999999999706,-1.1629799999999975,1.2284400000000062,-0.12473999999999918,-0.03193800000000002,-0.9879400000000018,-0.001149070000000002,-0.09068549999999997,-0.011641949999999998,0.8262900000000002,-10.57101,17.704990000000002,2.3186199999999992,-2.8862300000000047,-6.172169999999994,9.92823,0.12237999999999971,0.9165199999999984,20.2
2020-01-01 20:15:00,0.13636,3735.7,4507.4,9.423,26.983,42.447,2720.9,75.985,120.38,0.32368,79.545,49.1,2650.9,24.851,50.637,3110.3,23.163,67.114,265.62,349.55,94.233,77.144,32.592,8.8018,26.257,6.9433,17.571,1.5938,34.188,13.698,23.782,1.2114,17.616,2.2073,4.7595,2.2713,0.017626,0.72036,0.082949,53.577,43.77,63.815,54.481,13.191,77.795,24.317,37.358,35.451,48.009,56.244,42.061,17.419,-0.1081086,0.07040699999999944,14.876000000000204,0.9289100000000019,-0.01551039999999998,-0.8918800000000005,16.190000000000055,0.6187899999999971,0.2697800000000008,35.678799999999995,8.244100000000003,0.37165999999999855,-0.09743800000000036,-0.21619999999999706,-1.1629799999999975,1.2284400000000062,-0.12473999999999918,-0.03193800000000002,-0.9879400000000018,-0.0008510700000000024,-0.11559549999999996,-0.014327950000000006,0.7902899999999988,-10.838009999999999,16.51699,2.1496199999999988,-2.625230000000002,1.4328300000000027,8.942230000000002,0.9723800000000011,-0.8214800000000011,20.25
2020-01-01 20:18:00,0.19403,3620.4,4624.1,9.6117,26.582,42.64,2720.4,75.162,120.39,0.33353,79.257,51.06,2650.8,24.441,49.681,3109.1,23.706,66.901,260.68,349.21,94.413,76.958,33.121,8.7108,26.749,6.7205,18.147,1.6159,34.166,13.687,24.15,1.2559,17.618,2.2734,4.9084,2.3266,0.017626,0.72036,0.082949,53.577,43.77,63.554,54.938,18.612,76.856,24.038,38.632,41.219,45.796,55.68,41.772,16.181,-0.0504386,0.2591070000000002,14.376000000000204,0.10591000000000861,-0.00566040000000001,1.0681200000000004,16.090000000000146,-0.337210000000006,0.8127800000000001,30.738799999999998,7.904099999999971,0.900660000000002,-0.18843799999999966,0.27580000000000027,-0.5869800000000005,1.2064400000000006,-0.1357400000000002,0.012561999999999962,-0.9859400000000029,-0.0008510700000000024,-0.11559549999999996,-0.014327950000000006,0.5292900000000031,-5.417010000000001,15.577989999999993,1.8706199999999988,3.1427699999999987,-0.7801699999999983,8.378230000000002,0.6833799999999997,-2.0594800000000006,20.3
2020-01-01 20:21:00,0.1919,3681.0,4599.0,9.5337,26.676,42.471,2724.0,75.653,120.38,0.33454,79.52,50.652,2654.5,24.812,50.28,3112.4,21.711,66.736,259.95,349.44,94.463,77.735,33.121,8.7108,26.749,6.7205,18.147,1.6159,34.166,13.687,24.15,1.2559,17.618,2.2734,4.9084,2.3266,0.017626,0.72036,0.082949,53.577,43.77,62.512,55.239,18.821,76.872,24.385,38.509,40.019,47.181,54.747,41.122,20.872,-0.05256860000000002,0.18110699999999902,17.976000000000113,0.5969100000000083,-0.004650399999999999,0.6601199999999992,19.789999999999964,0.26178999999999775,-1.182220000000001,30.00879999999998,8.13409999999999,0.900660000000002,-0.18843799999999966,0.27580000000000027,-0.5869800000000005,1.2064400000000006,-0.1357400000000002,0.012561999999999962,-0.9859400000000029,-0.0008510700000000024,-0.11559549999999996,-0.014327950000000006,-0.5127099999999984,-5.208009999999998,15.593989999999998,2.21762,1.942769999999996,0.6048299999999998,7.445230000000002,0.033380000000001075,2.6315199999999983,20.35
2020-01-01 20:24:00,0.13385,3709.4,4531.4,9.5516,26.825,42.584,2727.4,75.212,120.41,0.33008,79.804,51.068,2658.5,23.617,51.895,3115.1,23.358,66.656,254.88,349.24,94.281,78.083,32.584,8.8752,26.602,6.9681,18.277,1.6527,33.912,13.62,24.125,1.3517,17.367,2.2351,4.8195,2.2514,0.017626,0.72036,0.082949,53.577,43.77,64.024,54.788,13.099,76.538,24.306,38.586,41.243,50.92,54.201,41.903,16.922,-0.11061860000000001,0.19900699999999993,21.376000000000204,0.15591000000000577,-0.009110400000000018,1.076119999999996,23.789999999999964,1.8767899999999997,0.4647800000000011,24.938799999999986,7.934100000000001,0.363660000000003,-0.024038000000000892,0.1288000000000018,-0.45697999999999794,0.9524400000000028,-0.20274000000000036,0.10836199999999985,-1.2369400000000006,-0.0008510700000000024,-0.11559549999999996,-0.014327950000000006,0.999290000000002,-10.93001,15.259989999999995,2.1386199999999995,3.1667699999999996,4.343830000000004,6.899230000000003,0.8143799999999999,-1.318480000000001,20.4
2020-01-01 20:27:00,0.13155,3736.0,4588.1,9.4447,27.076,41.845,2729.7,74.821,120.42,0.3277,80.19,49.905,2661.9,24.297,49.695,3119.0,22.893,66.671,255.93,348.44,94.293,78.069,32.584,8.8752,26.602,6.9681,18.277,1.6527,33.912,13.62,24.125,1.3517,17.367,2.2351,4.8195,2.2514,0.017626,0.72036,0.082949,53.577,43.77,63.566,54.109,13.325,78.44,24.576,38.877,37.821,45.828,53.104,42.489,17.981,-0.11291860000000001,0.0921069999999986,23.67599999999993,-0.23508999999999958,-0.011490400000000012,-0.08688000000000073,27.190000000000055,-0.3232100000000031,-0.00021999999999877673,25.988799999999998,7.1340999999999894,0.363660000000003,-0.024038000000000892,0.1288000000000018,-0.45697999999999794,0.9524400000000028,-0.20274000000000036,0.10836199999999985,-1.2369400000000006,-0.0008510700000000024,-0.11559549999999996,-0.014327950000000006,0.5412900000000036,-10.70401,17.161989999999996,2.408619999999999,-0.2552300000000045,-0.7481699999999947,5.8022300000000016,1.4003799999999984,-0.25947999999999993,20.45
2020-01-01 20:30:00,0.18027,3634.9,4537.1,9.5081,27.141,42.385,2727.1,75.421,120.38,0.32613,79.848,48.918,2656.9,24.446,48.501,3117.7,22.634,66.659,247.82,348.24,94.238,77.014,33.253,8.8156,26.63,6.9108,18.28,1.7033,33.754,13.639,24.531,1.0469,17.2,2.241,4.7489,2.2847,0.012092,0.7378,0.096167,54.204,44.123,63.17,54.495,17.382,76.141,24.357,37.024,34.915,43.066,52.004,41.532,18.672,-0.0641986,0.15550700000000006,21.076000000000022,0.36491000000000895,-0.013060400000000028,-1.0738800000000026,22.190000000000055,-1.5172100000000057,-0.2592199999999991,17.878799999999984,6.934100000000001,1.03266,-0.08363800000000055,0.1568000000000005,-0.45397999999999783,0.7944400000000016,-0.18374000000000024,-0.1964380000000001,-1.4039400000000022,-0.006385070000000001,-0.09815549999999995,-0.0011099499999999984,0.1452900000000028,-6.647009999999998,14.862990000000003,2.189619999999998,-3.1612300000000033,-3.510169999999995,4.70223,0.44337999999999766,0.431519999999999,20.5
2020-01-01 20:33:00,0.17582,3662.1,4536.8,9.4496,26.833,42.299,2725.2,75.036,120.39,0.32337,79.492,48.655,2655.5,26.027,50.175,3115.5,22.177,66.445,247.25,347.82,94.59,77.108,33.253,8.8156,26.63,6.9108,18.28,1.7033,33.754,13.639,24.531,1.0469,17.2,2.241,4.7489,2.2847,0.012092,0.7378,0.096167,54.204,44.123,62.701,54.498,17.819,76.77,24.091,37.36,34.141,46.94,50.711,41.186,19.777,-0.0686486,0.09700699999999962,19.17599999999993,-0.020089999999996166,-0.015820400000000012,-1.3368800000000007,20.789999999999964,0.15678999999999377,-0.7162199999999999,17.30879999999999,6.514099999999985,1.03266,-0.08363800000000055,0.1568000000000005,-0.45397999999999783,0.7944400000000016,-0.18374000000000024,-0.1964380000000001,-1.4039400000000022,-0.006385070000000001,-0.09815549999999995,-0.0011099499999999984,-0.3237099999999984,-6.2100100000000005,15.491989999999994,1.9236199999999997,-3.9352300000000042,0.3638300000000001,3.409230000000001,0.09738000000000113,1.5365199999999994,20.55
2020-01-01 20:36:00,0.10597,3661.5,4522.5,9.5616,26.562,42.719,2724.4,75.504,120.35,0.32111,79.48,50.725,2655.1,23.875,50.313,3112.8,23.019,66.242,242.08,347.88,94.483,77.28,32.398,8.8133,26.665,6.7972,18.542,1.6087,33.82,13.689,24.171,1.186,17.811,2.2647,4.8934,2.2347,0.012092,0.7378,0.096167,54.204,44.123,63.16,54.748,10.46,75.493,24.299,37.835,40.234,47.258,49.837,40.492,17.777,-0.13849860000000003,0.20900699999999972,18.376000000000204,0.44791000000000736,-0.018080399999999996,0.7331199999999995,20.389999999999873,0.294789999999999,0.1257799999999989,12.138800000000003,6.574099999999987,0.17766000000000304,-0.08593800000000051,0.19180000000000064,-0.19197999999999737,0.8604400000000041,-0.13373999999999953,-0.05733800000000011,-0.7929400000000015,-0.006385070000000001,-0.09815549999999995,-0.0011099499999999984,0.1352899999999977,-13.569009999999999,14.214989999999993,2.131619999999998,2.1577699999999993,0.681830000000005,2.5352300000000056,-0.5966200000000015,-0.46348000000000056,20.6
2020-01-01 20:39:00,0.10636,3633.1,4559.8,9.3834,26.696,42.32,2725.9,75.451,120.42,0.32546,79.602,49.109,2656.0,25.979,50.779,3113.3,22.328,66.078,236.98,347.36,94.545,77.466,32.398,8.8133,26.665,6.7972,18.542,1.6087,33.82,13.689,24.171,1.186,17.811,2.2647,4.8934,2.2347,0.012092,0.7378,0.096167,54.204,44.123,63.65,54.301,10.422,77.914,24.335,37.304,35.477,48.337,48.96,41.913,19.408,-0.13810860000000003,0.030806999999999363,19.876000000000204,0.3949099999999959,-0.013730399999999976,-0.8828800000000001,21.289999999999964,0.7607900000000001,-0.5652200000000001,7.038799999999981,6.054100000000005,0.17766000000000304,-0.08593800000000051,0.19180000000000064,-0.19197999999999737,0.8604400000000041,-0.13373999999999953,-0.05733800000000011,-0.7929400000000015,-0.006385070000000001,-0.09815549999999995,-0.0011099499999999984,0.6252899999999997,-13.607009999999999,16.63599,2.1676199999999994,-2.5992300000000057,1.7608300000000057,1.6582300000000032,0.8243799999999979,1.1675199999999997,20.65
2020-01-01 20:42:00,0.18084,3694.7,4509.6,9.4086,26.661,42.478,2723.1,75.108,120.41,0.32395,79.434,49.493,2653.3,26.185,50.25,3115.2,22.728,65.905,236.25,346.86,94.547,77.134,32.35,8.6492,26.632,6.9762,18.233,1.6204,33.8,13.629,24.789,1.0284,17.673,2.2507,4.7451,2.2016,0.012092,0.7378,0.096167,54.204,44.123,63.613,54.32,18.067,77.163,23.434,38.612,36.609,47.113,47.702,41.22,18.5,-0.06362860000000001,0.05600699999999925,17.076000000000022,0.05191000000000656,-0.015240399999999987,-0.49887999999999977,18.590000000000146,0.2317899999999966,-0.16521999999999792,6.308799999999991,5.554100000000005,0.12966000000000122,-0.250038,0.15880000000000294,-0.5009799999999984,0.840440000000001,-0.19374000000000002,-0.21493800000000007,-0.9309400000000032,-0.006385070000000001,-0.09815549999999995,-0.0011099499999999984,0.5882900000000006,-5.962009999999999,15.884989999999995,1.2666199999999996,-1.4672300000000007,0.5368300000000019,0.40023000000000053,0.13138000000000005,0.2595199999999984,20.7
2020-01-01 20:45:00,0.18306,3705.9,4479.2,9.4036,27.124,42.688,2724.3,75.339,120.43,0.32751,79.462,49.391,2653.7,25.845,48.182,3114.7,22.768,65.742,232.47,346.66,94.544,77.383,32.35,8.6492,26.632,6.9762,18.233,1.6204,33.8,13.629,24.789,1.0284,17.673,2.2507,4.7451,2.2016,0.00017594,0.76301,0.082859,53.949,44.853,63.419,54.683,17.848,75.101,24.099,38.178,36.307,42.327,46.978,41.292,18.403,-0.06140860000000001,0.05100700000000025,18.276000000000295,0.2829100000000011,-0.01168039999999998,-0.6008800000000036,18.98999999999978,-1.8362100000000012,-0.12521999999999878,2.5287999999999897,5.354100000000017,0.12966000000000122,-0.250038,0.15880000000000294,-0.5009799999999984,0.840440000000001,-0.19374000000000002,-0.21493800000000007,-0.9309400000000032,-0.018301130000000002,-0.0729455,-0.014417949999999999,0.39428999999999803,-6.181010000000001,13.822989999999997,1.9316199999999988,-1.7692300000000003,-4.2491699999999994,-0.3237699999999961,0.20338000000000278,0.1625199999999971,20.75
2020-01-01 20:48:00,0.18294,3658.1,4560.7,9.3278,26.535,42.134,2724.5,75.445,120.37,0.32082,79.47,50.377,2653.6,23.993,50.225,3114.3,22.471,65.6,229.02,346.4,94.571,77.109,32.495,8.7098,26.657,6.6777,18.242,1.6192,33.85,13.516,24.338,1.0938,17.59,2.2403,4.8826,2.3198,0.00017594,0.76301,0.082859,53.949,44.853,62.668,54.532,18.384,75.774,23.753,37.134,39.208,47.055,46.083,40.428,19.135,-0.06152860000000002,-0.02479300000000073,18.476000000000113,0.38890999999999565,-0.01837040000000001,0.3851200000000006,18.889999999999873,0.20678999999999803,-0.4222199999999994,-0.9211999999999989,5.094099999999969,0.27465999999999724,-0.18943800000000088,0.18380000000000152,-0.4919799999999981,0.8904400000000052,-0.30673999999999957,-0.14953799999999995,-1.0139400000000016,-0.018301130000000002,-0.0729455,-0.014417949999999999,-0.35670999999999964,-5.645009999999999,14.495989999999999,1.5856199999999987,1.131769999999996,0.4788300000000021,-1.2187699999999992,-0.6606200000000015,0.89452,20.8
2020-01-01 20:51:00,0.18529,3669.7,4576.4,9.393,27.062,42.394,2727.3,75.901,120.4,0.3181,79.719,49.285,2657.9,26.32,49.405,3117.1,23.109,65.488,224.7,346.21,94.528,77.846,32.495,8.7098,26.657,6.6777,18.242,1.6192,33.85,13.516,24.338,1.0938,17.59,2.2403,4.8826,2.3198,0.00017594,0.76301,0.082859,53.949,44.853,62.467,54.343,18.152,76.59,24.081,37.465,35.997,45.156,45.271,41.261,17.567,-0.0591786,0.04040700000000008,21.276000000000295,0.8449099999999987,-0.02109040000000001,-0.7068800000000053,23.190000000000055,-0.6132100000000023,0.2157800000000023,-5.2412000000000205,4.904099999999971,0.27465999999999724,-0.18943800000000088,0.18380000000000152,-0.4919799999999981,0.8904400000000052,-0.30673999999999957,-0.14953799999999995,-1.0139400000000016,-0.018301130000000002,-0.0729455,-0.014417949999999999,-0.5577100000000002,-5.8770099999999985,15.311990000000002,1.913619999999998,-2.0792300000000026,-1.4201699999999988,-2.030769999999997,0.17238000000000397,-0.6734800000000014,20.85
2020-01-01 20:54:00,0.16891,3747.6,4570.8,9.425,26.971,42.483,2728.6,76.669,120.44,0.30459,79.96,48.845,2659.8,24.759,49.641,3120.7,22.455,65.467,220.11,345.89,94.427,77.184,32.268,8.9567,27.165,6.7385,18.258,1.6508,32.976,13.462,25.071,1.2371,17.895,2.2576,4.732,2.2552,0.00017594,0.76301,0.082859,53.949,44.853,63.798,54.481,16.536,78.235,23.904,35.717,34.701,45.703,44.482,42.49,19.145,-0.0755586,0.07240700000000011,22.576000000000022,1.6129099999999994,-0.034600399999999976,-1.146880000000003,25.090000000000146,-0.37721000000000515,-0.43822000000000116,-9.831199999999995,4.584099999999978,0.04766000000000048,0.057461999999999236,0.6918000000000006,-0.47597999999999985,0.016440000000002897,-0.36073999999999984,-0.006237999999999966,-0.7089400000000019,-0.018301130000000002,-0.0729455,-0.014417949999999999,0.7732900000000029,-7.493009999999998,16.956989999999998,1.7366199999999985,-3.375230000000002,-0.8731699999999947,-2.8197699999999983,1.4013800000000032,0.904519999999998,20.9
2020-01-01 20:57:00,0.16883,3724.2,4555.8,9.3651,26.745,42.189,2725.4,75.256,120.4,0.30237,79.682,51.595,2654.5,24.558,51.915,3118.4,23.554,65.359,216.9,345.33,94.295,77.238,32.268,8.9567,27.165,6.7385,18.258,1.6508,32.976,13.462,25.071,1.2371,17.895,2.2576,4.732,2.2552,0.00017594,0.76301,0.082859,53.949,44.853,64.2,54.66,16.545,75.028,23.349,35.988,42.794,50.966,43.576,40.72,16.541,-0.0756386,0.01250699999999938,19.376000000000204,0.1999100000000027,-0.036820399999999975,1.603119999999997,19.789999999999964,1.8967899999999958,0.660779999999999,-13.041200000000003,4.024099999999976,0.04766000000000048,0.057461999999999236,0.6918000000000006,-0.47597999999999985,0.016440000000002897,-0.36073999999999984,-0.006237999999999966,-0.7089400000000019,-0.018301130000000002,-0.0729455,-0.014417949999999999,1.175290000000004,-7.484009999999998,13.749990000000004,1.1816199999999988,4.7177699999999945,4.3898300000000035,-3.725769999999997,-0.36861999999999995,-1.6994800000000012,20.95
2020-01-01 21:00:00,0.18663,3724.2,4565.2,9.3574,26.78,42.07,2724.6,75.427,120.43,0.29862,79.647,49.186,2654.5,26.731,50.858,3117.2,23.386,65.218,215.54,344.96,94.436,77.169,32.13,8.8512,27.069,6.9549,17.725,1.6587,33.282,13.593,24.85,1.2755,18.024,2.2807,4.8261,2.2623,0.016772,0.7818,0.095632,54.537,43.759,63.831,54.596,18.72,76.612,23.604,34.511,35.705,48.519,43.004,42.08,16.956,-0.05783860000000002,0.004806999999999562,18.576000000000022,0.3709100000000092,-0.040570400000000006,-0.8058800000000019,19.789999999999964,0.8397899999999936,0.4927799999999998,-14.401200000000017,3.6540999999999713,-0.09033999999999764,-0.048038000000000025,0.5958000000000006,-1.0089799999999975,0.3224400000000003,-0.2297399999999996,0.032162000000000024,-0.5799400000000006,-0.001705070000000003,-0.05415549999999991,-0.0016449500000000061,0.8062900000000042,-5.309010000000001,15.333989999999993,1.4366199999999978,-2.371230000000004,1.9428300000000007,-4.29777,0.9913799999999995,-1.284480000000002,21.0
2020-01-01 21:03:00,0.1896,3742.2,4544.5,9.2862,26.97,42.432,2722.4,76.1,120.41,0.29611,79.595,49.078,2652.0,25.275,48.548,3115.3,23.388,65.099,211.2,344.59,94.432,76.949,32.13,8.8512,27.069,6.9549,17.725,1.6587,33.282,13.593,24.85,1.2755,18.024,2.2807,4.8261,2.2623,0.016772,0.7818,0.095632,54.537,43.759,63.521,54.843,18.428,76.609,23.361,34.818,35.387,43.173,42.424,41.336,16.977,-0.05486860000000002,-0.06639300000000148,16.376000000000204,1.0439099999999968,-0.04308040000000002,-0.9138799999999989,17.289999999999964,-1.4702100000000016,0.4947800000000022,-18.74120000000002,3.2840999999999667,-0.09033999999999764,-0.048038000000000025,0.5958000000000006,-1.0089799999999975,0.3224400000000003,-0.2297399999999996,0.032162000000000024,-0.5799400000000006,-0.001705070000000003,-0.05415549999999991,-0.0016449500000000061,0.4962900000000019,-5.601009999999999,15.330989999999993,1.1936199999999992,-2.689230000000002,-3.403169999999996,-4.877769999999998,0.2473799999999997,-1.2634800000000013,21.05
2020-01-01 21:06:00,0.19977,3668.3,4599.1,9.1493,27.045,42.435,2720.6,76.143,120.4,0.30942,79.536,50.115,2650.2,26.008,51.9,3114.6,23.221,64.95,205.94,343.79,94.624,77.077,32.346,8.7537,26.963,6.8934,18.338,1.6419,33.14,13.577,24.629,0.96668,17.408,2.3106,4.7735,2.3218,0.016772,0.7818,0.095632,54.537,43.759,62.927,55.631,20.031,74.898,23.169,36.271,38.439,50.931,41.932,40.655,17.391,-0.044698600000000005,-0.2032930000000004,14.576000000000022,1.0869100000000032,-0.02977040000000003,0.12312000000000012,15.489999999999782,1.8817899999999952,0.3277800000000006,-24.00120000000001,2.484100000000012,0.12565999999999633,-0.14553800000000017,0.48980000000000246,-0.395979999999998,0.18044000000000437,-0.24573999999999963,-0.27665800000000007,-1.1959400000000002,-0.001705070000000003,-0.05415549999999991,-0.0016449500000000061,-0.0977099999999993,-3.9980100000000007,13.619989999999994,1.001619999999999,0.3627699999999976,4.35483,-5.3697699999999955,-0.4336199999999977,-0.8494800000000033,21.1
2020-01-01 21:09:00,0.20096,3676.4,4637.2,9.2513,27.369,42.174,2721.9,76.041,120.39,0.30334,79.715,50.233,2650.7,25.084,50.692,3114.8,22.772,64.858,207.17,343.58,94.662,77.336,32.346,8.7537,26.963,6.8934,18.338,1.6419,33.14,13.577,24.629,0.96668,17.408,2.3106,4.7735,2.3218,0.016772,0.7818,0.095632,54.537,43.759,62.789,55.175,19.915,76.486,23.429,37.012,38.785,48.136,40.866,41.258,18.438,-0.04350860000000001,-0.10129300000000008,15.876000000000204,0.9849099999999993,-0.035850400000000004,0.24111999999999512,15.989999999999782,0.6737899999999968,-0.121220000000001,-22.77120000000002,2.274099999999976,0.12565999999999633,-0.14553800000000017,0.48980000000000246,-0.395979999999998,0.18044000000000437,-0.24573999999999963,-0.27665800000000007,-1.1959400000000002,-0.001705070000000003,-0.05415549999999991,-0.0016449500000000061,-0.23570999999999742,-4.11401,15.207990000000002,1.261619999999997,0.7087699999999941,1.5598300000000052,-6.435769999999998,0.16938000000000386,0.19751999999999725,21.15
2020-01-01 21:12:00,0.18222,3682.9,4589.8,9.2541,26.504,42.363,2721.4,76.055,120.41,0.30558,79.794,46.943,2650.3,24.926,50.598,3114.8,22.194,64.773,201.42,343.3,94.597,77.059,32.02,8.7332,26.929,6.947,17.939,1.6976,32.941,13.682,24.952,1.3394,17.879,2.2731,4.722,2.1855,0.016772,0.7818,0.095632,54.537,43.759,63.175,54.362,17.533,76.152,23.066,35.946,29.103,47.919,40.427,40.934,19.829,-0.062248600000000015,-0.09849300000000127,15.376000000000204,0.9989100000000093,-0.033610399999999985,-3.048880000000004,15.590000000000146,0.5797899999999956,-0.6992200000000004,-28.52120000000002,1.994100000000003,-0.20033999999999708,-0.16603800000000035,0.4558,-0.7949799999999989,-0.018559999999993693,-0.1407399999999992,0.09606199999999987,-0.7249400000000001,-0.001705070000000003,-0.05415549999999991,-0.0016449500000000061,0.15028999999999826,-6.496009999999998,14.87399,0.8986199999999975,-8.973230000000001,1.3428299999999993,-6.874769999999998,-0.1546200000000013,1.588519999999999,21.2
2020-01-01 21:15:00,0.18215,3674.7,4503.8,9.3905,26.73,42.18,2716.7,75.142,120.37,0.30516,79.453,49.653,2645.9,24.51,51.344,3112.5,23.067,64.629,201.32,342.58,94.782,76.65,32.02,8.7332,26.929,6.947,17.939,1.6976,32.941,13.682,24.952,1.3394,17.879,2.2731,4.722,2.1855,0.02626,0.81204,0.10056,53.385,43.896,63.317,55.392,17.54,76.428,22.499,35.998,37.078,49.644,39.855,41.127,17.821,-0.0623186,0.0379069999999988,10.67599999999993,0.08590999999999838,-0.034030400000000016,-0.3388800000000032,11.190000000000055,1.3257899999999978,0.1737800000000007,-28.621200000000016,1.2740999999999758,-0.20033999999999708,-0.16603800000000035,0.4558,-0.7949799999999989,-0.018559999999993693,-0.1407399999999992,0.09606199999999987,-0.7249400000000001,0.007782929999999997,-0.02391549999999998,0.0032830499999999957,0.29229000000000127,-6.48901,15.149989999999995,0.33161999999999736,-0.9982299999999995,3.0678300000000007,-7.446770000000001,0.03838000000000363,-0.4194800000000001,21.25
2020-01-01 21:18:00,0.2126,3654.6,4628.9,9.2216,26.375,42.048,2715.8,76.552,120.38,0.31831,79.466,49.946,2645.1,25.313,50.38,3111.2,24.087,64.478,199.78,341.99,94.7,77.157,32.176,8.7487,26.986,6.9207,18.359,1.6459,32.828,13.686,24.53,1.3572,17.931,2.2054,4.83,2.2321,0.02626,0.81204,0.10056,53.385,43.896,63.156,54.982,20.766,74.212,22.599,36.934,37.941,47.413,39.212,40.725,15.397,-0.0318686,-0.13099300000000014,9.776000000000295,1.4959100000000092,-0.02088040000000002,-0.04588000000000392,10.389999999999873,0.36178999999999917,1.1937800000000003,-30.161200000000008,0.6841000000000008,-0.04433999999999827,-0.15053800000000095,0.5128000000000021,-0.3749799999999972,-0.13155999999999324,-0.13673999999999964,0.11386199999999991,-0.6729400000000005,0.007782929999999997,-0.02391549999999998,0.0032830499999999957,0.1312899999999999,-3.2630100000000013,12.933990000000001,0.4316199999999988,-0.13522999999999996,0.8368299999999991,-8.089769999999994,-0.3636199999999974,-2.8434800000000013,21.3
2020-01-01 21:21:00,0.21291,3652.8,4626.4,9.2247,27.227,42.298,2717.2,76.076,120.37,0.31569,79.704,50.178,2645.0,26.616,49.566,3114.0,22.82,64.402,197.2,341.11,94.718,76.979,32.176,8.7487,26.986,6.9207,18.359,1.6459,32.828,13.686,24.53,1.3572,17.931,2.2054,4.83,2.2321,0.02626,0.81204,0.10056,53.385,43.896,63.187,55.011,20.736,75.012,22.507,37.253,38.624,45.529,38.664,40.734,18.418,-0.03155860000000002,-0.12789300000000026,11.17599999999993,1.0199099999999959,-0.023500399999999977,0.1861199999999954,10.289999999999964,-0.4522100000000009,-0.07321999999999917,-32.74120000000002,-0.19589999999999463,-0.04433999999999827,-0.15053800000000095,0.5128000000000021,-0.3749799999999972,-0.13155999999999324,-0.13673999999999964,0.11386199999999991,-0.6729400000000005,0.007782929999999997,-0.02391549999999998,0.0032830499999999957,0.1622899999999987,-3.293009999999999,13.733989999999999,0.33962000000000003,0.5477699999999999,-1.0471699999999942,-8.637769999999996,-0.35461999999999705,0.17751999999999768,21.35
2020-01-01 21:24:00,0.19781,3684.6,4531.7,9.3118,26.46,42.28,2717.4,74.918,120.43,0.31366,79.879,50.538,2646.4,26.626,49.809,3113.5,23.611,64.369,191.58,340.87,94.708,77.617,31.792,8.9036,27.222,6.7537,18.793,1.6385,33.232,13.467,24.815,1.3041,18.198,2.2812,4.7565,2.2432,0.02626,0.81204,0.10056,53.385,43.896,62.823,55.219,19.426,74.313,22.262,37.385,39.682,46.092,38.387,41.526,16.497,-0.046658599999999995,-0.040793000000000745,11.376000000000204,-0.13808999999999116,-0.02553040000000001,0.5461199999999948,11.690000000000055,-0.2092100000000059,0.7177800000000012,-38.3612,-0.43590000000000373,-0.4283399999999986,0.004362000000000421,0.7488000000000028,0.059020000000000294,0.2724400000000031,-0.35573999999999906,0.06076199999999998,-0.4059400000000011,0.007782929999999997,-0.02391549999999998,0.0032830499999999957,-0.2017099999999985,-4.603010000000001,13.03499,0.09461999999999904,1.6057699999999997,-0.4841699999999989,-8.914769999999997,0.43738000000000454,-1.7434800000000017,21.4
2020-01-01 21:27:00,0.19697,3647.1,4568.1,9.1679,27.139,42.139,2719.2,76.483,120.39,0.31416,80.308,49.162,2647.9,26.048,49.516,3116.5,23.888,64.388,191.12,340.04,94.554,77.707,31.792,8.9036,27.222,6.7537,18.793,1.6385,33.232,13.467,24.815,1.3041,18.198,2.2812,4.7565,2.2432,0.02626,0.81204,0.10056,53.385,43.896,63.469,54.784,19.508,76.32,22.581,37.323,35.633,45.414,37.645,40.504,15.798,-0.0474986,-0.1846930000000011,13.17599999999993,1.4269100000000066,-0.025030400000000008,-0.8298800000000028,13.190000000000055,-0.5022100000000052,0.9947800000000022,-38.821200000000005,-1.2658999999999878,-0.4283399999999986,0.004362000000000421,0.7488000000000028,0.059020000000000294,0.2724400000000031,-0.35573999999999906,0.06076199999999998,-0.4059400000000011,0.007782929999999997,-0.02391549999999998,0.0032830499999999957,0.4442900000000023,-4.52101,15.041989999999991,0.4136199999999981,-2.44323,-1.1621699999999962,-9.656769999999995,-0.584620000000001,-2.4424800000000015,21.45
2020-01-01 21:30:00,0.23852,3690.3,4512.8,9.2075,27.104,42.576,2717.4,76.365,120.42,0.28728,80.284,50.559,2645.5,24.347,51.743,3117.1,21.655,64.425,190.07,339.84,94.556,76.814,31.962,8.8104,26.561,6.9507,18.711,1.6152,32.491,13.849,24.85,1.2357,18.288,2.2432,4.8653,2.1659,-0.0033789,0.82442,0.081314,52.641,43.654,64.231,54.415,23.158,77.881,22.121,34.379,39.744,50.567,37.659,41.602,21.145,-0.005948599999999998,-0.14509300000000103,11.376000000000204,1.3089099999999974,-0.05191040000000002,0.5671199999999956,10.789999999999964,1.7247899999999987,-1.2382199999999983,-39.871200000000016,-1.4659000000000333,-0.25834000000000046,-0.08883800000000086,0.08780000000000143,-0.022980000000000445,-0.46855999999999653,0.026260000000000616,-0.007638000000000034,-0.3159400000000012,-0.021855970000000002,-0.01153549999999992,-0.015962950000000004,1.2062899999999956,-0.8710099999999983,16.60299,-0.04638000000000275,1.6677699999999973,3.9908300000000025,-9.642769999999999,0.513379999999998,2.904519999999998,21.5
2020-01-01 21:33:00,0.23679,3712.1,4544.8,9.286,26.986,42.678,2710.5,76.253,120.42,0.28715,79.82,50.654,2638.9,24.595,49.597,3111.1,22.017,64.359,189.52,338.8,94.606,76.654,31.962,8.8104,26.561,6.9507,18.711,1.6152,32.491,13.849,24.85,1.2357,18.288,2.2432,4.8653,2.1659,-0.0033789,0.82442,0.081314,52.641,43.654,63.856,54.031,23.328,73.604,21.792,34.394,40.025,45.602,37.24,41.47,20.332,-0.007678600000000008,-0.06659300000000101,4.476000000000113,1.1969100000000026,-0.05204039999999999,0.6621200000000016,4.190000000000055,-0.4212100000000021,-0.87622,-40.4212,-2.505899999999997,-0.25834000000000046,-0.08883800000000086,0.08780000000000143,-0.022980000000000445,-0.46855999999999653,0.026260000000000616,-0.007638000000000034,-0.3159400000000012,-0.021855970000000002,-0.01153549999999992,-0.015962950000000004,0.8312900000000027,-0.7010100000000001,12.325989999999997,-0.3753799999999998,1.9487699999999961,-0.9741700000000009,-10.061769999999996,0.38138000000000005,2.091519999999999,21.55
2020-01-01 21:36:00,0.22359,3663.1,4521.9,9.2574,27.382,42.076,2705.3,76.533,120.38,0.32971,79.525,53.261,2633.4,24.842,50.455,3104.8,22.869,64.175,189.14,339.01,94.786,76.674,31.438,8.7189,26.654,6.9435,18.807,1.6143,32.21,13.569,24.736,1.2225,18.787,2.215,4.9047,2.3578,-0.0033789,0.82442,0.081314,52.641,43.654,63.0,54.511,22.032,73.744,21.845,39.181,47.698,47.588,36.814,40.675,18.353,-0.020878599999999997,-0.09519300000000008,-0.7239999999997053,1.4769100000000037,-0.0094804,3.269120000000001,-1.3099999999999454,0.4367899999999949,-0.024219999999999686,-40.80120000000002,-2.2959000000000174,-0.7823400000000014,-0.18033800000000078,0.1808000000000014,0.07301999999999964,-0.7495599999999953,-0.25373999999999874,-0.020838000000000134,0.18305999999999756,-0.021855970000000002,-0.01153549999999992,-0.015962950000000004,-0.0247099999999989,-1.9970099999999995,12.465989999999998,-0.32238000000000255,9.621769999999998,1.0118300000000033,-10.487769999999998,-0.41362000000000165,0.11251999999999995,21.6
2020-01-01 21:39:00,0.22388,3681.1,4535.1,9.2148,26.983,42.244,2703.5,75.687,120.37,0.32711,79.563,49.43,2631.9,25.266,49.027,3101.9,23.138,64.033,187.99,338.52,94.969,76.988,31.438,8.7189,26.654,6.9435,18.807,1.6143,32.21,13.569,24.736,1.2225,18.787,2.215,4.9047,2.3578,-0.0033789,0.82442,0.081314,52.641,43.654,62.69,54.353,22.003,75.537,21.747,39.499,36.422,44.282,36.461,40.745,17.723,-0.020588600000000012,-0.13779300000000028,-2.5239999999998872,0.6309100000000001,-0.012080399999999991,-0.5618800000000022,-2.8099999999999454,-0.9912100000000024,0.24478000000000222,-41.9512,-2.7859000000000265,-0.7823400000000014,-0.18033800000000078,0.1808000000000014,0.07301999999999964,-0.7495599999999953,-0.25373999999999874,-0.020838000000000134,0.18305999999999756,-0.021855970000000002,-0.01153549999999992,-0.015962950000000004,-0.3347100000000012,-2.0260099999999994,14.258990000000004,-0.42038000000000153,-1.6542300000000054,-2.294170000000001,-10.84077,-0.34362000000000137,-0.5174800000000026,21.65
2020-01-01 21:42:00,0.27826,3682.6,4557.7,9.1554,26.793,42.089,2707.0,75.903,120.39,0.29927,79.87,49.995,2635.8,24.851,49.595,3104.2,23.051,63.97,186.08,338.89,94.751,77.105,31.761,8.8814,26.522,6.9705,18.966,1.6827,32.497,13.87,24.365,1.2792,18.179,2.2443,4.7789,2.2185,-0.0033789,0.82442,0.081314,52.641,43.654,62.665,53.849,27.608,75.732,22.023,35.249,38.085,45.596,36.179,41.322,17.939,0.0337914,-0.1971930000000004,0.9760000000001128,0.8469100000000083,-0.03992040000000002,0.0031199999999955708,1.0900000000001455,-0.4232100000000045,0.15777999999999892,-43.8612,-2.415900000000022,-0.45934000000000097,-0.01783800000000113,0.048799999999999955,0.2320200000000021,-0.4625599999999963,0.047259999999999636,0.03586199999999984,-0.424940000000003,-0.021855970000000002,-0.01153549999999992,-0.015962950000000004,-0.35970999999999975,3.578990000000001,14.453989999999997,-0.14438000000000173,0.00876999999999839,-0.9801700000000011,-11.122769999999996,0.23338000000000392,-0.3014800000000015,21.7
2020-01-01 21:45:00,0.27939,3700.1,4510.0,9.312,26.605,42.544,2707.7,75.285,120.39,0.29443,80.146,51.389,2635.9,24.979,50.063,3107.3,22.979,64.013,186.08,337.91,94.869,77.285,31.761,8.8814,26.522,6.9705,18.966,1.6827,32.497,13.87,24.365,1.2792,18.179,2.2443,4.7789,2.2185,0.022285,0.86788,0.099438,53.825,44.093,62.364,54.42,27.496,74.797,21.615,35.839,42.188,46.679,36.006,40.605,18.083,0.03492140000000002,-0.04059300000000121,1.6759999999999309,0.22890999999999906,-0.04476039999999998,1.397120000000001,1.1900000000000546,0.044789999999999,0.08577999999999975,-43.8612,-3.3958999999999833,-0.45934000000000097,-0.01783800000000113,0.048799999999999955,0.2320200000000021,-0.4625599999999963,0.047259999999999636,0.03586199999999984,-0.424940000000003,0.0038079299999999976,0.03192450000000002,0.0021610499999999977,-0.6607100000000017,3.466989999999999,13.518989999999995,-0.552380000000003,4.11177,0.10283000000000442,-11.295769999999997,-0.48362000000000194,-0.15748000000000317,21.75
2020-01-01 21:48:00,0.25531,3597.5,4545.2,9.2073,27.153,42.193,2707.1,75.921,120.4,0.3288,80.314,50.845,2635.8,24.179,50.305,3106.9,22.648,64.033,184.69,337.59,94.603,77.616,31.79,8.784,26.602,6.874,18.654,1.6749,32.317,13.84,24.715,1.289,18.705,2.2586,4.7229,2.221,0.022285,0.86788,0.099438,53.825,44.093,63.823,53.59,24.93,76.653,21.983,39.545,40.586,47.239,35.794,40.904,18.834,0.010841399999999973,-0.14529300000000056,1.0760000000000218,0.864910000000009,-0.010390400000000022,0.853119999999997,1.0900000000001455,0.2867899999999963,-0.24521999999999977,-45.25120000000001,-3.7159000000000333,-0.43034000000000106,-0.11523799999999973,0.1288000000000018,-0.07997999999999905,-0.642559999999996,0.017260000000000275,0.04566199999999987,0.10105999999999682,0.0038079299999999976,0.03192450000000002,0.0021610499999999977,0.7982900000000015,0.9009900000000002,15.374990000000004,-0.18438000000000088,2.509769999999996,0.6628299999999996,-11.50777,-0.18461999999999534,0.593519999999998,21.8
2020-01-01 21:51:00,0.25557,3664.7,4519.5,9.3476,26.863,42.276,2704.7,77.338,120.39,0.33086,80.277,51.109,2632.8,24.0,49.379,3106.0,22.92,64.084,181.64,337.28,94.924,77.129,31.79,8.784,26.602,6.874,18.654,1.6749,32.317,13.84,24.715,1.289,18.705,2.2586,4.7229,2.221,0.022285,0.86788,0.099438,53.825,44.093,62.667,53.898,24.904,74.325,21.343,39.293,41.362,45.096,35.727,40.328,18.216,0.011101400000000011,-0.004993000000000691,-1.3240000000000691,2.2819099999999963,-0.008330400000000016,1.11712,-1.9099999999998545,-0.6392100000000056,0.026780000000002246,-48.30120000000002,-4.025900000000036,-0.43034000000000106,-0.11523799999999973,0.1288000000000018,-0.07997999999999905,-0.642559999999996,0.017260000000000275,0.04566199999999987,0.10105999999999682,0.0038079299999999976,0.03192450000000002,0.0021610499999999977,-0.3577099999999973,0.8749900000000004,13.046990000000001,-0.8243800000000014,3.2857699999999994,-1.480170000000001,-11.574770000000001,-0.7606199999999959,-0.0244800000000005,21.85
2020-01-01 21:54:00,0.25704,3691.5,4512.5,9.1931,26.626,42.034,2701.8,75.307,120.39,0.32527,80.079,51.441,2629.0,25.05,48.807,3104.4,22.95,64.042,181.24,336.81,94.712,76.661,32.048,9.0678,26.833,6.8952,18.757,1.6619,32.083,13.661,24.465,1.3266,18.764,2.2878,4.8315,2.1905,0.022285,0.86788,0.099438,53.825,44.093,63.013,54.742,25.05,75.616,20.935,39.224,42.342,43.774,35.426,40.58,18.189,0.012571399999999983,-0.15949300000000122,-4.223999999999705,0.25091000000000463,-0.0139204,1.4491200000000006,-5.710000000000036,-1.2112100000000012,0.05677999999999983,-48.7012,-4.495900000000006,-0.17233999999999838,0.16856199999999966,0.3597999999999999,0.023020000000002483,-0.8765599999999978,-0.16174,0.08326199999999995,0.16005999999999787,0.0038079299999999976,0.03192450000000002,0.0021610499999999977,-0.011710000000000775,1.0209900000000012,14.337989999999998,-1.2323800000000027,4.265769999999996,-2.8021699999999967,-11.875769999999996,-0.5086200000000005,-0.051480000000001525,21.9
2020-01-01 21:57:00,0.25706,3669.6,4542.0,9.2444,26.832,42.274,2699.6,74.993,120.41,0.327,80.037,51.576,2626.9,26.76,50.634,3100.9,22.417,63.959,178.61,336.54,94.927,77.1,32.048,9.0678,26.833,6.8952,18.757,1.6619,32.083,13.661,24.465,1.3266,18.764,2.2878,4.8315,2.1905,0.022285,0.86788,0.099438,53.825,44.093,63.391,54.388,25.048,74.496,21.163,39.012,42.739,48.002,35.332,41.124,19.444,0.012591400000000003,-0.10819299999999998,-6.423999999999978,-0.06309000000000253,-0.01219039999999999,1.5841199999999986,-7.809999999999945,0.615789999999997,-0.47621999999999787,-51.331199999999995,-4.765899999999988,-0.17233999999999838,0.16856199999999966,0.3597999999999999,0.023020000000002483,-0.8765599999999978,-0.16174,0.08326199999999995,0.16005999999999787,0.0038079299999999976,0.03192450000000002,0.0021610499999999977,0.36628999999999934,1.0189899999999987,13.217989999999993,-1.0043800000000012,4.662769999999995,1.4258300000000048,-11.969769999999997,0.03538000000000352,1.2035199999999975,21.95
2020-01-01 22:00:00,0.23197,3668.8,4518.6,9.3161,27.13,42.238,2700.5,75.81,120.4,0.30485,80.3,50.364,2628.6,24.836,50.513,3101.7,23.421,63.959,181.47,336.89,94.775,77.394,31.542,8.8407,26.476,6.9482,19.066,1.6515,32.165,13.7,24.324,1.2354,19.001,2.2693,4.893,2.3357,0.0064561,0.90237,0.11332,53.993,44.143,63.216,54.428,23.153,73.506,21.408,36.813,39.171,47.72,35.877,40.234,17.033,-0.012498599999999999,-0.03649300000000011,-5.523999999999887,0.7539100000000047,-0.03434039999999999,0.37211999999999534,-6.110000000000127,0.49478999999999473,0.5277799999999999,-48.47120000000001,-4.415900000000022,-0.6783399999999986,-0.05853800000000042,0.00280000000000058,0.33202,-0.794559999999997,-0.1227400000000003,-0.007938,0.39705999999999975,-0.012020970000000002,0.06641450000000004,0.016043050000000003,0.19129000000000218,-0.8760100000000008,12.227989999999998,-0.7593800000000002,1.094769999999997,1.1438300000000012,-11.424769999999995,-0.854619999999997,-1.2074800000000003,22.0
2020-01-01 22:03:00,0.23336,3639.9,4536.3,9.121,26.85,41.733,2698.9,75.122,120.38,0.3044,80.394,50.349,2626.5,24.193,51.07,3100.3,23.553,64.03,183.99,336.25,94.741,77.053,31.542,8.8407,26.476,6.9482,19.066,1.6515,32.165,13.7,24.324,1.2354,19.001,2.2693,4.893,2.3357,0.0064561,0.90237,0.11332,53.993,44.143,63.714,54.217,23.017,75.267,21.192,36.869,39.127,49.011,35.808,40.284,16.734,-0.011108599999999996,-0.23159300000000016,-7.123999999999796,0.06591000000000236,-0.0347904,0.3571199999999948,-8.210000000000036,1.051789999999997,0.6597800000000014,-45.9512,-5.055900000000008,-0.6783399999999986,-0.05853800000000042,0.00280000000000058,0.33202,-0.794559999999997,-0.1227400000000003,-0.007938,0.39705999999999975,-0.012020970000000002,0.06641450000000004,0.016043050000000003,0.6892899999999997,-1.01201,13.988989999999994,-0.9753800000000012,1.05077,2.434830000000005,-11.493769999999998,-0.8046199999999999,-1.5064799999999998,22.05
2020-01-01 22:06:00,0.2852,3651.4,4488.0,9.1321,27.023,41.97,2696.1,75.753,120.4,0.31098,80.282,49.922,2623.8,26.61,50.842,3099.3,22.559,64.079,180.67,335.37,94.814,76.97,31.77,8.8546,26.744,6.9791,18.772,1.6459,32.469,13.886,24.586,1.0695,18.964,2.275,4.8634,2.3025,0.0064561,0.90237,0.11332,53.993,44.143,63.014,54.012,28.346,74.961,20.959,36.898,37.871,48.482,36.258,40.467,19.115,0.0407314,-0.22049300000000116,-9.923999999999978,0.6969100000000026,-0.028210400000000024,-0.06988000000000483,-10.909999999999854,0.8237899999999954,-0.3342199999999984,-49.27120000000002,-5.935900000000004,-0.45034000000000063,-0.044638000000000844,0.27080000000000126,0.0380199999999995,-0.490559999999995,0.06325999999999965,-0.17383800000000016,0.36005999999999716,-0.012020970000000002,0.06641450000000004,0.016043050000000003,-0.010709999999996,4.3169900000000005,13.682989999999997,-1.2083800000000018,-0.20523000000000025,1.9058300000000017,-11.043769999999995,-0.6216200000000001,0.8745199999999969,22.1
2020-01-01 22:09:00,0.2865,3657.6,4489.8,9.0426,26.718,41.804,2693.9,75.928,120.38,0.306,80.192,50.723,2621.2,28.182,48.943,3096.4,21.858,64.054,183.46,335.48,94.899,76.695,31.77,8.8546,26.744,6.9791,18.772,1.6459,32.469,13.886,24.586,1.0695,18.964,2.275,4.8634,2.3025,0.0064561,0.90237,0.11332,53.993,44.143,62.907,53.991,28.218,75.273,20.61,37.506,40.228,44.087,36.168,40.112,20.812,0.04203139999999997,-0.3099930000000004,-12.123999999999796,0.8719099999999997,-0.03319040000000001,0.7311199999999971,-13.510000000000218,-1.0752100000000056,-1.035219999999999,-46.4812,-5.82589999999999,-0.45034000000000063,-0.044638000000000844,0.27080000000000126,0.0380199999999995,-0.490559999999995,0.06325999999999965,-0.17383800000000016,0.36005999999999716,-0.012020970000000002,0.06641450000000004,0.016043050000000003,-0.11771000000000242,4.18899,13.994989999999994,-1.557380000000002,2.151769999999999,-2.4891699999999943,-11.133769999999998,-0.9766199999999969,2.5715199999999996,22.15
2020-01-01 22:12:00,0.26937,3649.2,4500.8,9.2306,26.754,41.886,2691.8,76.065,120.42,0.32595,80.105,50.821,2619.6,27.152,49.833,3094.0,23.264,63.997,183.74,334.91,94.89,76.782,31.26,9.0197,26.673,7.1181,19.459,1.6518,31.999,13.802,24.003,1.3504,19.433,2.2704,4.9054,2.3843,0.0064561,0.90237,0.11332,53.993,44.143,62.702,54.557,26.658,74.903,20.704,39.996,40.517,46.148,36.302,40.758,17.497,0.02490139999999999,-0.1219929999999998,-14.223999999999705,1.0089100000000002,-0.013240399999999986,0.8291199999999961,-15.110000000000127,-0.18521000000000498,0.3707799999999999,-46.2012,-6.395899999999983,-0.9603399999999986,0.12046199999999985,0.19979999999999976,0.7250200000000007,-0.9605599999999974,-0.02073999999999998,0.10706199999999999,0.8290599999999984,-0.012020970000000002,0.06641450000000004,0.016043050000000003,-0.3227100000000007,2.6289900000000017,13.624990000000004,-1.4633800000000008,2.4407700000000006,-0.4281699999999944,-10.999769999999998,-0.33061999999999614,-0.7434800000000017,22.2
2020-01-01 22:15:00,0.26892,3631.7,4499.6,9.1775,27.013,41.89,2692.4,76.112,120.4,0.32693,80.236,48.731,2619.6,26.528,51.521,3095.6,23.32,64.051,186.94,335.09,95.014,77.273,31.26,9.0197,26.673,7.1181,19.459,1.6518,31.999,13.802,24.003,1.3504,19.433,2.2704,4.9054,2.3843,0.029464,0.89356,0.11101,53.066,43.531,63.004,54.571,26.702,77.89,20.61,39.877,34.367,50.055,37.145,40.455,17.337,0.024451399999999984,-0.1750930000000004,-13.623999999999796,1.0559099999999972,-0.012260400000000005,-1.2608800000000002,-15.110000000000127,1.5027899999999974,0.4267800000000008,-43.00120000000001,-6.215900000000033,-0.9603399999999986,0.12046199999999985,0.19979999999999976,0.7250200000000007,-0.9605599999999974,-0.02073999999999998,0.10706199999999999,0.8290599999999984,0.010986929999999999,0.05760450000000006,0.013733049999999997,-0.020710000000001116,2.672990000000002,16.61199,-1.557380000000002,-3.709230000000005,3.478830000000002,-10.156769999999995,-0.6336200000000005,-0.9034800000000018,22.25
2020-01-01 22:18:00,0.32406,3603.2,4458.1,9.1643,26.998,42.255,2694.0,75.772,120.39,0.31658,80.491,50.719,2621.5,25.47,50.251,3097.0,22.847,64.158,189.62,334.53,94.863,77.226,31.453,8.9697,26.629,6.8248,19.425,1.6817,32.051,13.956,23.79,1.3841,19.377,2.2849,4.8697,2.3023,0.029464,0.89356,0.11101,53.066,43.531,62.118,53.325,32.367,75.885,20.491,38.914,40.215,47.115,37.482,39.99,18.449,0.0795914,-0.18829299999999982,-12.023999999999887,0.715910000000008,-0.02261040000000003,0.7271199999999993,-13.210000000000036,0.23278999999999428,-0.04621999999999815,-40.321200000000005,-6.775900000000036,-0.7673400000000008,0.07046199999999914,0.15580000000000283,0.6910200000000017,-0.9085599999999943,0.13325999999999993,0.14076200000000005,0.7730599999999974,0.010986929999999999,0.05760450000000006,0.013733049999999997,-0.9067099999999968,8.337989999999998,14.606990000000003,-1.6763800000000018,2.138770000000001,0.5388300000000044,-9.819769999999998,-1.0986199999999968,0.20852000000000004,22.3
2020-01-01 22:21:00,0.32587,3604.4,4447.8,9.1891,26.722,42.273,2693.1,75.334,120.41,0.31968,80.337,50.479,2619.8,25.365,49.97,3095.7,24.376,64.239,191.71,334.86,95.073,76.952,31.453,8.9697,26.629,6.8248,19.425,1.6817,32.051,13.956,23.79,1.3841,19.377,2.2849,4.8697,2.3023,0.029464,0.89356,0.11101,53.066,43.531,62.098,53.448,32.189,74.844,20.655,38.536,39.511,46.466,37.864,39.976,14.848,0.08140139999999998,-0.16349300000000078,-12.923999999999978,0.27791000000000565,-0.019510399999999983,0.48711999999999733,-14.909999999999854,-0.04821000000000453,1.4827800000000018,-38.2312,-6.445899999999995,-0.7673400000000008,0.07046199999999914,0.15580000000000283,0.6910200000000017,-0.9085599999999943,0.13325999999999993,0.14076200000000005,0.7730599999999974,0.010986929999999999,0.05760450000000006,0.013733049999999997,-0.9267099999999999,8.15999,13.565989999999992,-1.5123800000000003,1.4347700000000003,-0.11016999999999655,-9.43777,-1.1126199999999997,-3.392480000000001,22.35
2020-01-01 22:24:00,0.31529,3693.5,4428.9,9.1378,26.777,42.558,2693.5,75.832,120.4,0.33657,80.373,51.533,2621.3,28.033,51.06,3096.1,23.206,64.31,193.67,335.04,94.783,77.151,31.463,8.8786,26.709,6.8011,19.231,1.6565,32.263,13.67,24.323,1.3865,19.373,2.283,4.8476,2.3238,0.029464,0.89356,0.11101,53.066,43.531,63.053,53.645,31.252,76.042,20.803,40.702,42.612,48.987,38.259,40.959,17.617,0.0708214,-0.21479300000000023,-12.523999999999887,0.7759099999999961,-0.0026204000000000227,1.5411199999999994,-13.409999999999854,1.0417899999999989,0.31278000000000006,-36.27120000000002,-6.265899999999988,-0.7573399999999992,-0.020637999999999934,0.23580000000000112,0.4970200000000027,-0.6965599999999981,-0.15273999999999965,0.143162,0.7690599999999996,0.010986929999999999,0.05760450000000006,0.013733049999999997,0.028289999999998372,7.222989999999999,14.76399,-1.3643800000000006,4.535769999999999,2.4108300000000042,-9.042769999999997,-0.12961999999999563,-0.6234800000000007,22.4
2020-01-01 22:27:00,0.31687,3697.6,4482.4,9.1578,26.825,42.146,2691.5,74.896,120.41,0.33772,80.384,48.401,2619.5,25.352,48.897,3095.7,23.126,64.371,193.94,334.66,94.883,76.998,31.463,8.8786,26.709,6.8011,19.231,1.6565,32.263,13.67,24.323,1.3865,19.373,2.283,4.8476,2.3238,0.029464,0.89356,0.11101,53.066,43.531,62.982,53.005,31.096,75.634,20.603,40.561,33.396,43.982,38.8,40.703,17.824,0.07240139999999998,-0.19479300000000066,-14.523999999999887,-0.16008999999999673,-0.0014703999999999828,-1.5908799999999985,-15.210000000000036,-1.121210000000005,0.23278000000000176,-36.00120000000001,-6.645899999999983,-0.7573399999999992,-0.020637999999999934,0.23580000000000112,0.4970200000000027,-0.6965599999999981,-0.15273999999999965,0.143162,0.7690599999999996,0.010986929999999999,0.05760450000000006,0.013733049999999997,-0.04270999999999958,7.0669900000000005,14.355989999999998,-1.5643799999999999,-4.680230000000002,-2.5941699999999983,-8.50177,-0.38561999999999585,-0.41647999999999996,22.45
2020-01-01 22:30:00,0.32386,3692.9,4445.3,9.2375,26.875,42.714,2691.8,75.559,120.42,0.30642,80.431,50.276,2619.1,27.32,50.99,3094.8,22.465,64.439,192.3,335.27,94.715,77.469,31.43,8.7529,26.195,6.8297,18.98,1.7215,32.069,14.066,24.261,1.2669,19.786,2.289,4.8163,2.3475,0.020223,0.90964,0.11199,53.71,42.969,63.337,53.833,31.705,74.808,20.945,36.697,38.911,48.824,39.396,41.46,19.364,0.07939139999999997,-0.11509299999999989,-14.223999999999705,0.50291,-0.03277039999999998,0.2841200000000015,-15.610000000000127,0.9717899999999986,-0.4282199999999996,-37.6412,-6.0359000000000265,-0.7903400000000005,-0.14633800000000008,-0.2781999999999982,0.24602000000000146,-0.8905599999999936,0.24326000000000114,0.02356199999999986,1.1820599999999999,0.0017459299999999997,0.07368450000000004,0.014713050000000005,0.3122900000000044,7.675989999999999,13.529990000000005,-1.2223800000000011,0.8347699999999989,2.2478300000000004,-7.905769999999997,0.37138000000000204,1.1235199999999992,22.5
2020-01-01 22:33:00,0.32259,3717.4,4481.5,9.2805,26.606,42.157,2692.8,75.637,120.41,0.30603,80.527,49.36,2620.0,26.655,49.425,3095.5,22.889,64.507,197.16,335.5,94.705,76.916,31.43,8.7529,26.195,6.8297,18.98,1.7215,32.069,14.066,24.261,1.2669,19.786,2.289,4.8163,2.3475,0.020223,0.90964,0.11199,53.71,42.969,62.914,53.401,31.83,75.208,20.481,36.744,36.218,45.203,39.472,40.705,18.39,0.07812139999999998,-0.07209300000000063,-13.223999999999705,0.5809100000000029,-0.03316039999999998,-0.6318800000000024,-14.710000000000036,-0.5932100000000062,-0.0042200000000001125,-32.78120000000001,-5.805900000000008,-0.7903400000000005,-0.14633800000000008,-0.2781999999999982,0.24602000000000146,-0.8905599999999936,0.24326000000000114,0.02356199999999986,1.1820599999999999,0.0017459299999999997,0.07368450000000004,0.014713050000000005,-0.11070999999999742,7.800989999999999,13.929989999999997,-1.6863799999999998,-1.858229999999999,-1.3731699999999947,-7.829769999999996,-0.3836200000000005,0.149519999999999,22.55
2020-01-01 22:36:00,0.3369,3695.1,4517.0,9.372,27.044,42.241,2687.9,74.955,120.43,0.34853,80.26,48.772,2614.7,25.129,51.14,3093.0,23.52,64.555,198.3,334.93,94.698,77.203,31.947,8.7509,26.072,6.8749,19.356,1.6826,32.241,14.127,23.795,1.396,19.276,2.2486,4.8783,2.3397,0.020223,0.90964,0.11199,53.71,42.969,63.11,53.534,32.575,74.678,20.305,42.242,34.486,49.172,39.878,41.664,16.893,0.09243139999999997,0.019406999999999286,-18.123999999999796,-0.10108999999999924,0.009339600000000003,-1.2198800000000034,-20.01000000000022,1.1217899999999972,0.6267800000000001,-31.641199999999998,-6.3759000000000015,-0.273340000000001,-0.14833800000000075,-0.40119999999999933,0.6220200000000027,-0.7185599999999965,0.3042600000000011,0.15266199999999985,0.6720599999999983,0.0017459299999999997,0.07368450000000004,0.014713050000000005,0.08529000000000053,8.545990000000003,13.399989999999995,-1.8623800000000017,-3.5902300000000054,2.5958299999999994,-7.4237699999999975,0.5753800000000027,-1.347480000000001,22.6
2020-01-01 22:39:00,0.33615,3691.2,4498.1,9.343,27.267,42.545,2688.2,74.959,120.4,0.3461,80.467,49.785,2615.4,25.734,50.011,3092.9,23.21,64.622,199.4,335.01,94.72,77.125,31.947,8.7509,26.072,6.8749,19.356,1.6826,32.241,14.127,23.795,1.396,19.276,2.2486,4.8783,2.3397,0.020223,0.90964,0.11199,53.71,42.969,63.177,53.76,32.649,75.203,20.554,42.54,37.468,46.559,40.286,40.597,17.623,0.0916814,-0.009593000000000629,-17.82400000000007,-0.09708999999999435,0.006909600000000016,-0.20688000000000528,-19.309999999999945,-0.007210000000000605,0.3167800000000014,-30.541200000000003,-6.295900000000017,-0.273340000000001,-0.14833800000000075,-0.40119999999999933,0.6220200000000027,-0.7185599999999965,0.3042600000000011,0.15266199999999985,0.6720599999999983,0.0017459299999999997,0.07368450000000004,0.014713050000000005,0.1522900000000007,8.619990000000001,13.924990000000001,-1.613380000000003,-0.6082299999999989,-0.01717000000000013,-7.015769999999996,-0.4916199999999975,-0.6174800000000005,22.65
2020-01-01 22:42:00,0.28983,3656.1,4480.2,9.2127,26.909,42.332,2686.7,75.19,120.4,0.35709,80.547,52.176,2614.2,24.755,49.101,3090.1,22.871,64.698,201.41,335.81,94.689,77.323,31.677,9.0038,26.201,6.9358,19.436,1.7092,32.83,13.877,24.225,1.3379,19.377,2.3273,4.8913,2.3237,0.020223,0.90964,0.11199,53.71,42.969,63.414,52.987,28.397,76.177,20.607,43.236,44.503,44.453,40.61,40.807,18.414,0.04536139999999997,-0.1398930000000007,-19.32400000000007,0.1339100000000002,0.017899600000000015,2.18412,-20.51000000000022,-0.9172100000000043,-0.022220000000000795,-28.531200000000013,-5.495900000000006,-0.5433400000000006,0.1045619999999996,-0.272199999999998,0.702020000000001,-0.1295599999999979,0.054260000000001085,0.09456200000000003,0.7730599999999974,0.0017459299999999997,0.07368450000000004,0.014713050000000005,0.3892900000000026,4.367989999999999,14.898990000000005,-1.560380000000002,6.426769999999998,-2.1231699999999947,-6.691769999999998,-0.28161999999999665,0.1735199999999999,22.7
2020-01-01 22:45:00,0.28678,3686.9,4494.4,9.1974,26.89,42.084,2685.0,75.644,120.38,0.35515,80.566,51.022,2611.6,28.105,51.175,3089.5,22.651,64.794,204.07,334.96,94.76,77.131,31.677,9.0038,26.201,6.9358,19.436,1.7092,32.83,13.877,24.225,1.3379,19.377,2.3273,4.8913,2.3237,0.011266,0.90199,0.098474,53.132,43.459,62.883,52.817,28.697,76.642,20.233,43.473,41.108,49.254,41.4,40.89,18.946,0.04231139999999997,-0.15519300000000058,-21.023999999999887,0.5879100000000079,0.015959600000000018,1.0301199999999966,-23.110000000000127,1.1567899999999938,-0.24221999999999966,-25.871200000000016,-6.345900000000029,-0.5433400000000006,0.1045619999999996,-0.272199999999998,0.702020000000001,-0.1295599999999979,0.054260000000001085,0.09456200000000003,0.7730599999999974,-0.007211070000000002,0.0660345,0.001197050000000005,-0.14170999999999623,4.66799,15.363989999999994,-1.9343800000000009,3.0317699999999945,2.67783,-5.901769999999999,-0.19861999999999824,0.7055199999999999,22.75
2020-01-01 22:48:00,0.31855,3649.0,4437.7,9.1785,26.849,42.34,2684.9,75.912,120.4,0.32987,80.534,50.931,2611.1,27.864,50.819,3087.7,22.497,64.893,209.41,335.51,94.719,77.487,31.398,8.7992,26.221,6.7854,19.459,1.6654,31.984,13.763,23.225,1.2067,19.098,2.2622,4.8974,2.3014,0.011266,0.90199,0.098474,53.132,43.459,62.979,53.194,31.472,75.744,20.597,40.125,40.84,48.43,41.65,40.918,19.288,0.07408139999999999,-0.17409300000000094,-21.123999999999796,0.8559100000000086,-0.009320400000000006,0.9391199999999955,-23.610000000000127,0.8007899999999992,-0.3962199999999996,-20.531200000000013,-5.795900000000017,-0.8223400000000005,-0.10003799999999963,-0.2521999999999984,0.7250200000000007,-0.9755599999999944,-0.05973999999999968,-0.03663799999999995,0.4940599999999975,-0.007211070000000002,0.0660345,0.001197050000000005,-0.045709999999999695,7.442990000000002,14.465989999999998,-1.57038,2.763770000000001,1.853830000000002,-5.651769999999999,-0.17061999999999955,1.0475199999999987,22.8
2020-01-01 22:51:00,0.32239,3669.8,4441.0,9.2444,26.833,42.636,2685.6,74.93,120.38,0.33262,80.616,49.905,2612.5,25.821,50.309,3088.3,23.078,64.974,210.9,335.99,94.792,77.209,31.398,8.7992,26.221,6.7854,19.459,1.6654,31.984,13.763,23.225,1.2067,19.098,2.2622,4.8974,2.3014,0.011266,0.90199,0.098474,53.132,43.459,62.622,53.155,31.094,74.895,20.576,39.789,37.821,47.25,42.237,40.151,17.921,0.0779214,-0.10819299999999998,-20.423999999999978,-0.1260899999999907,-0.006570399999999976,-0.08688000000000073,-22.210000000000036,0.2907899999999941,0.18477999999999994,-19.041200000000003,-5.315899999999999,-0.8223400000000005,-0.10003799999999963,-0.2521999999999984,0.7250200000000007,-0.9755599999999944,-0.05973999999999968,-0.03663799999999995,0.4940599999999975,-0.007211070000000002,0.0660345,0.001197050000000005,-0.402709999999999,7.064990000000002,13.616989999999994,-1.591380000000001,-0.2552300000000045,0.6738300000000024,-5.064769999999996,-0.9376199999999955,-0.3194800000000022,22.85
2020-01-01 22:54:00,0.35426,3711.7,4428.0,9.2611,26.371,42.299,2686.3,75.123,120.43,0.31769,80.54,50.569,2614.3,24.873,49.16,3087.6,22.86,65.065,210.97,336.25,94.547,77.273,32.467,9.0433,25.722,7.0595,19.558,1.6679,32.415,13.944,23.481,1.4239,19.489,2.3131,4.9084,2.2783,0.011266,0.90199,0.098474,53.132,43.459,63.24,53.141,34.607,76.541,20.647,38.557,39.773,44.591,42.949,42.068,18.444,0.10979140000000001,-0.09149299999999982,-19.723999999999705,0.06691000000000713,-0.02150040000000003,0.5771200000000007,-20.409999999999854,-0.8582100000000068,-0.03322000000000003,-18.97120000000001,-5.055900000000008,0.24665999999999855,0.1440619999999999,-0.7511999999999972,0.8240200000000009,-0.544559999999997,0.12126000000000126,0.1805619999999999,0.8850599999999993,-0.007211070000000002,0.0660345,0.001197050000000005,0.2152900000000031,10.57799,15.262989999999995,-1.520380000000003,1.6967700000000008,-1.9851699999999965,-4.35277,0.979379999999999,0.20351999999999748,22.9
2020-01-01 22:57:00,0.35481,3714.5,4442.6,9.1996,26.832,42.268,2684.3,74.627,120.4,0.31755,80.356,49.993,2611.9,27.188,51.49,3088.2,23.461,65.133,214.79,336.25,94.671,76.969,32.467,9.0433,25.722,7.0595,19.558,1.6679,32.415,13.944,23.481,1.4239,19.489,2.3131,4.9084,2.2783,0.011266,0.90199,0.098474,53.132,43.459,63.191,52.968,34.554,75.866,20.531,38.574,38.079,49.982,43.325,40.55,17.052,0.1103414,-0.15299300000000038,-21.723999999999705,-0.4290900000000022,-0.021640400000000004,0.001120000000000232,-22.809999999999945,1.4717899999999986,0.5677799999999991,-15.151200000000017,-5.055900000000008,0.24665999999999855,0.1440619999999999,-0.7511999999999972,0.8240200000000009,-0.544559999999997,0.12126000000000126,0.1805619999999999,0.8850599999999993,-0.007211070000000002,0.0660345,0.001197050000000005,0.1662900000000036,10.524990000000003,14.587989999999998,-1.6363800000000026,0.002769999999998163,3.4058300000000017,-3.976769999999995,-0.5386200000000017,-1.188480000000002,22.95
2020-01-01 23:00:00,0.2529,3619.4,4375.4,9.3252,26.756,42.289,2684.6,74.511,120.39,0.33748,80.569,50.396,2613.1,26.781,51.251,3084.8,22.959,65.156,215.29,336.81,94.725,77.241,31.771,8.8547,25.69,6.7038,18.657,1.6779,32.773,13.898,23.808,1.5111,19.261,2.3024,4.907,2.4554,0.041388,0.92238,0.074004,54.383,43.746,62.386,53.406,24.763,74.044,21.059,41.026,39.265,49.43,43.926,41.22,18.217,0.008431400000000006,-0.027393,-21.423999999999978,-0.5450900000000019,-0.0017104000000000008,0.4041199999999989,-21.610000000000127,1.2327899999999943,0.06578000000000017,-14.651200000000017,-4.495900000000006,-0.4493399999999994,-0.04453800000000108,-0.7831999999999972,-0.07697999999999894,-0.18655999999999295,0.0752600000000001,0.26776200000000006,0.6570599999999978,0.02291093,0.08642450000000002,-0.02327295,-0.6387099999999961,0.7339900000000021,12.765989999999995,-1.1083800000000004,1.188769999999998,2.853830000000002,-3.3757699999999957,0.13138000000000005,-0.023480000000002832,23.0
2020-01-01 23:03:00,0.25129,3594.3,4390.8,9.262,26.933,41.991,2683.1,74.657,120.38,0.33799,80.513,48.414,2610.4,24.862,50.574,3084.4,23.334,65.289,216.93,336.82,94.921,77.579,31.771,8.8547,25.69,6.7038,18.657,1.6779,32.773,13.898,23.808,1.5111,19.261,2.3024,4.907,2.4554,0.041388,0.92238,0.074004,54.383,43.746,62.818,53.221,24.921,75.257,20.777,40.964,33.433,47.862,44.457,40.268,17.303,0.006821400000000005,-0.09059300000000015,-22.923999999999978,-0.39909000000000106,-0.0012003999999999904,-1.5778800000000004,-24.309999999999945,0.5557899999999947,0.44078000000000017,-13.011200000000002,-4.485900000000015,-0.4493399999999994,-0.04453800000000108,-0.7831999999999972,-0.07697999999999894,-0.18655999999999295,0.0752600000000001,0.26776200000000006,0.6570599999999978,0.02291093,0.08642450000000002,-0.02327295,-0.20671000000000106,0.8919899999999998,13.978990000000003,-1.3903800000000004,-4.643230000000003,1.2858300000000042,-2.844769999999997,-0.8206199999999981,-0.9374800000000008,23.05
2020-01-01 23:06:00,0.31797,3717.5,4531.4,9.3837,26.811,42.194,2687.9,75.15,120.43,0.33273,80.873,51.726,2616.4,24.461,49.827,3089.6,21.951,65.413,218.01,336.65,94.56,77.623,32.493,8.982,25.783,7.137,19.141,1.6593,32.43,13.843,23.375,1.2898,19.437,2.309,4.9252,2.2836,0.041388,0.92238,0.074004,54.383,43.746,63.817,53.692,31.733,74.838,20.794,40.509,43.179,46.133,45.034,41.198,20.55,0.07350139999999997,0.031106999999998663,-18.123999999999796,0.09391000000000815,-0.006460399999999977,1.7341199999999972,-18.309999999999945,-0.1912100000000052,-0.942219999999999,-11.931200000000018,-4.655900000000031,0.2726600000000019,0.08276199999999889,-0.6901999999999973,0.40701999999999927,-0.5295599999999965,0.02026000000000039,0.046462,0.8330599999999997,0.02291093,0.08642450000000002,-0.02327295,0.7922900000000013,7.703990000000001,13.559989999999992,-1.373380000000001,5.10277,-0.44316999999999496,-2.2677699999999987,0.10938000000000159,2.309519999999999,23.1
2020-01-01 23:09:00,0.3216,3710.1,4508.2,9.2727,27.24,42.519,2687.9,74.147,120.41,0.33523,80.847,49.409,2615.5,25.11,47.637,3090.9,22.524,65.546,222.97,336.89,94.53,77.579,32.493,8.982,25.783,7.137,19.141,1.6593,32.43,13.843,23.375,1.2898,19.437,2.309,4.9252,2.2836,0.041388,0.92238,0.074004,54.383,43.746,63.944,53.97,31.376,75.316,20.822,40.203,36.361,41.064,45.258,41.135,19.17,0.07713139999999999,-0.07989300000000021,-18.123999999999796,-0.909089999999992,-0.0039604000000000306,-0.582880000000003,-19.210000000000036,-2.381210000000003,-0.36921999999999855,-6.97120000000001,-4.415900000000022,0.2726600000000019,0.08276199999999889,-0.6901999999999973,0.40701999999999927,-0.5295599999999965,0.02026000000000039,0.046462,0.8330599999999997,0.02291093,0.08642450000000002,-0.02327295,0.9192900000000037,7.346990000000002,14.03799,-1.3453800000000022,-1.7152300000000054,-5.512169999999998,-2.043769999999995,0.0463799999999992,0.9295200000000001,23.15
2020-01-01 23:12:00,0.25117,3596.7,4455.8,9.2425,27.022,42.119,2684.2,73.589,120.4,0.32705,80.561,50.083,2611.6,25.709,48.744,3085.2,22.575,65.638,219.71,337.35,94.637,77.051,32.456,9.1409,25.849,7.0318,19.269,1.6594,32.191,13.965,23.475,1.3979,18.856,2.2658,4.9092,2.3029,0.041388,0.92238,0.074004,54.383,43.746,62.06,53.389,24.687,75.672,20.941,39.807,38.344,43.627,46.214,41.684,19.096,0.006701399999999996,-0.11009300000000088,-21.82400000000007,-1.467089999999999,-0.012140399999999996,0.09111999999999654,-23.110000000000127,-1.2742100000000036,-0.31822000000000017,-10.231200000000001,-3.9558999999999855,0.23566000000000287,0.24166199999999982,-0.6241999999999983,0.5350199999999994,-0.7685599999999937,0.14226000000000028,0.15456199999999987,0.2520600000000002,0.02291093,0.08642450000000002,-0.02327295,-0.9647099999999966,0.6579900000000016,14.393989999999995,-1.2263800000000025,0.26776999999999873,-2.949169999999995,-1.087769999999999,0.5953799999999987,0.8555199999999985,23.2
2020-01-01 23:15:00,0.2471,3591.6,4456.3,9.32,26.657,42.018,2683.7,75.334,120.37,0.32581,80.376,50.549,2611.8,25.352,51.43,3082.9,22.285,65.634,227.24,337.68,95.0,77.315,32.456,9.1409,25.849,7.0318,19.269,1.6594,32.191,13.965,23.475,1.3979,18.856,2.2658,4.9092,2.3029,0.026643,0.88875,0.11609,54.38,43.91,62.148,53.383,25.088,76.512,21.11,39.959,39.715,49.844,46.868,40.143,19.784,0.002631399999999978,-0.032593000000000316,-22.32400000000007,0.27791000000000565,-0.013380400000000015,0.5571199999999976,-22.909999999999854,1.4117899999999963,-0.6082199999999993,-2.7012,-3.6259000000000015,0.23566000000000287,0.24166199999999982,-0.6241999999999983,0.5350199999999994,-0.7685599999999937,0.14226000000000028,0.15456199999999987,0.2520600000000002,0.008165929999999998,0.05279450000000008,0.018813049999999998,-0.8767099999999957,1.0589900000000014,15.233989999999999,-1.057380000000002,1.638770000000001,3.2678300000000036,-0.43376999999999555,-0.9456199999999981,1.5435199999999973,23.25
2020-01-01 23:18:00,0.25098,3616.0,4467.7,9.4927,27.064,42.263,2686.1,74.656,120.39,0.34125,80.512,50.493,2613.7,23.459,49.095,3085.6,22.974,65.659,229.42,337.86,94.732,77.625,31.663,8.6584,26.469,7.1265,19.496,1.6645,32.902,13.69,23.03,1.2496,19.109,2.2723,4.9282,2.3893,0.026643,0.88875,0.11609,54.38,43.91,62.459,52.86,24.83,76.714,21.251,41.464,39.552,44.439,47.626,40.072,18.122,0.006511399999999973,0.14010699999999865,-19.923999999999978,-0.4000899999999916,0.0020595999999999948,0.5011200000000002,-21.01000000000022,-0.9232100000000045,0.08078000000000074,-0.5212000000000216,-3.4458999999999946,-0.55734,-0.2408380000000001,-0.004199999999997317,0.7620199999999997,-0.05755999999999517,-0.13274000000000008,0.00626199999999999,0.5050600000000003,0.008165929999999998,0.05279450000000008,0.018813049999999998,-0.5657099999999957,0.8009899999999988,15.435989999999997,-0.9163800000000002,1.4757699999999971,-2.1371699999999976,0.32423,-1.016619999999996,-0.1184800000000017,23.3
2020-01-01 23:21:00,0.25355,3639.2,4451.2,9.3594,26.956,42.163,2686.2,74.18,120.42,0.3399,80.525,51.472,2614.7,25.078,50.194,3087.4,23.7,65.792,232.94,337.91,94.844,77.339,31.663,8.6584,26.469,7.1265,19.496,1.6645,32.902,13.69,23.03,1.2496,19.109,2.2723,4.9282,2.3893,0.026643,0.88875,0.11609,54.38,43.91,62.06,53.058,24.576,78.176,21.021,41.629,42.431,46.982,48.258,41.178,16.413,0.00908139999999999,0.0068070000000002295,-19.82400000000007,-0.8760899999999907,0.0007095999999999769,1.4801199999999994,-20.01000000000022,0.17578999999999922,0.8067799999999998,2.9987999999999886,-3.3958999999999833,-0.55734,-0.2408380000000001,-0.004199999999997317,0.7620199999999997,-0.05755999999999517,-0.13274000000000008,0.00626199999999999,0.5050600000000003,0.008165929999999998,0.05279450000000008,0.018813049999999998,-0.9647099999999966,0.546990000000001,16.89799,-1.1463800000000006,4.354769999999995,0.4058300000000017,0.956230000000005,0.08937999999999846,-1.8274800000000013,23.35
2020-01-01 23:24:00,0.32953,3600.5,4413.0,9.3145,27.035,41.886,2690.9,74.429,120.4,0.31464,80.608,50.718,2618.5,23.822,51.076,3091.8,23.046,65.875,236.8,338.12,94.829,77.856,31.963,8.9752,26.007,6.8222,19.35,1.675,32.704,13.81,23.574,1.2515,19.394,2.321,4.8915,2.2936,0.026643,0.88875,0.11609,54.38,43.91,61.709,52.858,32.447,76.924,20.908,37.36,40.214,49.025,48.856,40.406,17.92,0.08506139999999998,-0.03809299999999993,-15.123999999999796,-0.6270899999999955,-0.024550400000000028,0.7261200000000017,-16.210000000000036,1.0577899999999971,0.15277999999999992,6.858800000000002,-3.1859000000000037,-0.25733999999999924,0.07596199999999875,-0.46619999999999706,0.6160200000000025,-0.25555999999999557,-0.012739999999999085,0.008162000000000003,0.7900599999999969,0.008165929999999998,0.05279450000000008,0.018813049999999998,-1.3157099999999957,8.417990000000003,15.645990000000005,-1.2593800000000002,2.137769999999996,2.448830000000001,1.554230000000004,-0.68262,-0.3204799999999999,23.4
2020-01-01 23:27:00,0.32959,3598.6,4417.8,9.3314,27.075,42.466,2696.2,73.272,120.4,0.31397,80.751,48.664,2624.0,25.026,49.29,3095.1,22.983,66.02,236.97,339.19,94.707,77.39,31.963,8.9752,26.007,6.8222,19.35,1.675,32.704,13.81,23.574,1.2515,19.394,2.321,4.8915,2.2936,0.026643,0.88875,0.11609,54.38,43.91,61.743,52.799,32.441,78.037,21.616,37.442,34.17,44.89,49.774,40.243,18.074,0.08512139999999999,-0.02119300000000024,-9.82400000000007,-1.784089999999992,-0.025220399999999976,-1.3278800000000004,-10.710000000000036,-0.7282100000000042,0.08978000000000108,7.02879999999999,-2.1159000000000106,-0.25733999999999924,0.07596199999999875,-0.46619999999999706,0.6160200000000025,-0.25555999999999557,-0.012739999999999085,0.008162000000000003,0.7900599999999969,0.008165929999999998,0.05279450000000008,0.018813049999999998,-1.2817099999999968,8.411990000000003,16.758990000000004,-0.5513800000000018,-3.9062300000000008,-1.686169999999997,2.4722300000000033,-0.8456199999999967,-0.16647999999999996,23.45
2020-01-01 23:30:00,0.30402,3662.6,4371.9,9.424,27.184,42.72,2696.2,74.146,120.42,0.32412,80.488,50.115,2624.8,26.337,48.644,3096.4,23.35,66.088,237.45,339.8,94.605,77.115,32.388,9.0198,26.362,7.005,19.337,1.6856,32.844,13.877,23.326,1.0379,18.896,2.2863,4.9032,2.2963,-0.0056549,0.87473,0.071581,53.222,44.563,63.223,53.598,30.006,77.166,21.621,39.289,38.439,43.397,49.93,40.711,17.224,0.059551400000000004,0.07140699999999889,-9.82400000000007,-0.9100899999999967,-0.015070399999999984,0.12312000000000012,-9.909999999999854,-1.374210000000005,0.45678000000000196,7.5087999999999795,-1.505899999999997,0.16765999999999792,0.12056199999999961,-0.11120000000000019,0.6030200000000008,-0.115559999999995,0.054260000000001085,-0.205438,0.2920599999999993,-0.024131970000000003,0.038774500000000045,-0.025695949999999995,0.19829000000000008,5.976990000000001,15.887989999999995,-0.5463800000000028,0.3627699999999976,-3.179169999999999,2.628230000000002,-0.3776200000000003,-1.0164800000000014,23.5
2020-01-01 23:33:00,0.30547,3689.2,4464.2,9.3551,26.855,42.212,2696.9,73.617,120.42,0.32649,80.338,48.733,2624.9,27.522,49.416,3096.3,23.148,66.114,241.76,340.18,94.553,77.346,32.388,9.0198,26.362,7.005,19.337,1.6856,32.844,13.877,23.326,1.0379,18.896,2.2863,4.9032,2.2963,-0.0056549,0.87473,0.071581,53.222,44.563,62.765,52.493,29.864,75.857,21.68,39.0,34.371,45.182,50.157,40.616,17.689,0.06100140000000001,0.002506999999999593,-9.123999999999796,-1.439089999999993,-0.0127004,-1.2588800000000049,-9.809999999999945,-0.6022100000000066,0.25478000000000023,11.818799999999982,-1.1259000000000015,0.16765999999999792,0.12056199999999961,-0.11120000000000019,0.6030200000000008,-0.115559999999995,0.054260000000001085,-0.205438,0.2920599999999993,-0.024131970000000003,0.038774500000000045,-0.025695949999999995,-0.25970999999999833,5.834990000000001,14.578989999999997,-0.4873800000000017,-3.7052300000000002,-1.3941699999999955,2.855229999999999,-0.47261999999999915,-0.5514800000000015,23.55
2020-01-01 23:36:00,0.26584,3599.7,4418.8,9.4371,27.4,42.375,2697.9,74.212,120.42,0.33331,80.393,49.048,2626.3,24.883,49.959,3095.5,22.571,66.15,241.55,341.03,94.606,77.405,32.114,9.1262,25.472,6.7983,18.892,1.66,33.093,13.791,23.654,1.1963,19.205,2.2872,4.9768,2.3522,-0.0056549,0.87473,0.071581,53.222,44.563,62.672,52.972,25.718,75.35,22.015,40.011,35.299,46.438,50.787,41.301,19.043,0.021371400000000013,0.08450699999999856,-8.123999999999796,-0.8440899999999942,-0.005880400000000008,-0.94388,-8.409999999999854,-0.05921000000000021,-0.32221999999999795,11.608800000000002,-0.27590000000003556,-0.10634000000000299,0.22696200000000033,-1.0011999999999972,0.1580200000000005,0.13344000000000733,-0.03173999999999921,-0.047038000000000135,0.6010599999999968,-0.024131970000000003,0.038774500000000045,-0.025695949999999995,-0.35271000000000186,1.6889900000000004,14.071989999999992,-0.15238000000000085,-2.777230000000003,-0.13816999999999524,3.4852300000000014,0.21238000000000312,0.8025199999999977,23.6
2020-01-01 23:39:00,0.26474,3646.2,4431.8,9.4095,26.862,42.325,2698.4,74.944,120.39,0.33224,80.362,50.833,2627.3,24.192,51.347,3094.5,22.167,66.21,241.72,341.8,94.64,77.471,32.114,9.1262,25.472,6.7983,18.892,1.66,33.093,13.791,23.654,1.1963,19.205,2.2872,4.9768,2.3522,-0.0056549,0.87473,0.071581,53.222,44.563,61.872,52.816,25.827,75.689,22.307,40.142,40.552,49.652,51.381,40.643,19.989,0.020271399999999967,0.05690699999999893,-7.623999999999796,-0.11208999999999492,-0.006950400000000023,0.8411199999999965,-7.4099999999998545,1.328789999999998,-0.7262199999999979,11.77879999999999,0.4941000000000031,-0.10634000000000299,0.22696200000000033,-1.0011999999999972,0.1580200000000005,0.13344000000000733,-0.03173999999999921,-0.047038000000000135,0.6010599999999968,-0.024131970000000003,0.038774500000000045,-0.025695949999999995,-1.152709999999999,1.7979900000000022,14.410989999999991,0.1396199999999972,2.475769999999997,3.0758300000000034,4.079230000000003,-0.44561999999999813,1.7485199999999992,23.65
2020-01-01 23:42:00,0.28841,3672.4,4430.1,9.5279,26.869,42.543,2699.4,74.032,120.43,0.32623,80.247,50.594,2627.3,24.939,48.892,3098.6,23.15,66.259,244.65,341.43,94.593,77.326,32.418,8.9764,26.144,6.6821,18.522,1.6647,33.134,13.846,22.943,1.3649,18.479,2.2687,4.8884,2.354,-0.0056549,0.87473,0.071581,53.222,44.563,63.216,53.872,28.567,77.806,21.956,38.575,39.847,43.969,51.725,42.141,17.663,0.04394139999999999,0.1753070000000001,-6.623999999999796,-1.024090000000001,-0.012960399999999983,0.6021199999999993,-7.4099999999998545,-1.1262100000000004,0.2567799999999991,14.708799999999997,0.12409999999999854,0.19765999999999906,0.07716199999999951,-0.32920000000000016,-0.2119800000000005,0.17444000000000415,0.023260000000000502,0.12156199999999995,-0.12494000000000227,-0.024131970000000003,0.038774500000000045,-0.025695949999999995,0.19129000000000218,4.537990000000001,16.527989999999996,-0.2113800000000019,1.7707699999999988,-2.6071699999999964,4.423230000000004,1.0523799999999994,-0.5774800000000013,23.7
2020-01-01 23:45:00,0.29061,3683.4,4465.4,9.5159,26.889,42.424,2701.8,74.461,120.41,0.32552,80.28,50.793,2631.2,25.671,51.323,3099.5,23.44,66.259,247.42,342.44,94.424,77.661,32.418,8.9764,26.144,6.6821,18.522,1.6647,33.134,13.846,22.943,1.3649,18.479,2.2687,4.8884,2.354,0.0049378,0.84725,0.091405,53.989,44.371,63.026,53.45,28.35,75.385,22.362,38.663,40.432,49.596,51.81,41.791,16.946,0.04614139999999997,0.16330699999999965,-4.223999999999705,-0.595089999999999,-0.013670400000000027,0.8011199999999974,-3.5100000000002183,1.304789999999997,0.5467800000000018,17.47879999999998,1.1340999999999894,0.19765999999999906,0.07716199999999951,-0.32920000000000016,-0.2119800000000005,0.17444000000000415,0.023260000000000502,0.12156199999999995,-0.12494000000000227,-0.013539270000000003,0.011294499999999985,-0.005871950000000001,0.0012900000000044543,4.320990000000002,14.106990000000003,0.1946199999999969,2.3557699999999997,3.019829999999999,4.508230000000005,0.702379999999998,-1.29448,23.75
2020-01-01 23:48:00,0.25909,3707.8,4549.4,9.5079,27.065,42.449,2702.8,74.049,120.42,0.33298,80.34,49.06,2632.2,24.49,47.942,3100.9,23.545,66.325,248.12,342.81,94.382,77.498,32.291,8.8401,26.399,6.7248,18.894,1.6579,33.426,13.857,23.368,1.2078,18.576,2.3185,4.9603,2.275,0.0049378,0.84725,0.091405,53.989,44.371,63.759,53.363,25.522,76.456,22.474,39.231,35.334,41.772,52.228,41.488,16.693,0.014621399999999979,0.15530699999999875,-3.2239999999997053,-1.007089999999991,-0.006210400000000005,-0.9318799999999996,-2.5100000000002183,-2.076210000000003,0.6517800000000022,18.178799999999995,1.504099999999994,0.07065999999999661,-0.0591380000000008,-0.0741999999999976,0.16001999999999938,0.46644000000000574,0.034259999999999735,-0.03553800000000007,-0.027940000000000964,-0.013539270000000003,0.011294499999999985,-0.005871950000000001,0.7342900000000014,1.492989999999999,15.177990000000001,0.3066199999999988,-2.7422299999999993,-4.804169999999999,4.926230000000004,0.39938000000000073,-1.5474800000000002,23.8
2020-01-01 23:51:00,0.25956,3709.2,4470.9,9.4529,26.601,42.742,2701.3,74.567,120.41,0.33144,80.159,50.447,2630.4,23.931,50.947,3099.8,21.45,66.392,248.55,342.75,94.295,77.019,32.291,8.8401,26.399,6.7248,18.894,1.6579,33.426,13.857,23.368,1.2078,18.576,2.3185,4.9603,2.275,0.0049378,0.84725,0.091405,53.989,44.371,63.735,54.303,25.475,77.165,21.916,39.419,39.416,48.725,52.67,41.503,21.701,0.015091400000000005,0.10030699999999904,-4.723999999999705,-0.48909000000000447,-0.007750399999999991,0.45512000000000086,-4.309999999999945,0.9287899999999993,-1.4432200000000002,18.608800000000002,1.4440999999999917,0.07065999999999661,-0.0591380000000008,-0.0741999999999976,0.16001999999999938,0.46644000000000574,0.034259999999999735,-0.03553800000000007,-0.027940000000000964,-0.013539270000000003,0.011294499999999985,-0.005871950000000001,0.7102900000000005,1.4459900000000019,15.886990000000004,-0.25138000000000105,1.3397699999999944,2.148830000000004,5.368230000000004,0.4143800000000013,3.460519999999999,23.85
2020-01-01 23:54:00,0.27161,3690.0,4440.0,9.5012,27.119,42.398,2700.2,74.821,120.41,0.33451,79.971,50.181,2629.8,23.677,49.239,3098.2,23.359,66.387,250.04,342.62,94.421,77.424,32.166,8.9945,26.076,6.7523,18.636,1.6656,33.25,13.932,23.683,1.1147,18.407,2.2748,4.8635,2.2604,0.0049378,0.84725,0.091405,53.989,44.371,63.86,53.772,26.354,79.651,22.085,39.367,38.632,44.773,53.022,40.927,17.152,0.02714140000000001,0.14860700000000016,-5.824000000000069,-0.23508999999999958,-0.004680400000000029,0.18911999999999551,-4.9099999999998545,-0.7792100000000062,0.4657800000000023,20.098799999999983,1.3140999999999963,-0.054340000000003386,0.09526199999999996,-0.397199999999998,-0.09797999999999973,0.2904400000000038,0.1092600000000008,-0.12863800000000003,-0.19694000000000145,-0.013539270000000003,0.011294499999999985,-0.005871950000000001,0.8352900000000005,2.3249899999999997,18.372989999999994,-0.08238000000000056,0.5557699999999954,-1.8031699999999944,5.720230000000001,-0.1616199999999992,-1.0884800000000006,23.9
2020-01-01 23:57:00,0.26833,3710.4,4494.4,9.594,27.117,42.341,2703.9,74.637,120.41,0.33377,80.271,51.294,2633.2,24.348,50.241,3100.0,23.011,66.421,252.41,343.29,94.178,77.67,32.166,8.9945,26.076,6.7523,18.636,1.6656,33.25,13.932,23.683,1.1147,18.407,2.2748,4.8635,2.2604,0.0049378,0.84725,0.091405,53.989,44.371,63.508,53.121,26.676,76.699,22.527,39.457,41.909,47.091,53.29,42.114,17.942,0.023861400000000005,0.24140699999999882,-2.1239999999997963,-0.4190899999999971,-0.005420399999999992,1.302119999999995,-1.5100000000002183,0.22278999999999627,0.11777999999999977,22.468799999999987,1.9841000000000122,-0.054340000000003386,0.09526199999999996,-0.397199999999998,-0.09797999999999973,0.2904400000000038,0.1092600000000008,-0.12863800000000003,-0.19694000000000145,-0.013539270000000003,0.011294499999999985,-0.005871950000000001,0.48329000000000377,2.646989999999999,15.420989999999996,0.3596199999999996,3.8327699999999965,0.5148300000000035,5.9882300000000015,1.0253799999999984,-0.2984800000000014,23.95
2020-01-02 00:00:00,0.28225,3693.0,4518.7,9.4876,26.644,41.909,2705.8,74.422,120.41,0.34409,80.454,47.751,2635.2,26.156,51.849,3102.6,22.106,66.537,254.37,343.43,94.318,77.518,32.39,8.9383,26.451,6.7271,19.135,1.7056,32.909,13.859,23.225,1.3152,18.781,2.3155,4.84,2.3369,0.013896,0.83541,0.08717,54.232,42.686,63.702,53.466,27.6,76.955,22.429,40.331,31.482,50.814,52.931,41.973,20.074,0.03778139999999999,0.13500699999999988,-0.22399999999970532,-0.6340900000000005,0.004899600000000004,-2.240880000000004,0.4899999999997817,1.8307899999999933,-0.7872199999999978,24.428799999999995,2.1240999999999985,0.16966000000000037,0.039061999999999486,-0.022199999999998,0.4010200000000026,-0.050559999999997274,0.0362600000000004,0.07186199999999987,0.17705999999999733,-0.004581070000000001,-0.0005454999999999766,-0.010106950000000003,0.6772899999999993,3.570990000000002,15.676989999999996,0.2616199999999971,-6.594230000000003,4.237830000000002,5.62923,0.8843800000000002,1.83352,24.0
2020-01-02 00:03:00,0.28097,3670.7,4489.4,9.4373,26.659,42.368,2704.9,74.773,120.41,0.34201,80.24,48.76,2633.6,25.389,49.979,3102.3,23.013,66.597,250.85,343.65,94.309,77.27,32.39,8.9383,26.451,6.7271,19.135,1.7056,32.909,13.859,23.225,1.3152,18.781,2.3155,4.84,2.3369,0.013896,0.83541,0.08717,54.232,42.686,64.086,53.816,27.726,77.422,22.139,40.584,34.452,46.486,53.429,41.94,17.932,0.03650139999999999,0.08470699999999987,-1.1239999999997963,-0.2830900000000014,0.0028195999999999777,-1.2318800000000039,-1.1100000000001273,-0.039210000000004186,0.11978000000000222,20.908799999999985,2.344099999999969,0.16966000000000037,0.039061999999999486,-0.022199999999998,0.4010200000000026,-0.050559999999997274,0.0362600000000004,0.07186199999999987,0.17705999999999733,-0.004581070000000001,-0.0005454999999999766,-0.010106950000000003,1.0612899999999996,3.6969899999999996,16.143989999999995,-0.02838000000000207,-3.6242300000000043,-0.09017000000000053,6.127230000000004,0.8513799999999989,-0.308480000000003,24.05
2020-01-02 00:06:00,0.26125,3705.7,4462.8,9.3419,26.793,42.228,2704.0,74.286,120.39,0.33704,80.188,50.298,2633.6,23.81,50.783,3100.0,22.742,66.588,250.35,343.64,94.295,77.417,32.715,8.9126,25.828,6.7825,18.614,1.6478,33.441,13.79,23.187,1.223,18.554,2.2895,4.7999,2.3899,0.013896,0.83541,0.08717,54.232,42.686,63.838,52.892,25.227,79.53,22.4,39.32,38.977,48.346,53.661,41.617,18.562,0.016781399999999974,-0.010692999999999842,-2.0239999999998872,-0.7700899999999962,-0.0021503999999999968,0.30611999999999995,-1.1100000000001273,0.7647899999999979,-0.15121999999999858,20.408799999999985,2.334099999999978,0.4946600000000032,0.013361999999998986,-0.6451999999999991,-0.1199799999999982,0.4814400000000063,-0.032740000000000435,-0.020337999999999967,-0.04994000000000298,-0.004581070000000001,-0.0005454999999999766,-0.010106950000000003,0.8132900000000021,1.1979900000000008,18.25199,0.23261999999999716,0.9007699999999943,1.769829999999999,6.359230000000004,0.5283799999999985,0.3215199999999996,24.1
2020-01-02 00:09:00,0.25901,3690.0,4476.2,9.3911,26.831,42.697,2702.6,74.799,120.41,0.33791,80.025,49.105,2632.1,26.027,50.21,3098.5,22.884,66.594,254.01,343.95,94.339,77.089,32.715,8.9126,25.828,6.7825,18.614,1.6478,33.441,13.79,23.187,1.223,18.554,2.2895,4.7999,2.3899,0.013896,0.83541,0.08717,54.232,42.686,64.109,52.732,25.447,79.104,22.494,39.213,35.467,47.021,53.523,41.9,18.254,0.01454140000000001,0.03850699999999918,-3.423999999999978,-0.25708999999999094,-0.0012804000000000149,-0.886880000000005,-2.6100000000001273,0.19178999999999746,-0.009219999999999118,24.06879999999998,2.6440999999999804,0.4946600000000032,0.013361999999998986,-0.6451999999999991,-0.1199799999999982,0.4814400000000063,-0.032740000000000435,-0.020337999999999967,-0.04994000000000298,-0.004581070000000001,-0.0005454999999999766,-0.010106950000000003,1.0842899999999958,1.4179899999999996,17.825989999999997,0.32661999999999836,-2.6092300000000037,0.44483000000000317,6.221230000000006,0.8113799999999998,0.013519999999999754,24.15
2020-01-02 00:12:00,0.22334,3681.3,4538.8,9.4015,26.97,42.23,2699.0,74.842,120.38,0.32898,79.694,50.242,2628.1,25.062,51.921,3095.1,23.772,66.527,253.76,344.15,94.541,76.969,32.381,8.8579,25.639,6.8815,18.711,1.678,33.351,13.921,23.647,1.2506,18.495,2.2319,4.9049,2.4193,0.013896,0.83541,0.08717,54.232,42.686,63.893,53.244,22.027,78.389,22.42,38.477,38.812,50.979,53.736,41.111,16.185,-0.021128599999999997,0.04890699999999981,-7.023999999999887,-0.21408999999999878,-0.010210400000000008,0.25011999999999546,-6.610000000000127,1.902789999999996,0.878779999999999,23.81879999999998,2.844099999999969,0.16066000000000003,-0.04133799999999965,-0.8341999999999992,-0.022980000000000445,0.3914400000000029,0.09825999999999979,0.00726199999999988,-0.10894000000000048,-0.004581070000000001,-0.0005454999999999766,-0.010106950000000003,0.8682900000000018,-2.0020099999999985,17.110989999999994,0.2526200000000003,0.7357699999999952,4.402830000000002,6.4342299999999994,0.02237999999999829,-2.055480000000003,24.2
2020-01-02 00:15:00,0.22412,3708.9,4501.9,9.3613,26.858,42.232,2704.3,75.407,120.4,0.32627,80.166,52.862,2634.9,24.981,48.517,3097.7,22.542,66.518,253.31,344.31,94.274,77.99,32.381,8.8579,25.639,6.8815,18.711,1.678,33.351,13.921,23.647,1.2506,18.495,2.2319,4.9049,2.4193,-0.006964,0.8173,0.11422,53.736,44.43,63.418,53.686,21.951,79.013,23.159,38.807,46.522,43.102,53.674,41.604,19.018,-0.020348599999999994,0.008706999999999354,-1.7239999999997053,0.35090999999999894,-0.012920399999999999,2.87012,0.19000000000005457,-1.5012100000000004,-0.35121999999999787,23.368799999999993,3.004099999999994,0.16066000000000003,-0.04133799999999965,-0.8341999999999992,-0.022980000000000445,0.3914400000000029,0.09825999999999979,0.00726199999999988,-0.10894000000000048,-0.025441070000000003,-0.018655499999999936,0.01694305,0.39329000000000036,-2.078009999999999,17.734990000000003,0.9916199999999975,8.445769999999996,-3.474170000000001,6.372230000000002,0.5153800000000004,0.7775199999999991,24.25
2020-01-02 00:18:00,0.25326,3684.6,4486.7,9.4047,26.535,42.427,2706.0,75.406,120.38,0.34197,80.21,48.841,2635.1,24.376,49.174,3100.6,22.66,66.576,254.88,344.25,94.457,77.407,32.12,8.8981,26.271,7.0742,19.057,1.6902,33.734,13.714,23.293,1.3574,18.373,2.3113,4.8352,2.2104,-0.006964,0.8173,0.11422,53.736,44.43,63.015,53.648,24.712,77.991,22.58,40.45,34.689,44.621,53.592,41.506,18.755,0.008791399999999977,0.05210699999999946,-0.023999999999887223,0.3499100000000084,0.002779599999999993,-1.1508800000000008,0.38999999999987267,-0.8442100000000039,-0.23321999999999932,24.938799999999986,2.9440999999999917,-0.10034000000000276,-0.0011380000000009716,-0.20219999999999771,0.32301999999999964,0.7744400000000056,-0.10873999999999917,0.11406199999999989,-0.23094000000000037,-0.025441070000000003,-0.018655499999999936,0.01694305,-0.009709999999998331,0.6829900000000002,16.712989999999998,0.4126199999999969,-3.3872300000000024,-1.9551699999999954,6.290230000000001,0.4173800000000014,0.5145199999999974,24.3
2020-01-02 00:21:00,0.25298,3683.1,4483.5,9.4194,26.532,42.82,2706.5,73.554,120.37,0.34291,80.13,49.495,2636.2,24.833,50.576,3100.7,23.365,66.613,251.71,345.08,94.354,77.306,32.12,8.8981,26.271,7.0742,19.057,1.6902,33.734,13.714,23.293,1.3574,18.373,2.3113,4.8352,2.2104,-0.006964,0.8173,0.11422,53.736,44.43,63.041,53.685,24.739,76.979,22.847,40.335,36.614,47.867,53.932,41.136,17.086,0.008511399999999975,0.06680699999999895,0.4760000000001128,-1.5020899999999955,0.0037195999999999896,-0.49688000000000443,1.4899999999997817,0.5577899999999971,0.471779999999999,21.7688,3.774099999999976,-0.10034000000000276,-0.0011380000000009716,-0.20219999999999771,0.32301999999999964,0.7744400000000056,-0.10873999999999917,0.11406199999999989,-0.23094000000000037,-0.025441070000000003,-0.018655499999999936,0.01694305,0.016289999999997917,0.7099900000000012,15.700989999999997,0.6796199999999999,-1.4622300000000052,1.2908299999999997,6.6302300000000045,0.047380000000003974,-1.154480000000003,24.35
2020-01-02 00:24:00,0.27685,3618.0,4421.7,9.3607,27.408,42.687,2707.8,74.491,120.39,0.31721,80.027,49.322,2637.1,23.356,49.636,3102.3,22.843,66.638,252.81,344.89,94.555,77.318,32.091,8.9578,26.52,6.818,18.493,1.6316,32.988,13.896,23.769,1.138,18.484,2.2988,4.7841,2.2997,-0.006964,0.8173,0.11422,53.736,44.43,62.382,53.558,27.224,78.07,23.02,37.904,36.106,45.691,53.892,41.145,18.325,0.03238139999999998,0.008106999999998976,1.7760000000002947,-0.5650899999999979,-0.02198040000000001,-0.6698799999999991,2.3899999999998727,-0.3822100000000006,-0.05021999999999949,22.868799999999993,3.584099999999978,-0.12933999999999912,0.058562000000000225,0.04680000000000106,-0.24098000000000042,0.02844000000000335,0.07326000000000121,-0.10533800000000015,-0.11993999999999971,-0.025441070000000003,-0.018655499999999936,0.01694305,-0.642710000000001,3.1949900000000007,16.79198999999999,0.8526199999999982,-1.9702300000000008,-0.8851699999999951,6.590230000000005,0.056380000000004316,0.08451999999999771,24.4
2020-01-02 00:27:00,0.27437,3593.2,4466.4,9.4703,26.357,42.191,2710.9,74.582,120.38,0.31947,79.995,49.623,2640.4,26.015,47.533,3102.5,23.027,66.585,253.65,345.69,94.651,77.264,32.091,8.9578,26.52,6.818,18.493,1.6316,32.988,13.896,23.769,1.138,18.484,2.2988,4.7841,2.2997,-0.006964,0.8173,0.11422,53.736,44.43,62.808,53.023,27.468,77.67,23.172,37.628,36.989,40.825,53.877,40.401,17.896,0.029901399999999995,0.11770699999999934,4.876000000000204,-0.4740900000000039,-0.019720400000000027,-0.3688800000000043,5.690000000000055,-2.485210000000002,0.13378000000000156,23.708799999999997,4.3840999999999894,-0.12933999999999912,0.058562000000000225,0.04680000000000106,-0.24098000000000042,0.02844000000000335,0.07326000000000121,-0.10533800000000015,-0.11993999999999971,-0.025441070000000003,-0.018655499999999936,0.01694305,-0.21670999999999907,3.4389900000000004,16.39199,1.0046199999999992,-1.0872300000000052,-5.751169999999995,6.575230000000005,-0.6876199999999955,-0.3444800000000008,24.45
2020-01-02 00:30:00,0.28002,3675.6,4502.4,9.5144,27.005,41.937,2713.3,74.092,120.42,0.34213,79.851,49.874,2642.9,23.456,49.539,3105.3,23.083,66.535,255.0,346.3,94.39,77.646,32.507,8.9396,25.957,7.0261,18.662,1.6538,33.723,13.786,23.592,1.2205,17.97,2.2494,4.8492,2.2156,0.01604,0.8105,0.11192,53.072,43.378,63.577,53.976,27.62,76.792,23.335,39.728,37.728,45.468,53.34,41.884,17.742,0.03555139999999998,0.1618069999999996,7.276000000000295,-0.9640899999999988,0.0029395999999999867,-0.11787999999999954,8.190000000000055,-0.4792100000000019,0.18977999999999895,25.05879999999999,4.994100000000003,0.2866599999999977,0.04036200000000001,-0.5161999999999978,-0.07197999999999993,0.7634400000000028,-0.036739999999999995,-0.022838000000000136,-0.6339400000000026,-0.002437070000000003,-0.025455499999999964,0.014643050000000005,0.5522899999999993,3.5909900000000015,15.51399,1.1676199999999994,-0.3482300000000009,-1.108169999999994,6.038230000000006,0.7953800000000015,-0.4984800000000007,24.5
2020-01-02 00:33:00,0.28015,3651.3,4461.6,9.465,26.513,42.495,2715.0,75.02,120.37,0.34243,79.941,49.567,2644.7,25.712,50.103,3108.4,22.711,66.539,254.78,346.25,94.577,77.354,32.507,8.9396,25.957,7.0261,18.662,1.6538,33.723,13.786,23.592,1.2205,17.97,2.2494,4.8492,2.2156,0.01604,0.8105,0.11192,53.072,43.378,63.994,54.465,27.607,78.913,23.155,39.691,36.826,46.771,53.214,41.131,18.632,0.0356814,0.11240699999999926,8.976000000000113,-0.03609000000000151,0.003239600000000009,-0.4248800000000017,9.989999999999782,0.08478999999999814,-0.18222000000000094,24.838799999999992,4.944099999999992,0.2866599999999977,0.04036200000000001,-0.5161999999999978,-0.07197999999999993,0.7634400000000028,-0.036739999999999995,-0.022838000000000136,-0.6339400000000026,-0.002437070000000003,-0.025455499999999964,0.014643050000000005,0.9692900000000009,3.57799,17.634989999999995,0.9876199999999997,-1.250230000000002,0.19483000000000317,5.912230000000001,0.04238000000000142,0.39151999999999987,24.55
2020-01-02 00:36:00,0.23929,3638.3,4440.2,9.5307,26.772,42.222,2716.8,74.182,120.42,0.32986,79.986,49.642,2647.1,25.091,49.69,3107.1,24.191,66.526,254.09,346.78,94.283,77.303,32.579,8.8634,26.683,6.9001,18.432,1.6882,33.902,13.822,23.874,1.294,18.198,2.3025,4.7756,2.2435,0.01604,0.8105,0.11192,53.072,43.378,62.355,54.34,23.483,77.011,23.927,38.286,37.046,45.817,53.128,41.616,15.112,-0.005178600000000005,0.1781069999999989,10.776000000000295,-0.8740899999999954,-0.009330400000000016,-0.34987999999999886,12.389999999999873,-0.32821000000000566,1.2977799999999995,24.148799999999994,5.474099999999964,0.3586600000000004,-0.035838000000000036,0.20980000000000132,-0.30198000000000036,0.9424400000000048,-0.000740000000000407,0.050661999999999985,-0.4059400000000011,-0.002437070000000003,-0.025455499999999964,0.014643050000000005,-0.669710000000002,-0.546009999999999,15.732989999999994,1.7596199999999982,-1.030230000000003,-0.7591699999999975,5.8262300000000025,0.5273800000000008,-3.1284800000000015,24.6
2020-01-02 00:39:00,0.23872,3638.5,4443.5,9.4512,26.961,42.077,2717.9,73.569,120.39,0.3278,79.931,48.881,2647.6,23.548,49.531,3108.8,23.118,66.526,252.79,346.39,94.707,77.679,32.579,8.8634,26.683,6.9001,18.432,1.6882,33.902,13.822,23.874,1.294,18.198,2.3025,4.7756,2.2435,0.01604,0.8105,0.11192,53.072,43.378,62.351,54.3,23.54,79.118,23.902,38.537,34.808,45.448,53.097,41.175,17.626,-0.00574860000000002,0.09860699999999945,11.876000000000204,-1.487089999999995,-0.011390400000000023,-1.1108800000000016,12.889999999999873,-0.4872100000000046,0.2247799999999991,22.848799999999983,5.084099999999978,0.3586600000000004,-0.035838000000000036,0.20980000000000132,-0.30198000000000036,0.9424400000000048,-0.000740000000000407,0.050661999999999985,-0.4059400000000011,-0.002437070000000003,-0.025455499999999964,0.014643050000000005,-0.6737099999999998,-0.4890100000000004,17.839989999999993,1.7346199999999996,-3.2682300000000026,-1.1281699999999972,5.795230000000004,0.08637999999999835,-0.6144800000000004,24.65
2020-01-02 00:42:00,0.229,3663.8,4502.1,9.3912,27.314,42.424,2720.0,74.851,120.4,0.33121,80.043,49.341,2650.3,24.336,50.18,3112.0,22.954,66.51,252.42,346.57,94.286,77.589,32.907,8.8957,26.361,6.8091,18.714,1.647,33.64,13.761,23.798,1.4054,18.212,2.2721,4.8826,2.3439,0.01604,0.8105,0.11192,53.072,43.378,62.944,54.203,22.412,79.797,23.861,39.072,36.162,46.951,52.984,40.828,18.006,-0.015468599999999999,0.03860699999999895,13.976000000000113,-0.20508999999999844,-0.007980399999999999,-0.6508800000000008,15.590000000000146,0.16178999999999633,0.060780000000001166,22.47879999999998,5.264099999999985,0.6866599999999963,-0.0035380000000007072,-0.11219999999999786,-0.01998000000000033,0.6804400000000044,-0.06174000000000035,0.16206199999999993,-0.39194000000000173,-0.002437070000000003,-0.025455499999999964,0.014643050000000005,-0.08070999999999628,-1.6170100000000005,18.518989999999995,1.6936199999999992,-1.9142300000000034,0.3748300000000029,5.682230000000004,-0.26061999999999585,-0.23448000000000135,24.7
2020-01-02 00:45:00,0.22898,3649.1,4508.1,9.5604,26.875,42.084,2721.1,73.853,120.41,0.33474,79.908,49.831,2650.4,23.235,50.273,3111.8,21.897,66.489,249.58,347.19,94.572,77.228,32.907,8.8957,26.361,6.8091,18.714,1.647,33.64,13.761,23.798,1.4054,18.212,2.2721,4.8826,2.3439,0.00068399,0.7762,0.11992,53.309,42.699,63.198,54.131,22.414,76.925,23.916,38.641,37.603,47.165,52.88,41.953,20.535,-0.015488600000000019,0.20780699999999896,15.076000000000022,-1.203090000000003,-0.004450400000000021,-0.1608799999999988,15.690000000000055,0.25478999999999985,-0.996220000000001,19.638800000000003,5.8840999999999894,0.6866599999999963,-0.0035380000000007072,-0.11219999999999786,-0.01998000000000033,0.6804400000000044,-0.06174000000000035,0.16206199999999993,-0.39194000000000173,-0.017793080000000003,-0.05975549999999996,0.022643049999999998,0.1732900000000015,-1.615009999999998,15.646989999999995,1.748619999999999,-0.4732300000000009,0.5888300000000015,5.578230000000005,0.8643800000000041,2.2945199999999986,24.75
2020-01-02 00:48:00,0.19021,3684.3,4494.7,9.4919,26.987,42.442,2717.7,74.592,120.4,0.32533,79.534,49.291,2647.9,25.376,49.577,3109.5,22.855,66.406,251.12,347.68,94.372,76.845,33.005,8.9114,26.528,6.9213,18.142,1.6673,33.497,13.918,24.461,1.1518,17.758,2.2885,4.7522,2.3264,0.00068399,0.7762,0.11992,53.309,42.699,63.416,53.634,18.856,77.647,23.775,38.105,36.014,45.556,52.508,41.18,18.311,-0.05425860000000002,0.13930699999999874,11.67599999999993,-0.4640899999999988,-0.013860399999999995,-0.700880000000005,13.190000000000055,-0.4412100000000052,-0.03821999999999903,21.178799999999995,6.3740999999999985,0.7846600000000024,0.012162000000000006,0.05480000000000018,-0.5919799999999995,0.5374400000000037,0.09525999999999968,-0.09153800000000012,-0.8459400000000024,-0.017793080000000003,-0.05975549999999996,0.022643049999999998,0.3912899999999979,-5.173009999999998,16.368990000000004,1.6076199999999972,-2.0622299999999996,-1.0201700000000002,5.206230000000005,0.0913800000000009,0.07051999999999836,24.8
2020-01-02 00:51:00,0.18749,3692.0,4495.0,9.3753,26.834,42.373,2718.2,74.613,120.4,0.32234,79.515,49.258,2648.0,24.541,49.401,3107.7,23.012,66.274,249.71,347.57,94.569,77.298,33.005,8.9114,26.528,6.9213,18.142,1.6673,33.497,13.918,24.461,1.1518,17.758,2.2885,4.7522,2.3264,0.00068399,0.7762,0.11992,53.309,42.699,63.284,53.629,19.124,77.172,23.906,38.47,35.917,45.147,52.408,41.499,17.916,-0.05697860000000002,0.0227069999999987,12.17599999999993,-0.443089999999998,-0.016850399999999988,-0.7338799999999992,13.289999999999964,-0.61721,0.118780000000001,19.7688,6.264099999999985,0.7846600000000024,0.012162000000000006,0.05480000000000018,-0.5919799999999995,0.5374400000000037,0.09525999999999968,-0.09153800000000012,-0.8459400000000024,-0.017793080000000003,-0.05975549999999996,0.022643049999999998,0.25929,-4.905010000000001,15.893989999999995,1.7386199999999974,-2.159230000000001,-1.4291699999999992,5.106230000000004,0.4103800000000035,-0.3244800000000012,24.85
2020-01-02 00:54:00,0.17465,3679.2,4556.6,9.4382,26.624,41.748,2718.1,74.686,120.38,0.34646,79.716,50.861,2648.7,26.156,51.058,3109.4,22.55,66.276,249.28,346.94,94.407,77.56,32.944,8.7403,26.606,6.7398,18.255,1.6247,33.602,13.627,23.899,1.2377,17.675,2.2943,4.8201,2.2011,0.00068399,0.7762,0.11992,53.309,42.699,62.535,54.354,16.939,76.596,23.692,39.765,40.634,48.982,52.22,41.205,18.992,-0.06981860000000001,0.08560699999999954,12.076000000000022,-0.3700899999999905,0.007269599999999987,0.8691199999999952,13.989999999999782,1.0397899999999964,-0.34321999999999875,19.338799999999992,5.6340999999999894,0.7236600000000024,-0.1589380000000009,0.13280000000000314,-0.47897999999999996,0.6424400000000006,-0.19573999999999891,-0.005638000000000032,-0.9289400000000008,-0.017793080000000003,-0.05975549999999996,0.022643049999999998,-0.4897100000000023,-7.0900099999999995,15.317990000000002,1.5246199999999988,2.557769999999998,2.4058300000000017,4.918230000000001,0.11637999999999948,0.7515199999999993,24.9
2020-01-02 00:57:00,0.17284,3629.1,4555.0,9.3911,26.496,42.129,2721.0,75.068,120.41,0.34256,79.915,49.183,2650.7,24.115,49.407,3111.0,22.926,66.258,249.7,347.19,94.567,77.662,32.944,8.7403,26.606,6.7398,18.255,1.6247,33.602,13.627,23.899,1.2377,17.675,2.2943,4.8201,2.2011,0.00068399,0.7762,0.11992,53.309,42.699,63.397,54.373,17.117,77.719,23.762,40.242,35.695,45.162,51.952,41.927,18.066,-0.07162860000000001,0.03850699999999918,14.976000000000113,0.01191000000000031,0.0033695999999999726,-0.808880000000002,15.989999999999782,-0.6112100000000069,0.03277999999999892,19.75879999999998,5.8840999999999894,0.7236600000000024,-0.1589380000000009,0.13280000000000314,-0.47897999999999996,0.6424400000000006,-0.19573999999999891,-0.005638000000000032,-0.9289400000000008,-0.017793080000000003,-0.05975549999999996,0.022643049999999998,0.37228999999999957,-6.912009999999999,16.440989999999992,1.594619999999999,-2.381230000000002,-1.4141699999999986,4.6502300000000005,0.8383800000000008,-0.17448000000000263,24.95
2020-01-02 01:00:00,0.17163,3682.6,4537.0,9.4413,26.889,42.609,2719.7,75.309,120.4,0.3089,79.907,48.415,2650.2,25.159,50.005,3112.5,23.53,66.286,246.77,346.34,94.394,77.089,32.746,8.7291,26.855,6.8242,17.803,1.632,33.67,13.694,23.911,1.0284,17.997,2.2411,4.7041,2.2479,0.014062,0.81884,0.11312,54.076,44.877,64.119,54.407,16.789,78.531,23.632,36.481,33.436,46.546,51.027,40.89,16.669,-0.0728386,0.08870699999999943,13.67599999999993,0.25290999999999997,-0.030290399999999995,-1.5768800000000027,15.489999999999782,-0.013210000000000832,0.6367800000000017,16.8288,5.034099999999967,0.525660000000002,-0.17013799999999968,0.3818000000000019,-0.9309799999999981,0.7104400000000055,-0.12873999999999874,-0.21493800000000007,-0.6069400000000016,-0.004415070000000002,-0.01711549999999995,0.015843049999999997,1.0942900000000009,-7.240009999999998,17.252990000000004,1.46462,-4.6402300000000025,-0.030169999999998254,3.7252300000000034,-0.19861999999999824,-1.571480000000001,25.0
2020-01-02 01:03:00,0.17171,3707.8,4577.0,9.5227,26.858,42.336,2718.7,74.172,120.42,0.3126,79.709,50.418,2648.4,21.642,49.04,3111.0,22.831,66.247,241.5,346.18,94.404,77.142,32.746,8.7291,26.855,6.8242,17.803,1.632,33.67,13.694,23.911,1.0284,17.997,2.2411,4.7041,2.2479,0.014062,0.81884,0.11312,54.076,44.877,63.685,53.929,16.781,75.743,23.734,36.031,39.331,44.313,50.854,41.461,18.33,-0.0727586,0.1701069999999998,12.67599999999993,-0.8840900000000005,-0.026590400000000014,0.4261199999999974,13.690000000000055,-0.9782100000000042,-0.06221999999999994,11.55879999999999,4.8740999999999985,0.525660000000002,-0.17013799999999968,0.3818000000000019,-0.9309799999999981,0.7104400000000055,-0.12873999999999874,-0.21493800000000007,-0.6069400000000016,-0.004415070000000002,-0.01711549999999995,0.015843049999999997,0.6602900000000034,-7.248010000000001,14.464989999999993,1.5666200000000003,1.2547700000000006,-2.2631699999999952,3.5522300000000016,0.3723799999999997,0.08951999999999671,25.05
2020-01-02 01:06:00,0.18476,3667.1,4610.6,9.4608,26.689,42.172,2718.6,75.989,120.41,0.31579,79.711,49.015,2648.7,24.802,49.769,3110.7,23.065,66.149,241.75,346.51,94.474,77.54,32.176,9.0345,26.762,7.01,18.511,1.6761,33.46,13.756,24.061,1.1155,17.756,2.296,4.8261,2.2819,0.014062,0.81884,0.11312,54.076,44.877,63.737,54.763,17.92,77.543,23.228,37.181,35.202,45.999,50.195,41.794,17.752,-0.0597086,0.10820700000000016,12.576000000000022,0.9329100000000068,-0.023400399999999988,-0.9768800000000013,13.989999999999782,-0.24921000000000504,0.17178000000000182,11.80879999999999,5.204099999999983,-0.04433999999999827,0.1352619999999991,0.28880000000000194,-0.22297999999999973,0.5004400000000047,-0.06673999999999936,-0.12783800000000012,-0.8479400000000012,-0.004415070000000002,-0.01711549999999995,0.015843049999999997,0.712290000000003,-6.109009999999998,16.264990000000004,1.0606200000000001,-2.8742300000000043,-0.5771699999999953,2.8932300000000026,0.7053799999999981,-0.4884800000000027,25.1
2020-01-02 01:09:00,0.18449,3680.1,4597.3,9.4739,27.122,42.708,2717.7,74.559,120.39,0.31536,79.58,51.579,2647.1,25.846,49.972,3110.8,22.164,66.044,237.85,345.49,94.467,76.757,32.176,9.0345,26.762,7.01,18.511,1.6761,33.46,13.756,24.061,1.1155,17.756,2.296,4.8261,2.2819,0.014062,0.81884,0.11312,54.076,44.877,63.514,54.922,17.947,76.648,23.509,37.233,42.748,46.468,49.909,41.794,19.963,-0.05997860000000002,0.12130699999999983,11.67599999999993,-0.49709000000000003,-0.02383040000000003,1.5871199999999988,12.389999999999873,-0.04621000000000208,-0.729219999999998,7.908799999999985,4.184100000000001,-0.04433999999999827,0.1352619999999991,0.28880000000000194,-0.22297999999999973,0.5004400000000047,-0.06673999999999936,-0.12783800000000012,-0.8479400000000012,-0.004415070000000002,-0.01711549999999995,0.015843049999999997,0.489290000000004,-6.08201,15.369989999999994,1.341619999999999,4.671769999999995,-0.1081699999999941,2.6072300000000013,0.7053799999999981,1.7225199999999994,25.15
2020-01-02 01:12:00,0.23525,3623.6,4519.7,9.4173,27.089,42.249,2718.6,74.873,120.38,0.323,79.509,49.778,2648.0,25.855,49.947,3109.6,22.863,65.916,239.25,345.84,94.605,77.222,32.866,8.9685,26.831,6.8723,18.33,1.6412,33.602,13.912,24.082,1.2825,18.085,2.2498,4.7393,2.305,0.014062,0.81884,0.11312,54.076,44.877,62.824,54.217,23.244,77.318,23.694,37.82,37.447,46.412,49.159,40.462,18.299,-0.009218600000000021,0.06470699999999852,12.576000000000022,-0.18308999999999287,-0.016190399999999994,-0.21388000000000318,13.289999999999964,-0.07121000000000066,-0.030219999999999914,9.30879999999999,4.534099999999967,0.6456599999999995,0.06926200000000016,0.357800000000001,-0.40398000000000067,0.6424400000000006,0.08926000000000123,0.03916199999999992,-0.5189400000000006,-0.004415070000000002,-0.01711549999999995,0.015843049999999997,-0.20071000000000083,-0.7850099999999998,16.039989999999996,1.5266199999999976,-0.6292299999999997,-0.1641699999999986,1.8572300000000013,-0.6266199999999955,0.05851999999999791,25.2
2020-01-02 01:15:00,0.2374,3654.6,4502.5,9.4371,26.893,42.54,2721.6,75.044,120.4,0.32415,79.676,50.608,2650.5,25.457,51.602,3111.8,22.941,65.85,239.2,345.26,94.588,77.506,32.866,8.9685,26.831,6.8723,18.33,1.6412,33.602,13.912,24.082,1.2825,18.085,2.2498,4.7393,2.305,0.013414,0.79672,0.093656,53.173,43.507,62.29,54.424,23.033,76.236,23.926,37.68,39.889,50.241,49.559,41.323,18.087,-0.007068600000000008,0.08450699999999856,15.576000000000022,-0.0120900000000006,-0.01504040000000001,0.6161199999999951,15.789999999999964,1.5837899999999934,0.04777999999999949,9.25879999999998,3.9540999999999826,0.6456599999999995,0.06926200000000016,0.357800000000001,-0.40398000000000067,0.6424400000000006,0.08926000000000123,0.03916199999999992,-0.5189400000000006,-0.005063070000000001,-0.03923549999999998,-0.0036209499999999978,-0.7347099999999998,-0.9960099999999983,14.957990000000002,1.758619999999997,1.8127700000000004,3.664830000000002,2.25723,0.2343800000000016,-0.15348000000000184,25.25
2020-01-02 01:18:00,0.16486,3664.3,4535.6,9.4012,26.92,42.121,2722.3,75.619,120.36,0.34003,79.914,52.285,2651.9,25.618,50.555,3114.1,23.26,65.88,239.76,345.66,94.514,77.652,32.246,9.025,26.515,6.9014,18.822,1.6858,33.556,13.884,23.858,1.3605,17.97,2.2511,4.7648,2.2284,0.013414,0.79672,0.093656,53.173,43.507,63.276,54.531,16.36,76.49,23.812,39.927,44.826,47.819,49.325,40.338,17.302,-0.0796086,0.048606999999998735,16.276000000000295,0.5629100000000022,0.0008395999999999959,2.2931199999999947,17.190000000000055,0.5367899999999963,0.3667800000000021,9.818799999999982,4.354100000000017,0.025660000000002015,0.12576199999999993,0.04180000000000206,0.08802000000000021,0.5964400000000012,0.06126000000000076,0.11716199999999999,-0.6339400000000026,-0.005063070000000001,-0.03923549999999998,-0.0036209499999999978,0.25129000000000445,-7.66901,15.211989999999993,1.6446199999999997,6.749769999999998,1.242830000000005,2.023230000000005,-0.7506199999999978,-0.938480000000002,25.3
2020-01-02 01:21:00,0.16661,3684.6,4522.5,9.2825,26.866,41.966,2723.0,75.281,120.44,0.34002,80.006,49.465,2653.1,24.783,49.833,3114.9,22.648,65.955,239.3,345.02,94.513,77.512,32.246,9.025,26.515,6.9014,18.822,1.6858,33.556,13.884,23.858,1.3605,17.97,2.2511,4.7648,2.2284,0.013414,0.79672,0.093656,53.173,43.507,62.926,54.689,16.188,77.452,23.618,39.928,36.525,46.147,49.178,41.69,18.741,-0.0778586,-0.07009299999999996,16.976000000000113,0.22491000000000838,0.0008295999999999859,-0.5268799999999985,18.389999999999873,-0.18521000000000498,-0.24521999999999977,9.358800000000002,3.7140999999999735,0.025660000000002015,0.12576199999999993,0.04180000000000206,0.08802000000000021,0.5964400000000012,0.06126000000000076,0.11716199999999999,-0.6339400000000026,-0.005063070000000001,-0.03923549999999998,-0.0036209499999999978,-0.09870999999999697,-7.841010000000001,16.173989999999996,1.4506199999999971,-1.5512300000000039,-0.42916999999999916,1.8762299999999996,0.6013799999999989,0.5005199999999981,25.35
2020-01-02 01:24:00,0.21998,3684.1,4507.0,9.2785,26.669,42.156,2720.8,75.423,120.38,0.33558,79.858,49.869,2650.0,24.031,50.499,3114.6,22.839,65.942,237.84,344.78,94.532,77.235,32.7,8.7644,26.511,6.8981,18.645,1.6751,33.251,13.748,24.191,0.98403,17.668,2.2317,4.7363,2.3099,0.013414,0.79672,0.093656,53.173,43.507,62.675,53.7,21.974,74.079,23.109,39.841,37.714,47.69,49.122,40.559,18.305,-0.0244886,-0.0740930000000013,14.776000000000295,0.3669100000000043,-0.0036104000000000136,-0.1228800000000021,15.289999999999964,0.48078999999999894,-0.05422000000000082,7.898799999999994,3.4740999999999644,0.47966000000000264,-0.13483800000000024,0.03780000000000072,-0.08897999999999939,0.2914400000000015,-0.07474000000000025,-0.2593080000000001,-0.9359400000000022,-0.005063070000000001,-0.03923549999999998,-0.0036209499999999978,-0.34971000000000174,-2.0550099999999993,12.800989999999992,0.9416200000000003,-0.3622300000000038,1.11383,1.8202300000000022,-0.5296200000000013,0.06451999999999813,25.4
2020-01-02 01:27:00,0.22315,3613.4,4513.9,9.395,26.961,42.447,2718.3,75.032,120.4,0.33495,79.674,50.314,2648.4,24.749,50.337,3111.7,22.111,65.868,235.93,345.09,94.554,76.951,32.7,8.7644,26.511,6.8981,18.645,1.6751,33.251,13.748,24.191,0.98403,17.668,2.2317,4.7363,2.3099,0.013414,0.79672,0.093656,53.173,43.507,63.893,53.618,21.662,77.412,23.32,39.918,39.024,47.313,49.109,41.123,20.067,-0.02131860000000002,0.04240699999999897,12.276000000000295,-0.024090000000001055,-0.0042403999999999775,0.3221199999999982,13.690000000000055,0.3187899999999999,-0.7822199999999988,5.988799999999998,3.7840999999999667,0.47966000000000264,-0.13483800000000024,0.03780000000000072,-0.08897999999999939,0.2914400000000015,-0.07474000000000025,-0.2593080000000001,-0.9359400000000022,-0.005063070000000001,-0.03923549999999998,-0.0036209499999999978,0.8682900000000018,-2.3670100000000005,16.133990000000004,1.1526199999999989,0.9477699999999984,0.7368300000000048,1.807230000000004,0.034379999999998745,1.8265199999999986,25.45
2020-01-02 01:30:00,0.17476,3637.4,4516.1,9.298,27.124,42.387,2717.7,75.173,120.39,0.32096,79.513,49.01,2646.4,25.074,49.687,3111.0,22.477,65.803,235.16,344.56,94.721,77.078,32.748,8.82,26.303,6.9026,18.278,1.6519,32.959,13.729,24.318,1.3083,17.656,2.2641,4.8709,2.294,0.0053206,0.79243,0.10833,53.6,44.002,63.491,54.031,17.216,78.244,23.277,37.974,35.185,45.809,48.385,40.853,19.209,-0.06970860000000001,-0.05459300000000056,11.67599999999993,0.11691000000000429,-0.01823039999999998,-0.9818800000000039,11.690000000000055,-0.3312100000000058,-0.41621999999999915,5.2187999999999874,3.254099999999994,0.5276599999999974,-0.07923800000000014,-0.1701999999999977,-0.4559800000000003,-0.0005599999999930105,-0.09374000000000038,0.06496199999999996,-0.9479400000000027,-0.013156470000000002,-0.043525499999999995,0.011053049999999995,0.46629000000000076,-6.8130099999999985,16.965989999999998,1.1096199999999996,-2.89123,-0.7671700000000001,1.0832300000000004,-0.23561999999999728,0.968519999999998,25.5
2020-01-02 01:33:00,0.17713,3649.4,4476.9,9.3621,26.612,42.038,2720.1,75.281,120.38,0.31891,79.742,50.898,2650.2,24.924,49.254,3110.5,22.766,65.738,233.76,344.75,94.514,77.357,32.748,8.82,26.303,6.9026,18.278,1.6519,32.959,13.729,24.318,1.3083,17.656,2.2641,4.8709,2.294,0.0053206,0.79243,0.10833,53.6,44.002,63.284,54.5,16.982,76.617,23.369,38.224,40.742,44.807,48.066,41.021,18.501,-0.0673386,0.009506999999999266,14.076000000000022,0.22491000000000838,-0.020280399999999976,0.9061200000000014,15.489999999999782,-0.7642100000000056,-0.12722000000000122,3.8187999999999818,3.4440999999999917,0.5276599999999974,-0.07923800000000014,-0.1701999999999977,-0.4559800000000003,-0.0005599999999930105,-0.09374000000000038,0.06496199999999996,-0.9479400000000027,-0.013156470000000002,-0.043525499999999995,0.011053049999999995,0.25929,-7.04701,15.338990000000003,1.2016199999999984,2.665769999999995,-1.7691699999999955,0.7642300000000048,-0.06761999999999802,0.26051999999999964,25.55
2020-01-02 01:36:00,0.16507,3643.3,4540.6,9.406,26.656,42.195,2720.3,74.486,120.4,0.32282,79.888,51.059,2649.6,25.537,50.49,3113.3,22.44,65.722,233.71,343.86,94.67,77.374,32.599,8.8984,26.505,6.9136,18.03,1.6435,33.311,13.605,24.179,1.2127,17.88,2.305,4.7998,2.3077,0.0053206,0.79243,0.10833,53.6,44.002,63.333,54.692,16.154,76.416,23.118,37.109,41.218,47.668,47.624,41.218,19.273,-0.07939860000000001,0.05340699999999998,14.276000000000295,-0.5700899999999933,-0.016370400000000007,1.0671199999999956,14.889999999999873,0.4717899999999986,-0.4532199999999982,3.768799999999999,2.5541000000000054,0.37865999999999644,-0.0008379999999998944,0.031800000000000495,-0.7039799999999978,0.35144000000000375,-0.21773999999999916,-0.030638000000000165,-0.7239400000000025,-0.013156470000000002,-0.043525499999999995,0.011053049999999995,0.3082899999999995,-7.87501,15.137989999999995,0.9506199999999971,3.141770000000001,1.0918300000000016,0.3222300000000047,0.1293800000000047,1.032519999999998,25.6
2020-01-02 01:39:00,0.16398,3661.7,4525.1,9.3992,26.836,42.46,2719.5,75.766,120.42,0.3212,79.912,49.865,2648.9,24.619,49.728,3112.7,22.389,65.731,231.35,343.4,94.652,77.263,32.599,8.8984,26.505,6.9136,18.03,1.6435,33.311,13.605,24.179,1.2127,17.88,2.305,4.7998,2.3077,0.0053206,0.79243,0.10833,53.6,44.002,63.016,54.878,16.262,75.251,23.497,37.307,37.704,45.904,47.389,41.856,19.394,-0.08048860000000002,0.04660699999999984,13.476000000000113,0.7099100000000078,-0.017990400000000017,-0.12687999999999988,14.190000000000055,-0.29021000000000186,-0.5042200000000001,1.4087999999999852,2.094099999999969,0.37865999999999644,-0.0008379999999998944,0.031800000000000495,-0.7039799999999978,0.35144000000000375,-0.21773999999999916,-0.030638000000000165,-0.7239400000000025,-0.013156470000000002,-0.043525499999999995,0.011053049999999995,-0.008710000000000662,-7.767009999999999,13.972990000000003,1.3296199999999985,-0.37223000000000184,-0.6721699999999942,0.08723000000000525,0.7673800000000028,1.1535199999999968,25.65
2020-01-02 01:42:00,0.17464,3646.0,4550.5,9.1911,26.738,42.337,2717.5,75.636,120.41,0.30461,79.716,49.311,2646.5,26.831,49.998,3113.6,22.832,65.703,229.91,343.2,94.618,76.913,32.29,8.7869,26.699,7.0037,18.234,1.6642,33.25,13.882,24.664,1.1402,17.695,2.2793,4.7733,2.2239,0.0053206,0.79243,0.10833,53.6,44.002,63.165,55.287,17.054,77.468,22.799,35.778,36.071,46.529,47.073,40.863,18.37,-0.06982860000000002,-0.1614930000000001,11.476000000000113,0.5799099999999981,-0.03458040000000001,-0.6808800000000019,11.789999999999964,-0.020210000000005834,-0.06121999999999872,-0.03120000000001255,1.8940999999999804,0.06965999999999894,-0.11233800000000116,0.2258000000000031,-0.4999799999999972,0.2904400000000038,0.05926000000000009,-0.10313799999999995,-0.9089400000000012,-0.013156470000000002,-0.043525499999999995,0.011053049999999995,0.14029000000000025,-6.975010000000001,16.18999,0.6316199999999981,-2.0052300000000045,-0.04716999999999416,-0.22876999999999725,-0.22561999999999927,0.1295199999999994,25.7
2020-01-02 01:45:00,0.17608,3644.8,4601.6,9.4047,26.908,42.012,2718.1,75.472,120.4,0.30485,79.746,48.877,2648.0,26.209,50.202,3112.5,23.414,65.616,226.63,342.76,94.649,77.504,32.29,8.7869,26.699,7.0037,18.234,1.6642,33.25,13.882,24.664,1.1402,17.695,2.2793,4.7733,2.2239,0.01606,0.80748,0.11228,53.677,44.021,63.186,54.675,16.913,76.53,23.051,35.748,34.794,47.001,46.743,40.515,16.964,-0.06838860000000002,0.05210699999999946,12.076000000000022,0.41590999999999667,-0.03434039999999999,-1.1148799999999994,13.289999999999964,0.1837899999999948,0.520780000000002,-3.3112000000000137,1.4540999999999826,0.06965999999999894,-0.11233800000000116,0.2258000000000031,-0.4999799999999972,0.2904400000000038,0.05926000000000009,-0.10313799999999995,-0.9089400000000012,-0.0024170700000000003,-0.028475499999999987,0.015003050000000004,0.16129000000000104,-7.116009999999999,15.25199,0.883619999999997,-3.2822300000000055,0.42483000000000004,-0.5587699999999955,-0.5736199999999982,-1.276480000000003,25.75
2020-01-02 01:48:00,0.20088,3630.5,4529.2,9.4101,26.798,42.169,2719.3,75.332,120.38,0.33216,79.89,50.693,2648.2,23.491,49.764,3114.3,22.501,65.561,225.64,342.3,94.654,77.212,31.938,8.9289,26.738,6.7076,18.39,1.6445,32.933,13.947,24.555,1.331,17.919,2.2811,4.8546,2.2032,0.01606,0.80748,0.11228,53.677,44.021,62.569,55.151,19.824,75.054,22.601,39.724,40.14,45.989,46.315,41.093,19.14,-0.043588600000000005,0.05750699999999931,13.276000000000295,0.2759099999999961,-0.007030399999999992,0.701119999999996,13.489999999999782,-0.2542100000000005,-0.39221999999999824,-4.301200000000023,0.9941000000000031,-0.28234000000000137,0.029662000000000077,0.26480000000000103,-0.3439799999999984,-0.026559999999996364,0.12425999999999959,0.0876619999999999,-0.684940000000001,-0.0024170700000000003,-0.028475499999999987,0.015003050000000004,-0.4557099999999963,-4.205009999999998,13.77599,0.4336199999999977,2.063769999999998,-0.5871700000000004,-0.9867699999999999,0.0043800000000047135,0.899519999999999,25.8
2020-01-02 01:51:00,0.20331,3657.1,4578.8,9.4203,26.634,42.213,2716.6,74.513,120.37,0.33413,79.572,49.6,2645.3,25.842,49.541,3111.9,22.823,65.496,226.38,342.43,94.757,76.727,31.938,8.9289,26.738,6.7076,18.39,1.6445,32.933,13.947,24.555,1.331,17.919,2.2811,4.8546,2.2032,0.01606,0.80748,0.11228,53.677,44.021,62.111,54.557,19.585,76.502,22.547,39.483,36.922,45.473,45.735,40.804,18.436,-0.04115860000000002,0.06770699999999863,10.576000000000022,-0.5430899999999923,-0.0050604000000000204,-0.39188000000000045,10.590000000000146,-0.4772100000000066,-0.07021999999999906,-3.5612000000000137,1.1240999999999985,-0.28234000000000137,0.029662000000000077,0.26480000000000103,-0.3439799999999984,-0.026559999999996364,0.12425999999999959,0.0876619999999999,-0.684940000000001,-0.0024170700000000003,-0.028475499999999987,0.015003050000000004,-0.9137100000000018,-4.444009999999999,15.223989999999993,0.3796199999999992,-1.1542300000000054,-1.1031699999999987,-1.5667699999999982,-0.28461999999999676,0.19551999999999836,25.85
2020-01-02 01:54:00,0.23578,3704.1,4526.9,9.4781,26.608,42.141,2718.3,75.416,120.4,0.34303,79.734,50.599,2647.8,23.658,48.115,3113.9,22.686,65.369,224.12,342.39,94.698,77.374,32.333,8.867,26.686,7.0054,18.739,1.6446,32.693,13.876,24.265,1.2042,17.676,2.2999,4.803,2.3407,0.01606,0.80748,0.11228,53.677,44.021,63.925,54.874,23.235,75.787,22.807,40.266,39.863,42.173,45.428,41.242,18.734,-0.008688600000000019,0.12550699999999892,12.276000000000295,0.3599099999999993,0.0038395999999999986,0.6071199999999948,13.090000000000146,-1.9032100000000014,-0.20721999999999952,-5.821200000000005,1.084099999999978,0.1126599999999982,-0.032237999999999545,0.21280000000000143,0.005020000000001801,-0.26655999999999835,0.05325999999999986,-0.03913800000000012,-0.9279400000000031,-0.0024170700000000003,-0.028475499999999987,0.015003050000000004,0.9002899999999983,-0.7940100000000001,14.508990000000004,0.6396199999999972,1.786769999999997,-4.403169999999996,-1.8737700000000004,0.15337999999999852,0.4935200000000002,25.9
2020-01-02 01:57:00,0.23476,3699.8,4551.3,9.3838,26.879,42.427,2717.0,75.794,120.41,0.34453,79.719,49.933,2646.2,26.54,51.75,3114.6,23.044,65.322,220.64,341.41,94.34,76.963,32.333,8.867,26.686,7.0054,18.739,1.6446,32.693,13.876,24.265,1.2042,17.676,2.2999,4.803,2.3407,0.01606,0.80748,0.11228,53.677,44.021,63.999,54.582,23.334,78.629,22.352,40.083,37.902,50.584,45.231,41.175,17.917,-0.009708600000000012,0.031207000000000207,10.976000000000113,0.7379099999999994,0.0053396,-0.05888000000000204,11.489999999999782,1.7317899999999966,0.15078000000000102,-9.301200000000023,0.10410000000001673,0.1126599999999982,-0.032237999999999545,0.21280000000000143,0.005020000000001801,-0.26655999999999835,0.05325999999999986,-0.03913800000000012,-0.9279400000000031,-0.0024170700000000003,-0.028475499999999987,0.015003050000000004,0.9742900000000034,-0.6950099999999999,17.350990000000003,0.1846199999999989,-0.17423000000000144,4.0078300000000056,-2.070769999999996,0.08637999999999835,-0.32348,25.95
2020-01-02 02:00:00,0.19978,3608.4,4510.2,9.2502,26.503,42.062,2714.7,75.675,120.4,0.33392,79.739,50.986,2644.2,26.668,51.55,3111.4,23.232,65.271,223.45,341.54,94.792,76.993,32.313,8.9446,26.235,7.0051,18.531,1.6815,32.739,13.997,24.131,1.2119,18.372,2.2558,4.7053,2.2621,0.022573,0.81353,0.10238,54.172,43.65,62.983,54.253,19.374,77.178,22.321,39.602,41.001,50.12,44.796,40.738,17.481,-0.044688599999999995,-0.10239300000000107,8.67599999999993,0.6189099999999996,-0.005270400000000008,0.9941199999999952,9.489999999999782,1.5317899999999938,0.33877999999999986,-6.4912000000000205,0.2341000000000122,0.09266000000000219,0.045361999999999014,-0.23819999999999908,-0.20298000000000016,-0.22055999999999898,0.1742600000000003,-0.03143800000000008,-0.2319400000000016,0.004095929999999998,-0.022425499999999987,0.005103049999999998,-0.04171000000000191,-4.655010000000001,15.899989999999995,0.1536200000000001,2.924769999999995,3.54383,-2.5057699999999983,-0.35061999999999927,-0.7594799999999999,26.0
2020-01-02 02:03:00,0.19928,3643.1,4478.0,9.2973,26.62,42.099,2715.8,76.326,120.42,0.33473,79.872,47.979,2645.4,23.661,49.83,3110.5,22.298,65.239,221.5,341.42,94.732,77.301,32.313,8.9446,26.235,7.0051,18.531,1.6815,32.739,13.997,24.131,1.2119,18.372,2.2558,4.7053,2.2621,0.022573,0.81353,0.10238,54.172,43.65,62.387,54.638,19.423,76.906,22.681,39.502,32.151,46.14,44.605,40.225,19.674,-0.045188599999999995,-0.0552930000000007,9.776000000000295,1.2699099999999959,-0.0044603999999999755,-2.0128800000000027,10.690000000000055,-0.1882100000000051,-0.5952200000000012,-8.44120000000001,0.11410000000000764,0.09266000000000219,0.045361999999999014,-0.23819999999999908,-0.20298000000000016,-0.22055999999999898,0.1742600000000003,-0.03143800000000008,-0.2319400000000016,0.004095929999999998,-0.022425499999999987,0.005103049999999998,-0.6377099999999984,-4.606010000000001,15.627990000000004,0.5136199999999995,-5.925229999999999,-0.43616999999999706,-2.6967700000000008,-0.8636199999999974,1.433519999999998,26.05
2020-01-02 02:06:00,0.19913,3633.9,4578.6,9.3536,26.934,42.134,2712.4,75.205,120.41,0.34805,79.695,50.333,2640.6,25.466,49.492,3110.7,21.972,65.21,219.81,340.61,94.906,76.976,31.876,8.905,26.577,7.0248,18.363,1.6546,32.89,13.788,24.022,1.2288,18.183,2.2082,4.7539,2.3138,0.022573,0.81353,0.10238,54.172,43.65,62.43,53.968,19.548,76.996,22.191,41.286,39.081,45.359,44.392,40.532,20.489,-0.04533860000000001,0.001006999999999536,6.376000000000204,0.14891000000000076,0.008859600000000023,0.34111999999999654,5.889999999999873,-0.5262100000000061,-0.9212199999999982,-10.131200000000007,-0.6958999999999946,-0.344339999999999,0.005761999999998935,0.10380000000000322,-0.3709799999999994,-0.06955999999999563,-0.03473999999999933,-0.014538000000000162,-0.42094000000000165,0.004095929999999998,-0.022425499999999987,0.005103049999999998,-0.5947099999999992,-4.481010000000001,15.717989999999993,0.023619999999997532,1.0047700000000006,-1.2171699999999959,-2.9097699999999946,-0.5566200000000023,2.248519999999999,26.1
2020-01-02 02:09:00,0.19717,3637.1,4527.1,9.2481,27.022,42.44,2713.8,74.764,120.39,0.34808,79.857,50.004,2642.4,25.206,50.781,3111.2,22.614,65.143,220.04,340.4,94.752,77.543,31.876,8.905,26.577,7.0248,18.363,1.6546,32.89,13.788,24.022,1.2288,18.183,2.2082,4.7539,2.3138,0.022573,0.81353,0.10238,54.172,43.65,62.376,54.585,19.741,78.025,22.365,41.282,38.111,48.342,44.011,40.377,18.932,-0.047298599999999996,-0.10449299999999972,7.776000000000295,-0.29209000000000174,0.008889599999999998,0.012119999999995912,7.690000000000055,0.7627899999999954,-0.2792199999999987,-9.901200000000017,-0.905900000000031,-0.344339999999999,0.005761999999998935,0.10380000000000322,-0.3709799999999994,-0.06955999999999563,-0.03473999999999933,-0.014538000000000162,-0.42094000000000165,0.004095929999999998,-0.022425499999999987,0.005103049999999998,-0.6487100000000012,-4.28801,16.746990000000004,0.19761999999999702,0.03476999999999464,1.7658300000000011,-3.290769999999995,-0.7116199999999964,0.691519999999997,26.15
2020-01-02 02:12:00,0.24194,3651.7,4562.6,9.3124,26.897,41.787,2717.5,76.139,120.4,0.3244,80.014,50.267,2645.6,27.634,50.415,3115.3,22.192,65.153,216.15,340.47,94.921,77.33,32.077,8.9658,26.105,6.9032,18.54,1.6885,33.119,13.885,24.619,1.1786,18.58,2.2825,4.8276,2.3361,0.022573,0.81353,0.10238,54.172,43.65,61.826,54.627,23.829,76.846,22.187,38.684,38.887,47.494,43.995,40.939,19.932,-0.0025286000000000197,-0.04019300000000037,11.476000000000113,1.0829099999999983,-0.014790399999999981,0.27512000000000114,10.889999999999873,0.39678999999999576,-0.7012199999999993,-13.791200000000003,-0.835899999999981,-0.14334000000000202,0.06656199999999934,-0.3681999999999981,-0.19397999999999982,0.15944000000000358,0.062260000000000204,-0.06473799999999996,-0.02394000000000318,0.004095929999999998,-0.022425499999999987,0.005103049999999998,-1.1987099999999984,-0.2000099999999989,15.567990000000002,0.01961999999999975,0.810769999999998,0.9178300000000021,-3.30677,-0.14961999999999875,1.691519999999997,26.2
2020-01-02 02:15:00,0.24031,3627.2,4578.5,9.3536,26.994,42.439,2717.3,75.763,120.4,0.32369,79.911,52.449,2645.8,25.737,50.235,3115.9,23.091,65.157,216.61,340.39,94.763,77.128,32.077,8.9658,26.105,6.9032,18.54,1.6885,33.119,13.885,24.619,1.1786,18.58,2.2825,4.8276,2.3361,0.018769,0.84175,0.090723,54.094,43.924,62.249,54.436,23.989,77.127,22.204,38.772,45.308,47.078,43.702,40.527,17.818,-0.004158600000000012,0.001006999999999536,11.276000000000295,0.7069100000000077,-0.015500400000000025,2.457119999999996,11.090000000000146,0.21678999999999604,0.19778000000000162,-13.331199999999995,-0.9159000000000219,-0.14334000000000202,0.06656199999999934,-0.3681999999999981,-0.19397999999999982,0.15944000000000358,0.062260000000000204,-0.06473799999999996,-0.02394000000000318,0.0002919299999999993,0.005794500000000036,-0.006553950000000003,-0.7757099999999966,-0.04000999999999877,15.848989999999993,0.03661999999999921,7.231769999999997,0.5018300000000053,-3.5997699999999995,-0.5616199999999978,-0.4224800000000002,26.25
2020-01-02 02:18:00,0.22454,3653.8,4531.2,9.329,26.735,42.399,2717.4,75.121,120.4,0.33709,79.913,50.387,2646.4,25.478,49.932,3115.4,22.741,65.066,215.21,340.56,94.661,77.425,32.117,8.9503,26.625,6.917,18.717,1.6384,32.505,13.818,24.721,1.3376,18.885,2.2477,4.7935,2.2671,0.018769,0.84175,0.090723,54.094,43.924,62.779,54.623,22.159,75.358,22.01,39.742,39.239,46.377,43.516,40.873,18.631,-0.01992860000000002,-0.023592999999999975,11.376000000000204,0.06490999999999758,-0.0021004000000000023,0.3951199999999986,11.690000000000055,-0.08621000000000123,-0.1522199999999998,-14.731200000000001,-0.745900000000006,-0.10334000000000287,0.05106199999999994,0.1518000000000015,-0.016980000000000217,-0.45455999999999364,-0.0047399999999999665,0.09426199999999985,0.2810600000000001,0.0002919299999999993,0.005794500000000036,-0.006553950000000003,-0.24570999999999543,-1.8700100000000006,14.079990000000002,-0.15737999999999985,1.1627699999999948,-0.19916999999999518,-3.7857699999999994,-0.21562000000000126,0.39051999999999865,26.3
2020-01-02 02:21:00,0.22578,3604.8,4510.6,9.5162,26.602,42.5,2717.4,74.775,120.4,0.3344,79.786,50.615,2645.1,22.871,49.708,3114.7,22.877,65.028,215.03,340.1,94.764,77.149,32.117,8.9503,26.625,6.917,18.717,1.6384,32.505,13.818,24.721,1.3376,18.885,2.2477,4.7935,2.2671,0.018769,0.84175,0.090723,54.094,43.924,63.623,54.869,22.037,76.143,22.124,40.07,39.91,45.858,43.224,40.58,18.336,-0.0186886,0.16360699999999895,11.376000000000204,-0.28108999999999185,-0.004790400000000028,0.6231200000000001,10.389999999999873,-0.310210000000005,-0.016220000000000567,-14.911200000000008,-1.2058999999999855,-0.10334000000000287,0.05106199999999994,0.1518000000000015,-0.016980000000000217,-0.45455999999999364,-0.0047399999999999665,0.09426199999999985,0.2810600000000001,0.0002919299999999993,0.005794500000000036,-0.006553950000000003,0.5982899999999987,-1.9920100000000005,14.864989999999999,-0.04338000000000264,1.8337699999999941,-0.7181700000000006,-4.077770000000001,-0.5086200000000005,0.09551999999999694,26.35
2020-01-02 02:24:00,0.22234,3674.4,4536.7,9.3205,26.895,41.963,2715.0,74.541,120.41,0.32607,79.679,50.088,2643.4,24.212,49.49,3114.3,23.576,64.962,213.45,339.87,94.788,77.073,31.738,8.9429,26.822,6.9478,18.704,1.682,32.06,13.847,24.334,1.2446,18.756,2.3258,4.8232,2.3257,0.018769,0.84175,0.090723,54.094,43.924,62.278,54.147,21.803,76.045,21.908,39.336,38.359,45.354,43.06,41.002,16.702,-0.0221286,-0.03209300000000148,8.976000000000113,-0.5150900000000007,-0.013120399999999977,0.0961199999999991,8.690000000000055,-0.5282100000000014,0.682780000000001,-16.49120000000002,-1.4359000000000037,-0.48234000000000066,0.043661999999999423,0.34880000000000067,-0.02997999999999834,-0.8995599999999939,0.02425999999999995,0.0012619999999998743,0.15205999999999875,0.0002919299999999993,0.005794500000000036,-0.006553950000000003,-0.7467100000000002,-2.2260099999999987,14.76699,-0.25938000000000017,0.2827699999999993,-1.2221699999999984,-4.241769999999995,-0.08661999999999637,-1.5384799999999998,26.4
2020-01-02 02:27:00,0.22133,3648.8,4558.7,9.3332,27.389,42.099,2717.7,75.301,120.4,0.32732,79.976,51.045,2647.3,25.598,48.16,3114.5,23.153,64.924,213.14,340.16,94.639,77.488,31.738,8.9429,26.822,6.9478,18.704,1.682,32.06,13.847,24.334,1.2446,18.756,2.3258,4.8232,2.3257,0.018769,0.84175,0.090723,54.094,43.924,62.719,53.884,21.902,75.104,22.643,39.183,41.176,42.276,42.784,40.232,17.665,-0.02313860000000001,-0.019393000000000882,11.67599999999993,0.2449100000000044,-0.011870400000000003,1.0531199999999998,12.590000000000146,-1.8582100000000068,0.25977999999999923,-16.801200000000023,-1.1458999999999833,-0.48234000000000066,0.043661999999999423,0.34880000000000067,-0.02997999999999834,-0.8995599999999939,0.02425999999999995,0.0012619999999998743,0.15205999999999875,0.0002919299999999993,0.005794500000000036,-0.006553950000000003,-0.3057099999999977,-2.1270099999999985,13.825989999999997,0.47561999999999927,3.0997699999999995,-4.300169999999994,-4.517769999999999,-0.8566199999999995,-0.5754800000000024,26.45
2020-01-02 02:30:00,0.26174,3636.8,4583.0,9.2873,27.238,42.432,2719.0,75.656,120.43,0.33227,80.124,50.369,2647.4,26.282,48.803,3117.9,22.754,64.978,213.89,339.45,94.75,77.254,31.862,8.9975,26.751,6.7061,18.943,1.6541,32.61,13.968,24.535,1.2426,18.684,2.2524,4.865,2.2286,0.033084,0.85777,0.1003,53.981,44.26,62.607,53.636,25.657,75.086,22.223,39.39,39.186,43.763,43.117,40.644,18.616,0.017271399999999965,-0.06529300000000049,12.976000000000113,0.5999100000000084,-0.006920399999999993,0.3771199999999979,12.690000000000055,-1.2152100000000061,-0.13921999999999812,-16.051200000000023,-1.8559000000000196,-0.3583400000000019,0.09826200000000007,0.2778000000000027,0.20902000000000243,-0.34955999999999676,0.1452600000000004,-0.0007380000000001274,0.08005999999999958,0.01460693,0.02181450000000007,0.0030230499999999993,-0.4177099999999996,1.6279900000000005,13.807989999999997,0.05561999999999756,1.1097699999999975,-2.8131699999999995,-4.18477,-0.44462000000000046,0.3755199999999981,26.5
2020-01-02 02:33:00,0.26054,3656.6,4525.2,9.2865,27.1,42.167,2717.5,74.573,120.42,0.33243,79.902,50.283,2645.7,25.307,49.728,3115.7,23.028,64.994,215.05,339.88,94.651,76.98,31.862,8.9975,26.751,6.7061,18.943,1.6541,32.61,13.968,24.535,1.2426,18.684,2.2524,4.865,2.2286,0.033084,0.85777,0.1003,53.981,44.26,62.265,54.328,25.775,76.375,22.243,39.371,38.932,45.905,43.012,40.941,17.99,0.016071399999999986,-0.0660930000000004,11.476000000000113,-0.48309000000000424,-0.0067604,0.2911199999999994,10.989999999999782,-0.29021000000000186,0.13477999999999923,-14.891199999999998,-1.4259000000000128,-0.3583400000000019,0.09826200000000007,0.2778000000000027,0.20902000000000243,-0.34955999999999676,0.1452600000000004,-0.0007380000000001274,0.08005999999999958,0.01460693,0.02181450000000007,0.0030230499999999993,-0.7597099999999983,1.745989999999999,15.096989999999998,0.07561999999999713,0.8557699999999997,-0.6711699999999965,-4.289769999999997,-0.1476199999999963,-0.25048000000000314,26.55
2020-01-02 02:36:00,0.25273,3694.4,4505.7,9.1779,27.079,42.231,2716.3,75.208,120.4,0.34752,79.935,51.2,2644.6,25.203,49.26,3115.8,22.752,64.965,215.19,339.88,94.73,77.341,31.839,8.7054,26.796,6.8931,18.565,1.6729,32.213,13.732,24.606,1.2127,18.89,2.2796,4.8194,2.2549,0.033084,0.85777,0.1003,53.981,44.26,63.788,53.968,24.983,75.443,22.114,40.894,41.63,44.821,43.001,41.015,18.631,0.008261400000000002,-0.17469300000000132,10.276000000000295,0.15191000000000088,0.008329599999999993,1.208120000000001,9.889999999999873,-0.7582100000000054,-0.14122000000000057,-14.751200000000011,-1.4259000000000128,-0.38134000000000157,-0.1938380000000013,0.32280000000000086,-0.1689799999999977,-0.7465599999999952,-0.09074000000000026,-0.030638000000000165,0.2860599999999991,0.01460693,0.02181450000000007,0.0030230499999999993,0.7632899999999978,0.953990000000001,14.164989999999996,-0.05338000000000065,3.55377,-1.7551699999999997,-4.30077,-0.07361999999999824,0.39051999999999865,26.6
2020-01-02 02:39:00,0.25395,3714.2,4495.8,9.307,26.953,42.223,2714.6,74.872,120.43,0.34592,79.96,49.414,2642.9,24.967,49.849,3113.8,22.714,64.973,215.29,339.37,94.47,77.184,31.839,8.7054,26.796,6.8931,18.565,1.6729,32.213,13.732,24.606,1.2127,18.89,2.2796,4.8194,2.2549,0.033084,0.85777,0.1003,53.981,44.26,63.447,54.086,24.864,75.914,22.013,41.088,36.374,46.183,42.995,41.62,18.726,0.009481400000000001,-0.04559300000000022,8.576000000000022,-0.18408999999999764,0.006729600000000002,-0.5778800000000004,8.190000000000055,-0.16921000000000674,-0.17922000000000082,-14.651200000000017,-1.9359000000000037,-0.38134000000000157,-0.1938380000000013,0.32280000000000086,-0.1689799999999977,-0.7465599999999952,-0.09074000000000026,-0.030638000000000165,0.2860599999999991,0.01460693,0.02181450000000007,0.0030230499999999993,0.42229000000000383,0.8349900000000012,14.63599,-0.15437999999999974,-1.7022300000000001,-0.3931699999999978,-4.30677,0.5313799999999986,0.4855199999999975,26.65
2020-01-02 02:42:00,0.25935,3621.4,4537.6,9.3403,27.4,42.166,2711.9,75.183,120.4,0.3196,79.794,50.672,2639.9,25.056,52.768,3112.6,21.739,64.967,215.86,339.26,94.694,76.821,32.201,8.9224,26.639,6.7153,18.615,1.6657,32.597,13.845,24.565,1.4308,18.793,2.2575,4.8929,2.3326,0.033084,0.85777,0.1003,53.981,44.26,63.482,54.516,25.457,75.966,22.178,38.007,40.079,52.939,42.946,40.99,21.08,0.014881400000000017,-0.012293000000001442,5.876000000000204,0.1269100000000094,-0.019590400000000008,0.6801199999999952,5.190000000000055,2.7497899999999973,-1.1542199999999987,-14.081199999999995,-2.0459000000000174,-0.01933999999999969,0.02316199999999924,0.16580000000000084,-0.11898000000000053,-0.3625599999999949,0.022260000000001057,0.18746200000000002,0.18905999999999779,0.01460693,0.02181450000000007,0.0030230499999999993,0.4572900000000004,1.4279900000000012,14.687989999999992,0.010619999999999408,2.002769999999998,6.362830000000002,-4.35577,-0.09861999999999682,2.8395199999999967,26.7
2020-01-02 02:45:00,0.26119,3677.7,4549.5,9.2749,27.212,42.481,2710.5,75.603,120.4,0.31772,79.678,50.661,2637.7,26.156,49.25,3111.0,22.377,64.914,214.75,339.12,94.725,77.001,32.201,8.9224,26.639,6.7153,18.615,1.6657,32.597,13.845,24.565,1.4308,18.793,2.2575,4.8929,2.3326,0.018199,0.88352,0.097054,53.669,42.475,62.512,54.373,25.276,77.904,21.445,38.237,40.045,44.798,43.485,41.236,19.578,0.01672139999999997,-0.07769300000000001,4.476000000000113,0.5469099999999969,-0.0214704,0.6691199999999995,2.9899999999997817,-0.7682100000000034,-0.5162200000000006,-15.19120000000001,-2.1859000000000037,-0.01933999999999969,0.02316199999999924,0.16580000000000084,-0.11898000000000053,-0.3625599999999949,0.022260000000001057,0.18746200000000002,0.18905999999999779,-0.0002780700000000018,0.04756450000000001,-0.00022294999999999954,-0.5127099999999984,1.2469900000000003,16.625989999999994,-0.7223800000000011,1.9687699999999992,-1.7781699999999958,-3.816769999999998,0.1473799999999983,1.3375199999999978,26.75
2020-01-02 02:48:00,0.2242,3703.5,4494.0,9.2242,27.014,42.464,2712.6,75.135,120.42,0.33135,79.89,50.229,2641.2,23.9,49.349,3110.3,23.773,64.91,215.66,339.71,94.683,77.335,31.83,8.9249,26.454,6.8778,18.855,1.6416,31.902,13.896,24.656,1.1951,19.128,2.3041,4.7486,2.2412,0.018199,0.88352,0.097054,53.669,42.475,63.702,54.947,22.376,75.812,22.355,39.542,38.773,45.028,43.597,41.017,16.244,-0.020268599999999998,-0.12839300000000087,6.576000000000022,0.07891000000000759,-0.007840400000000025,0.23711999999999733,6.489999999999782,-0.6692100000000067,0.8797800000000002,-14.281200000000013,-1.5959000000000287,-0.3903400000000019,0.02566199999999874,-0.019199999999997885,0.12102000000000146,-1.0575599999999952,0.07326000000000121,-0.048238,0.5240599999999986,-0.0002780700000000018,0.04756450000000001,-0.00022294999999999954,0.6772899999999993,-1.6530099999999983,14.533989999999996,0.187619999999999,0.6967700000000008,-1.548169999999999,-3.7047699999999963,-0.0716199999999958,-1.9964800000000018,26.8
2020-01-02 02:51:00,0.22461,3703.5,4558.5,9.1456,26.808,41.953,2710.9,75.299,120.44,0.33024,80.0,49.37,2639.3,24.404,49.167,3110.7,22.455,64.966,215.88,338.96,94.49,77.206,31.83,8.9249,26.454,6.8778,18.855,1.6416,31.902,13.896,24.656,1.1951,19.128,2.3041,4.7486,2.2412,0.018199,0.88352,0.097054,53.669,42.475,63.703,54.176,22.335,76.111,22.024,39.678,36.245,44.607,43.766,41.704,19.375,-0.019858600000000004,-0.20699300000000065,4.876000000000204,0.24291000000000906,-0.008950400000000025,-0.6218800000000044,4.5900000000001455,-0.8512100000000018,-0.43822000000000116,-14.061200000000014,-2.3459000000000287,-0.3903400000000019,0.02566199999999874,-0.019199999999997885,0.12102000000000146,-1.0575599999999952,0.07326000000000121,-0.048238,0.5240599999999986,-0.0002780700000000018,0.04756450000000001,-0.00022294999999999954,0.6782900000000041,-1.6940099999999987,14.832990000000002,-0.1433800000000005,-1.831230000000005,-1.9691699999999983,-3.5357699999999994,0.6153800000000018,1.1345199999999984,26.85
2020-01-02 02:54:00,0.26406,3688.9,4527.4,9.2942,26.913,42.598,2709.6,75.385,120.37,0.3368,80.077,49.199,2637.8,24.664,50.069,3109.6,22.704,65.033,215.28,338.16,94.61,77.252,32.132,8.9101,26.524,6.9087,18.748,1.68,32.194,13.778,24.408,1.3723,18.652,2.2431,4.6913,2.2897,0.018199,0.88352,0.097054,53.669,42.475,62.607,53.965,25.863,75.078,21.726,40.329,35.742,46.694,44.005,40.543,18.777,0.01959140000000001,-0.05839300000000058,3.576000000000022,0.3289100000000076,-0.0023904000000000147,-0.7928800000000038,3.0900000000001455,0.050789999999999225,-0.18921999999999883,-14.661200000000008,-3.1458999999999833,-0.0883400000000023,0.010861999999999483,0.0508000000000024,0.014020000000002142,-0.7655599999999936,-0.044739999999999114,0.12896200000000002,0.04805999999999955,-0.0002780700000000018,0.04756450000000001,-0.00022294999999999954,-0.4177099999999996,1.83399,13.799990000000001,-0.4413800000000023,-2.334230000000005,0.11783000000000499,-3.296769999999995,-0.5456199999999995,0.5365199999999994,26.9
2020-01-02 02:57:00,0.2631,3634.2,4527.4,9.24,26.564,42.26,2707.5,76.11,120.42,0.33557,79.915,48.269,2635.8,24.427,50.387,3108.4,23.708,65.059,216.48,338.31,94.75,77.078,32.132,8.9101,26.524,6.9087,18.748,1.68,32.194,13.778,24.408,1.3723,18.652,2.2431,4.6913,2.2897,0.018199,0.88352,0.097054,53.669,42.475,63.549,53.965,25.957,76.287,21.514,40.479,33.007,47.43,44.085,41.122,16.425,0.018631399999999992,-0.11259300000000039,1.4760000000001128,1.053910000000002,-0.0036204000000000236,-1.7228800000000035,1.0900000000001455,0.36878999999999706,0.814779999999999,-13.46120000000002,-2.995900000000006,-0.0883400000000023,0.010861999999999483,0.0508000000000024,0.014020000000002142,-0.7655599999999936,-0.044739999999999114,0.12896200000000002,0.04805999999999955,-0.0002780700000000018,0.04756450000000001,-0.00022294999999999954,0.5242900000000006,1.9279900000000012,15.008990000000004,-0.6533800000000021,-5.069230000000005,0.8538300000000021,-3.216769999999997,0.033380000000001075,-1.8154800000000009,26.95
2020-01-02 03:00:00,0.23592,3642.9,4544.3,9.2241,26.704,42.445,2707.1,75.303,120.38,0.32273,79.998,48.153,2635.3,25.844,50.615,3107.4,21.488,65.081,220.12,338.0,94.656,77.207,31.812,8.8465,26.667,6.9503,19.232,1.6759,32.291,13.804,24.104,1.1984,18.65,2.2201,4.8703,2.2266,0.034488,0.86038,0.10864,53.589,43.531,63.117,54.02,23.307,77.493,21.435,38.916,32.664,47.958,44.668,40.514,21.686,-0.008548600000000017,-0.12849300000000063,1.0760000000000218,0.24690999999999974,-0.016460399999999986,-1.8388800000000032,0.5900000000001455,0.5967899999999986,-1.40522,-9.821200000000005,-3.3059000000000083,-0.40833999999999904,-0.05273799999999973,0.19380000000000308,0.49802000000000035,-0.6685599999999994,-0.018739999999999313,-0.044938000000000144,0.0460599999999971,0.016010929999999996,0.02442450000000007,0.01136305,0.09228999999999843,-0.7220100000000009,16.214989999999993,-0.7323800000000027,-5.412230000000001,1.3818300000000008,-2.6337699999999984,-0.5746199999999959,3.4455199999999984,27.0
2020-01-02 03:03:00,0.23709,3660.6,4537.7,9.2244,26.876,42.266,2705.7,75.558,120.38,0.32582,79.91,49.458,2633.6,25.1,49.232,3106.6,21.951,65.145,220.51,337.98,94.853,76.848,31.812,8.8465,26.667,6.9503,19.232,1.6759,32.291,13.804,24.104,1.1984,18.65,2.2201,4.8703,2.2266,0.034488,0.86038,0.10864,53.589,43.531,62.813,54.099,23.192,76.043,21.441,38.539,36.505,44.756,45.129,40.977,20.62,-0.007378600000000013,-0.12819300000000133,-0.3240000000000691,0.5019100000000094,-0.013370400000000005,-0.5338800000000035,-1.1100000000001273,-0.7862100000000041,-0.942219999999999,-9.431200000000018,-3.32589999999999,-0.40833999999999904,-0.05273799999999973,0.19380000000000308,0.49802000000000035,-0.6685599999999994,-0.018739999999999313,-0.044938000000000144,0.0460599999999971,0.016010929999999996,0.02442450000000007,0.01136305,-0.2117099999999965,-0.8370099999999994,14.764990000000004,-0.7263800000000025,-1.57123,-1.8201699999999974,-2.17277,-0.11162000000000205,2.3795199999999994,27.05
2020-01-02 03:06:00,0.27072,3661.1,4473.1,9.292,27.01,42.142,2703.9,75.578,120.39,0.32867,79.804,48.988,2632.1,26.673,49.183,3104.5,24.18,65.16,224.31,338.14,94.785,76.962,31.788,8.8766,26.909,6.8905,18.598,1.6399,32.042,13.846,24.388,1.3072,19.13,2.2864,4.8045,2.3554,0.034488,0.86038,0.10864,53.589,43.531,62.394,53.649,26.409,76.306,21.458,38.821,35.123,44.643,45.287,40.345,15.351,0.026251400000000008,-0.060593000000000785,-2.1239999999997963,0.5219100000000054,-0.010520399999999985,-1.0038800000000023,-2.6100000000001273,-0.8352100000000036,1.2867800000000003,-5.631200000000007,-3.165900000000022,-0.43233999999999995,-0.022638000000000602,0.4358000000000004,-0.13598,-0.9175599999999946,0.023260000000000502,0.06386199999999986,0.5260599999999975,0.016010929999999996,0.02442450000000007,0.01136305,-0.6307100000000005,2.3799899999999994,15.027989999999996,-0.709380000000003,-2.953230000000005,-1.933169999999997,-2.0147699999999986,-0.74362,-2.8894800000000007,27.1
2020-01-02 03:09:00,0.26961,3653.3,4511.0,9.1969,27.086,42.174,2704.6,75.149,120.37,0.3267,79.811,49.948,2632.6,25.506,51.096,3104.4,22.725,65.162,224.61,338.23,94.916,76.927,31.788,8.8766,26.909,6.8905,18.598,1.6399,32.042,13.846,24.388,1.3072,19.13,2.2864,4.8045,2.3554,0.034488,0.86038,0.10864,53.589,43.531,62.529,53.196,26.518,76.867,21.667,39.062,37.947,49.071,45.758,41.073,18.826,0.025141400000000008,-0.1556930000000012,-1.4239999999999782,0.09291000000000338,-0.012490400000000013,-0.04388000000000147,-2.1100000000001273,1.0777899999999931,-0.16821999999999804,-5.3311999999999955,-3.07589999999999,-0.43233999999999995,-0.022638000000000602,0.4358000000000004,-0.13598,-0.9175599999999946,0.023260000000000502,0.06386199999999986,0.5260599999999975,0.016010929999999996,0.02442450000000007,0.01136305,-0.49570999999999543,2.488990000000001,15.588990000000003,-0.5003799999999998,-0.12922999999999973,2.4948300000000003,-1.543769999999995,-0.015619999999998413,0.5855199999999989,27.15
2020-01-02 03:12:00,0.27569,3617.7,4593.3,9.3003,26.714,42.456,2708.2,74.671,120.41,0.33014,80.112,50.104,2636.0,23.552,49.369,3107.7,23.107,65.266,225.77,338.04,94.689,77.267,31.694,9.1301,27.001,6.7605,19.366,1.6542,32.615,13.915,23.93,1.4272,18.682,2.2471,4.7668,2.1918,0.034488,0.86038,0.10864,53.589,43.531,63.63,53.744,27.174,73.931,21.491,39.772,38.407,45.075,46.147,40.701,17.878,0.031221399999999982,-0.05229300000000059,2.175999999999931,-0.38508999999999105,-0.009050400000000014,0.11211999999999733,1.2899999999999636,-0.6492100000000036,0.21377999999999986,-4.171199999999999,-3.265899999999988,-0.5263400000000011,0.23086200000000012,0.5278000000000027,0.6320200000000007,-0.3445599999999942,0.09225999999999956,0.18386199999999997,0.07805999999999713,0.016010929999999996,0.02442450000000007,0.01136305,0.6052900000000037,3.14499,12.652989999999996,-0.6763800000000018,0.330769999999994,-1.5011699999999948,-1.1547699999999992,-0.3876199999999983,-0.36248000000000147,27.2
2020-01-02 03:15:00,0.27591,3649.3,4525.0,9.3078,26.549,42.556,2708.2,74.488,120.42,0.33284,80.181,49.391,2636.1,24.299,51.505,3110.2,23.033,65.356,223.31,337.56,94.695,77.416,31.694,9.1301,27.001,6.7605,19.366,1.6542,32.615,13.915,23.93,1.4272,18.682,2.2471,4.7668,2.1918,0.01635,0.87351,0.10907,53.948,43.872,63.087,54.561,27.152,74.253,21.166,39.443,36.308,50.016,46.325,40.836,18.038,0.03144139999999998,-0.044793000000000305,2.175999999999931,-0.568089999999998,-0.006350399999999978,-0.6008800000000036,1.3899999999998727,1.4867899999999992,0.1397800000000018,-6.631200000000007,-3.745900000000006,-0.5263400000000011,0.23086200000000012,0.5278000000000027,0.6320200000000007,-0.3445599999999942,0.09225999999999956,0.18386199999999997,0.07805999999999713,-0.0021270700000000017,0.037554500000000046,0.01179305,0.0622900000000044,3.1229900000000015,12.974989999999998,-1.001380000000001,-1.7682300000000026,3.4398300000000006,-0.9767699999999948,-0.2526200000000003,-0.20248000000000133,27.25
2020-01-02 03:18:00,0.28805,3693.4,4475.5,9.1795,27.024,42.369,2708.6,74.755,120.42,0.33922,80.377,51.499,2636.7,26.848,51.509,3110.7,22.981,65.478,226.31,337.57,94.555,77.636,31.471,8.8483,26.375,7.0346,19.132,1.646,32.807,13.892,24.072,1.2506,18.833,2.25,4.7312,2.2652,0.01635,0.87351,0.10907,53.948,43.872,63.521,53.234,28.659,78.138,21.409,40.59,42.512,50.027,46.308,41.855,18.118,0.043581399999999965,-0.17309299999999972,2.576000000000022,-0.3010900000000021,2.96000000000185e-05,1.5071200000000005,1.9899999999997817,1.490789999999997,0.08778000000000219,-3.631200000000007,-3.735900000000015,-0.7493400000000001,-0.05093800000000037,-0.09819999999999851,0.3980200000000025,-0.15255999999999403,0.06925999999999988,0.00726199999999988,0.22905999999999693,-0.0021270700000000017,0.037554500000000046,0.01179305,0.4962900000000019,4.629989999999999,16.859990000000003,-0.7583800000000025,4.435769999999998,3.4508300000000034,-0.9937699999999978,0.7663799999999981,-0.12248000000000303,27.3
2020-01-02 03:21:00,0.28681,3687.8,4467.7,9.2288,26.812,42.787,2707.8,75.151,120.41,0.33942,80.363,50.707,2635.3,25.193,49.447,3110.0,23.231,65.555,225.8,337.72,94.465,77.213,31.471,8.8483,26.375,7.0346,19.132,1.646,32.807,13.892,24.072,1.2506,18.833,2.25,4.7312,2.2652,0.01635,0.87351,0.10907,53.948,43.872,63.617,53.327,28.78,76.243,20.915,40.566,40.181,45.254,46.602,41.036,17.539,0.0423414,-0.12379300000000093,1.7760000000002947,0.09490999999999872,0.00022959999999999647,0.7151199999999989,0.5900000000001455,-0.5712100000000007,0.3377800000000022,-4.141199999999998,-3.585899999999981,-0.7493400000000001,-0.05093800000000037,-0.09819999999999851,0.3980200000000025,-0.15255999999999403,0.06925999999999988,0.00726199999999988,0.22905999999999693,-0.0021270700000000017,0.037554500000000046,0.01179305,0.5922899999999984,4.750990000000002,14.964989999999993,-1.2523800000000023,2.104769999999995,-1.3221699999999998,-0.6997700000000009,-0.05261999999999745,-0.7014800000000001,27.35
2020-01-02 03:24:00,0.32025,3635.6,4479.4,9.2999,27.318,42.134,2705.3,75.469,120.4,0.33402,80.207,49.982,2632.9,26.621,50.577,3107.6,23.894,65.61,226.65,337.6,94.704,77.059,31.831,8.8049,26.614,6.8198,18.856,1.6748,32.452,13.843,24.092,1.0626,19.028,2.2826,4.8646,2.3044,0.01635,0.87351,0.10907,53.948,43.872,62.096,53.681,30.973,75.947,21.265,40.725,38.047,47.869,46.774,40.645,15.978,0.07578139999999997,-0.05269300000000143,-0.7239999999997053,0.41290999999999656,-0.005170400000000019,-0.009880000000002553,-1.8099999999999454,0.5587899999999948,1.000779999999999,-3.2912000000000035,-3.7058999999999855,-0.3893400000000007,-0.09433800000000048,0.14080000000000226,0.12202000000000268,-0.507559999999998,0.02026000000000039,-0.18073800000000007,0.4240599999999972,-0.0021270700000000017,0.037554500000000046,0.01179305,-0.9287100000000024,6.943989999999999,14.66899,-0.9023800000000008,-0.02923000000000542,1.2928300000000021,-0.5277699999999967,-0.4436199999999957,-2.262480000000002,27.4
2020-01-02 03:27:00,0.31616,3653.7,4432.7,9.3553,26.94,42.565,2705.8,74.78,120.39,0.33848,80.118,49.465,2633.7,25.396,50.242,3105.1,22.427,65.611,227.83,338.46,94.739,76.884,31.831,8.8049,26.614,6.8198,18.856,1.6748,32.452,13.843,24.092,1.0626,19.028,2.2826,4.8646,2.3044,0.01635,0.87351,0.10907,53.948,43.872,61.784,54.24,31.375,75.563,21.683,40.182,36.525,47.094,46.919,40.726,19.481,0.07169139999999999,0.0027069999999991268,-0.22399999999970532,-0.2760899999999964,-0.0007103999999999999,-0.5268799999999985,-1.0100000000002183,0.22378999999999394,-0.46621999999999986,-2.1111999999999966,-2.8459000000000287,-0.3893400000000007,-0.09433800000000048,0.14080000000000226,0.12202000000000268,-0.507559999999998,0.02026000000000039,-0.18073800000000007,0.4240599999999972,-0.0021270700000000017,0.037554500000000046,0.01179305,-1.24071,7.3459900000000005,14.28499,-0.4843800000000016,-1.5512300000000039,0.5178300000000036,-0.3827700000000007,-0.3626199999999997,1.24052,27.45
2020-01-02 03:30:00,0.288,3670.2,4497.7,9.2753,26.809,42.12,2703.6,76.111,120.39,0.3314,79.873,50.545,2632.1,25.231,49.364,3103.3,22.83,65.59,228.57,338.71,94.815,76.972,31.658,8.9224,27.123,6.9425,18.75,1.7041,32.115,14.053,24.405,1.394,18.913,2.286,4.8446,2.3095,0.02183,0.85988,0.11084,54.26,43.978,63.343,54.103,28.398,77.248,21.644,39.804,39.705,45.062,47.494,41.055,18.538,0.04353139999999997,-0.07729300000000094,-2.423999999999978,1.0549100000000067,-0.007790400000000031,0.5531199999999998,-2.6100000000001273,-0.6542100000000062,-0.06322000000000116,-1.371200000000016,-2.5959000000000287,-0.562339999999999,0.02316199999999924,0.6498000000000026,0.016020000000001033,-0.8445599999999942,0.23026000000000124,0.15066199999999985,0.3090599999999988,0.003352929999999997,0.023924500000000015,0.013563049999999993,0.3182900000000046,4.36899,15.969990000000003,-0.5233800000000031,1.6287699999999958,-1.51417,0.19223000000000212,-0.033619999999999095,0.2975199999999987,27.5
2020-01-02 03:33:00,0.28927,3640.4,4497.1,9.1743,26.804,42.481,2702.2,75.27,120.41,0.33033,79.856,48.844,2630.6,25.011,50.508,3103.5,23.095,65.568,231.16,338.31,94.637,76.85,31.658,8.9224,27.123,6.9425,18.75,1.7041,32.115,14.053,24.405,1.394,18.913,2.286,4.8446,2.3095,0.02183,0.85988,0.11084,54.26,43.978,63.855,54.11,28.273,76.512,21.582,39.934,34.698,47.711,47.688,40.725,17.932,0.04480140000000002,-0.17829300000000003,-3.824000000000069,0.2139099999999985,-0.00886039999999999,-1.1478800000000007,-4.110000000000127,0.4897899999999993,0.2017799999999994,1.2187999999999874,-2.995900000000006,-0.562339999999999,0.02316199999999924,0.6498000000000026,0.016020000000001033,-0.8445599999999942,0.23026000000000124,0.15066199999999985,0.3090599999999988,0.003352929999999997,0.023924500000000015,0.013563049999999993,0.830289999999998,4.24399,15.233989999999999,-0.5853800000000007,-3.378230000000002,1.134830000000001,0.38623000000000474,-0.3636199999999974,-0.308480000000003,27.55
2020-01-02 03:36:00,0.30944,3606.0,4545.5,9.3627,26.964,42.125,2703.3,74.975,120.4,0.35708,79.972,50.681,2632.0,25.841,50.252,3104.3,22.454,65.572,232.21,338.55,94.818,77.315,31.863,8.8132,26.466,6.6384,18.8,1.7319,32.279,13.905,23.849,1.4432,18.644,2.3048,4.8651,2.2468,0.02183,0.85988,0.11084,54.26,43.978,63.372,53.787,30.486,76.007,21.583,42.472,40.103,47.117,48.017,40.706,19.428,0.06497139999999998,0.010106999999999644,-2.7239999999997053,-0.08109000000000322,0.017889600000000005,0.6891199999999955,-2.7100000000000364,0.23378999999999905,-0.43921999999999883,2.268799999999999,-2.755899999999997,-0.35734000000000066,-0.08603800000000028,-0.007199999999997431,0.06602000000000174,-0.6805599999999927,0.08225999999999978,0.19986199999999998,0.040059999999996876,0.003352929999999997,0.023924500000000015,0.013563049999999993,0.347290000000001,6.456990000000001,14.728990000000003,-0.584380000000003,2.026769999999999,0.5408299999999997,0.7152300000000054,-0.38261999999999574,1.1875199999999992,27.6
2020-01-02 03:39:00,0.30788,3651.8,4520.5,9.3618,26.8,42.56,2706.4,74.294,120.4,0.35795,80.28,49.524,2634.7,26.736,49.68,3106.0,23.042,65.658,234.45,338.85,94.551,77.452,31.863,8.8132,26.466,6.6384,18.8,1.7319,32.279,13.905,23.849,1.4432,18.644,2.3048,4.8651,2.2468,0.02183,0.85988,0.11084,54.26,43.978,62.584,54.087,30.64,76.179,21.679,42.366,36.7,45.794,48.232,41.456,18.008,0.06341139999999998,0.009206999999999965,0.3760000000002037,-0.7620900000000006,0.018759599999999987,-0.46788000000000096,-0.010000000000218279,-0.3382100000000037,0.14878000000000213,4.5087999999999795,-2.4558999999999855,-0.35734000000000066,-0.08603800000000028,-0.007199999999997431,0.06602000000000174,-0.6805599999999927,0.08225999999999978,0.19986199999999998,0.040059999999996876,0.003352929999999997,0.023924500000000015,0.013563049999999993,-0.4407099999999957,6.610990000000001,14.90099,-0.4883800000000029,-1.3762299999999996,-0.7821700000000007,0.9302300000000017,0.36738000000000426,-0.23248000000000246,27.65
2020-01-02 03:42:00,0.29687,3744.6,4519.9,9.1919,26.496,42.337,2706.2,75.112,120.44,0.34104,80.295,48.963,2634.7,25.642,47.934,3106.9,21.479,65.772,234.7,338.6,94.559,77.304,31.464,8.9504,26.653,6.9553,18.79,1.6471,32.115,13.958,24.089,1.2773,18.804,2.2375,4.817,2.2685,0.02183,0.85988,0.11084,54.26,43.978,63.741,53.971,28.696,78.458,21.331,40.705,35.048,41.754,48.62,41.838,21.714,0.052401400000000015,-0.1606930000000002,0.17599999999993088,0.05590999999999724,0.0018496000000000068,-1.028880000000001,-0.010000000000218279,-2.084210000000006,-1.4142200000000003,4.7587999999999795,-2.7058999999999855,-0.7563400000000016,0.05116199999999971,0.17980000000000018,0.05602000000000018,-0.8445599999999942,0.1352600000000006,0.03396200000000005,0.20005999999999702,0.003352929999999997,0.023924500000000015,0.013563049999999993,0.7162900000000008,4.666990000000002,17.179989999999997,-0.8363800000000019,-3.0282300000000006,-4.82217,1.3182299999999998,0.7493800000000022,3.473519999999997,27.7
2020-01-02 03:45:00,0.29368,3736.1,4559.9,9.2572,26.929,42.367,2701.8,75.904,120.42,0.3448,80.078,50.165,2629.2,24.036,50.108,3103.9,22.895,65.837,235.02,338.02,94.42,77.226,31.464,8.9504,26.653,6.9553,18.79,1.6471,32.115,13.958,24.089,1.2773,18.804,2.2375,4.817,2.2685,0.027275,0.87718,0.091297,53.726,43.946,63.886,53.492,29.01,77.048,21.123,40.245,38.586,46.783,48.707,41.344,18.366,0.04921139999999999,-0.0953930000000014,-4.223999999999705,0.8479099999999988,0.005609599999999992,0.17311999999999728,-5.510000000000218,0.0897899999999936,0.0017800000000001148,5.078800000000001,-3.2859000000000265,-0.7563400000000016,0.05116199999999971,0.17980000000000018,0.05602000000000018,-0.8445599999999942,0.1352600000000006,0.03396200000000005,0.20005999999999702,0.008797929999999999,0.0412245,-0.005979949999999998,0.8612900000000039,4.980990000000002,15.76999,-1.0443800000000003,0.5097699999999961,0.20683000000000362,1.405230000000003,0.2553800000000024,0.12551999999999808,27.75
2020-01-02 03:48:00,0.34024,3638.2,4536.2,9.3028,27.017,42.66,2701.2,75.172,120.42,0.34633,80.115,51.21,2628.7,23.942,50.358,3101.6,23.485,65.876,237.14,338.82,94.624,77.056,32.084,8.9689,26.565,6.7168,18.699,1.6466,32.856,13.958,23.927,1.4548,19.368,2.2323,4.8848,2.2928,0.027275,0.87718,0.091297,53.726,43.946,62.873,53.796,33.091,77.452,21.381,41.642,41.661,47.362,48.8,41.909,16.979,0.09577139999999998,-0.049793000000001086,-4.824000000000069,0.11590999999999951,0.007139600000000024,1.218119999999999,-6.010000000000218,0.3397899999999936,0.59178,7.198799999999977,-2.485900000000015,-0.13633999999999702,0.06966199999999922,0.09180000000000277,-0.03497999999999735,-0.10355999999999455,0.1352600000000006,0.21146200000000004,0.7640599999999971,0.008797929999999999,0.0412245,-0.005979949999999998,-0.15171000000000134,9.061990000000002,16.173989999999996,-0.7863800000000012,3.584769999999999,0.7858300000000042,1.4982299999999995,0.8203800000000001,-1.2614800000000024,27.8
2020-01-02 03:51:00,0.33867,3617.5,4551.1,9.1862,26.731,42.257,2701.2,74.852,120.39,0.34528,80.146,49.418,2629.7,26.941,51.012,3101.7,22.994,65.913,234.64,338.85,94.55,77.085,32.084,8.9689,26.565,6.7168,18.699,1.6466,32.856,13.958,23.927,1.4548,19.368,2.2323,4.8848,2.2928,0.027275,0.87718,0.091297,53.726,43.946,63.229,53.618,33.245,76.413,21.135,41.769,36.387,48.876,49.302,40.656,18.143,0.09420140000000002,-0.16639300000000112,-4.824000000000069,-0.20408999999999367,0.006089599999999973,-0.5738800000000026,-5.010000000000218,0.9937899999999971,0.10078000000000031,4.698799999999977,-2.4558999999999855,-0.13633999999999702,0.06966199999999922,0.09180000000000277,-0.03497999999999735,-0.10355999999999455,0.1352600000000006,0.21146200000000004,0.7640599999999971,0.008797929999999999,0.0412245,-0.005979949999999998,0.2042900000000003,9.215989999999998,15.134989999999995,-1.0323799999999999,-1.689230000000002,2.29983,2.000230000000002,-0.43262,-0.0974800000000009,27.85
2020-01-02 03:54:00,0.28191,3683.5,4538.6,9.197,26.758,42.513,2700.4,75.635,120.42,0.34562,80.199,48.203,2628.0,26.248,48.204,3101.0,23.343,65.939,237.38,338.74,94.563,77.384,31.904,8.9853,25.798,6.9541,18.757,1.6325,32.542,13.972,23.653,1.3157,19.501,2.2342,4.8037,2.3488,0.027275,0.87718,0.091297,53.726,43.946,64.228,53.998,27.882,76.671,21.503,41.918,32.812,42.378,49.335,41.467,17.286,0.037441399999999986,-0.15559300000000142,-5.623999999999796,0.5789100000000076,0.00642959999999998,-1.788879999999999,-6.710000000000036,-1.8142100000000028,0.4497800000000005,7.438799999999986,-2.565899999999999,-0.3163400000000003,0.08606200000000008,-0.6752000000000002,0.023020000000002483,-0.4175599999999946,0.14925999999999995,0.07236200000000004,0.8970599999999997,0.008797929999999999,0.0412245,-0.005979949999999998,1.2032899999999955,3.852990000000002,15.392990000000005,-0.6643800000000013,-5.264230000000005,-4.1981699999999975,2.033230000000003,0.37837999999999994,-0.9544800000000002,27.9
2020-01-02 03:57:00,0.28224,3727.5,4518.7,9.2111,26.624,42.341,2698.9,74.572,120.41,0.35113,80.166,49.192,2627.0,24.077,50.343,3099.2,23.45,65.975,237.06,338.3,94.448,77.047,31.904,8.9853,25.798,6.9541,18.757,1.6325,32.542,13.972,23.653,1.3157,19.501,2.2342,4.8037,2.3488,0.027275,0.87718,0.091297,53.726,43.946,63.471,54.236,27.849,76.018,21.43,41.246,35.723,47.329,49.639,41.338,17.054,0.03777139999999998,-0.14149300000000054,-7.123999999999796,-0.4840899999999948,0.011939599999999995,-0.7998800000000017,-7.710000000000036,0.32479000000000013,0.5567799999999998,7.118799999999993,-3.005899999999997,-0.3163400000000003,0.08606200000000008,-0.6752000000000002,0.023020000000002483,-0.4175599999999946,0.14925999999999995,0.07236200000000004,0.8970599999999997,0.008797929999999999,0.0412245,-0.005979949999999998,0.44628999999999763,3.8199900000000007,14.739989999999999,-0.7373800000000017,-2.3532300000000035,0.752830000000003,2.3372300000000052,0.24938000000000216,-1.186480000000003,27.95
2020-01-02 04:00:00,0.30038,3601.9,4534.3,9.2634,27.144,42.536,2694.8,75.869,120.39,0.35172,79.916,50.275,2621.7,25.405,50.647,3096.0,21.754,66.008,240.71,338.62,94.684,76.807,32.131,8.799,26.087,6.8999,19.173,1.6802,32.914,13.96,24.013,1.466,18.801,2.2348,4.9082,2.4488,0.020599,0.85903,0.13238,53.266,43.014,63.595,53.914,29.886,75.287,21.245,41.76,38.909,48.032,50.092,41.168,21.117,0.05591139999999997,-0.08919299999999986,-11.223999999999705,0.8129100000000022,0.012529599999999974,0.2831199999999967,-13.010000000000218,0.6287899999999951,-1.1392199999999981,10.768799999999999,-2.6859000000000037,-0.08933999999999997,-0.10023800000000094,-0.38619999999999877,0.4390199999999993,-0.045559999999994716,0.13726000000000127,0.22266199999999992,0.1970599999999969,0.0021219299999999976,0.023074499999999998,0.03510305,0.57029,5.85699,14.008990000000004,-0.9223800000000004,0.8327699999999965,1.4558299999999988,2.790230000000001,0.07938000000000045,2.8765199999999993,28.0
2020-01-02 04:03:00,0.30201,3644.6,4524.4,9.2381,26.931,42.202,2695.2,74.974,120.39,0.35293,79.923,51.25,2623.1,26.532,50.025,3093.8,22.011,65.988,242.87,339.21,94.67,76.927,32.131,8.799,26.087,6.8999,19.173,1.6802,32.914,13.96,24.013,1.466,18.801,2.2348,4.9082,2.4488,0.020599,0.85903,0.13238,53.266,43.014,62.86,54.033,29.727,75.173,21.646,41.613,41.779,46.591,50.397,40.567,20.525,0.05754139999999999,-0.11449300000000129,-10.82400000000007,-0.08208999999999378,0.013739600000000018,1.2581199999999981,-11.610000000000127,0.006789999999995189,-0.8822200000000002,12.928799999999995,-2.0959000000000287,-0.08933999999999997,-0.10023800000000094,-0.38619999999999877,0.4390199999999993,-0.045559999999994716,0.13726000000000127,0.22266199999999992,0.1970599999999969,0.0021219299999999976,0.023074499999999998,0.03510305,-0.16470999999999947,5.697990000000001,13.89499,-0.5213800000000006,3.702770000000001,0.014830000000003452,3.095230000000001,-0.5216199999999986,2.284519999999997,28.05
2020-01-02 04:06:00,0.28148,3647.3,4498.0,9.1955,26.869,42.095,2696.7,75.286,120.39,0.34675,80.083,50.536,2624.1,24.562,49.234,3095.3,23.655,66.017,245.47,339.29,94.789,77.304,31.629,9.1432,25.887,6.9682,18.855,1.6982,32.226,13.779,23.744,1.1509,18.697,2.271,4.8845,2.2871,0.020599,0.85903,0.13238,53.266,43.014,63.247,53.296,27.77,78.18,21.734,42.273,39.677,44.762,50.66,40.99,16.598,0.0370114,-0.15709300000000148,-9.32400000000007,0.22991000000000383,0.0075596,0.5441199999999995,-10.610000000000127,-0.7842100000000016,0.7617800000000017,15.52879999999999,-2.015899999999988,-0.5913399999999989,0.2439619999999998,-0.5861999999999981,0.12102000000000146,-0.7335599999999971,-0.04373999999999967,-0.09243800000000002,0.0930599999999977,0.0021219299999999976,0.023074499999999998,0.03510305,0.222290000000001,3.74099,16.901990000000005,-0.43337999999999965,1.6007699999999971,-1.8141699999999972,3.358229999999999,-0.09861999999999682,-1.6424800000000026,28.1
2020-01-02 04:09:00,0.28121,3667.7,4484.4,9.3139,26.828,42.12,2697.7,76.179,120.4,0.3503,80.374,47.271,2626.2,25.358,49.202,3097.4,23.0,66.103,243.85,339.08,94.517,77.861,31.629,9.1432,25.887,6.9682,18.855,1.6982,32.226,13.779,23.744,1.1509,18.697,2.271,4.8845,2.2871,0.020599,0.85903,0.13238,53.266,43.014,62.896,53.459,27.797,74.662,21.491,41.84,30.068,44.688,51.291,41.009,18.088,0.03674140000000001,-0.03869300000000031,-8.32400000000007,1.1229100000000045,0.011109599999999997,-2.720880000000001,-8.510000000000218,-0.8162100000000052,0.10678000000000054,13.908799999999985,-2.225900000000024,-0.5913399999999989,0.2439619999999998,-0.5861999999999981,0.12102000000000146,-0.7335599999999971,-0.04373999999999967,-0.09243800000000002,0.0930599999999977,0.0021219299999999976,0.023074499999999998,0.03510305,-0.1287099999999981,3.767990000000001,13.383990000000004,-0.6763800000000018,-8.008230000000001,-1.8881699999999952,3.989229999999999,-0.07961999999999847,-0.15248000000000062,28.15
2020-01-02 04:12:00,0.33247,3661.1,4503.4,9.234,26.83,42.422,2700.2,75.221,120.39,0.32807,80.635,48.909,2628.9,26.464,47.901,3100.8,22.331,66.284,246.99,339.18,94.594,77.579,31.776,9.0221,26.323,6.866,18.969,1.66,32.806,13.948,23.684,1.2224,19.065,2.2909,4.8552,2.1957,0.020599,0.85903,0.13238,53.266,43.014,62.361,53.973,32.942,77.681,21.677,39.761,34.89,41.676,51.49,40.858,19.664,0.08800139999999998,-0.11859300000000061,-5.824000000000069,0.1649100000000061,-0.01112040000000003,-1.082880000000003,-5.809999999999945,-2.11721,-0.5622199999999999,17.0488,-2.1259000000000015,-0.4443400000000004,0.12286199999999958,-0.1501999999999981,0.23502000000000223,-0.1535599999999988,0.12526000000000082,-0.020938000000000123,0.4610599999999998,0.0021219299999999976,0.023074499999999998,0.03510305,-0.6637100000000018,8.91299,16.402989999999996,-0.4903800000000018,-3.186230000000002,-4.900169999999996,4.188230000000004,-0.23062000000000182,1.42352,28.2
2020-01-02 04:15:00,0.3329,3638.4,4492.4,9.4714,26.802,42.338,2699.5,76.092,120.41,0.33032,80.471,50.358,2628.7,26.002,49.331,3101.1,24.196,66.412,244.37,338.89,94.56,77.048,31.776,9.0221,26.323,6.866,18.969,1.66,32.806,13.948,23.684,1.2224,19.065,2.2909,4.8552,2.1957,0.023723,0.85488,0.099033,54.293,44.524,62.751,54.104,32.9,75.435,21.24,39.487,39.154,44.986,51.792,40.734,15.26,0.08843139999999997,0.11880699999999855,-6.523999999999887,1.0359100000000012,-0.0088704,0.3661199999999951,-6.010000000000218,-0.6872100000000003,1.302780000000002,14.428799999999995,-2.415900000000022,-0.4443400000000004,0.12286199999999958,-0.1501999999999981,0.23502000000000223,-0.1535599999999988,0.12526000000000082,-0.020938000000000123,0.4610599999999998,0.005245929999999999,0.01892450000000001,0.0017560499999999951,-0.27371000000000123,8.870989999999999,14.15699,-0.927380000000003,1.077770000000001,-1.5901700000000005,4.490230000000004,-0.35461999999999705,-2.980480000000002,28.25
2020-01-02 04:18:00,0.32538,3676.6,4496.9,9.2453,26.876,42.969,2699.8,75.465,120.42,0.35144,80.379,49.855,2628.5,25.6,50.272,3099.4,23.036,66.452,245.87,339.39,94.627,77.231,32.285,9.0192,25.775,6.7874,18.702,1.6694,32.488,13.876,23.49,1.3913,19.352,2.2643,4.936,2.3316,0.023723,0.85488,0.099033,54.293,44.524,62.958,53.747,31.839,76.603,21.771,41.505,37.674,47.163,51.958,41.691,17.999,0.0809114,-0.1072930000000003,-6.223999999999705,0.4089100000000059,0.012249599999999972,-0.136880000000005,-6.210000000000036,0.2537899999999951,0.1427800000000019,15.928799999999995,-1.915900000000022,0.06465999999999639,0.11996199999999924,-0.6981999999999999,-0.03197999999999723,-0.47155999999999665,0.05325999999999986,0.14796199999999993,0.7480599999999988,0.005245929999999999,0.01892450000000001,0.0017560499999999951,-0.06671000000000049,7.809989999999999,15.324989999999993,-0.3963800000000006,-0.402230000000003,0.5868299999999991,4.656230000000001,0.6023800000000037,-0.2414800000000028,28.3
2020-01-02 04:21:00,0.32534,3656.5,4508.8,9.2385,27.074,42.701,2695.5,75.698,120.41,0.34783,80.108,48.567,2623.0,26.22,50.357,3096.8,23.213,66.45,248.53,339.4,94.55,76.927,32.285,9.0192,25.775,6.7874,18.702,1.6694,32.488,13.876,23.49,1.3913,19.352,2.2643,4.936,2.3316,0.023723,0.85488,0.099033,54.293,44.524,63.305,53.605,31.843,77.421,21.122,41.945,33.882,47.361,52.018,41.392,17.609,0.08087140000000001,-0.11409300000000044,-10.523999999999887,0.6419099999999958,0.00863959999999997,-1.4248800000000017,-11.710000000000036,0.3387899999999959,0.3197800000000015,18.588799999999992,-1.905900000000031,0.06465999999999639,0.11996199999999924,-0.6981999999999999,-0.03197999999999723,-0.47155999999999665,0.05325999999999986,0.14796199999999993,0.7480599999999988,0.005245929999999999,0.01892450000000001,0.0017560499999999951,0.2802900000000008,7.81399,16.142990000000005,-1.0453800000000015,-4.194230000000005,0.7848299999999995,4.716230000000003,0.3033800000000042,-0.6314799999999998,28.35
2020-01-02 04:24:00,0.28064,3678.4,4468.4,9.2434,26.941,42.668,2696.0,75.546,120.4,0.3439,80.09,48.135,2624.2,24.317,49.104,3094.3,22.385,66.406,248.91,340.02,94.579,77.229,32.428,8.9607,26.291,6.7397,19.331,1.6864,32.285,13.825,23.794,1.4707,19.123,2.2755,4.9349,2.3482,0.023723,0.85488,0.099033,54.293,44.524,63.669,54.733,26.87,76.535,21.712,40.637,32.612,44.461,52.288,41.228,19.567,0.03617139999999999,-0.1091930000000012,-10.023999999999887,0.48991000000000895,0.0047095999999999805,-1.8568800000000039,-10.510000000000218,-0.9142100000000042,-0.5082199999999979,18.968799999999987,-1.2859000000000265,0.20765999999999707,0.061461999999998795,-0.18219999999999814,0.5970200000000006,-0.6745599999999996,0.0022599999999997067,0.22736199999999984,0.5190599999999996,0.005245929999999999,0.01892450000000001,0.0017560499999999951,0.644289999999998,2.8409900000000015,15.256989999999995,-0.4553800000000017,-5.464230000000001,-2.115169999999999,4.986229999999999,0.13938000000000272,1.3265199999999986,28.4
2020-01-02 04:27:00,0.27507,3677.7,4518.8,9.3679,26.906,42.397,2695.3,75.015,120.4,0.34147,80.22,49.787,2622.9,24.383,50.329,3094.3,22.841,66.414,247.08,340.05,94.453,77.214,32.428,8.9607,26.291,6.7397,19.331,1.6864,32.285,13.825,23.794,1.4707,19.123,2.2755,4.9349,2.3482,0.023723,0.85488,0.099033,54.293,44.524,63.68,54.129,27.418,74.997,21.41,40.933,37.474,47.296,52.753,40.75,18.48,0.030601399999999973,0.01530699999999996,-10.723999999999705,-0.04108999999999696,0.0022795999999999927,-0.20488000000000284,-11.809999999999945,0.31078999999999724,-0.05221999999999838,17.138800000000003,-1.255899999999997,0.20765999999999707,0.061461999999998795,-0.18219999999999814,0.5970200000000006,-0.6745599999999996,0.0022599999999997067,0.22736199999999984,0.5190599999999996,0.005245929999999999,0.01892450000000001,0.0017560499999999951,0.6552900000000008,3.3889899999999997,13.718989999999998,-0.7573800000000013,-0.6022300000000058,0.7198300000000017,5.4512300000000025,-0.3386199999999988,0.23951999999999884,28.45
2020-01-02 04:30:00,0.26161,3675.7,4444.4,9.1651,26.889,42.058,2691.8,75.188,120.4,0.33819,80.151,50.422,2620.4,25.468,50.415,3091.8,23.211,66.435,249.86,339.73,94.651,77.064,32.054,8.8612,26.366,6.6767,19.563,1.6635,33.003,13.826,23.648,1.3512,18.441,2.2994,4.7874,2.2598,0.015671,0.84736,0.094165,52.809,44.255,64.245,53.436,25.69,76.033,21.74,40.007,39.343,47.494,52.735,41.254,17.617,0.0171414,-0.1874929999999999,-14.223999999999705,0.13191000000000486,-0.0010004000000000124,0.4301199999999952,-14.309999999999945,0.39678999999999576,0.31777999999999906,19.918800000000005,-1.57589999999999,-0.16633999999999816,-0.03803800000000024,-0.10719999999999885,0.8290199999999999,0.04344000000000392,0.003260000000000929,0.1078619999999999,-0.16294000000000253,-0.002806070000000001,0.01140450000000004,-0.003111950000000002,1.2202900000000056,1.6609900000000017,14.75499,-0.427380000000003,1.266770000000001,0.9178300000000021,5.433230000000002,0.16537999999999897,-0.6234800000000007,28.5
2020-01-02 04:33:00,0.26126,3725.9,4479.1,9.4068,27.251,42.638,2689.4,75.715,120.39,0.33602,80.097,50.122,2616.7,23.905,49.593,3089.1,23.295,66.468,251.06,339.3,94.427,76.734,32.054,8.8612,26.366,6.6767,19.563,1.6635,33.003,13.826,23.648,1.3512,18.441,2.2994,4.7874,2.2598,0.015671,0.84736,0.094165,52.809,44.255,63.381,53.021,25.724,74.637,21.51,40.272,38.46,45.591,52.896,40.773,17.455,0.016791399999999984,0.054206999999999894,-16.623999999999796,0.6589100000000059,-0.0031704000000000176,0.13011999999999802,-18.01000000000022,-0.42520999999999987,0.40178000000000225,21.118799999999993,-2.005899999999997,-0.16633999999999816,-0.03803800000000024,-0.10719999999999885,0.8290199999999999,0.04344000000000392,0.003260000000000929,0.1078619999999999,-0.16294000000000253,-0.002806070000000001,0.01140450000000004,-0.003111950000000002,0.35629000000000133,1.6949900000000007,13.358989999999999,-0.6573799999999999,0.3837699999999984,-0.9851699999999965,5.594230000000003,-0.31561999999999557,-0.7854800000000033,28.55
2020-01-02 04:36:00,0.30055,3738.4,4454.7,9.2892,27.04,42.505,2689.1,74.961,120.41,0.33781,80.152,48.751,2616.9,26.275,51.393,3088.6,22.65,66.477,251.19,339.4,94.59,77.422,32.043,9.0862,26.091,6.8099,18.659,1.6839,32.75,14.076,23.155,1.2981,18.912,2.2632,4.9336,2.3008,0.015671,0.84736,0.094165,52.809,44.255,63.883,52.632,28.863,75.409,21.59,40.062,34.425,49.758,53.154,42.174,18.944,0.056081399999999976,-0.06339300000000136,-16.923999999999978,-0.09508999999999901,-0.0013804000000000038,-1.2408800000000042,-17.809999999999945,1.3747899999999973,-0.24322000000000088,21.24879999999999,-1.905900000000031,-0.17734000000000094,0.1869619999999994,-0.38219999999999743,-0.07498000000000005,-0.2095599999999962,0.25326000000000093,0.05476199999999998,0.30805999999999756,-0.002806070000000001,0.01140450000000004,-0.003111950000000002,0.8582900000000038,4.83399,14.130990000000004,-0.5773800000000016,-3.6512300000000053,3.181830000000005,5.852230000000006,1.0853800000000007,0.7035199999999975,28.6
2020-01-02 04:39:00,0.29774,3731.5,4404.3,9.2796,26.971,42.32,2689.3,76.12,120.43,0.33636,80.509,51.425,2618.5,24.412,49.51,3089.7,23.087,66.586,251.41,339.34,94.374,77.43,32.043,9.0862,26.091,6.8099,18.659,1.6839,32.75,14.076,23.155,1.2981,18.912,2.2632,4.9336,2.3008,0.015671,0.84736,0.094165,52.809,44.255,64.002,53.235,29.14,76.568,21.352,40.239,42.295,45.4,53.396,41.488,17.879,0.0532714,-0.07299300000000031,-16.723999999999705,1.063910000000007,-0.0028304000000000107,1.4331199999999953,-16.210000000000036,-0.5082100000000054,0.19378000000000029,21.468799999999987,-1.9659000000000333,-0.17734000000000094,0.1869619999999994,-0.38219999999999743,-0.07498000000000005,-0.2095599999999962,0.25326000000000093,0.05476199999999998,0.30805999999999756,-0.002806070000000001,0.01140450000000004,-0.003111950000000002,0.9772899999999964,5.110990000000001,15.289989999999996,-0.8153800000000011,4.218769999999999,-1.176169999999999,6.094230000000003,0.39938000000000073,-0.36148000000000025,28.65
2020-01-02 04:42:00,0.29793,3694.0,4482.1,9.2129,27.28,42.384,2687.4,75.003,120.39,0.36691,80.401,48.806,2616.3,25.896,50.149,3087.3,22.304,66.68,251.54,339.25,94.557,77.338,32.32,9.1064,26.243,7.1571,19.331,1.6896,32.864,14.022,23.278,1.2845,19.435,2.291,4.8413,2.3074,0.015671,0.84736,0.094165,52.809,44.255,63.608,54.464,29.621,76.859,21.581,43.406,34.587,46.878,53.643,42.39,19.741,0.053461399999999965,-0.13969300000000118,-18.623999999999796,-0.05308999999999742,0.02771960000000001,-1.1858800000000045,-18.409999999999854,0.13078999999999752,-0.589220000000001,21.598799999999983,-2.0559000000000083,0.09966000000000008,0.2071620000000003,-0.23019999999999996,0.5970200000000006,-0.09555999999999898,0.19926000000000066,0.04116199999999992,0.8310599999999972,-0.002806070000000001,0.01140450000000004,-0.003111950000000002,0.5832899999999981,5.591989999999999,15.580989999999993,-0.5863800000000019,-3.489229999999999,0.3018300000000025,6.341230000000003,1.3013800000000018,1.500519999999998,28.7
2020-01-02 04:45:00,0.30106,3688.7,4546.2,9.357,26.795,42.239,2686.4,75.027,120.4,0.36677,80.412,49.344,2614.4,26.33,48.239,3085.3,23.38,66.715,253.04,339.71,94.433,77.194,32.32,9.1064,26.243,7.1571,19.331,1.6896,32.864,14.022,23.278,1.2845,19.435,2.291,4.8413,2.3074,0.018537,0.86242,0.086998,53.774,43.953,63.699,53.697,29.314,74.081,21.516,43.423,36.168,42.458,53.602,40.825,17.197,0.056591399999999986,0.0044069999999987175,-19.623999999999796,-0.029089999999996508,0.027579599999999982,-0.6478800000000007,-20.309999999999945,-1.7792100000000062,0.48677999999999955,23.098799999999983,-1.5959000000000287,0.09966000000000008,0.2071620000000003,-0.23019999999999996,0.5970200000000006,-0.09555999999999898,0.19926000000000066,0.04116199999999992,0.8310599999999972,5.9929999999999706e-05,0.026464500000000002,-0.010278949999999995,0.6742899999999992,5.2849900000000005,12.802990000000001,-0.6513800000000032,-1.9082300000000032,-4.118169999999999,6.300229999999999,-0.26361999999999597,-1.0434800000000024,28.75
2020-01-02 04:48:00,0.27312,3595.6,4448.4,9.2773,26.937,42.039,2686.7,75.606,120.36,0.35885,80.617,51.723,2614.7,26.548,48.439,3084.7,23.452,66.785,253.32,339.73,94.811,77.785,32.097,8.9863,25.941,7.0776,18.531,1.6377,33.151,13.898,23.03,1.3614,19.087,2.2873,4.9302,2.3277,0.018537,0.86242,0.086998,53.774,43.953,62.161,53.183,26.796,77.797,21.655,43.285,43.17,42.921,53.76,41.087,16.963,0.028651399999999966,-0.07529300000000028,-19.32400000000007,0.549909999999997,0.0196596,1.731119999999997,-20.01000000000022,-1.5792100000000033,0.5587800000000023,23.378799999999984,-1.57589999999999,-0.1233399999999989,0.08706199999999953,-0.5321999999999996,-0.20298000000000016,0.19144000000000716,0.0752600000000001,0.11806199999999989,0.48305999999999827,5.9929999999999706e-05,0.026464500000000002,-0.010278949999999995,-0.8637099999999975,2.76699,16.518989999999995,-0.5123800000000003,5.093769999999999,-3.6551699999999983,6.45823,-0.001619999999995514,-1.2774800000000006,28.8
2020-01-02 04:51:00,0.27361,3584.6,4459.1,9.3747,27.235,42.351,2687.0,75.127,120.38,0.35893,80.702,49.776,2615.0,25.127,51.057,3084.9,22.374,66.868,253.2,339.45,94.755,77.645,32.097,8.9863,25.941,7.0776,18.531,1.6377,33.151,13.898,23.03,1.3614,19.087,2.2873,4.9302,2.3277,0.018537,0.86242,0.086998,53.774,43.953,62.351,53.055,26.748,75.033,21.615,43.276,37.439,48.98,53.95,40.754,19.509,0.029141400000000012,0.0221070000000001,-19.023999999999887,0.07090999999999781,0.019739600000000024,-0.21587999999999852,-19.710000000000036,1.0387899999999988,-0.5192200000000007,23.25879999999998,-1.8559000000000196,-0.1233399999999989,0.08706199999999953,-0.5321999999999996,-0.20298000000000016,0.19144000000000716,0.0752600000000001,0.11806199999999989,0.48305999999999827,5.9929999999999706e-05,0.026464500000000002,-0.010278949999999995,-0.6737099999999998,2.7189900000000016,13.75499,-0.552380000000003,-0.6372300000000024,2.4038299999999992,6.648230000000005,-0.334620000000001,1.2685199999999988,28.85
2020-01-02 04:54:00,0.29465,3609.7,4543.2,9.3146,26.91,42.075,2689.9,73.982,120.4,0.34903,80.72,49.985,2617.5,26.492,50.355,3088.4,22.505,66.929,251.72,339.73,94.828,77.562,32.487,8.886,25.627,7.0345,19.003,1.6758,33.351,14.012,23.438,1.2968,18.82,2.3278,4.986,2.3873,0.018537,0.86242,0.086998,53.774,43.953,62.393,53.984,28.875,77.468,21.81,41.372,38.056,47.356,54.259,40.191,19.184,0.050181400000000015,-0.037993000000000166,-16.123999999999796,-1.0740899999999982,0.009839600000000004,-0.00688000000000244,-17.210000000000036,0.3367899999999935,-0.38822000000000045,21.77879999999999,-1.57589999999999,0.2666600000000017,-0.013238000000001193,-0.8461999999999996,0.26902000000000115,0.3914400000000029,0.18926000000000087,0.0534619999999999,0.2160599999999988,5.9929999999999706e-05,0.026464500000000002,-0.010278949999999995,-0.6317099999999982,4.8459900000000005,16.18999,-0.3573800000000027,-0.020230000000005077,0.779830000000004,6.957230000000003,-0.8976199999999963,0.9435199999999995,28.9
2020-01-02 04:57:00,0.29464,3622.0,4522.1,9.3575,26.633,42.705,2688.1,75.2,120.37,0.34514,80.404,49.308,2616.4,25.662,48.983,3088.1,22.68,66.937,253.04,339.68,94.664,76.927,32.487,8.886,25.627,7.0345,19.003,1.6758,33.351,14.012,23.438,1.2968,18.82,2.3278,4.986,2.3873,0.018537,0.86242,0.086998,53.774,43.953,62.183,54.236,28.876,75.959,21.251,41.846,36.065,44.18,54.318,40.33,18.824,0.050171400000000005,0.0049069999999993286,-17.923999999999978,0.1439100000000053,0.005949599999999999,-0.683880000000002,-18.309999999999945,-1.0352100000000064,-0.21321999999999974,23.098799999999983,-1.6259000000000015,0.2666600000000017,-0.013238000000001193,-0.8461999999999996,0.26902000000000115,0.3914400000000029,0.18926000000000087,0.0534619999999999,0.2160599999999988,5.9929999999999706e-05,0.026464500000000002,-0.010278949999999995,-0.8417099999999991,4.846990000000002,14.680990000000001,-0.9163800000000002,-2.0112300000000047,-2.396169999999998,7.01623,-0.7586200000000005,0.58352,28.95
2020-01-02 05:00:00,0.25649,3658.2,4459.9,9.2875,26.938,42.358,2687.6,75.406,120.4,0.36075,80.246,49.535,2616.8,26.801,50.847,3085.6,24.887,66.864,255.79,340.3,94.972,77.332,32.148,8.9444,26.263,6.7525,19.102,1.6502,33.17,14.022,23.321,1.1322,19.486,2.3148,4.97,2.4028,0.021517,0.82707,0.10506,53.62,43.82,61.772,53.825,25.007,77.618,21.711,43.174,36.732,48.495,54.677,40.974,13.577,0.012021399999999988,-0.06509300000000096,-18.423999999999978,0.3499100000000084,0.021559600000000012,-0.4568800000000053,-17.909999999999854,0.8287899999999979,1.993780000000001,25.848799999999983,-1.005899999999997,-0.07233999999999696,0.04516199999999948,-0.21019999999999683,0.36802000000000135,0.2104400000000055,0.19926000000000066,-0.11113799999999996,0.8820599999999992,0.0030399299999999997,-0.00888549999999999,0.00778305,-1.2527100000000004,0.9779900000000019,16.339989999999993,-0.4563800000000029,-1.3442300000000031,1.9188299999999998,7.375230000000002,-0.11462000000000216,-4.663480000000002,29.0
2020-01-02 05:03:00,0.25642,3626.2,4504.8,9.3554,26.828,42.167,2689.4,74.732,120.39,0.36106,80.344,48.89,2617.1,25.519,49.721,3088.2,23.22,66.851,256.32,340.28,94.721,77.289,32.148,8.9444,26.263,6.7525,19.102,1.6502,33.17,14.022,23.321,1.1322,19.486,2.3148,4.97,2.4028,0.021517,0.82707,0.10506,53.62,43.82,62.323,53.287,25.015,77.289,21.609,43.136,34.834,45.888,54.997,40.166,17.533,0.011951399999999973,0.0028069999999988937,-16.623999999999796,-0.3240899999999982,0.02186959999999999,-1.1018800000000013,-17.610000000000127,-0.29721000000000686,0.3267799999999994,26.378799999999984,-1.0259000000000356,-0.07233999999999696,0.04516199999999948,-0.21019999999999683,0.36802000000000135,0.2104400000000055,0.19926000000000066,-0.11113799999999996,0.8820599999999992,0.0030399299999999997,-0.00888549999999999,0.00778305,-0.7017099999999985,0.985990000000001,16.01099,-0.5583799999999997,-3.2422299999999993,-0.6881699999999995,7.695230000000002,-0.922620000000002,-0.7074800000000003,29.05
2020-01-02 05:06:00,0.28648,3680.3,4451.9,9.4278,27.101,42.619,2691.1,75.051,120.42,0.3622,80.334,50.659,2618.8,25.483,48.008,3090.4,24.192,66.869,256.9,340.49,94.789,77.245,32.782,8.8221,25.68,6.8766,19.342,1.6786,32.816,14.091,23.487,1.2537,18.621,2.2903,4.947,2.347,0.021517,0.82707,0.10506,53.62,43.82,63.856,53.63,28.231,77.876,21.452,43.561,40.038,41.923,55.308,41.431,15.224,0.042011400000000004,0.07520699999999891,-14.923999999999978,-0.005089999999995598,0.02300960000000002,0.667119999999997,-15.909999999999854,-2.0102100000000007,1.2987800000000007,26.958799999999968,-0.8158999999999992,0.5616599999999963,-0.0771379999999997,-0.7931999999999988,0.6080199999999998,-0.1435599999999937,0.2682599999999997,0.010361999999999982,0.01705999999999719,0.0030399299999999997,-0.00888549999999999,0.00778305,0.8312900000000027,4.201990000000002,16.597990000000003,-0.7153799999999997,1.9617699999999942,-4.653169999999996,8.006230000000002,0.3423799999999986,-3.0164800000000014,29.1
2020-01-02 05:09:00,0.28599,3709.9,4487.0,9.3975,26.759,42.429,2690.9,74.688,120.42,0.35975,80.439,49.857,2619.6,25.639,49.563,3091.5,23.476,66.873,260.68,340.55,94.482,77.792,32.782,8.8221,25.68,6.8766,19.342,1.6786,32.816,14.091,23.487,1.2537,18.621,2.2903,4.947,2.347,0.021517,0.82707,0.10506,53.62,43.82,63.347,53.211,28.279,75.949,21.333,43.859,37.679,45.523,55.335,41.363,16.877,0.041521400000000014,0.04490700000000025,-15.123999999999796,-0.36808999999999514,0.02055960000000001,-0.13488000000000255,-15.110000000000127,-0.455210000000001,0.5827799999999996,30.738799999999998,-0.7558999999999969,0.5616599999999963,-0.0771379999999997,-0.7931999999999988,0.6080199999999998,-0.1435599999999937,0.2682599999999997,0.010361999999999982,0.01705999999999719,0.0030399299999999997,-0.00888549999999999,0.00778305,0.3222900000000024,4.24999,14.670989999999996,-0.834380000000003,-0.3972300000000004,-1.0531699999999944,8.033230000000003,0.27438000000000073,-1.3634800000000027,29.15
2020-01-02 05:12:00,0.22414,3669.3,4405.9,9.34,26.648,42.514,2690.8,74.473,120.44,0.37285,80.587,49.115,2618.9,26.986,51.848,3088.7,22.979,66.958,256.67,340.81,94.521,77.758,32.252,8.9225,25.78,6.998,18.967,1.6349,32.248,13.885,23.094,1.2223,18.738,2.3184,4.8657,2.4066,0.021517,0.82707,0.10506,53.62,43.82,63.02,53.518,21.734,77.529,21.357,44.449,35.495,50.81,56.049,41.853,18.039,-0.020328600000000002,-0.012593000000000742,-15.223999999999705,-0.5830899999999986,0.03365960000000001,-0.8768799999999999,-15.809999999999945,1.8297899999999956,0.08577999999999975,26.728800000000007,-0.495900000000006,0.03166000000000224,0.023261999999999006,-0.6931999999999974,0.23301999999999978,-0.7115599999999986,0.062260000000000204,-0.021038000000000112,0.13405999999999807,0.0030399299999999997,-0.00888549999999999,0.00778305,-0.004709999999995773,-2.2950099999999978,16.250989999999994,-0.8103800000000021,-2.581230000000005,4.233830000000005,8.747230000000002,0.7643800000000027,-0.2014800000000001,29.2
2020-01-02 05:15:00,0.22266,3642.5,4450.7,9.3394,27.134,42.509,2689.3,74.894,120.4,0.37152,80.552,49.488,2617.0,24.868,51.485,3088.1,23.306,67.029,258.32,340.44,94.69,77.5,32.252,8.9225,25.78,6.998,18.967,1.6349,32.248,13.885,23.094,1.2223,18.738,2.3184,4.8657,2.4066,0.023698,0.83041,0.11235,54.443,44.047,63.481,52.982,21.88,79.096,21.556,44.611,36.593,49.971,55.37,40.817,17.265,-0.02180860000000001,-0.01319300000000112,-16.723999999999705,-0.16208999999999207,0.032329600000000014,-0.5038800000000023,-17.710000000000036,1.466789999999996,0.4127800000000015,28.378799999999984,-0.8659000000000106,0.03166000000000224,0.023261999999999006,-0.6931999999999974,0.23301999999999978,-0.7115599999999986,0.062260000000000204,-0.021038000000000112,0.13405999999999807,0.005220929999999999,-0.005545499999999981,0.015073050000000005,0.45629000000000275,-2.1490100000000005,17.81799,-0.6113800000000005,-1.483229999999999,3.394829999999999,8.06823,-0.27161999999999864,-0.975480000000001,29.25
2020-01-02 05:18:00,0.27153,3632.3,4457.8,9.352,26.946,42.305,2689.2,72.985,120.4,0.34806,80.501,49.44,2617.5,24.638,51.418,3088.4,23.288,67.064,257.61,340.44,94.619,77.56,32.461,8.9231,25.335,6.9955,19.129,1.7159,33.229,13.699,23.5,1.1844,18.853,2.3474,4.9431,2.3289,0.023698,0.83041,0.11235,54.443,44.047,62.539,53.753,26.48,76.21,21.378,42.205,36.453,49.816,55.4,41.519,17.296,0.027061399999999985,-0.0005930000000002877,-16.82400000000007,-2.071089999999998,0.008869599999999978,-0.5518800000000041,-17.210000000000036,1.3997899999999959,0.3947800000000008,27.668800000000005,-0.8659000000000106,0.24065999999999832,0.023861999999999384,-1.1381999999999977,0.39502000000000237,0.269440000000003,-0.12373999999999974,-0.05893800000000016,0.24906000000000006,0.005220929999999999,-0.005545499999999981,0.015073050000000005,-0.4857099999999974,2.450990000000001,14.931989999999992,-0.7893800000000013,-1.6232299999999995,3.239830000000005,8.098230000000001,0.43037999999999954,-0.9444800000000022,29.3
2020-01-02 05:21:00,0.26961,3606.9,4450.2,9.326,26.986,42.506,2691.4,74.157,120.39,0.35331,80.524,49.751,2619.2,25.099,49.724,3089.2,21.87,67.073,258.42,341.06,94.678,77.4,32.461,8.9231,25.335,6.9955,19.129,1.7159,33.229,13.699,23.5,1.1844,18.853,2.3474,4.9431,2.3289,0.023698,0.83041,0.11235,54.443,44.047,62.977,53.844,26.669,76.795,21.895,41.565,37.369,45.895,55.297,40.86,20.665,0.025141400000000008,-0.02659300000000009,-14.623999999999796,-0.899090000000001,0.01411960000000001,-0.2408800000000042,-15.510000000000218,-0.29421000000000674,-1.0232199999999985,28.478800000000007,-0.245900000000006,0.24065999999999832,0.023861999999999384,-1.1381999999999977,0.39502000000000237,0.269440000000003,-0.12373999999999974,-0.05893800000000016,0.24906000000000006,0.005220929999999999,-0.005545499999999981,0.015073050000000005,-0.04771000000000214,2.639990000000001,15.51699,-0.27238000000000184,-0.7072300000000027,-0.6811699999999945,7.995229999999999,-0.22861999999999938,2.4245199999999976,29.35
2020-01-02 05:24:00,0.24892,3622.9,4467.3,9.369,27.14,42.554,2694.0,74.74,120.4,0.33062,80.586,50.301,2623.6,24.852,50.237,3089.7,23.462,67.042,258.15,341.36,94.563,77.701,32.022,8.9678,25.851,6.8481,18.851,1.6751,33.134,13.881,23.222,1.1602,18.783,2.3134,4.9554,2.2783,0.023698,0.83041,0.11235,54.443,44.047,62.614,53.197,24.385,78.46,22.319,39.299,38.986,47.082,55.291,41.509,16.852,0.004451399999999994,0.016406999999999172,-12.023999999999887,-0.31609000000000265,-0.008570399999999978,0.30912000000000006,-11.110000000000127,0.21878999999999849,0.5687800000000003,28.208799999999968,0.054100000000005366,-0.19834000000000174,0.06856200000000001,-0.6221999999999994,0.11702000000000012,0.17444000000000415,0.058260000000000645,-0.08313800000000016,0.17905999999999977,0.005220929999999999,-0.005545499999999981,0.015073050000000005,-0.4107100000000017,0.355990000000002,17.181989999999992,0.15161999999999765,0.9097699999999946,0.5058300000000031,7.989229999999999,0.42038000000000153,-1.3884800000000013,29.4
2020-01-02 05:27:00,0.24913,3597.6,4467.1,9.4208,26.743,42.766,2695.0,74.725,120.37,0.33101,80.558,51.106,2624.0,24.903,49.315,3092.8,23.005,67.049,255.92,341.41,94.721,77.837,32.022,8.9678,25.851,6.8481,18.851,1.6751,33.134,13.881,23.222,1.1602,18.783,2.3134,4.9554,2.2783,0.023698,0.83041,0.11235,54.443,44.047,63.05,53.2,24.365,76.622,21.79,39.252,41.354,44.949,55.46,40.451,17.909,0.004661399999999982,0.06820699999999924,-11.023999999999887,-0.3310900000000032,-0.008180399999999977,1.1141199999999998,-10.710000000000036,-0.7032100000000057,0.11177999999999955,25.97879999999998,0.10410000000001673,-0.19834000000000174,0.06856200000000001,-0.6221999999999994,0.11702000000000012,0.17444000000000415,0.058260000000000645,-0.08313800000000016,0.17905999999999977,0.005220929999999999,-0.005545499999999981,0.015073050000000005,0.02528999999999826,0.3359899999999989,15.343989999999998,-0.37738000000000227,3.2777699999999967,-1.6271699999999996,8.158230000000003,-0.6376199999999983,-0.33148000000000266,29.45
2020-01-02 05:30:00,0.29144,3701.5,4521.7,9.5219,27.325,42.543,2696.3,74.656,120.43,0.35389,80.404,49.619,2623.4,25.453,50.265,3095.5,23.739,67.05,259.57,341.45,94.516,77.448,32.017,8.8454,26.426,6.8703,18.74,1.6563,33.547,14.107,23.694,1.17,18.714,2.3058,4.994,2.3736,0.016752,0.83114,0.12048,53.247,43.782,62.518,53.191,28.442,76.376,21.694,41.275,36.979,47.147,55.179,41.443,16.194,0.04697139999999997,0.16930699999999987,-9.723999999999705,-0.4000899999999916,0.01469959999999998,-0.3728800000000021,-11.309999999999945,0.24678999999999718,0.8457800000000013,29.628799999999984,0.14409999999998035,-0.2033399999999972,-0.05383800000000072,-0.04720000000000013,0.00601999999999947,0.5874400000000009,0.28425999999999974,-0.07333800000000013,0.11005999999999716,-0.0017250700000000022,-0.004815499999999973,0.023203050000000003,-0.5067099999999982,4.412990000000001,15.097990000000003,-0.47338000000000235,-1.0972300000000033,0.5708300000000008,7.877230000000004,0.35437999999999903,-2.0464800000000025,29.5
2020-01-02 05:33:00,0.29066,3636.6,4492.7,9.3919,26.895,42.427,2696.4,74.768,120.39,0.35017,80.284,49.691,2625.0,23.61,50.142,3094.4,22.54,67.001,258.37,342.23,94.482,77.301,32.017,8.8454,26.426,6.8703,18.74,1.6563,33.547,14.107,23.694,1.17,18.714,2.3058,4.994,2.3736,0.016752,0.83114,0.12048,53.247,43.782,63.635,53.539,28.519,78.08,21.992,41.729,37.19,46.863,55.288,40.532,19.054,0.046191399999999966,0.03930699999999909,-9.623999999999796,-0.28808999999999685,0.010979599999999978,-0.30087999999999937,-9.710000000000036,0.12378999999999962,-0.3532200000000003,28.428799999999995,0.9241000000000099,-0.2033399999999972,-0.05383800000000072,-0.04720000000000013,0.00601999999999947,0.5874400000000009,0.28425999999999974,-0.07333800000000013,0.11005999999999716,-0.0017250700000000022,-0.004815499999999973,0.023203050000000003,0.6102899999999991,4.489989999999999,16.801989999999996,-0.17538000000000054,-0.8862300000000047,0.2868300000000019,7.986229999999999,-0.5566200000000023,0.8135199999999969,29.55
2020-01-02 05:36:00,0.29208,3662.4,4548.9,9.3571,27.044,42.368,2696.5,74.681,120.42,0.37809,80.175,51.945,2624.4,24.68,50.994,3093.8,22.924,66.964,258.3,342.84,94.603,77.469,32.181,8.9238,25.918,6.697,19.378,1.6526,33.546,13.951,23.393,1.2288,18.552,2.2869,5.0174,2.326,0.016752,0.83114,0.12048,53.247,43.782,63.018,53.134,28.827,78.728,22.074,44.648,43.822,48.835,55.304,41.58,18.142,0.0476114,0.004507000000000261,-9.523999999999887,-0.37509000000000015,0.03889959999999998,1.9531199999999984,-10.309999999999945,0.9757899999999964,0.03078000000000003,28.358800000000002,1.5340999999999667,-0.03934000000000282,0.02456199999999953,-0.5551999999999992,0.6440200000000011,0.5864400000000032,0.12826000000000093,-0.014538000000000162,-0.051940000000001874,-0.0017250700000000022,-0.004815499999999973,0.023203050000000003,-0.006709999999998217,4.797990000000002,17.449989999999993,-0.0933799999999998,5.74577,2.2588300000000032,8.002230000000004,0.4913799999999995,-0.09848000000000212,29.6
2020-01-02 05:39:00,0.29212,3666.6,4499.2,9.3841,27.51,42.58,2699.0,74.23,120.41,0.38067,80.318,50.102,2628.0,24.903,49.425,3096.6,23.65,66.913,259.09,342.81,94.502,77.644,32.181,8.9238,25.918,6.697,19.378,1.6526,33.546,13.951,23.393,1.2288,18.552,2.2869,5.0174,2.326,0.016752,0.83114,0.12048,53.247,43.782,62.945,53.729,28.824,76.692,22.286,44.333,38.401,45.203,55.241,40.957,16.392,0.04765139999999998,0.03150699999999951,-7.023999999999887,-0.8260899999999936,0.041479600000000005,0.11011999999999489,-6.710000000000036,-0.5932100000000062,0.7567799999999991,29.148799999999966,1.504099999999994,-0.03934000000000282,0.02456199999999953,-0.5551999999999992,0.6440200000000011,0.5864400000000032,0.12826000000000093,-0.014538000000000162,-0.051940000000001874,-0.0017250700000000022,-0.004815499999999973,0.023203050000000003,-0.07970999999999862,4.794990000000002,15.413989999999991,0.11861999999999995,0.3247700000000009,-1.3731699999999947,7.939230000000002,-0.13161999999999807,-1.8484800000000021,29.65
2020-01-02 05:42:00,0.27851,3696.3,4420.8,9.4101,26.916,42.693,2703.0,74.19,120.43,0.36277,80.659,49.619,2632.9,26.153,50.186,3098.8,23.131,66.975,257.21,343.5,94.395,78.063,32.867,9.0421,26.062,6.8468,18.775,1.7028,33.526,13.881,23.021,1.1362,18.585,2.2868,4.9125,2.3235,0.016752,0.83114,0.12048,53.247,43.782,64.047,53.055,27.231,75.683,22.761,42.641,36.979,46.965,55.413,42.037,17.559,0.03404139999999997,0.05750699999999931,-3.0239999999998872,-0.8660899999999998,0.02357959999999998,-0.3728800000000021,-1.8099999999999454,0.16778999999999655,0.23778000000000077,27.26879999999997,2.1940999999999917,0.6466599999999971,0.14286199999999916,-0.41119999999999735,0.04101999999999961,0.5664400000000072,0.058260000000000645,-0.10713799999999996,-0.018940000000000623,-0.0017250700000000022,-0.004815499999999973,0.023203050000000003,1.0222899999999981,3.201990000000002,14.404990000000005,0.5936199999999978,-1.0972300000000033,0.3888300000000058,8.111229999999999,0.9483800000000002,-0.6814800000000005,29.7
2020-01-02 05:45:00,0.27632,3700.1,4463.0,9.3384,27.165,42.557,2700.3,75.146,120.42,0.36017,80.462,50.859,2629.5,24.982,51.035,3097.7,22.933,67.005,259.29,343.57,94.24,77.42,32.867,9.0421,26.062,6.8468,18.775,1.7028,33.526,13.881,23.021,1.1362,18.585,2.2868,4.9125,2.3235,0.0075426,0.81599,0.098324,54.465,43.782,63.981,52.55,27.447,77.184,22.421,42.959,40.627,48.928,55.238,41.684,18.064,0.0318514,-0.014193000000000566,-5.723999999999705,0.08991000000000327,0.020979599999999987,0.8671199999999999,-5.210000000000036,1.0167899999999932,0.03978000000000037,29.34880000000001,2.264099999999985,0.6466599999999971,0.14286199999999916,-0.41119999999999735,0.04101999999999961,0.5664400000000072,0.058260000000000645,-0.10713799999999996,-0.018940000000000623,-0.010934470000000002,-0.01996549999999997,0.0010470499999999938,0.9562900000000027,3.4179899999999996,15.905989999999996,0.25361999999999796,2.55077,2.3518299999999996,7.936230000000002,0.5953799999999987,-0.17648000000000152,29.75
2020-01-02 05:48:00,0.20627,3679.6,4511.4,9.3446,26.712,42.244,2696.6,74.872,120.38,0.35371,80.185,49.152,2626.4,23.999,50.701,3092.7,23.553,66.97,257.78,343.95,94.518,77.064,32.621,8.8292,25.878,6.8343,18.848,1.68,33.796,13.875,23.222,1.3165,18.655,2.2761,4.8985,2.3403,0.0075426,0.81599,0.098324,54.465,43.782,63.125,53.4,20.595,76.025,22.445,41.992,35.603,48.157,55.382,41.11,16.628,-0.0381986,-0.007993000000000805,-9.423999999999978,-0.18408999999999764,0.014519600000000021,-0.8398800000000008,-8.309999999999945,0.6827899999999971,0.6597800000000014,27.838799999999964,2.6440999999999804,0.400660000000002,-0.07003800000000027,-0.5951999999999984,0.11402000000000001,0.8364400000000032,0.05226000000000042,0.07316199999999995,0.05105999999999966,-0.010934470000000002,-0.01996549999999997,0.0010470499999999938,0.1002900000000011,-3.4340100000000007,14.746990000000004,0.27761999999999887,-2.473230000000001,1.5808299999999988,8.08023,0.02138000000000062,-1.6124800000000015,29.8
2020-01-02 05:51:00,0.20731,3654.2,4502.8,9.4296,26.837,42.339,2697.3,75.2,120.39,0.35409,80.055,51.608,2626.5,24.945,49.114,3091.0,22.641,66.91,258.82,344.3,94.42,77.358,32.621,8.8292,25.878,6.8343,18.848,1.68,33.796,13.875,23.222,1.3165,18.655,2.2761,4.8985,2.3403,0.0075426,0.81599,0.098324,54.465,43.782,63.562,53.503,20.493,78.108,22.679,41.946,42.832,44.484,55.303,41.339,18.785,-0.037158600000000014,0.07700700000000005,-8.723999999999705,0.1439100000000053,0.014899600000000013,1.6161199999999951,-8.210000000000036,-0.9042100000000062,-0.2522200000000012,28.878799999999984,2.994100000000003,0.400660000000002,-0.07003800000000027,-0.5951999999999984,0.11402000000000001,0.8364400000000032,0.05226000000000042,0.07316199999999995,0.05105999999999966,-0.010934470000000002,-0.01996549999999997,0.0010470499999999938,0.5372899999999987,-3.536010000000001,16.829990000000002,0.5116199999999971,4.755769999999998,-2.092169999999996,8.00123,0.2503799999999998,0.5445199999999986,29.85
2020-01-02 05:54:00,0.22881,3733.6,4467.0,9.3771,27.253,42.515,2698.1,75.014,120.38,0.3523,80.082,49.332,2626.4,24.437,50.377,3093.0,22.854,66.846,259.02,343.84,94.545,77.569,32.504,8.8146,26.342,6.8497,19.007,1.66,33.48,13.731,23.294,1.3354,19.045,2.273,4.9353,2.3402,0.0075426,0.81599,0.098324,54.465,43.782,62.344,53.744,21.926,77.281,22.852,42.106,36.134,47.406,55.3,40.514,18.27,-0.015658599999999995,0.024506999999999834,-7.923999999999978,-0.04209000000000174,0.013109599999999999,-0.6598800000000011,-8.309999999999945,0.35878999999999905,-0.039220000000000255,29.078799999999973,2.5340999999999667,0.2836599999999976,-0.08463799999999999,-0.13119999999999976,0.2730200000000025,0.5204400000000007,-0.09173999999999971,0.09206199999999987,0.44106000000000023,-0.010934470000000002,-0.01996549999999997,0.0010470499999999938,-0.6807099999999977,-2.103010000000001,16.002990000000004,0.6846199999999989,-1.9422300000000021,0.8298300000000012,7.9982299999999995,-0.5746199999999959,0.029519999999997992,29.9
2020-01-02 05:57:00,0.22488,3640.2,4463.8,9.3314,26.964,42.357,2699.2,74.709,120.4,0.35322,80.228,50.244,2628.8,25.297,51.776,3093.0,22.139,66.866,260.69,344.49,94.437,77.402,32.504,8.8146,26.342,6.8497,19.007,1.66,33.48,13.731,23.294,1.3354,19.045,2.273,4.9353,2.3402,0.0075426,0.81599,0.098324,54.465,43.782,63.952,53.783,22.312,77.257,22.796,41.994,38.817,50.644,55.166,41.092,19.97,-0.01958860000000001,-0.02119300000000024,-6.824000000000069,-0.34708999999999435,0.014029599999999975,0.2521199999999979,-5.9099999999998545,1.75779,-0.7542200000000001,30.74879999999999,3.184100000000001,0.2836599999999976,-0.08463799999999999,-0.13119999999999976,0.2730200000000025,0.5204400000000007,-0.09173999999999971,0.09206199999999987,0.44106000000000023,-0.010934470000000002,-0.01996549999999997,0.0010470499999999938,0.9272899999999993,-1.7170099999999984,15.978990000000003,0.628619999999998,0.7407699999999977,4.067830000000001,7.864229999999999,0.0033799999999999386,1.7295199999999973,29.95
2020-01-02 06:00:00,0.23401,3682.6,4458.1,9.3386,27.155,42.358,2701.1,75.126,120.41,0.33952,80.26,50.947,2629.6,24.344,49.462,3096.1,21.651,66.882,257.38,344.22,94.51,77.68,32.504,8.7171,26.363,6.8275,18.39,1.6657,34.063,13.946,23.501,1.1282,18.239,2.3036,4.8022,2.2917,0.0069152,0.80551,0.095945,53.948,44.141,63.123,53.438,22.856,78.069,22.594,39.782,40.888,45.288,55.063,41.749,21.108,-0.010458600000000012,-0.013993000000001032,-4.923999999999978,0.06991000000000724,0.00032959999999998546,0.9551200000000009,-5.110000000000127,-0.5562100000000001,-1.2422199999999997,27.438799999999986,2.914100000000019,0.2836599999999976,-0.18213800000000013,-0.11019999999999897,-0.3439799999999984,1.1034400000000062,0.12326000000000015,-0.11513799999999996,-0.3649400000000007,-0.011561870000000002,-0.030445500000000014,-0.0013319499999999984,0.09828999999999866,-1.1730099999999979,16.79099,0.4266199999999998,2.8117699999999957,-1.288170000000001,7.761230000000005,0.6603800000000035,2.867519999999999,30.0
2020-01-02 06:03:00,0.23388,3675.2,4474.7,9.5078,27.041,42.504,2702.2,74.682,120.39,0.34122,80.227,48.701,2631.3,24.854,50.653,3096.7,24.088,66.871,258.69,344.08,94.489,77.556,32.504,8.7171,26.363,6.8275,18.39,1.6657,34.063,13.946,23.501,1.1282,18.239,2.3036,4.8022,2.2917,0.0069152,0.80551,0.095945,53.948,44.141,63.25,53.239,22.868,78.584,22.643,39.575,34.277,48.046,54.78,40.644,15.319,-0.010588600000000004,0.15520699999999898,-3.824000000000069,-0.37408999999999537,0.0020296000000000203,-1.2908800000000014,-3.4099999999998545,0.6347899999999953,1.1947800000000015,28.74879999999999,2.774099999999976,0.2836599999999976,-0.18213800000000013,-0.11019999999999897,-0.3439799999999984,1.1034400000000062,0.12326000000000015,-0.11513799999999996,-0.3649400000000007,-0.011561870000000002,-0.030445500000000014,-0.0013319499999999984,0.2252900000000011,-1.161010000000001,17.30599,0.47561999999999927,-3.7992300000000014,1.4698300000000017,7.4782300000000035,-0.44462000000000046,-2.9214800000000007,30.05
2020-01-02 06:06:00,0.23154,3695.8,4528.6,9.6506,26.869,42.241,2707.2,74.123,120.44,0.36066,80.607,50.379,2636.9,24.205,48.892,3100.7,22.702,66.909,257.33,344.23,94.414,78.072,31.837,8.686,26.296,6.8661,18.533,1.6529,33.477,13.761,23.957,1.1049,18.494,2.2875,4.9328,2.2476,0.0069152,0.80551,0.095945,53.948,44.141,63.132,54.121,22.467,79.066,23.252,42.965,39.215,43.969,54.734,42.012,18.54,-0.012928600000000012,0.29800700000000013,1.1759999999999309,-0.9330899999999929,0.021469599999999978,0.3871199999999959,2.1900000000000546,-1.1262100000000004,-0.19121999999999773,27.388799999999975,2.92410000000001,-0.38334000000000046,-0.21323800000000048,-0.17719999999999914,-0.20097999999999772,0.5174400000000006,-0.06174000000000035,-0.13843800000000006,-0.1099400000000017,-0.011561870000000002,-0.030445500000000014,-0.0013319499999999984,0.107289999999999,-1.5620100000000008,17.78799,1.0846199999999975,1.138770000000001,-2.6071699999999964,7.432230000000004,0.9233800000000016,0.29951999999999757,30.1
2020-01-02 06:09:00,0.23165,3683.8,4480.5,9.4697,26.505,42.366,2706.1,74.896,120.38,0.3617,80.42,49.371,2635.9,25.672,49.629,3101.3,23.191,66.941,256.6,344.16,94.352,77.525,31.837,8.686,26.296,6.8661,18.533,1.6529,33.477,13.761,23.957,1.1049,18.494,2.2875,4.9328,2.2476,0.0069152,0.80551,0.095945,53.948,44.141,63.339,54.696,22.455,77.86,22.854,42.838,36.249,45.675,54.63,40.237,17.398,-0.012818600000000013,0.11710699999999896,0.07600000000002183,-0.16008999999999673,0.02250960000000002,-0.6208799999999997,1.1900000000000546,-0.3892100000000056,0.2977799999999995,26.658800000000014,2.8541000000000167,-0.38334000000000046,-0.21323800000000048,-0.17719999999999914,-0.20097999999999772,0.5174400000000006,-0.06174000000000035,-0.13843800000000006,-0.1099400000000017,-0.011561870000000002,-0.030445500000000014,-0.0013319499999999984,0.31428999999999974,-1.5740100000000012,16.581989999999998,0.6866199999999978,-1.8272300000000001,-0.9011700000000005,7.328230000000005,-0.8516199999999969,-0.8424800000000019,30.15
2020-01-02 06:12:00,0.29566,3702.2,4523.3,9.4066,26.942,42.544,2705.9,74.814,120.4,0.34197,80.205,50.58,2635.9,26.872,51.438,3101.7,22.544,66.927,256.39,344.65,94.397,77.277,32.219,8.7732,26.229,6.7626,18.326,1.6819,33.439,13.793,24.17,1.1881,18.193,2.2892,4.8716,2.3118,0.0069152,0.80551,0.095945,53.948,44.141,62.717,53.886,28.883,79.628,22.7,40.354,39.807,49.863,54.481,42.25,18.953,0.05119139999999997,0.054006999999998584,-0.12399999999979627,-0.24209000000000458,0.002779599999999993,0.5881199999999964,1.1900000000000546,1.419789999999999,-0.349219999999999,26.448799999999977,3.344099999999969,-0.0013399999999990087,-0.1260380000000012,-0.2441999999999993,-0.40797999999999845,0.47944000000000386,-0.02974000000000032,-0.05523800000000012,-0.4109400000000001,-0.011561870000000002,-0.030445500000000014,-0.0013319499999999984,-0.30771000000000015,4.85399,18.34999,0.5326199999999979,1.7307699999999997,3.286830000000002,7.179230000000004,1.1613800000000012,0.7125199999999978,30.2
2020-01-02 06:15:00,0.29585,3729.1,4515.9,9.3942,27.263,42.24,2706.1,74.225,120.39,0.34277,79.883,50.304,2635.4,26.899,50.044,3101.2,22.738,66.814,255.54,345.1,94.439,76.889,32.219,8.7732,26.229,6.7626,18.326,1.6819,33.439,13.793,24.17,1.1881,18.193,2.2892,4.8716,2.3118,0.011753,0.78586,0.10755,53.253,42.891,62.255,53.974,28.864,78.811,22.905,40.256,38.994,46.635,54.084,41.301,18.544,0.051381399999999994,0.04160699999999906,0.07600000000002183,-0.8310900000000032,0.003579600000000016,0.3121200000000002,0.6900000000000546,0.02578999999999354,-0.1552199999999999,25.598799999999983,3.7941000000000145,-0.0013399999999990087,-0.1260380000000012,-0.2441999999999993,-0.40797999999999845,0.47944000000000386,-0.02974000000000032,-0.05523800000000012,-0.4109400000000001,-0.006724070000000002,-0.05009549999999996,0.010273050000000006,-0.7697099999999963,4.834990000000001,17.532990000000005,0.7376199999999997,0.9177699999999973,0.05883000000000038,6.7822300000000055,0.21238000000000312,0.3035199999999989,30.25
2020-01-02 06:18:00,0.25935,3728.5,4589.8,9.402,26.667,42.155,2707.4,75.138,120.4,0.34502,79.764,51.326,2636.0,23.726,50.654,3101.0,23.552,66.679,253.31,345.46,94.449,77.166,32.599,8.8987,26.37,6.9826,18.646,1.6282,33.755,13.777,23.654,1.3183,18.295,2.2454,4.967,2.2902,0.011753,0.78586,0.10755,53.253,42.891,63.237,53.657,25.503,79.374,22.789,40.773,42.002,48.048,53.994,41.034,16.615,0.014881400000000017,0.049406999999998646,1.3760000000002037,0.0819100000000077,0.00582959999999999,1.3341199999999986,1.2899999999999636,0.6357900000000001,0.6587800000000001,23.368799999999993,4.154099999999971,0.37865999999999644,-0.0005380000000005936,-0.10319999999999752,-0.08797999999999817,0.7954400000000064,-0.045740000000000336,0.07496199999999997,-0.30893999999999977,-0.006724070000000002,-0.05009549999999996,0.010273050000000006,0.21229000000000298,1.4739900000000006,18.095989999999993,0.6216200000000001,3.92577,1.4718300000000042,6.692230000000002,-0.05461999999999989,-1.6254800000000031,30.3
2020-01-02 06:21:00,0.26126,3691.5,4530.0,9.4271,26.664,42.388,2708.9,75.333,120.41,0.34859,79.85,48.809,2638.5,23.964,50.686,3102.5,23.771,66.56,253.37,345.68,94.41,77.477,32.599,8.8987,26.37,6.9826,18.646,1.6282,33.755,13.777,23.654,1.3183,18.295,2.2454,4.967,2.2902,0.011753,0.78586,0.10755,53.253,42.891,63.873,54.372,25.314,78.805,23.025,40.337,34.596,48.121,53.701,42.093,16.078,0.016791399999999984,0.07450699999999877,2.8760000000002037,0.2769100000000009,0.009399600000000008,-1.1828800000000044,3.7899999999999636,0.6677899999999966,0.8777800000000013,23.428799999999995,4.3740999999999985,0.37865999999999644,-0.0005380000000005936,-0.10319999999999752,-0.08797999999999817,0.7954400000000064,-0.045740000000000336,0.07496199999999997,-0.30893999999999977,-0.006724070000000002,-0.05009549999999996,0.010273050000000006,0.8482899999999987,1.2849900000000005,17.526990000000005,0.8576199999999972,-3.480230000000006,1.5448300000000046,6.399230000000003,1.0043800000000047,-2.162480000000002,30.35
2020-01-02 06:24:00,0.2211,3650.6,4522.8,9.409,26.828,42.319,2710.0,74.81,120.39,0.34285,79.957,50.21,2639.2,24.708,49.265,3102.6,24.103,66.545,254.8,345.85,94.443,77.634,32.917,8.9039,26.073,6.9852,18.23,1.6222,33.979,13.528,23.98,1.2371,18.38,2.2986,4.7548,2.2974,0.011753,0.78586,0.10755,53.253,42.891,62.655,53.722,21.582,76.123,23.225,40.53,38.719,44.834,53.287,41.314,15.272,-0.023368600000000017,0.056407000000000096,3.9760000000001128,-0.24608999999999526,0.003659599999999985,0.21811999999999898,4.489999999999782,-0.7532100000000028,1.209780000000002,24.858800000000002,4.5441000000000145,0.6966600000000014,0.004661999999999722,-0.4001999999999981,-0.5039799999999985,1.019440000000003,-0.2947399999999991,-0.006237999999999966,-0.22394000000000247,-0.006724070000000002,-0.05009549999999996,0.010273050000000006,-0.36970999999999776,-2.447009999999999,14.844990000000003,1.05762,0.6427699999999987,-1.7421699999999944,5.985230000000001,0.22538000000000125,-2.9684800000000013,30.4
2020-01-02 06:27:00,0.21956,3634.2,4486.0,9.4786,27.066,42.387,2712.4,75.563,120.42,0.34345,80.17,50.54,2641.7,24.894,50.775,3105.1,23.052,66.554,252.58,346.0,94.454,77.924,32.917,8.9039,26.073,6.9852,18.23,1.6222,33.979,13.528,23.98,1.2371,18.38,2.2986,4.7548,2.2974,0.011753,0.78586,0.10755,53.253,42.891,62.939,54.163,21.733,77.746,23.431,40.457,39.689,48.328,53.195,41.548,17.731,-0.024908600000000003,0.12600699999999954,6.376000000000204,0.5069100000000049,0.0042595999999999745,0.5481199999999973,6.989999999999782,0.7567899999999952,0.15878000000000014,22.638800000000003,4.694099999999992,0.6966600000000014,0.004661999999999722,-0.4001999999999981,-0.5039799999999985,1.019440000000003,-0.2947399999999991,-0.006237999999999966,-0.22394000000000247,-0.006724070000000002,-0.05009549999999996,0.010273050000000006,-0.08570999999999884,-2.296009999999999,16.467989999999993,1.2636199999999995,1.6127699999999976,1.7518300000000053,5.893230000000003,0.459380000000003,-0.5094799999999999,30.45
2020-01-02 06:30:00,0.18151,3629.9,4516.5,9.4079,27.137,42.055,2716.0,74.633,120.37,0.31689,80.363,50.01,2645.5,24.554,50.034,3108.5,21.764,66.583,248.86,345.68,94.439,77.562,32.535,8.8827,26.047,7.1013,18.703,1.6314,33.796,13.635,23.875,1.1416,18.441,2.2589,4.7905,2.2624,0.010052,0.77883,0.11301,53.413,44.73,62.893,54.875,18.267,76.849,23.537,36.79,38.13,46.614,52.659,40.901,20.783,-0.0629586,0.05530699999999911,9.976000000000113,-0.42309000000000196,-0.022300399999999998,0.01811999999999614,10.789999999999964,0.01578999999999553,-1.1292200000000001,18.918800000000005,4.3740999999999985,0.3146599999999964,-0.016538000000000608,-0.4261999999999979,-0.030979999999999563,0.8364400000000032,-0.1877399999999998,-0.1017380000000001,-0.16294000000000253,-0.008425070000000002,-0.05712549999999994,0.01573305,-0.13170999999999822,-5.76201,15.570990000000002,1.3696199999999976,0.053770000000000095,0.037829999999999586,5.357230000000001,-0.18761999999999546,2.5425199999999997,30.5
2020-01-02 06:33:00,0.18343,3630.3,4534.7,9.417,26.942,42.503,2713.8,74.657,120.43,0.3119,79.97,50.104,2643.7,25.425,49.173,3107.1,23.004,66.56,248.14,345.81,94.561,77.045,32.535,8.8827,26.047,7.1013,18.703,1.6314,33.796,13.635,23.875,1.1416,18.441,2.2589,4.7905,2.2624,0.010052,0.77883,0.11301,53.413,44.73,62.886,54.657,18.078,77.56,23.216,37.399,38.406,44.621,52.186,41.529,17.884,-0.0610386,0.06440699999999921,7.776000000000295,-0.39909000000000106,-0.027290399999999992,0.11211999999999733,8.989999999999782,-0.8452100000000016,0.11078000000000188,18.198799999999977,4.504099999999994,0.3146599999999964,-0.016538000000000608,-0.4261999999999979,-0.030979999999999563,0.8364400000000032,-0.1877399999999998,-0.1017380000000001,-0.16294000000000253,-0.008425070000000002,-0.05712549999999994,0.01573305,-0.13870999999999611,-5.95101,16.28199,1.0486199999999997,0.32976999999999634,-1.9551699999999954,4.884230000000002,0.44038000000000466,-0.35648000000000124,30.55
2020-01-02 06:36:00,0.21436,3603.4,4490.7,9.4644,27.131,42.451,2712.7,74.614,120.35,0.3246,79.764,48.917,2642.4,24.564,50.358,3106.4,23.636,66.457,245.56,345.44,94.671,77.283,32.629,8.8048,26.895,7.0085,18.462,1.6595,33.674,13.82,24.195,1.228,18.537,2.3254,4.8646,2.2932,0.010052,0.77883,0.11301,53.413,44.73,62.178,54.075,21.195,78.177,23.11,38.352,34.913,47.364,51.883,40.083,16.386,-0.030108600000000013,0.11180699999999888,6.675999999999931,-0.4420899999999932,-0.014590400000000003,-1.0748800000000003,7.690000000000055,0.3397899999999936,0.7427799999999998,15.618799999999993,4.1340999999999894,0.4086599999999976,-0.09443800000000024,0.42180000000000106,-0.2719799999999992,0.7144400000000033,-0.0027399999999992986,-0.015338000000000074,-0.06694000000000244,-0.008425070000000002,-0.05712549999999994,0.01573305,-0.8467100000000016,-2.8340099999999993,16.898990000000005,0.942619999999998,-3.1632300000000058,0.7878299999999996,4.581230000000005,-1.0056200000000004,-1.8544800000000023,30.6
2020-01-02 06:39:00,0.21747,3626.7,4505.9,9.3463,27.141,41.946,2717.1,75.572,120.4,0.32549,79.985,50.244,2646.7,25.317,50.095,3108.5,21.63,66.344,246.27,345.92,94.596,78.056,32.629,8.8048,26.895,7.0085,18.462,1.6595,33.674,13.82,24.195,1.228,18.537,2.3254,4.8646,2.2932,0.010052,0.77883,0.11301,53.413,44.73,61.778,53.893,20.889,78.85,23.869,38.244,38.817,46.753,51.295,40.847,21.085,-0.02699860000000001,-0.006293000000001214,11.076000000000022,0.5159100000000052,-0.013700400000000001,0.2521199999999979,11.989999999999782,0.07678999999999547,-1.2632200000000005,16.3288,4.614100000000008,0.4086599999999976,-0.09443800000000024,0.42180000000000106,-0.2719799999999992,0.7144400000000033,-0.0027399999999992986,-0.015338000000000074,-0.06694000000000244,-0.008425070000000002,-0.05712549999999994,0.01573305,-1.2467100000000002,-3.14001,17.571989999999992,1.7016199999999984,0.7407699999999977,0.17683000000000249,3.993230000000004,-0.2416199999999975,2.8445199999999993,30.65
2020-01-02 06:42:00,0.20115,3607.2,4544.3,9.4666,26.786,42.671,2717.5,74.424,120.39,0.34625,79.955,52.158,2647.0,26.449,50.33,3110.2,22.157,66.338,244.99,346.11,94.632,77.342,32.435,8.728,26.555,6.7338,18.275,1.6765,33.855,13.671,24.145,1.1437,17.796,2.2615,4.8072,2.2368,0.010052,0.77883,0.11301,53.413,44.73,62.763,54.057,19.905,76.51,23.224,40.514,44.45,47.297,50.879,40.777,19.876,-0.04331860000000001,0.11400699999999908,11.476000000000113,-0.6320899999999909,0.007059599999999999,2.1661199999999994,12.289999999999964,0.3117899999999949,-0.7362199999999994,15.0488,4.804100000000005,0.21466000000000207,-0.17123800000000067,0.0818000000000012,-0.4589800000000004,0.8954400000000007,-0.1517400000000002,-0.09963800000000012,-0.8079400000000021,-0.008425070000000002,-0.05712549999999994,0.01573305,-0.2617100000000008,-4.124009999999998,15.231990000000003,1.0566199999999988,6.37377,0.7208299999999994,3.57723,-0.3116199999999978,1.6355199999999996,30.7
2020-01-02 06:45:00,0.20102,3637.4,4495.4,9.4483,26.637,42.251,2718.9,75.178,120.42,0.35129,79.885,50.198,2648.5,25.162,49.235,3110.6,22.116,66.246,241.86,346.07,94.748,77.484,32.435,8.728,26.555,6.7338,18.275,1.6765,33.855,13.671,24.145,1.1437,17.796,2.2615,4.8072,2.2368,0.035205,0.78804,0.08742,54.156,43.137,62.244,54.642,19.918,77.06,23.355,39.899,38.683,44.763,50.359,41.244,19.963,-0.043448600000000004,0.0957069999999991,12.876000000000204,0.12190999999999974,0.012099599999999988,0.20611999999999853,13.789999999999964,-0.783210000000004,-0.7772199999999998,11.918800000000005,4.764099999999985,0.21466000000000207,-0.17123800000000067,0.0818000000000012,-0.4589800000000004,0.8954400000000007,-0.1517400000000002,-0.09963800000000012,-0.8079400000000021,0.01672793,-0.0479155,-0.009856950000000003,-0.7807099999999991,-4.11101,15.78199,1.187619999999999,0.6067699999999974,-1.8131699999999995,3.057230000000004,0.15538000000000096,1.7225199999999994,30.75
2020-01-02 06:48:00,0.21608,3687.1,4597.3,9.5198,27.057,42.201,2719.2,74.548,120.4,0.33258,79.814,49.541,2648.7,24.873,48.937,3112.9,22.842,66.156,241.09,345.87,94.51,77.062,32.496,8.8238,26.036,6.7812,18.625,1.6854,33.829,13.765,24.026,1.1543,18.436,2.2414,4.8188,2.2763,0.035205,0.78804,0.08742,54.156,43.137,63.808,53.951,21.435,77.405,23.535,38.1,36.75,44.075,49.786,41.606,18.276,-0.028388600000000014,0.16720699999999944,13.17599999999993,-0.5080899999999957,-0.006610400000000016,-0.45088000000000505,13.989999999999782,-1.0812100000000058,-0.05122000000000071,11.148799999999994,4.564099999999996,0.275660000000002,-0.07543800000000012,-0.43719999999999715,-0.10897999999999897,0.8694400000000044,-0.057739999999999014,-0.08903799999999995,-0.16794000000000153,0.01672793,-0.0479155,-0.009856950000000003,0.7832900000000009,-2.594010000000001,16.12699,1.3676199999999987,-1.3262300000000025,-2.501169999999995,2.4842300000000037,0.5173800000000028,0.03551999999999822,30.8
2020-01-02 06:51:00,0.21634,3700.4,4567.2,9.4249,27.041,42.738,2718.6,75.138,120.42,0.33061,79.59,50.657,2647.6,24.156,50.083,3111.3,24.874,66.03,237.91,346.53,94.471,76.767,32.496,8.8238,26.036,6.7812,18.625,1.6854,33.829,13.765,24.026,1.1543,18.436,2.2414,4.8188,2.2763,0.035205,0.78804,0.08742,54.156,43.137,63.581,54.312,21.409,75.751,23.338,38.34,40.033,46.727,49.436,41.614,13.49,-0.028128600000000004,0.07230699999999857,12.576000000000022,0.0819100000000077,-0.008580399999999988,0.6651199999999946,12.889999999999873,0.06478999999999502,1.9807799999999993,7.9687999999999874,5.224099999999964,0.275660000000002,-0.07543800000000012,-0.43719999999999715,-0.10897999999999897,0.8694400000000044,-0.057739999999999014,-0.08903799999999995,-0.16794000000000153,0.01672793,-0.0479155,-0.009856950000000003,0.5562900000000042,-2.6200100000000006,14.472990000000003,1.1706199999999995,1.9567699999999988,0.15082999999999913,2.1342300000000023,0.5253799999999984,-4.750480000000001,30.85
2020-01-02 06:54:00,0.21071,3679.0,4531.6,9.562,26.665,42.468,2718.6,74.837,120.42,0.3411,79.728,47.998,2648.8,26.229,49.353,3111.4,21.854,65.941,237.86,346.07,94.377,77.39,32.304,8.9001,26.663,6.7804,18.37,1.618,33.77,13.888,24.517,1.1491,18.315,2.2583,4.9133,2.2681,0.035205,0.78804,0.08742,54.156,43.137,63.651,53.933,20.221,77.665,23.322,39.407,32.207,45.036,48.81,41.386,20.617,-0.0337586,0.2094069999999988,12.576000000000022,-0.21908999999999423,0.0019096000000000113,-1.9938800000000043,14.090000000000146,-0.6652100000000019,-1.0392200000000003,7.9188000000000045,4.764099999999985,0.08366000000000184,0.0008619999999996963,0.18980000000000175,-0.36397999999999797,0.8104400000000069,0.06526000000000032,-0.09423800000000004,-0.2889400000000002,0.01672793,-0.0479155,-0.009856950000000003,0.6262900000000045,-3.8080099999999995,16.386990000000004,1.1546199999999978,-5.869230000000002,-1.5401699999999963,1.5082300000000046,0.297380000000004,2.3765199999999993,30.9
2020-01-02 06:57:00,0.21074,3687.1,4569.7,9.4289,26.916,42.484,2721.1,75.744,120.43,0.34289,80.034,49.079,2651.3,26.498,50.252,3112.1,23.818,65.876,234.67,346.17,94.386,77.808,32.304,8.9001,26.663,6.7804,18.37,1.618,33.77,13.888,24.517,1.1491,18.315,2.2583,4.9133,2.2681,0.035205,0.78804,0.08742,54.156,43.137,63.511,53.477,20.219,74.481,24.02,39.188,35.39,47.117,48.465,41.709,15.907,-0.0337286,0.0763069999999999,15.076000000000022,0.6879100000000022,0.0036995999999999696,-0.9128800000000012,16.590000000000146,0.23378999999999905,0.9247800000000019,4.728799999999978,4.864100000000008,0.08366000000000184,0.0008619999999996963,0.18980000000000175,-0.36397999999999797,0.8104400000000069,0.06526000000000032,-0.09423800000000004,-0.2889400000000002,0.01672793,-0.0479155,-0.009856950000000003,0.4862900000000039,-3.8100099999999983,13.202989999999993,1.8526199999999982,-2.686230000000002,0.5408299999999997,1.1632300000000058,0.6203800000000044,-2.3334800000000016,30.95
2020-01-02 07:00:00,0.22288,3699.3,4551.9,9.397,27.008,42.229,2719.0,75.994,120.4,0.35276,80.096,49.285,2649.1,25.334,48.786,3113.4,23.314,65.913,233.36,345.16,94.318,77.537,32.733,8.9261,26.715,6.9022,18.599,1.679,33.319,13.677,24.283,1.2431,17.595,2.2695,4.7732,2.1697,0.0016795,0.776,0.095338,54.353,44.156,63.404,54.361,22.257,76.464,23.182,41.288,35.997,43.725,48.089,40.496,17.1,-0.021588600000000013,0.04440699999999964,12.976000000000113,0.9379100000000022,0.013569600000000015,-0.7068800000000053,14.389999999999873,-1.232210000000002,0.4207800000000006,3.4188000000000045,3.8541000000000167,0.5126599999999968,0.026861999999999497,0.24180000000000135,-0.13497999999999877,0.3594400000000064,-0.14573999999999998,-0.00023799999999996047,-1.0089400000000026,-0.01679757,-0.05995549999999994,-0.0019389499999999948,0.37929000000000457,-1.772009999999998,15.185989999999997,1.0146199999999972,-2.0792300000000026,-2.851169999999996,0.787230000000001,-0.5926199999999966,-1.1404800000000002,31.0
2020-01-02 07:03:00,0.2243,3696.6,4567.7,9.3663,26.773,42.389,2717.8,75.084,120.42,0.35109,79.888,49.912,2648.4,24.431,50.767,3110.2,23.335,65.864,232.12,345.37,94.396,77.229,32.733,8.9261,26.715,6.9022,18.599,1.679,33.319,13.677,24.283,1.2431,17.595,2.2695,4.7732,2.1697,0.0016795,0.776,0.095338,54.353,44.156,63.45,54.173,22.116,76.222,23.398,41.491,37.842,48.31,47.63,42.065,17.08,-0.02016860000000001,0.013707000000000136,11.776000000000295,0.027910000000005653,0.01189960000000001,-0.07988000000000284,13.690000000000055,0.7487899999999996,0.4417800000000014,2.1787999999999954,4.064099999999996,0.5126599999999968,0.026861999999999497,0.24180000000000135,-0.13497999999999877,0.3594400000000064,-0.14573999999999998,-0.00023799999999996047,-1.0089400000000026,-0.01679757,-0.05995549999999994,-0.0019389499999999948,0.42529000000000394,-1.9130099999999999,14.943989999999992,1.2306199999999983,-0.2342300000000037,1.7338300000000046,0.3282300000000049,0.9763799999999989,-1.1604800000000033,31.05
2020-01-02 07:06:00,0.18246,3641.0,4510.3,9.3359,26.652,42.366,2716.6,74.214,120.36,0.32936,79.818,50.274,2646.9,24.414,49.67,3107.3,21.616,65.787,229.88,345.41,94.47,77.309,32.781,8.718,26.151,6.886,18.324,1.6406,33.453,13.71,24.134,1.2423,18.167,2.2526,4.7333,2.2742,0.0016795,0.776,0.095338,54.353,44.156,63.376,54.347,17.387,79.156,23.615,38.446,38.907,45.771,47.266,41.235,21.166,-0.0620086,-0.01669300000000007,10.576000000000022,-0.8420899999999989,-0.009830400000000017,0.28211999999999904,12.190000000000055,-0.3482100000000017,-1.2772199999999998,-0.06120000000001369,4.104100000000017,0.5606599999999986,-0.18123800000000045,-0.3221999999999987,-0.40997999999999735,0.49344000000000676,-0.11273999999999873,-0.0010380000000000944,-0.4369399999999999,-0.01679757,-0.05995549999999994,-0.0019389499999999948,0.35128999999999877,-6.642009999999999,17.877990000000004,1.447619999999997,0.830769999999994,-0.8051699999999968,-0.03576999999999941,0.14638000000000062,2.925519999999999,31.1
2020-01-02 07:09:00,0.18129,3660.3,4530.4,9.3627,27.052,42.062,2714.6,75.13,120.4,0.33096,79.724,49.97,2644.3,23.673,50.22,3107.5,23.307,65.681,230.85,344.96,94.589,77.345,32.781,8.718,26.151,6.886,18.324,1.6406,33.453,13.71,24.134,1.2423,18.167,2.2526,4.7333,2.2742,0.0016795,0.776,0.095338,54.353,44.156,63.044,54.107,17.502,76.758,23.245,38.251,38.011,47.043,46.621,41.583,17.155,-0.0631786,0.010106999999999644,8.576000000000022,0.07390999999999792,-0.008230400000000027,-0.021880000000003008,9.590000000000146,0.20178999999999547,0.41377999999999915,0.9087999999999852,3.6540999999999713,0.5606599999999986,-0.18123800000000045,-0.3221999999999987,-0.40997999999999735,0.49344000000000676,-0.11273999999999873,-0.0010380000000000944,-0.4369399999999999,-0.01679757,-0.05995549999999994,-0.0019389499999999948,0.01928999999999803,-6.527010000000001,15.479989999999994,1.0776199999999996,-0.06522999999999968,0.46683000000000163,-0.6807699999999954,0.4943799999999996,-1.0854800000000004,31.15
2020-01-02 07:12:00,0.16852,3682.4,4538.5,9.3111,27.131,42.456,2714.4,75.454,120.36,0.33013,79.757,49.608,2643.4,27.276,48.957,3106.8,23.522,65.614,227.01,344.72,94.627,77.207,32.534,9.0259,26.645,6.8923,18.59,1.6353,33.546,13.842,24.153,1.3048,18.183,2.2707,4.8169,2.3277,0.0016795,0.776,0.095338,54.353,44.156,62.794,54.738,16.677,75.783,23.374,39.022,36.947,44.121,46.406,40.63,16.662,-0.0759486,-0.04149300000000089,8.376000000000204,0.397909999999996,-0.009060400000000024,-0.3838800000000049,8.690000000000055,-1.0612100000000027,0.628779999999999,-2.9312000000000182,3.414100000000019,0.3136599999999987,0.1266619999999996,0.17180000000000106,-0.1439799999999991,0.5864400000000032,0.019260000000000943,0.061461999999999906,-0.42094000000000165,-0.01679757,-0.05995549999999994,-0.0019389499999999948,-0.23071000000000197,-7.35201,14.50499,1.2066199999999974,-1.1292299999999997,-2.4551699999999954,-0.8957699999999988,-0.45861999999999625,-1.5784800000000025,31.2
2020-01-02 07:15:00,0.16967,3680.5,4584.4,9.4299,26.707,42.161,2714.2,75.509,120.37,0.33103,79.851,48.523,2644.1,25.648,51.067,3107.3,22.579,65.543,223.78,344.55,94.632,76.994,32.534,9.0259,26.645,6.8923,18.59,1.6353,33.546,13.842,24.153,1.3048,18.183,2.2707,4.8169,2.3277,0.022679,0.79382,0.10136,53.691,44.351,62.827,54.189,16.565,77.655,23.039,38.912,33.754,49.003,45.737,41.194,18.917,-0.07479860000000002,0.07730699999999935,8.17599999999993,0.4529100000000028,-0.008160400000000012,-1.4688799999999986,9.389999999999873,1.0487899999999968,-0.31421999999999883,-6.161200000000008,3.244100000000003,0.3136599999999987,0.1266619999999996,0.17180000000000106,-0.1439799999999991,0.5864400000000032,0.019260000000000943,0.061461999999999906,-0.42094000000000165,0.0042019299999999996,-0.04213549999999999,0.004083050000000005,-0.19771000000000072,-7.464009999999998,16.37699,0.8716200000000001,-4.322230000000005,2.4268300000000025,-1.5647699999999958,0.1053800000000038,0.67652,31.25
2020-01-02 07:18:00,0.19019,3652.5,4473.5,9.4337,26.785,42.049,2713.0,74.996,120.39,0.34366,79.719,49.77,2642.2,25.465,49.786,3105.7,22.407,65.426,222.52,344.35,94.669,76.94,32.554,8.851,26.681,6.8002,18.311,1.6013,32.863,13.829,24.582,1.3345,18.365,2.2403,4.818,2.2733,0.022679,0.79382,0.10136,53.691,44.351,63.247,54.916,18.28,76.645,23.115,40.839,37.422,46.039,45.122,41.534,19.347,-0.05427860000000001,0.08110699999999937,6.976000000000113,-0.06009000000000242,0.004469600000000018,-0.22187999999999874,7.489999999999782,-0.23221000000000203,-0.48621999999999943,-7.421199999999999,3.0441000000000145,0.33366000000000184,-0.04823799999999956,0.20780000000000243,-0.422979999999999,-0.09655999999999665,0.0062600000000010425,0.09116199999999997,-0.23894000000000304,0.0042019299999999996,-0.04213549999999999,0.004083050000000005,0.222290000000001,-5.749009999999998,15.366989999999994,0.947619999999997,-0.6542300000000054,-0.5371699999999962,-2.1797699999999978,0.4453800000000001,1.1065199999999997,31.3
2020-01-02 07:21:00,0.18809,3677.3,4538.7,9.3665,27.138,42.412,2712.1,73.94,120.38,0.34215,79.648,51.137,2641.3,26.946,49.996,3105.2,23.977,65.318,220.95,343.78,94.706,77.27,32.554,8.851,26.681,6.8002,18.311,1.6013,32.863,13.829,24.582,1.3345,18.365,2.2403,4.818,2.2733,0.022679,0.79382,0.10136,53.691,44.351,62.82,54.137,18.486,75.097,23.193,41.024,41.445,46.524,44.543,40.807,15.619,-0.0563786,0.01390699999999967,6.076000000000022,-1.1160899999999998,0.0029596000000000067,1.1451199999999986,6.5900000000001455,-0.022210000000001173,1.0837800000000009,-8.99120000000002,2.4740999999999644,0.33366000000000184,-0.04823799999999956,0.20780000000000243,-0.422979999999999,-0.09655999999999665,0.0062600000000010425,0.09116199999999997,-0.23894000000000304,0.0042019299999999996,-0.04213549999999999,0.004083050000000005,-0.20470999999999862,-5.543009999999999,13.818989999999992,1.02562,3.368769999999998,-0.05216999999999672,-2.7587699999999984,-0.28161999999999665,-2.621480000000002,31.35
2020-01-02 07:24:00,0.18138,3691.1,4553.7,9.423,26.825,42.572,2713.8,75.505,120.41,0.34747,79.889,50.394,2643.4,26.069,50.685,3107.0,24.15,65.264,217.56,343.92,94.517,77.331,32.228,8.8827,26.814,6.7867,18.881,1.674,33.444,13.545,24.147,1.3231,17.96,2.267,4.8589,2.2382,0.022679,0.79382,0.10136,53.691,44.351,63.424,54.697,18.043,77.663,23.195,40.045,39.26,48.118,44.127,40.703,15.196,-0.0630886,0.07040699999999944,7.776000000000295,0.4489099999999979,0.008279599999999998,0.4021199999999965,8.690000000000055,0.6667899999999989,1.2567799999999991,-12.381200000000007,2.6141000000000076,0.007660000000001332,-0.016538000000000608,0.34080000000000155,0.14702000000000126,0.4844400000000064,-0.27773999999999965,0.07976199999999989,-0.6439400000000006,0.0042019299999999996,-0.04213549999999999,0.004083050000000005,0.3992900000000006,-5.98601,16.384989999999995,1.0276199999999989,1.1837699999999955,1.5418300000000045,-3.174769999999995,-0.38561999999999585,-3.044480000000002,31.4
2020-01-02 07:27:00,0.18348,3683.4,4582.2,9.3838,27.485,42.098,2713.0,75.818,120.4,0.34367,79.984,50.166,2642.3,25.056,50.423,3109.6,23.068,65.251,215.96,342.52,94.678,77.361,32.228,8.8827,26.814,6.7867,18.881,1.674,33.444,13.545,24.147,1.3231,17.96,2.267,4.8589,2.2382,0.022679,0.79382,0.10136,53.691,44.351,63.557,54.356,17.837,77.208,22.588,40.509,38.588,47.512,43.549,41.502,17.751,-0.060988600000000004,0.031207000000000207,6.976000000000113,0.7619100000000003,0.0044795999999999725,0.17411999999999495,7.5900000000001455,0.40478999999999843,0.17478000000000193,-13.981200000000001,1.2140999999999735,0.007660000000001332,-0.016538000000000608,0.34080000000000155,0.14702000000000126,0.4844400000000064,-0.27773999999999965,0.07976199999999989,-0.6439400000000006,0.0042019299999999996,-0.04213549999999999,0.004083050000000005,0.5322900000000033,-6.19201,15.929989999999997,0.42061999999999955,0.5117699999999985,0.9358300000000028,-3.752769999999998,0.41338000000000363,-0.48948000000000036,31.45
2020-01-02 07:30:00,0.20998,3712.8,4527.0,9.356,26.893,41.979,2713.9,75.855,120.4,0.31274,79.982,50.395,2643.3,27.281,50.217,3108.9,22.064,65.194,215.63,342.48,94.442,77.535,31.911,8.9188,26.675,6.8514,17.596,1.6771,33.017,13.713,24.351,1.2375,18.374,2.236,4.8144,2.2574,0.015142,0.80202,0.095367,53.889,44.602,63.252,53.648,21.015,77.022,22.662,36.478,39.261,47.035,43.225,42.177,20.124,-0.03448860000000001,0.0034069999999992717,7.876000000000204,0.7989100000000064,-0.026450399999999985,0.40312000000000126,8.590000000000146,0.19878999999999536,-0.8292199999999994,-14.311200000000014,1.17410000000001,-0.30933999999999884,0.019561999999998747,0.2018000000000022,-1.1379799999999989,0.05744000000000682,-0.10974000000000039,-0.00583800000000001,-0.2299400000000027,-0.0033350700000000025,-0.03393550000000001,-0.0019099500000000075,0.22729000000000354,-3.014009999999999,15.743990000000004,0.4946199999999976,1.1847700000000003,0.45882999999999896,-4.076769999999996,1.0883800000000008,1.8835199999999972,31.5
2020-01-02 07:33:00,0.21234,3667.5,4494.3,9.4046,26.723,41.949,2714.7,75.468,120.4,0.30898,80.163,48.63,2644.4,24.502,50.729,3109.8,23.371,65.19,210.8,342.1,94.569,77.614,31.911,8.9188,26.675,6.8514,17.596,1.6771,33.017,13.713,24.351,1.2375,18.374,2.236,4.8144,2.2574,0.015142,0.80202,0.095367,53.889,44.602,64.032,54.039,20.783,76.462,22.627,36.937,34.068,48.22,43.099,40.403,17.002,-0.03212860000000001,0.05200699999999969,8.67599999999993,0.411910000000006,-0.030210400000000026,-1.3618799999999993,9.690000000000055,0.7107899999999958,0.4777799999999992,-19.141199999999998,0.7941000000000145,-0.30933999999999884,0.019561999999998747,0.2018000000000022,-1.1379799999999989,0.05744000000000682,-0.10974000000000039,-0.00583800000000001,-0.2299400000000027,-0.0033350700000000025,-0.03393550000000001,-0.0019099500000000075,1.0072899999999976,-3.2460099999999983,15.183990000000001,0.4596199999999975,-4.008230000000005,1.6438300000000012,-4.202770000000001,-0.6856200000000001,-1.2384800000000027,31.55
2020-01-02 07:36:00,0.24338,3689.1,4623.4,9.4387,26.95,42.311,2715.4,76.037,120.43,0.32604,80.142,49.281,2645.1,26.414,49.204,3112.5,23.319,65.145,211.15,342.29,94.508,77.401,32.274,8.7884,26.691,7.0723,18.452,1.6691,33.336,13.765,24.569,1.1747,17.909,2.255,4.8369,2.1958,0.015142,0.80202,0.095367,53.889,44.602,63.154,55.739,24.01,75.956,22.283,39.069,35.984,44.692,42.511,41.995,17.135,-0.0010885999999999951,0.08610700000000016,9.376000000000204,0.9809100000000086,-0.013150400000000007,-0.7108800000000031,10.389999999999873,-0.8142100000000028,0.4257799999999996,-18.791200000000003,0.9841000000000122,0.05366000000000071,-0.1108380000000011,0.21780000000000044,-0.28197999999999723,0.37644000000000233,-0.057739999999999014,-0.06863799999999998,-0.6949400000000026,-0.0033350700000000025,-0.03393550000000001,-0.0019099500000000075,0.12929000000000457,-0.019009999999997973,14.677990000000001,0.11561999999999983,-2.0922300000000007,-1.8841699999999975,-4.790769999999995,0.9063799999999986,-1.10548,31.6
2020-01-02 07:39:00,0.24362,3707.2,4650.5,9.3711,26.617,42.349,2713.5,75.682,120.38,0.32914,79.91,48.082,2642.9,24.821,48.547,3110.6,22.527,65.104,209.56,342.44,94.538,77.161,32.274,8.7884,26.691,7.0723,18.452,1.6691,33.336,13.765,24.569,1.1747,17.909,2.255,4.8369,2.1958,0.015142,0.80202,0.095367,53.889,44.602,62.841,55.414,23.987,77.057,22.532,38.69,32.455,43.172,42.098,41.029,19.047,-0.0008486000000000049,0.018506999999999607,7.476000000000113,0.6259100000000046,-0.010050400000000015,-1.9098800000000011,8.190000000000055,-1.4712100000000063,-0.36621999999999844,-20.381200000000007,1.1340999999999894,0.05366000000000071,-0.1108380000000011,0.21780000000000044,-0.28197999999999723,0.37644000000000233,-0.057739999999999014,-0.06863799999999998,-0.6949400000000026,-0.0033350700000000025,-0.03393550000000001,-0.0019099500000000075,-0.18370999999999782,-0.04201000000000121,15.77899,0.3646199999999986,-5.621230000000004,-3.4041700000000006,-5.203769999999999,-0.05961999999999534,0.806519999999999,31.65
2020-01-02 07:42:00,0.20861,3605.6,4574.9,9.3346,26.632,42.364,2712.6,75.094,120.36,0.32952,79.925,49.875,2641.3,24.249,49.291,3109.4,22.455,64.998,209.3,341.71,94.695,77.03,32.173,8.8273,27.086,6.9662,18.649,1.6549,33.208,13.905,24.087,1.1884,18.149,2.2478,4.8876,2.261,0.015142,0.80202,0.095367,53.889,44.602,62.577,54.343,20.723,76.492,22.163,39.905,37.731,44.892,41.574,40.379,19.237,-0.03585860000000002,-0.017993000000000592,6.576000000000022,0.03790999999999656,-0.009670400000000023,-0.11688000000000187,6.5900000000001455,-0.7272100000000066,-0.43822000000000116,-20.641199999999998,0.40409999999997126,-0.04733999999999838,-0.07193800000000117,0.6128,-0.08497999999999806,0.24844000000000221,0.08225999999999978,-0.05493800000000015,-0.45494000000000057,-0.0033350700000000025,-0.03393550000000001,-0.0019099500000000075,-0.4477100000000007,-3.3060100000000006,15.213990000000003,-0.004380000000001161,-0.3452300000000008,-1.6841699999999946,-5.72777,-0.709620000000001,0.9965199999999967,31.7
2020-01-02 07:45:00,0.20807,3633.0,4597.3,9.4566,27.203,42.024,2713.2,74.81,120.39,0.33286,79.921,50.198,2642.0,26.799,48.933,3108.3,22.615,64.884,206.94,341.81,94.848,77.038,32.173,8.8273,27.086,6.9662,18.649,1.6549,33.208,13.905,24.087,1.1884,18.149,2.2478,4.8876,2.261,0.0090525,0.81312,0.10255,53.309,43.057,62.105,54.076,20.776,75.941,22.825,39.498,38.682,44.065,41.383,40.747,18.871,-0.0363986,0.1040069999999993,7.175999999999931,-0.24608999999999526,-0.006330400000000014,0.20611999999999853,7.289999999999964,-1.0852100000000036,-0.278220000000001,-23.00120000000001,0.504099999999994,-0.04733999999999838,-0.07193800000000117,0.6128,-0.08497999999999806,0.24844000000000221,0.08225999999999978,-0.05493800000000015,-0.45494000000000057,-0.009424570000000002,-0.02283550000000001,0.005273050000000001,-0.919710000000002,-3.2530099999999997,14.66299,0.6576199999999979,0.6057699999999997,-2.51117,-5.918769999999995,-0.3416199999999989,0.6305199999999971,31.75
2020-01-02 07:48:00,0.21695,3621.6,4535.7,9.2961,27.053,42.13,2711.8,75.57,120.37,0.34893,79.757,49.926,2639.8,25.658,50.791,3108.5,23.586,64.784,205.28,341.41,94.792,76.917,31.705,8.9177,26.656,6.7293,18.864,1.6781,32.929,13.828,24.56,1.2171,18.22,2.2661,4.8634,2.3073,0.0090525,0.81312,0.10255,53.309,43.057,63.102,54.367,21.746,76.979,22.526,41.298,37.884,48.365,41.053,40.073,16.591,-0.027518600000000004,-0.05649300000000146,5.776000000000295,0.5139099999999956,0.009739600000000015,-0.06587999999999994,5.0900000000001455,0.7727899999999934,0.6927799999999991,-24.661200000000008,0.10410000000001673,-0.5153400000000019,0.018461999999999534,0.1828000000000003,0.1300200000000018,-0.030559999999994147,0.00525999999999982,-0.026237999999999984,-0.3839400000000026,-0.009424570000000002,-0.02283550000000001,0.005273050000000001,0.07728999999999786,-2.283010000000001,15.700989999999997,0.3586199999999984,-0.19223000000000212,1.7888300000000044,-6.24877,-1.0156199999999984,-1.6494800000000005,31.8
2020-01-02 07:51:00,0.21912,3647.6,4537.6,9.4358,26.838,41.808,2711.3,75.8,120.4,0.34958,79.808,50.343,2641.2,23.952,50.447,3107.4,21.829,64.677,203.03,341.8,94.82,77.255,31.705,8.9177,26.656,6.7293,18.864,1.6781,32.929,13.828,24.56,1.2171,18.22,2.2661,4.8634,2.3073,0.0090525,0.81312,0.10255,53.309,43.057,62.654,54.344,21.533,75.739,22.564,41.218,39.109,47.57,40.781,41.185,20.754,-0.0253486,0.08320699999999981,5.276000000000295,0.7439099999999996,0.010389599999999999,0.35112000000000165,6.489999999999782,0.42878999999999934,-1.0642199999999988,-26.911200000000008,0.4941000000000031,-0.5153400000000019,0.018461999999999534,0.1828000000000003,0.1300200000000018,-0.030559999999994147,0.00525999999999982,-0.026237999999999984,-0.3839400000000026,-0.009424570000000002,-0.02283550000000001,0.005273050000000001,-0.37070999999999543,-2.4960099999999983,14.460990000000002,0.39661999999999864,1.0327699999999993,0.9938300000000027,-6.520769999999999,0.09638000000000346,2.5135199999999998,31.85
2020-01-02 07:54:00,0.26521,3698.9,4561.2,9.3146,27.422,42.591,2712.0,74.904,120.41,0.34307,79.875,49.41,2641.0,24.013,49.597,3110.2,23.671,64.605,202.73,340.84,94.569,77.238,32.112,8.7395,26.687,6.8769,18.971,1.6392,33.084,13.973,24.689,1.3953,18.673,2.2837,4.8269,2.296,0.0090525,0.81312,0.10255,53.309,43.057,63.882,53.538,26.417,77.01,22.452,40.026,36.363,45.601,40.335,41.005,16.385,0.020741399999999993,-0.037993000000000166,5.976000000000113,-0.15209000000000117,0.003879599999999983,-0.5818800000000053,6.289999999999964,-0.4212100000000021,0.7777799999999999,-27.21120000000002,-0.4659000000000333,-0.10833999999999833,-0.15973800000000082,0.21380000000000265,0.23702000000000112,0.12444000000000699,0.15026000000000117,0.15196199999999993,0.06905999999999679,-0.009424570000000002,-0.02283550000000001,0.005273050000000001,0.857289999999999,2.387990000000002,15.731990000000003,0.2846200000000003,-1.713230000000003,-0.9751699999999985,-6.966769999999997,-0.08361999999999625,-1.85548,31.9
2020-01-02 07:57:00,0.26559,3701.8,4493.0,9.3298,27.128,42.436,2713.0,74.745,120.42,0.34376,80.05,49.927,2641.2,24.611,49.991,3112.0,22.833,64.58,203.49,341.03,94.598,77.801,32.112,8.7395,26.687,6.8769,18.971,1.6392,33.084,13.973,24.689,1.3953,18.673,2.2837,4.8269,2.296,0.0090525,0.81312,0.10255,53.309,43.057,63.833,54.354,26.38,74.743,22.152,39.942,37.887,46.512,39.795,41.148,18.332,0.021121399999999985,-0.022793000000000063,6.976000000000113,-0.311089999999993,0.004569600000000007,-0.06488000000000227,6.489999999999782,-0.02721000000000373,-0.06022000000000105,-26.4512,-0.27590000000003556,-0.10833999999999833,-0.15973800000000082,0.21380000000000265,0.23702000000000112,0.12444000000000699,0.15026000000000117,0.15196199999999993,0.06905999999999679,-0.009424570000000002,-0.02283550000000001,0.005273050000000001,0.8082899999999995,2.3509899999999995,13.464989999999993,-0.015380000000000393,-0.189230000000002,-0.06416999999999717,-7.506769999999996,0.05938000000000443,0.09151999999999916,31.95
2020-01-02 08:00:00,0.23017,3673.1,4533.2,9.3808,27.02,42.523,2711.0,75.667,120.4,0.35645,80.137,49.172,2639.4,26.764,47.682,3110.1,22.406,64.627,200.54,340.13,94.463,77.381,31.808,8.7843,26.479,6.7704,18.941,1.6357,32.635,13.637,24.115,1.2874,18.969,2.2512,4.8312,2.2822,-0.0035627,0.82248,0.093695,53.164,44.022,63.106,53.585,22.69,77.127,22.025,42.385,35.665,41.169,39.817,41.476,19.361,-0.014298599999999995,0.028207000000000093,4.976000000000113,0.6109100000000041,0.017259599999999986,-0.8198800000000048,4.690000000000055,-2.3362100000000012,-0.48722000000000065,-29.401200000000017,-1.1759000000000128,-0.4123400000000004,-0.11493800000000043,0.0058000000000006935,0.20701999999999998,-0.3245599999999982,-0.18573999999999913,0.044062000000000046,0.3650599999999997,-0.02203977,-0.013475499999999974,-0.0035819500000000004,0.08129000000000275,-1.3390099999999983,15.848989999999993,-0.14238000000000284,-2.4112300000000033,-5.407170000000001,-7.4847699999999975,0.3873800000000003,1.120519999999999,32.0
2020-01-02 08:03:00,0.22963,3664.2,4532.2,9.3703,26.982,42.61,2711.0,74.464,120.4,0.35822,80.265,49.983,2640.7,24.527,50.691,3108.1,22.724,64.643,201.74,341.02,94.636,77.599,31.808,8.7843,26.479,6.7704,18.941,1.6357,32.635,13.637,24.115,1.2874,18.969,2.2512,4.8312,2.2822,-0.0035627,0.82248,0.093695,53.164,44.022,63.259,53.598,22.743,76.449,22.666,42.169,38.051,48.132,39.335,40.831,18.581,-0.014838600000000007,0.017706999999999695,4.976000000000113,-0.5920899999999989,0.01902959999999998,-0.008880000000004884,5.989999999999782,0.6727899999999991,-0.16921999999999926,-28.2012,-0.28590000000002647,-0.4123400000000004,-0.11493800000000043,0.0058000000000006935,0.20701999999999998,-0.3245599999999982,-0.18573999999999913,0.044062000000000046,0.3650599999999997,-0.02203977,-0.013475499999999974,-0.0035819500000000004,0.23429000000000144,-1.286010000000001,15.170989999999996,0.49861999999999895,-0.02523000000000053,1.5558300000000003,-7.966769999999997,-0.25761999999999574,0.34051999999999794,32.05
2020-01-02 08:06:00,0.26437,3677.7,4474.3,9.2955,27.12,42.33,2711.5,74.811,120.39,0.32008,80.384,49.588,2640.4,23.604,48.86,3109.2,22.51,64.693,196.39,340.46,94.518,77.596,31.989,8.9093,26.698,6.9016,18.389,1.6087,33.119,13.69,24.748,1.5297,18.921,2.2741,4.7932,2.2879,-0.0035627,0.82248,0.093695,53.164,44.022,64.017,54.336,25.57,78.431,22.241,37.807,36.889,43.896,39.437,41.445,19.065,0.019901399999999986,-0.05709300000000006,5.476000000000113,-0.24508999999999048,-0.019110400000000027,-0.4038800000000009,5.690000000000055,-1.158210000000004,-0.3832199999999979,-33.55120000000002,-0.8459000000000287,-0.23133999999999943,0.010061999999999571,0.2248000000000019,-0.3449799999999996,0.15944000000000358,-0.13274000000000008,0.286362,0.3170599999999979,-0.02203977,-0.013475499999999974,-0.0035819500000000004,0.992289999999997,1.5409900000000007,17.152989999999996,0.07361999999999824,-1.1872299999999996,-2.680169999999997,-7.86477,0.3563800000000015,0.8245199999999997,32.1
2020-01-02 08:09:00,0.26127,3691.0,4516.9,9.3247,26.542,42.473,2707.8,76.142,120.43,0.31995,80.134,48.84,2636.3,24.851,47.157,3106.5,22.155,64.658,197.0,340.28,94.501,76.86,31.989,8.9093,26.698,6.9016,18.389,1.6087,33.119,13.69,24.748,1.5297,18.921,2.2741,4.7932,2.2879,-0.0035627,0.82248,0.093695,53.164,44.022,63.787,53.826,25.875,75.871,21.784,37.824,34.686,39.955,39.008,41.835,19.97,0.016801399999999994,-0.027893000000000612,1.7760000000002947,1.0859099999999984,-0.01924039999999999,-1.1518799999999985,1.5900000000001455,-2.861210000000007,-0.7382199999999983,-32.94120000000001,-1.0259000000000356,-0.23133999999999943,0.010061999999999571,0.2248000000000019,-0.3449799999999996,0.15944000000000358,-0.13274000000000008,0.286362,0.3170599999999979,-0.02203977,-0.013475499999999974,-0.0035819500000000004,0.7622900000000001,1.8459900000000005,14.592989999999993,-0.3833800000000025,-3.3902300000000025,-6.621169999999999,-8.293769999999995,0.746380000000002,1.7295199999999973,32.15
2020-01-02 08:12:00,0.24729,3680.2,4596.3,9.23,27.373,42.801,2702.2,75.793,120.37,0.32437,79.632,49.915,2629.9,25.208,49.844,3103.5,21.695,64.51,195.82,339.69,94.792,76.601,31.868,9.031,27.094,7.038,18.657,1.6522,32.707,13.8,24.582,1.3397,18.512,2.2368,4.8749,2.2374,-0.0035627,0.82248,0.093695,53.164,44.022,62.867,54.248,24.411,74.846,21.625,38.454,37.85,46.173,38.751,40.582,21.128,0.0028214000000000017,-0.12259300000000017,-3.824000000000069,0.7369100000000088,-0.014820400000000011,-0.07688000000000272,-4.809999999999945,-0.1742100000000022,-1.1982199999999992,-34.121200000000016,-1.6159000000000106,-0.35234000000000165,0.13176200000000016,0.6208000000000027,-0.07697999999999894,-0.25255999999999545,-0.022739999999998872,0.09636199999999984,-0.09194000000000102,-0.02203977,-0.013475499999999974,-0.0035819500000000004,-0.15771000000000157,0.38199000000000183,13.567990000000002,-0.5423800000000014,-0.22623000000000104,-0.4031699999999958,-8.55077,-0.5066199999999981,2.8875199999999985,32.2
2020-01-02 08:15:00,0.24745,3692.6,4564.9,9.3072,26.977,42.369,2703.9,74.917,120.4,0.32401,79.719,49.309,2632.6,25.468,49.211,3101.5,23.425,64.33,194.7,340.01,94.657,77.126,31.868,9.031,27.094,7.038,18.657,1.6522,32.707,13.8,24.582,1.3397,18.512,2.2368,4.8749,2.2374,0.032209,0.85155,0.11088,52.907,43.984,62.654,54.624,24.396,75.008,22.027,38.499,36.067,44.709,38.702,41.421,17.018,0.002981399999999995,-0.04539300000000068,-2.1239999999997963,-0.13908999999999594,-0.015180399999999983,-0.6828800000000044,-2.1100000000001273,-0.8072100000000049,0.5317800000000013,-35.24120000000002,-1.2959000000000174,-0.35234000000000165,0.13176200000000016,0.6208000000000027,-0.07697999999999894,-0.25255999999999545,-0.022739999999998872,0.09636199999999984,-0.09194000000000102,0.01373193,0.015594500000000067,0.013603050000000005,-0.37070999999999543,0.36699000000000126,13.729989999999994,-0.1403800000000004,-2.0092300000000023,-1.8671699999999944,-8.59977,0.33238000000000056,-1.222480000000001,32.25
2020-01-02 08:18:00,0.26495,3615.8,4566.3,9.294,26.679,42.183,2704.1,75.546,120.38,0.33228,79.789,49.185,2632.3,27.735,51.043,3102.8,22.92,64.296,196.51,339.94,94.909,76.981,31.856,8.8871,26.471,7.0385,18.965,1.6935,32.847,13.791,24.168,1.2964,18.375,2.3055,4.8048,2.3422,0.032209,0.85155,0.11088,52.907,43.984,62.696,53.993,25.507,75.426,21.704,40.338,35.702,48.947,38.275,40.299,18.238,0.02048140000000001,-0.05859300000000012,-1.9239999999999782,0.48991000000000895,-0.006910399999999983,-0.8068799999999996,-2.4099999999998545,1.0247899999999959,0.026780000000002246,-33.43120000000002,-1.3659000000000106,-0.36433999999999855,-0.012138000000000204,-0.0021999999999984254,0.2310200000000009,-0.11255999999999489,-0.03173999999999921,0.05306199999999994,-0.22894000000000148,0.01373193,0.015594500000000067,0.013603050000000005,-0.32871000000000095,1.477990000000002,14.14799,-0.4633800000000008,-2.3742300000000043,2.370830000000005,-9.026769999999999,-0.7896199999999993,-0.002480000000002036,32.3
2020-01-02 08:21:00,0.26231,3601.9,4527.1,9.2681,26.914,42.071,2707.8,74.937,120.4,0.33338,80.029,49.247,2636.1,25.657,50.762,3104.3,23.07,64.241,193.04,340.11,94.747,77.723,31.856,8.8871,26.471,7.0385,18.965,1.6935,32.847,13.791,24.168,1.2964,18.375,2.3055,4.8048,2.3422,0.032209,0.85155,0.11088,52.907,43.984,62.935,54.462,25.766,78.795,22.271,40.204,35.883,48.298,38.319,40.578,17.829,0.01784139999999998,-0.08449300000000015,1.7760000000002947,-0.11908999999999992,-0.005810399999999993,-0.744880000000002,1.3899999999998727,0.7437899999999971,0.17678000000000083,-36.90120000000002,-1.1958999999999946,-0.36433999999999855,-0.012138000000000204,-0.0021999999999984254,0.2310200000000009,-0.11255999999999489,-0.03173999999999921,0.05306199999999994,-0.22894000000000148,0.01373193,0.015594500000000067,0.013603050000000005,-0.08970999999999663,1.7369899999999987,17.51699,0.10361999999999938,-2.19323,1.7218300000000042,-8.982769999999995,-0.5106199999999959,-0.41148000000000096,32.35
2020-01-02 08:24:00,0.26642,3621.5,4523.6,9.2413,26.772,42.199,2709.8,74.574,120.42,0.32995,80.342,49.221,2637.9,25.049,51.316,3107.5,23.058,64.322,192.6,339.64,94.779,77.654,32.175,8.9251,26.605,6.982,19.211,1.6637,32.51,13.9,24.58,1.2929,18.775,2.2877,4.7658,2.2819,0.032209,0.85155,0.11088,52.907,43.984,62.445,53.74,26.258,75.766,21.979,40.32,35.807,49.579,38.085,40.777,17.835,0.021951399999999982,-0.11129299999999986,3.7760000000002947,-0.48208999999999946,-0.009240399999999982,-0.7708800000000053,3.1900000000000546,1.297789999999999,0.16478000000000037,-37.341200000000015,-1.665900000000022,-0.045340000000003045,0.02586200000000005,0.13180000000000192,0.47701999999999956,-0.4495599999999982,0.07726000000000077,0.049561999999999884,0.1710599999999971,0.01373193,0.015594500000000067,0.013603050000000005,-0.5797099999999986,2.2289899999999996,14.487990000000003,-0.1883800000000022,-2.2692300000000003,3.002830000000003,-9.216769999999997,-0.3116199999999978,-0.40548000000000073,32.4
2020-01-02 08:27:00,0.26685,3632.5,4492.1,9.2325,26.624,42.175,2710.5,75.699,120.39,0.33541,80.408,50.587,2638.5,25.286,47.761,3108.1,23.48,64.399,192.3,339.66,94.664,77.528,32.175,8.9251,26.605,6.982,19.211,1.6637,32.51,13.9,24.58,1.2929,18.775,2.2877,4.7658,2.2819,0.032209,0.85155,0.11088,52.907,43.984,62.256,54.117,26.216,76.353,21.573,39.654,39.827,41.352,37.839,40.783,16.826,0.022381399999999968,-0.12009300000000067,4.476000000000113,0.6429100000000005,-0.003780400000000017,0.5951200000000014,3.7899999999999636,-2.2572100000000006,0.586780000000001,-37.6412,-1.6458999999999833,-0.045340000000003045,0.02586200000000005,0.13180000000000192,0.47701999999999956,-0.4495599999999982,0.07726000000000077,0.049561999999999884,0.1710599999999971,0.01373193,0.015594500000000067,0.013603050000000005,-0.7687099999999987,2.1869900000000015,15.074989999999993,-0.594380000000001,1.7507699999999957,-5.224170000000001,-9.462769999999999,-0.30561999999999756,-1.414480000000001,32.45
2020-01-02 08:30:00,0.23707,3655.3,4482.3,9.26,26.85,42.429,2707.6,75.602,120.38,0.3474,80.271,50.123,2635.7,23.874,49.022,3106.5,22.791,64.432,192.25,340.08,94.867,77.239,31.723,8.7147,26.642,6.7736,19.429,1.6474,32.924,13.673,24.387,1.2892,18.942,2.2619,4.9374,2.3226,0.028087,0.87913,0.080585,54.472,42.787,62.238,53.579,23.432,75.268,22.019,41.147,38.461,44.272,38.314,40.286,18.469,-0.007398600000000005,-0.09259300000000081,1.5760000000000218,0.5459100000000063,0.008209599999999984,0.13111999999999568,0.9899999999997817,-0.9962100000000049,-0.10221999999999909,-37.69120000000001,-1.2259000000000242,-0.4973400000000012,-0.18453799999999987,0.16880000000000095,0.6950199999999995,-0.035559999999996705,-0.14973999999999954,0.04586199999999985,0.3380599999999987,0.00960993,0.043174500000000005,-0.016691949999999997,-0.7867099999999994,-0.5970100000000009,13.989989999999999,-0.14838000000000306,0.38476999999999606,-2.304169999999999,-8.987769999999998,-0.8026199999999974,0.2285199999999996,32.5
2020-01-02 08:33:00,0.23851,3609.2,4475.1,9.268,26.612,42.254,2705.4,74.49,120.39,0.34822,80.064,49.976,2633.6,25.271,51.369,3103.6,22.756,64.398,193.93,339.77,94.745,76.936,31.723,8.7147,26.642,6.7736,19.429,1.6474,32.924,13.673,24.387,1.2892,18.942,2.2619,4.9374,2.3226,0.028087,0.87913,0.080585,54.472,42.787,63.032,53.665,23.29,76.376,21.795,41.047,38.03,49.703,38.217,40.891,18.584,-0.005958600000000008,-0.08459299999999992,-0.6239999999997963,-0.5660900000000026,0.009029599999999971,-0.01588000000000278,-1.1100000000001273,1.3507899999999964,-0.13721999999999923,-36.0112,-1.5359000000000265,-0.4973400000000012,-0.18453799999999987,0.16880000000000095,0.6950199999999995,-0.035559999999996705,-0.14973999999999954,0.04586199999999985,0.3380599999999987,0.00960993,0.043174500000000005,-0.016691949999999997,0.007289999999997576,-0.7390100000000004,15.097990000000003,-0.3723799999999997,-0.046230000000001326,3.1268300000000053,-9.084769999999999,-0.19762000000000057,0.34351999999999805,32.55
2020-01-02 08:36:00,0.28436,3708.0,4466.1,9.2348,26.864,42.288,2705.4,74.597,120.4,0.32361,79.965,48.863,2634.1,25.766,49.796,3102.4,22.677,64.335,194.67,340.3,94.815,76.891,31.651,9.0804,26.323,6.8339,19.096,1.6796,32.615,13.719,24.289,1.287,18.734,2.2561,4.8611,2.3872,0.028087,0.87913,0.080585,54.472,42.787,63.163,53.148,27.864,79.241,22.124,37.916,34.753,46.062,38.209,40.994,18.796,0.039891399999999994,-0.1177930000000007,-0.6239999999997963,-0.45909000000000333,-0.015580399999999994,-1.1288800000000023,-0.6100000000001273,-0.22221000000000402,-0.21621999999999986,-35.27120000000002,-1.005899999999997,-0.5693400000000004,0.1811619999999987,-0.1501999999999981,0.3620200000000011,-0.3445599999999942,-0.10374000000000017,0.04366199999999987,0.1300600000000003,0.00960993,0.043174500000000005,-0.016691949999999997,0.1382899999999978,3.8349900000000012,17.962989999999998,-0.04338000000000264,-3.3232300000000023,-0.51417,-9.092769999999994,-0.09461999999999904,0.5555199999999978,32.6
2020-01-02 08:39:00,0.28618,3728.3,4437.9,9.2802,26.811,42.358,2703.8,75.431,120.43,0.32149,79.804,52.516,2632.3,28.186,49.426,3102.2,23.907,64.274,191.33,340.3,94.553,76.589,31.651,9.0804,26.323,6.8339,19.096,1.6796,32.615,13.719,24.289,1.287,18.734,2.2561,4.8611,2.3872,0.028087,0.87913,0.080585,54.472,42.787,62.815,53.485,27.685,77.832,21.912,38.175,45.504,45.205,38.568,40.889,15.925,0.04171139999999998,-0.07239299999999993,-2.2239999999997053,0.37490999999999985,-0.017700400000000005,2.5241199999999964,-2.4099999999998545,-0.5922100000000015,1.0137800000000006,-38.6112,-1.005899999999997,-0.5693400000000004,0.1811619999999987,-0.1501999999999981,0.3620200000000011,-0.3445599999999942,-0.10374000000000017,0.04366199999999987,0.1300600000000003,0.00960993,0.043174500000000005,-0.016691949999999997,-0.20971000000000117,3.655989999999999,16.55398999999999,-0.2553800000000024,7.427769999999995,-1.3711699999999993,-8.73377,-0.1996199999999959,-2.315480000000001,32.65
2020-01-02 08:42:00,0.2983,3669.3,4476.0,9.3407,27.045,42.307,2705.5,74.966,120.4,0.32158,79.904,49.573,2633.5,24.491,49.756,3102.1,22.893,64.222,195.7,340.0,94.743,77.141,32.01,8.9266,26.219,6.8265,18.551,1.644,32.731,13.815,24.173,1.2754,18.725,2.2717,4.8599,2.2562,0.028087,0.87913,0.080585,54.472,42.787,63.373,53.764,28.894,77.116,22.2,39.218,36.843,45.969,38.24,41.056,18.306,0.0538314,-0.011893000000000598,-0.5239999999998872,-0.09009000000000356,-0.017610400000000026,-0.4188800000000015,-1.2100000000000364,-0.26221000000000316,-0.00021999999999877673,-34.24120000000002,-1.3059000000000083,-0.2103400000000022,0.02736200000000011,-0.2541999999999973,-0.1829800000000006,-0.22855999999999455,-0.00774000000000008,0.032062000000000035,0.12105999999999995,0.00960993,0.043174500000000005,-0.016691949999999997,0.34828999999999866,4.864989999999999,15.837989999999998,0.03261999999999787,-1.233229999999999,-0.6071699999999964,-9.061769999999996,-0.032620000000001426,0.06551999999999936,32.7
2020-01-02 08:45:00,0.29867,3660.4,4492.4,9.4299,26.903,42.262,2706.2,74.584,120.4,0.32284,80.099,50.408,2635.2,23.952,51.19,3104.1,22.529,64.252,195.8,340.62,94.565,77.549,32.01,8.9266,26.219,6.8265,18.551,1.644,32.731,13.815,24.173,1.2754,18.725,2.2717,4.8599,2.2562,0.027659,0.88117,0.096314,53.401,43.531,63.527,53.568,28.857,76.0,22.04,39.064,39.302,49.287,39.048,41.609,19.136,0.05420139999999998,0.07730699999999935,0.17599999999993088,-0.47208999999999435,-0.016350399999999987,0.4161199999999994,0.4899999999997817,1.1717899999999943,-0.36421999999999954,-34.1412,-0.6859000000000037,-0.2103400000000022,0.02736200000000011,-0.2541999999999973,-0.1829800000000006,-0.22855999999999455,-0.00774000000000008,0.032062000000000035,0.12105999999999995,0.009181929999999998,0.045214500000000046,-0.0009629500000000041,0.5022900000000021,4.82799,14.721989999999998,-0.12738000000000227,1.2257699999999971,2.7108300000000014,-8.253769999999996,0.520380000000003,0.8955199999999977,32.75
2020-01-02 08:48:00,0.26641,3644.0,4538.9,9.3723,26.682,42.34,2705.7,76.441,120.42,0.3353,80.089,50.209,2633.9,24.973,50.954,3104.1,23.37,64.325,195.94,340.23,94.606,77.197,32.044,8.9398,26.666,6.9651,19.055,1.6552,32.54,13.842,24.021,1.23,18.222,2.3253,4.7545,2.154,0.027659,0.88117,0.096314,53.401,43.531,63.923,54.339,25.921,74.066,21.802,40.017,38.716,48.741,39.42,40.915,17.16,0.021941399999999972,0.019706999999998587,-0.3240000000000691,1.384910000000005,-0.003890400000000016,0.2171200000000013,-0.8099999999999454,0.9357899999999972,0.47678000000000154,-34.00120000000001,-1.07589999999999,-0.17634000000000327,0.04056199999999954,0.19280000000000186,0.32102000000000075,-0.41955999999999705,0.019260000000000943,-0.013338000000000072,-0.38194000000000017,0.009181929999999998,0.045214500000000046,-0.0009629500000000041,0.8982900000000029,1.8919899999999998,12.78799,-0.3653800000000018,0.6397699999999986,2.164830000000002,-7.881769999999996,-0.17361999999999966,-1.0804800000000014,32.8
2020-01-02 08:51:00,0.26319,3675.1,4534.4,9.2039,26.831,42.488,2703.2,75.035,120.41,0.33515,79.974,48.544,2632.3,24.403,48.908,3103.4,22.584,64.387,199.5,340.21,94.535,77.092,32.044,8.9398,26.666,6.9651,19.055,1.6552,32.54,13.842,24.021,1.23,18.222,2.3253,4.7545,2.154,0.027659,0.88117,0.096314,53.401,43.531,63.387,54.393,26.238,76.01,21.839,40.036,33.814,44.007,39.486,40.845,19.044,0.01872139999999997,-0.14869299999999974,-2.824000000000069,-0.02109000000000094,-0.0040403999999999995,-1.447880000000005,-2.4099999999998545,-1.1102100000000021,-0.30921999999999983,-30.44120000000001,-1.0959000000000287,-0.17634000000000327,0.04056199999999954,0.19280000000000186,0.32102000000000075,-0.41955999999999705,0.019260000000000943,-0.013338000000000072,-0.38194000000000017,0.009181929999999998,0.045214500000000046,-0.0009629500000000041,0.36229000000000156,2.20899,14.731990000000003,-0.3283800000000028,-4.262230000000002,-2.5691699999999997,-7.8157700000000006,-0.24361999999999995,0.8035199999999989,32.85
2020-01-02 08:54:00,0.26147,3645.7,4495.2,9.3069,26.664,42.381,2703.3,74.888,120.42,0.34365,79.999,48.891,2632.0,26.212,49.98,3102.2,24.408,64.423,200.19,340.32,94.806,77.288,32.495,8.8847,25.865,6.8601,18.35,1.6697,33.084,13.805,23.947,1.1934,18.705,2.2413,4.834,2.2142,0.027659,0.88117,0.096314,53.401,43.531,62.665,53.621,26.083,78.531,21.609,39.744,34.837,46.489,39.806,40.539,14.709,0.017001399999999972,-0.045692999999999984,-2.7239999999997053,-0.1680899999999923,0.004459600000000008,-1.1008800000000036,-2.7100000000000364,-0.038210000000006517,1.5147800000000018,-29.75120000000001,-0.9859000000000151,0.27465999999999724,-0.01453799999999994,-0.6082000000000001,-0.38397999999999755,0.12444000000000699,-0.017739999999999867,-0.04993800000000004,0.10105999999999682,0.009181929999999998,0.045214500000000046,-0.0009629500000000041,-0.35970999999999975,2.053989999999999,17.252990000000004,-0.5583799999999997,-3.239229999999999,-0.08717000000000041,-7.49577,-0.5496199999999973,-3.531480000000002,32.9
2020-01-02 08:57:00,0.26398,3615.2,4460.9,9.3862,26.995,42.301,2705.7,75.287,120.41,0.3368,80.22,51.227,2634.1,24.306,48.44,3102.4,23.635,64.451,201.66,340.64,94.598,77.259,32.495,8.8847,25.865,6.8601,18.35,1.6697,33.084,13.805,23.947,1.1934,18.705,2.2413,4.834,2.2142,0.027659,0.88117,0.096314,53.401,43.531,63.19,54.032,25.835,76.908,22.33,40.579,41.712,42.925,40.055,41.49,16.527,0.019511399999999984,0.03360699999999994,-0.3240000000000691,0.2309100000000086,-0.0023904000000000147,1.2351199999999949,-0.6100000000001273,-1.5782100000000057,0.7417800000000021,-28.281200000000013,-0.6659000000000219,0.27465999999999724,-0.01453799999999994,-0.6082000000000001,-0.38397999999999755,0.12444000000000699,-0.017739999999999867,-0.04993800000000004,0.10105999999999682,0.009181929999999998,0.045214500000000046,-0.0009629500000000041,0.16528999999999883,1.8059900000000013,15.62999,0.16261999999999688,3.635770000000001,-3.6511700000000005,-7.246769999999998,0.4013800000000032,-1.7134800000000006,32.95
2020-01-02 09:00:00,0.21912,3657.9,4568.1,9.4087,27.071,41.981,2705.1,75.648,120.38,0.337,80.172,51.249,2633.6,25.652,50.766,3102.9,22.982,64.562,202.2,340.43,94.721,77.286,31.96,8.9755,26.615,7.1082,19.18,1.6387,32.577,13.757,24.094,1.4026,18.475,2.2573,4.8527,2.2574,0.0060774,0.87905,0.097119,52.712,43.909,63.347,54.492,21.518,72.674,22.05,39.556,41.774,48.306,40.513,40.339,18.074,-0.0253486,0.05610699999999902,-0.9239999999999782,0.5919099999999986,-0.0021903999999999813,1.2571200000000005,-1.1100000000001273,0.7477899999999948,0.08877999999999986,-27.74120000000002,-0.8759000000000015,-0.26033999999999935,0.07626199999999983,0.14179999999999993,0.44602000000000075,-0.382559999999998,-0.06573999999999991,0.15926200000000001,-0.12894000000000005,-0.012399670000000002,0.043094500000000036,-0.00015795000000000392,0.3222900000000024,-2.511009999999999,11.395990000000005,-0.1173800000000007,3.6977699999999984,1.7298299999999998,-6.7887699999999995,-0.7496200000000002,-0.16647999999999996,33.0
2020-01-02 09:03:00,0.21852,3666.7,4546.5,9.2693,26.577,42.107,2705.6,76.084,120.43,0.33313,80.386,49.518,2635.0,25.827,48.022,3104.3,22.795,64.649,202.54,339.97,94.562,77.91,31.96,8.9755,26.615,7.1082,19.18,1.6387,32.577,13.757,24.094,1.4026,18.475,2.2573,4.8527,2.2574,0.0060774,0.87905,0.097119,52.712,43.909,63.195,54.751,21.577,74.256,21.75,40.029,36.682,41.956,40.909,41.945,18.455,-0.025948600000000016,-0.08329300000000117,-0.42399999999997817,1.0279100000000057,-0.006060400000000021,-0.4738800000000012,0.2899999999999636,-1.996210000000005,-0.09821999999999775,-27.401200000000017,-1.335899999999981,-0.26033999999999935,0.07626199999999983,0.14179999999999993,0.44602000000000075,-0.382559999999998,-0.06573999999999991,0.15926200000000001,-0.12894000000000005,-0.012399670000000002,0.043094500000000036,-0.00015795000000000392,0.17029000000000138,-2.452009999999998,12.977989999999998,-0.4173800000000014,-1.3942300000000003,-4.620169999999995,-6.392769999999999,0.8563800000000015,0.2145199999999967,33.05
2020-01-02 09:06:00,0.27001,3597.0,4484.8,9.4259,26.887,42.28,2705.0,75.714,120.37,0.33028,80.351,50.894,2633.5,24.869,48.957,3103.9,23.059,64.742,203.72,339.84,94.785,77.547,32.343,8.8658,26.844,6.9361,18.963,1.6912,33.127,13.809,23.744,1.2479,18.527,2.2331,4.8936,2.3342,0.0060774,0.87905,0.097119,52.712,43.909,62.122,53.454,26.593,75.55,21.779,39.039,40.73,44.119,41.225,39.927,17.841,0.025541399999999964,0.07330699999999979,-1.0239999999998872,0.6579100000000011,-0.008910399999999985,0.9021199999999965,-1.2100000000000364,-1.0612100000000027,0.1657800000000016,-26.22120000000001,-1.4659000000000333,0.12266000000000332,-0.0334380000000003,0.3708000000000027,0.229020000000002,0.16744000000000625,-0.013740000000000308,0.004561999999999955,-0.07694000000000045,-0.012399670000000002,0.043094500000000036,-0.00015795000000000392,-0.902709999999999,2.5639900000000004,14.271989999999995,-0.3883800000000015,2.6537699999999944,-2.457169999999998,-6.076769999999996,-1.1616199999999992,-0.3994800000000005,33.1
2020-01-02 09:09:00,0.26988,3593.5,4481.1,9.3031,27.234,42.408,2705.4,75.517,120.39,0.32828,80.188,50.374,2632.7,25.599,49.611,3103.3,23.826,64.817,205.59,339.87,94.758,77.101,32.343,8.8658,26.844,6.9361,18.963,1.6912,33.127,13.809,23.744,1.2479,18.527,2.2331,4.8936,2.3342,0.0060774,0.87905,0.097119,52.712,43.909,62.183,53.499,26.606,76.19,22.226,39.282,39.2,45.634,41.483,40.842,16.052,0.0254114,-0.04949300000000001,-0.6239999999997963,0.4609099999999984,-0.010910399999999987,0.38212000000000046,-2.0100000000002183,-0.4072100000000063,0.932780000000001,-24.351200000000006,-1.4359000000000037,0.12266000000000332,-0.0334380000000003,0.3708000000000027,0.229020000000002,0.16744000000000625,-0.013740000000000308,0.004561999999999955,-0.07694000000000045,-0.012399670000000002,0.043094500000000036,-0.00015795000000000392,-0.8417099999999991,2.576990000000002,14.911989999999996,0.058619999999997674,1.1237700000000004,-0.9421699999999973,-5.818770000000001,-0.24662000000000006,-2.188480000000002,33.15
2020-01-02 09:12:00,0.23363,3618.7,4497.5,9.3869,26.869,41.984,2705.4,74.384,120.38,0.33507,80.15,49.683,2633.7,25.457,47.827,3102.8,22.881,64.81,207.33,340.26,94.868,77.106,31.883,8.8052,26.705,6.9054,18.901,1.6656,32.511,13.749,24.183,1.2718,18.629,2.3146,4.7899,2.2585,0.0060774,0.87905,0.097119,52.712,43.909,63.127,53.785,22.971,75.343,22.206,39.776,37.168,41.504,41.753,40.905,18.303,-0.010838600000000004,0.03430700000000009,-0.6239999999997963,-0.6720899999999972,-0.004120400000000024,-0.30888000000000204,-1.0100000000002183,-2.191210000000005,-0.012219999999999231,-22.611199999999997,-1.0459000000000174,-0.3373400000000011,-0.09403800000000118,0.23179999999999978,0.16702000000000083,-0.4485599999999934,-0.07373999999999903,0.028461999999999987,0.02505999999999986,-0.012399670000000002,0.043094500000000036,-0.00015795000000000392,0.10229000000000354,-1.0580099999999995,14.064990000000002,0.0386199999999981,-0.9082300000000032,-5.07217,-5.5487699999999975,-0.18361999999999767,0.06251999999999924,33.2
2020-01-02 09:15:00,0.23416,3641.8,4458.4,9.3168,27.045,42.31,2702.3,74.885,120.39,0.33683,79.922,51.025,2630.4,26.078,49.362,3101.6,22.449,64.809,210.03,339.92,94.756,76.769,31.883,8.8052,26.705,6.9054,18.901,1.6656,32.511,13.749,24.183,1.2718,18.629,2.3146,4.7899,2.2585,0.019962,0.88032,0.11423,54.239,43.586,62.729,54.253,22.919,76.221,21.825,39.561,41.115,45.057,41.961,40.226,19.366,-0.010308600000000001,-0.035792999999999964,-3.7239999999997053,-0.17108999999999241,-0.0023603999999999847,1.0331199999999967,-4.309999999999945,-0.6562100000000015,-0.44421999999999784,-19.911200000000008,-1.3858999999999924,-0.3373400000000011,-0.09403800000000118,0.23179999999999978,0.16702000000000083,-0.4485599999999934,-0.07373999999999903,0.028461999999999987,0.02505999999999986,0.0014849299999999989,0.04436450000000003,0.016953049999999997,-0.2957099999999997,-1.110009999999999,14.942990000000002,-0.3423800000000021,3.0387699999999995,-1.5191699999999955,-5.340769999999999,-0.8626199999999997,1.125519999999998,33.25
2020-01-02 09:18:00,0.27946,3640.1,4468.9,9.339,26.827,42.825,2703.9,74.533,120.38,0.3267,79.882,50.468,2631.4,24.716,51.028,3102.8,22.674,64.759,208.32,340.37,94.902,77.153,32.063,8.814,26.593,6.8963,18.924,1.6809,32.852,13.79,24.289,1.106,18.684,2.2471,4.8077,2.2896,0.019962,0.88032,0.11423,54.239,43.586,62.99,54.253,27.374,76.605,21.783,39.128,39.479,48.914,42.552,40.543,18.822,0.03499139999999998,-0.013593000000000188,-2.1239999999997963,-0.5230899999999963,-0.012490400000000013,0.47612000000000165,-3.3099999999999454,1.0097899999999953,-0.21921999999999997,-21.621200000000016,-0.9359000000000037,-0.15733999999999781,-0.08523800000000037,0.11980000000000146,0.19002000000000052,-0.10755999999999943,-0.032740000000000435,-0.13733799999999996,0.08005999999999958,0.0014849299999999989,0.04436450000000003,0.016953049999999997,-0.03470999999999691,3.3449899999999992,15.326990000000002,-0.38438000000000017,1.4027699999999967,2.337830000000004,-4.749769999999998,-0.5456199999999995,0.5815199999999976,33.3
2020-01-02 09:21:00,0.27881,3659.3,4486.2,9.3498,26.802,42.208,2704.8,74.267,120.43,0.32911,79.924,50.845,2633.0,24.45,48.796,3103.5,23.918,64.805,212.91,340.09,94.638,77.215,32.063,8.814,26.593,6.8963,18.924,1.6809,32.852,13.79,24.289,1.106,18.684,2.2471,4.8077,2.2896,0.019962,0.88032,0.11423,54.239,43.586,62.661,54.046,27.438,77.925,21.684,38.835,40.585,43.747,42.576,41.216,15.873,0.034341399999999994,-0.0027930000000004895,-1.2239999999997053,-0.7890900000000016,-0.01008039999999999,0.853119999999997,-1.7100000000000364,-1.222210000000004,1.0247799999999998,-17.031200000000013,-1.2159000000000333,-0.15733999999999781,-0.08523800000000037,0.11980000000000146,0.19002000000000052,-0.10755999999999943,-0.032740000000000435,-0.13733799999999996,0.08005999999999958,0.0014849299999999989,0.04436450000000003,0.016953049999999997,-0.36370999999999754,3.4089899999999993,16.646989999999995,-0.48338000000000036,2.5087699999999984,-2.8291699999999977,-4.725769999999997,0.12738000000000227,-2.3674800000000022,33.35
2020-01-02 09:24:00,0.26707,3657.0,4452.8,9.3189,27.076,42.294,2707.6,75.213,120.39,0.33173,80.117,50.873,2635.6,25.364,49.899,3105.7,23.344,64.853,212.79,340.77,94.721,77.689,32.343,9.0655,26.593,6.8154,19.051,1.7025,32.653,13.753,24.251,1.3818,18.847,2.2451,4.8054,2.3241,0.019962,0.88032,0.11423,54.239,43.586,62.763,54.365,25.593,76.566,22.157,39.526,40.668,46.3,43.02,40.814,17.193,0.022601399999999966,-0.033693000000001305,1.5760000000000218,0.15690999999999633,-0.007460399999999978,0.8811199999999957,0.8899999999998727,-0.11921000000000248,0.45078000000000173,-17.151200000000017,-0.5359000000000265,0.12266000000000332,0.1662619999999997,0.11980000000000146,0.3170199999999994,-0.3065599999999975,-0.06973999999999947,0.13846199999999986,0.24305999999999983,0.0014849299999999989,0.04436450000000003,0.016953049999999997,-0.2617100000000008,1.5639900000000004,15.28799,-0.010380000000001388,2.591769999999997,-0.27617000000000047,-4.2817699999999945,-0.27461999999999875,-1.0474800000000002,33.4
2020-01-02 09:27:00,0.26328,3609.2,4477.2,9.3018,26.911,42.527,2709.6,75.094,120.43,0.32998,80.264,49.294,2638.7,24.931,49.792,3106.9,22.076,64.961,214.69,341.19,94.511,77.43,32.343,9.0655,26.593,6.8154,19.051,1.7025,32.653,13.753,24.251,1.3818,18.847,2.2451,4.8054,2.3241,0.019962,0.88032,0.11423,54.239,43.586,63.586,54.073,25.966,78.032,22.282,39.74,36.021,46.053,43.277,41.854,20.203,0.018811400000000006,-0.05079300000000053,3.576000000000022,0.03790999999999656,-0.009210400000000007,-0.6978800000000049,3.9899999999997817,-0.2262100000000018,-0.817219999999999,-15.251200000000011,-0.11590000000001055,0.12266000000000332,0.1662619999999997,0.11980000000000146,0.3170199999999994,-0.3065599999999975,-0.06973999999999947,0.13846199999999986,0.24305999999999983,0.0014849299999999989,0.04436450000000003,0.016953049999999997,0.5612899999999996,1.9369900000000015,16.753989999999995,0.11461999999999861,-2.0552300000000017,-0.5231700000000004,-4.024769999999997,0.7653800000000004,1.9625199999999978,33.45
2020-01-02 09:30:00,0.2355,3679.4,4473.3,9.4193,26.656,42.237,2708.7,75.478,120.4,0.32701,80.174,50.34,2637.0,26.658,49.39,3106.2,23.272,65.04,217.41,340.79,94.669,77.199,31.833,8.9696,26.243,6.7716,18.919,1.6706,33.176,13.852,24.208,1.3,18.56,2.2426,4.8153,2.2748,0.016341,0.8614,0.11514,53.889,43.791,63.112,53.774,23.342,75.318,22.032,39.042,39.1,45.123,43.569,40.883,17.381,-0.008968600000000021,0.06670699999999918,2.675999999999931,0.4219099999999969,-0.01218039999999998,0.34812000000000154,2.2899999999999636,-0.6282100000000028,0.378779999999999,-12.531200000000013,-0.5158999999999878,-0.3873400000000018,0.07036199999999937,-0.23019999999999996,0.18502000000000152,0.21644000000000574,0.02926000000000073,0.05666199999999999,-0.043940000000002755,-0.0021360700000000003,0.025444500000000092,0.017863050000000005,0.08729000000000298,-0.6870100000000008,14.039989999999996,-0.1353800000000014,1.023769999999999,-1.45317,-3.732769999999995,-0.20561999999999614,-0.8594800000000014,33.5
2020-01-02 09:33:00,0.2377,3635.8,4489.0,9.4087,27.065,42.622,2706.9,74.186,120.41,0.32987,80.168,48.847,2635.5,23.089,49.587,3106.1,22.693,65.086,218.25,340.99,94.451,77.469,31.833,8.9696,26.243,6.7716,18.919,1.6706,33.176,13.852,24.208,1.3,18.56,2.2426,4.8153,2.2748,0.016341,0.8614,0.11514,53.889,43.791,63.862,53.586,23.125,77.146,22.116,38.693,34.707,45.577,43.965,42.209,18.731,-0.0067686000000000135,0.05610699999999902,0.8760000000002037,-0.8700899999999905,-0.009320400000000006,-1.1448800000000006,0.7899999999999636,-0.4312100000000001,-0.20021999999999807,-11.69120000000001,-0.3158999999999992,-0.3873400000000018,0.07036199999999937,-0.23019999999999996,0.18502000000000152,0.21644000000000574,0.02926000000000073,0.05666199999999999,-0.043940000000002755,-0.0021360700000000003,0.025444500000000092,0.017863050000000005,0.837290000000003,-0.9040099999999995,15.867989999999999,-0.05138000000000176,-3.3692300000000017,-0.9991699999999994,-3.3367699999999942,1.1203800000000044,0.49052000000000007,33.55
2020-01-02 09:36:00,0.28642,3666.5,4496.1,9.3635,26.799,42.24,2709.4,75.452,120.39,0.33458,80.267,50.214,2638.5,24.896,49.78,3106.8,22.657,65.152,218.69,341.22,94.558,77.515,32.118,9.0217,26.596,6.9845,18.722,1.6518,32.862,13.903,23.715,1.2212,18.048,2.2599,4.8347,2.3027,0.016341,0.8614,0.11514,53.889,43.791,63.8,53.788,28.252,74.592,22.345,40.74,38.729,46.025,44.393,40.678,18.794,0.0419514,0.010906999999999556,3.3760000000002037,0.39591000000000065,-0.0046104000000000145,0.22211999999999676,3.7899999999999636,-0.23821000000000225,-0.23621999999999943,-11.251200000000011,-0.08589999999998099,-0.1023399999999981,0.12246199999999874,0.12280000000000157,-0.01197999999999766,-0.09755999999999432,0.08026000000000089,-0.02213799999999999,-0.5559400000000032,-0.0021360700000000003,0.025444500000000092,0.017863050000000005,0.7752899999999983,4.222989999999999,13.313989999999997,0.17761999999999745,0.6527699999999967,-0.551169999999999,-2.908769999999997,-0.41062000000000154,0.5535199999999989,33.6
2020-01-02 09:39:00,0.28973,3690.0,4487.0,9.3586,26.835,42.157,2706.5,74.241,120.41,0.33925,79.988,49.815,2634.3,24.922,50.847,3105.0,22.412,65.217,219.81,341.17,94.379,77.153,32.118,9.0217,26.596,6.9845,18.722,1.6518,32.862,13.903,23.715,1.2212,18.048,2.2599,4.8347,2.3027,0.016341,0.8614,0.11514,53.889,43.791,63.396,53.897,27.925,75.51,21.972,40.171,37.557,48.495,44.756,41.764,19.414,0.04526139999999998,0.006006999999998541,0.4760000000001128,-0.8150899999999979,5.959999999999299e-05,-0.17688000000000415,-0.4099999999998545,0.8287899999999979,-0.4812200000000004,-10.131200000000007,-0.13589999999999236,-0.1023399999999981,0.12246199999999874,0.12280000000000157,-0.01197999999999766,-0.09755999999999432,0.08026000000000089,-0.02213799999999999,-0.5559400000000032,-0.0021360700000000003,0.025444500000000092,0.017863050000000005,0.3712900000000019,3.895990000000001,14.231990000000003,-0.1953800000000001,-0.5192300000000003,1.9188299999999998,-2.5457699999999974,0.6753800000000041,1.17352,33.65
2020-01-02 09:42:00,0.26105,3602.3,4492.6,9.3037,26.876,42.076,2706.8,75.225,120.41,0.3421,80.049,50.587,2635.9,25.292,49.691,3103.3,22.698,65.218,218.49,341.67,94.732,77.275,31.648,8.9471,26.255,6.9222,19.054,1.6739,32.873,13.835,24.256,1.3743,18.905,2.2011,4.916,2.331,0.016341,0.8614,0.11514,53.889,43.791,63.042,54.307,25.754,75.083,22.384,41.266,39.827,45.819,45.342,40.76,18.727,0.016581399999999996,-0.04889300000000141,0.7760000000002947,0.16890999999999678,0.002909600000000012,0.5951200000000014,1.1900000000000546,-0.3272100000000009,-0.19521999999999906,-11.4512,0.36410000000000764,-0.5723400000000005,0.04786200000000029,-0.2181999999999995,0.3200199999999995,-0.08655999999999864,0.01226000000000127,0.13096200000000002,0.30105999999999966,-0.0021360700000000003,0.025444500000000092,0.017863050000000005,0.017290000000002692,1.7249900000000018,13.804989999999997,0.21661999999999892,1.7507699999999957,-0.757169999999995,-1.959769999999999,-0.3286200000000008,0.48651999999999873,33.7
2020-01-02 09:45:00,0.26019,3627.6,4527.0,9.352,26.941,42.286,2708.1,75.386,120.37,0.34755,80.107,51.591,2637.0,25.763,50.205,3104.8,22.254,65.271,222.43,341.79,94.549,77.425,31.648,8.9471,26.255,6.9222,19.054,1.6739,32.873,13.835,24.256,1.3743,18.905,2.2011,4.916,2.331,0.012579,0.84832,0.10849,54.53,43.489,62.606,53.895,25.838,75.725,22.031,40.601,42.783,47.009,45.034,40.45,19.769,0.01572139999999997,-0.0005930000000002877,2.076000000000022,0.32990999999999815,0.008359600000000023,1.5991199999999992,2.2899999999999636,0.1867899999999949,-0.6392199999999981,-7.511200000000002,0.4841000000000122,-0.5723400000000005,0.04786200000000029,-0.2181999999999995,0.3200199999999995,-0.08655999999999864,0.01226000000000127,0.13096200000000002,0.30105999999999966,-0.005898070000000002,0.0123645,0.011213050000000002,-0.41870999999999725,1.8089900000000014,14.446989999999992,-0.1363800000000026,4.706769999999999,0.4328300000000027,-2.2677699999999987,-0.638619999999996,1.5285199999999968,33.75
2020-01-02 09:48:00,0.3102,3655.3,4479.7,9.4534,26.974,42.573,2711.0,74.291,120.39,0.34097,80.165,49.988,2640.0,26.039,47.918,3107.0,22.643,65.311,222.29,341.71,94.693,77.424,32.525,8.8805,26.79,6.8529,18.436,1.6565,32.508,13.724,24.245,1.1563,18.476,2.2556,4.8002,2.2859,0.012579,0.84832,0.10849,54.53,43.489,62.608,53.629,30.481,75.436,22.653,39.667,38.064,41.716,45.324,41.478,18.834,0.06573139999999997,0.10080699999999965,4.976000000000113,-0.7650900000000007,0.0017795999999999923,-0.003880000000002326,5.289999999999964,-2.100210000000004,-0.2502199999999988,-7.651200000000017,0.40409999999997126,0.3046599999999984,-0.01873800000000081,0.31680000000000064,-0.297979999999999,-0.4515599999999935,-0.09873999999999938,-0.08703799999999995,-0.12794000000000239,-0.005898070000000002,0.0123645,0.011213050000000002,-0.4167100000000019,6.451990000000002,14.157990000000005,0.4856199999999973,-0.012230000000002406,-4.8601699999999965,-1.9777699999999996,0.3893800000000027,0.593519999999998,33.8
2020-01-02 09:51:00,0.31148,3649.0,4476.2,9.459,26.972,42.528,2712.0,74.445,120.37,0.33736,80.112,49.534,2640.7,25.751,49.747,3107.2,23.396,65.35,224.05,342.09,94.501,77.147,32.525,8.8805,26.79,6.8529,18.436,1.6565,32.508,13.724,24.245,1.1563,18.476,2.2556,4.8002,2.2859,0.012579,0.84832,0.10849,54.53,43.489,62.717,53.672,30.355,77.236,22.644,40.108,36.73,45.949,45.443,40.433,17.064,0.06701139999999997,0.10640699999999903,5.976000000000113,-0.6110900000000044,-0.0018304000000000098,-0.45788000000000295,5.989999999999782,-0.2712100000000035,0.5027800000000013,-5.891199999999998,0.7840999999999667,0.3046599999999984,-0.01873800000000081,0.31680000000000064,-0.297979999999999,-0.4515599999999935,-0.09873999999999938,-0.08703799999999995,-0.12794000000000239,-0.005898070000000002,0.0123645,0.011213050000000002,-0.30771000000000015,6.325990000000001,15.957990000000002,0.47661999999999694,-1.3462300000000056,-0.6271699999999996,-1.8587699999999998,-0.655619999999999,-1.1764800000000015,33.85
2020-01-02 09:54:00,0.22339,3627.7,4498.5,9.359,26.954,42.352,2710.4,75.164,120.41,0.32578,79.929,51.646,2638.8,25.055,51.013,3106.4,22.413,65.354,222.08,342.53,94.626,77.141,32.198,8.939,26.624,6.6873,19.267,1.6528,33.048,13.788,24.316,1.2121,18.482,2.222,4.8857,2.2867,0.012579,0.84832,0.10849,54.53,43.489,63.686,54.925,22.547,79.398,22.486,38.467,42.945,48.878,45.897,41.638,19.411,-0.021078600000000003,0.006406999999999385,4.376000000000204,0.10791000000000395,-0.013410399999999989,1.654119999999999,4.0900000000001455,0.9947899999999947,-0.4802199999999992,-7.861199999999997,1.2240999999999644,-0.022339999999999804,0.03976199999999963,0.15080000000000027,0.5330200000000005,0.08844000000000563,-0.03473999999999933,-0.0312380000000001,-0.12194000000000216,-0.005898070000000002,0.0123645,0.011213050000000002,0.661290000000001,-1.482009999999999,18.119989999999994,0.31861999999999924,4.868769999999998,2.3018300000000025,-1.4047699999999992,0.5493799999999993,1.1705199999999998,33.9
2020-01-02 09:57:00,0.22629,3676.2,4525.1,9.2835,26.7,42.328,2710.5,74.883,120.4,0.32629,79.952,49.704,2639.2,24.996,50.942,3106.7,23.105,65.346,225.11,342.2,94.532,77.252,32.198,8.939,26.624,6.6873,19.267,1.6528,33.048,13.788,24.316,1.2121,18.482,2.222,4.8857,2.2867,0.012579,0.84832,0.10849,54.53,43.489,62.852,54.606,22.262,78.305,22.535,38.405,37.229,48.713,45.903,40.741,17.764,-0.018178600000000017,-0.06909300000000052,4.476000000000113,-0.17309000000000196,-0.012900399999999979,-0.28788000000000125,4.489999999999782,0.9237899999999968,0.21178000000000097,-4.8311999999999955,0.8940999999999804,-0.022339999999999804,0.03976199999999963,0.15080000000000027,0.5330200000000005,0.08844000000000563,-0.03473999999999933,-0.0312380000000001,-0.12194000000000216,-0.005898070000000002,0.0123645,0.011213050000000002,-0.17271000000000214,-1.767009999999999,17.026990000000005,0.3676199999999987,-0.8472300000000033,2.1368300000000033,-1.398769999999999,-0.34761999999999915,-0.47648000000000224,33.95
2020-01-02 10:00:00,0.25592,3686.7,4466.9,9.4504,26.645,42.278,2711.4,74.93,120.43,0.33514,80.056,49.016,2640.5,25.687,49.244,3106.0,22.467,65.361,223.93,342.53,94.519,77.529,32.552,8.9823,26.605,7.07,18.527,1.6631,32.727,13.802,24.271,1.3222,18.672,2.302,4.8492,2.2044,0.023055,0.86194,0.089277,53.271,43.591,64.229,53.251,25.207,75.412,22.784,38.952,35.203,44.784,45.985,42.515,19.256,0.011451399999999973,0.09780699999999953,5.376000000000204,-0.1260899999999907,-0.0040504000000000095,-0.9758800000000036,5.789999999999964,-0.7742100000000036,-0.4262200000000007,-6.011200000000002,1.2240999999999644,0.3316599999999994,0.08306199999999997,0.13180000000000192,-0.20697999999999794,-0.23255999999999943,-0.02073999999999998,0.07886199999999999,0.06805999999999912,0.004577929999999997,0.025984500000000077,-0.007999950000000006,1.2042900000000003,1.1779900000000012,14.133990000000004,0.6166199999999975,-2.8732299999999995,-1.7921699999999987,-1.3167699999999982,1.4263800000000018,1.0155199999999986,34.0
2020-01-02 10:03:00,0.25427,3698.9,4506.4,9.2682,27.126,42.13,2710.5,74.332,120.41,0.32773,80.109,49.816,2640.2,24.964,49.793,3105.8,22.89,65.43,224.66,342.77,94.299,77.405,32.552,8.9823,26.605,7.07,18.527,1.6631,32.727,13.802,24.271,1.3222,18.672,2.302,4.8492,2.2044,0.023055,0.86194,0.089277,53.271,43.591,64.02,52.778,25.369,78.71,22.737,39.857,37.558,46.055,46.062,41.178,18.244,0.009801399999999988,-0.08439300000000038,4.476000000000113,-0.7240900000000039,-0.011460399999999982,-0.17587999999999937,5.489999999999782,-0.22521000000000413,-0.0032199999999988904,-5.2812000000000126,1.4640999999999735,0.3316599999999994,0.08306199999999997,0.13180000000000192,-0.20697999999999794,-0.23255999999999943,-0.02073999999999998,0.07886199999999999,0.06805999999999912,0.004577929999999997,0.025984500000000077,-0.007999950000000006,0.9952899999999971,1.3399900000000002,17.431989999999992,0.5696199999999969,-0.5182300000000026,-0.5211699999999979,-1.23977,0.08937999999999846,0.0035199999999981912,34.05
2020-01-02 10:06:00,0.22018,3634.8,4547.0,9.2679,26.377,42.326,2707.1,75.594,120.38,0.33835,79.972,50.532,2635.8,25.34,48.677,3102.8,23.228,65.46,224.82,342.15,94.729,76.695,31.827,8.9477,26.335,6.8344,18.624,1.6667,32.849,13.831,24.06,1.3373,18.736,2.2344,4.9027,2.2677,0.023055,0.86194,0.089277,53.271,43.591,61.769,54.086,21.61,77.353,22.134,38.898,39.666,43.472,46.19,40.573,17.497,-0.02428860000000002,-0.08469300000000146,1.0760000000000218,0.5379099999999966,-0.0008404000000000189,0.5401199999999946,1.0900000000001455,-1.3412100000000038,0.3347800000000021,-5.121200000000016,0.844099999999969,-0.39333999999999847,0.048461999999998895,-0.13819999999999766,-0.10998000000000019,-0.11055999999999955,0.008259999999999934,0.09396199999999988,0.13205999999999918,0.004577929999999997,0.025984500000000077,-0.007999950000000006,-1.2557100000000005,-2.41901,16.074989999999993,-0.033380000000001075,1.5897699999999944,-3.1041699999999963,-1.11177,-0.5156199999999984,-0.7434800000000017,34.1
2020-01-02 10:09:00,0.21892,3575.8,4532.2,9.4214,26.948,42.14,2706.1,74.498,120.42,0.33485,79.693,50.155,2635.1,24.866,50.695,3100.0,23.527,65.41,227.34,342.68,94.817,76.926,31.827,8.9477,26.335,6.8344,18.624,1.6667,32.849,13.831,24.06,1.3373,18.736,2.2344,4.9027,2.2677,0.023055,0.86194,0.089277,53.271,43.591,62.785,54.264,21.734,76.058,22.794,39.324,38.557,48.143,46.111,41.814,16.795,-0.025548600000000005,0.06880699999999962,0.07600000000002183,-0.5580899999999929,-0.004340400000000022,0.16311999999999927,0.38999999999987267,0.6767899999999969,0.6337800000000016,-2.6012000000000057,1.3740999999999985,-0.39333999999999847,0.048461999999998895,-0.13819999999999766,-0.10998000000000019,-0.11055999999999955,0.008259999999999934,0.09396199999999988,0.13205999999999918,0.004577929999999997,0.025984500000000077,-0.007999950000000006,-0.2397100000000023,-2.2950099999999978,14.779990000000005,0.6266199999999991,0.4807699999999997,1.566830000000003,-1.1907700000000006,0.7253800000000012,-1.4454799999999999,34.15
2020-01-02 10:12:00,0.29123,3650.9,4542.3,9.3663,26.38,42.361,2708.3,73.401,120.38,0.33999,79.759,51.513,2637.1,25.402,48.239,3104.3,22.58,65.368,226.77,342.32,94.596,77.004,32.028,8.9115,26.164,6.8921,18.927,1.6456,33.254,13.885,24.178,1.1938,18.263,2.3096,4.7394,2.3214,0.023055,0.86194,0.089277,53.271,43.591,63.491,53.941,28.408,75.39,22.212,39.457,42.552,42.458,46.309,40.497,19.052,0.04676139999999998,0.013707000000000136,2.2760000000002947,-1.6550900000000013,0.0007996000000000114,1.5211199999999963,2.3899999999998727,-1.7792100000000062,-0.31322000000000116,-3.171199999999999,1.014099999999985,-0.1923400000000015,0.012261999999999773,-0.30919999999999703,0.19302000000000064,0.2944400000000016,0.062260000000000204,-0.04953800000000008,-0.3409399999999998,0.004577929999999997,0.025984500000000077,-0.007999950000000006,0.46629000000000076,4.378990000000002,14.111989999999999,0.04461999999999833,4.475769999999997,-4.118169999999999,-0.9927700000000002,-0.5916199999999989,0.811519999999998,34.2
2020-01-02 10:15:00,0.29105,3668.5,4530.4,9.2182,27.137,41.99,2711.2,75.12,120.42,0.3341,79.91,49.73,2640.8,24.792,49.453,3106.7,23.665,65.403,228.34,342.69,94.671,77.329,32.028,8.9115,26.164,6.8921,18.927,1.6456,33.254,13.885,24.178,1.1938,18.263,2.3096,4.7394,2.3214,0.013852,0.83512,0.099797,54.314,44.523,63.189,54.083,28.425,78.342,22.872,40.176,37.306,45.268,46.699,41.684,16.453,0.04658139999999997,-0.1343930000000011,5.175999999999931,0.06391000000000702,-0.005090399999999995,-0.261880000000005,6.0900000000001455,-0.5652100000000004,0.7717799999999997,-1.6012000000000057,1.3840999999999894,-0.1923400000000015,0.012261999999999773,-0.30919999999999703,0.19302000000000064,0.2944400000000016,0.062260000000000204,-0.04953800000000008,-0.3409399999999998,-0.004625070000000002,-0.000835499999999989,0.002520049999999996,0.16429000000000116,4.395990000000001,17.063989999999997,0.7046199999999985,-0.7702300000000051,-1.308169999999997,-0.6027699999999996,0.5953799999999987,-1.7874800000000022,34.25
2020-01-02 10:18:00,0.27385,3665.0,4454.1,9.3454,26.665,42.451,2713.2,74.249,120.43,0.34432,80.126,49.817,2643.6,26.148,50.565,3108.1,22.746,65.44,228.31,343.08,94.344,77.533,31.78,8.8952,26.644,6.6775,18.803,1.654,33.352,13.805,23.528,1.3646,18.236,2.2408,4.7922,2.22,0.013852,0.83512,0.099797,54.314,44.523,62.761,54.253,26.837,75.848,22.911,40.412,37.562,47.841,47.008,41.702,18.603,0.029381399999999974,-0.007193000000000893,7.175999999999931,-0.8070900000000023,0.005129600000000012,-0.1748800000000017,8.889999999999873,0.5467899999999943,-0.1472200000000008,-1.6312000000000069,1.7740999999999758,-0.44033999999999907,-0.004037999999999542,0.17079999999999984,0.06902000000000186,0.39244000000000057,-0.017739999999999867,0.12126199999999998,-0.3679400000000008,-0.004625070000000002,-0.000835499999999989,0.002520049999999996,-0.2637099999999961,2.80799,14.569989999999997,0.74362,-0.5142300000000048,1.2648300000000035,-0.293769999999995,0.6133799999999994,0.36251999999999995,34.3
2020-01-02 10:21:00,0.27264,3636.5,4429.7,9.3914,27.166,42.335,2712.2,74.77,120.41,0.34229,80.016,48.816,2641.5,24.274,49.516,3108.8,23.481,65.545,230.98,342.68,94.642,77.387,31.78,8.8952,26.644,6.6775,18.803,1.654,33.352,13.805,23.528,1.3646,18.236,2.2408,4.7922,2.22,0.013852,0.83512,0.099797,54.314,44.523,63.251,54.545,26.956,76.655,22.556,40.659,34.615,45.415,47.073,41.022,16.864,0.028171399999999985,0.03880700000000026,6.175999999999931,-0.2860900000000015,0.00309959999999998,-1.1758799999999994,6.789999999999964,-0.5022100000000052,0.5877800000000022,1.0387999999999806,1.3740999999999985,-0.44033999999999907,-0.004037999999999542,0.17079999999999984,0.06902000000000186,0.39244000000000057,-0.017739999999999867,0.12126199999999998,-0.3679400000000008,-0.004625070000000002,-0.000835499999999989,0.002520049999999996,0.22628999999999877,2.92699,15.37699,0.3886199999999995,-3.4612300000000005,-1.1611699999999985,-0.22876999999999725,-0.06662000000000035,-1.3764800000000008,34.35
2020-01-02 10:24:00,0.298,3727.5,4470.6,9.2585,26.484,42.356,2712.8,75.505,120.4,0.3344,80.041,47.915,2641.6,25.569,51.169,3110.5,22.469,65.608,232.12,342.46,94.31,77.298,31.978,8.8846,26.359,6.7826,18.963,1.6736,33.061,13.73,24.669,1.0693,18.236,2.2639,4.9005,2.3312,0.013852,0.83512,0.099797,54.314,44.523,63.66,54.344,29.747,77.076,22.156,39.517,31.964,49.238,47.274,41.689,19.266,0.05353139999999998,-0.09409300000000087,6.776000000000295,0.4489099999999979,-0.004790400000000028,-2.0768800000000027,6.889999999999873,1.1507899999999935,-0.42421999999999827,2.1787999999999954,1.1540999999999713,-0.24233999999999867,-0.014637999999999707,-0.11419999999999675,0.229020000000002,0.10144000000000375,-0.09273999999999916,-0.17403800000000014,-0.3679400000000008,-0.004625070000000002,-0.000835499999999989,0.002520049999999996,0.6352899999999977,5.71799,15.797989999999992,-0.01138000000000261,-6.112230000000004,2.661830000000002,-0.027769999999996742,0.6003800000000012,1.0255199999999967,34.4
2020-01-02 10:27:00,0.29889,3688.0,4549.2,9.3214,26.992,42.279,2712.1,75.118,120.44,0.33593,79.894,51.311,2641.6,25.022,50.819,3107.8,22.52,65.616,232.58,343.02,94.539,77.14,31.978,8.8846,26.359,6.7826,18.963,1.6736,33.061,13.73,24.669,1.0693,18.236,2.2639,4.9005,2.3312,0.013852,0.83512,0.099797,54.314,44.523,64.339,53.403,29.66,76.203,22.584,39.329,41.958,48.429,47.535,42.122,19.163,0.05442139999999998,-0.031193000000000026,6.076000000000022,0.06190999999999747,-0.0032603999999999966,1.319119999999998,6.889999999999873,0.8007899999999992,-0.3732199999999999,2.6388000000000034,1.7140999999999735,-0.24233999999999867,-0.014637999999999707,-0.11419999999999675,0.229020000000002,0.10144000000000375,-0.09273999999999916,-0.17403800000000014,-0.3679400000000008,-0.004625070000000002,-0.000835499999999989,0.002520049999999996,1.3142899999999997,5.630990000000001,14.924990000000001,0.4166199999999982,3.881769999999996,1.8528300000000044,0.23322999999999894,1.033380000000001,0.9225199999999987,34.45
2020-01-02 10:30:00,0.2838,3670.9,4511.1,9.3815,26.677,42.052,2709.5,75.242,120.41,0.32554,79.732,51.008,2638.8,24.509,49.512,3105.3,22.476,65.603,230.11,343.56,94.278,77.168,32.26,8.9146,26.344,6.8798,18.272,1.6476,33.192,14.076,24.345,1.1711,18.345,2.2687,4.7631,2.21,0.014326,0.82784,0.10373,52.83,42.81,63.855,53.449,28.017,77.264,22.471,38.508,41.066,45.404,47.396,41.441,19.281,0.03933139999999999,0.028907000000000238,3.4760000000001128,0.1859100000000069,-0.013650400000000007,1.0161200000000008,4.0900000000001455,-0.5062100000000029,-0.41722000000000037,0.1688000000000045,2.254099999999994,0.03965999999999781,0.015361999999999654,-0.12919999999999732,-0.4619800000000005,0.23244000000000398,0.25326000000000093,-0.07223800000000002,-0.2589400000000026,-0.0041510700000000015,-0.008115499999999942,0.006453050000000002,0.830289999999998,3.98799,15.985989999999994,0.30361999999999867,2.98977,-1.1721699999999942,0.09423000000000314,0.3523800000000037,1.0405199999999972,34.5
2020-01-02 10:33:00,0.28353,3691.7,4457.5,9.2908,26.992,42.629,2710.0,74.712,120.41,0.32648,79.769,48.696,2638.6,25.839,49.824,3105.8,23.574,65.58,230.41,343.19,94.534,77.299,32.26,8.9146,26.344,6.8798,18.272,1.6476,33.192,14.076,24.345,1.1711,18.345,2.2687,4.7631,2.21,0.014326,0.82784,0.10373,52.83,42.81,63.497,54.091,28.043,75.623,22.732,38.393,34.263,46.126,47.388,41.919,16.67,0.039061399999999996,-0.061792999999999765,3.9760000000001128,-0.34408999999999423,-0.01271040000000001,-1.295880000000004,3.8899999999998727,-0.19421000000000532,0.6807800000000022,0.46879999999998745,1.8840999999999894,0.03965999999999781,0.015361999999999654,-0.12919999999999732,-0.4619800000000005,0.23244000000000398,0.25326000000000093,-0.07223800000000002,-0.2589400000000026,-0.0041510700000000015,-0.008115499999999942,0.006453050000000002,0.472290000000001,4.01399,14.344990000000003,0.5646199999999979,-3.8132300000000043,-0.45016999999999996,0.08623000000000047,0.8303799999999981,-1.5704799999999999,34.55
2020-01-02 10:36:00,0.25787,3675.5,4557.1,9.4058,26.901,42.499,2711.2,75.169,120.38,0.36123,80.113,49.47,2640.6,25.9,49.907,3107.0,23.626,65.608,229.63,342.84,94.352,77.926,32.18,8.6791,26.353,7.1065,18.686,1.644,33.116,13.786,23.781,1.2626,18.341,2.2624,4.7129,2.2138,0.014326,0.82784,0.10373,52.83,42.81,62.972,54.62,25.346,77.745,22.885,43.546,36.541,46.319,47.472,40.691,16.482,0.01340139999999998,0.05320699999999867,5.175999999999931,0.1129099999999994,0.022039599999999993,-0.521880000000003,5.889999999999873,-0.11121000000000691,0.7327800000000018,-0.3112000000000137,1.5340999999999667,-0.04034000000000049,-0.2201380000000004,-0.12019999999999698,-0.04797999999999902,0.15644000000000347,-0.036739999999999995,0.01926199999999989,-0.2629400000000004,-0.0041510700000000015,-0.008115499999999942,0.006453050000000002,-0.05270999999999759,1.3169900000000005,16.466990000000003,0.7176200000000001,-1.5352300000000056,-0.257169999999995,0.17023000000000366,-0.3976199999999963,-1.7584800000000023,34.6
2020-01-02 10:39:00,0.25896,3640.3,4565.0,9.4671,26.81,42.291,2711.3,75.493,120.41,0.3635,80.242,50.146,2641.3,24.956,48.675,3107.1,22.15,65.698,232.3,343.35,94.503,77.395,32.18,8.6791,26.353,7.1065,18.686,1.644,33.116,13.786,23.781,1.2626,18.341,2.2624,4.7129,2.2138,0.014326,0.82784,0.10373,52.83,42.81,63.578,54.525,25.239,76.584,23.037,43.269,38.53,43.467,47.242,42.029,19.998,0.014491400000000015,0.11450699999999969,5.276000000000295,0.43690999999999747,0.024309599999999987,0.15411999999999892,6.5900000000001455,-1.3432100000000062,-0.7432200000000009,2.3588000000000022,2.0441000000000145,-0.04034000000000049,-0.2201380000000004,-0.12019999999999698,-0.04797999999999902,0.15644000000000347,-0.036739999999999995,0.01926199999999989,-0.2629400000000004,-0.0041510700000000015,-0.008115499999999942,0.006453050000000002,0.5532900000000041,1.2099900000000012,15.305990000000001,0.8696199999999976,0.4537699999999987,-3.109169999999999,-0.05977000000000032,0.9403800000000047,1.7575199999999995,34.65
2020-01-02 10:42:00,0.26466,3601.4,4525.7,9.2933,26.836,42.267,2708.0,75.953,120.37,0.33113,79.839,49.505,2637.0,22.927,51.565,3104.1,22.127,65.686,228.85,343.32,94.524,76.651,32.367,9.012,26.399,6.8775,18.041,1.6619,33.325,13.71,24.619,1.2115,18.339,2.2235,4.7708,2.2767,0.014326,0.82784,0.10373,52.83,42.81,62.153,54.03,26.131,77.125,22.553,39.603,36.644,50.155,47.558,39.936,20.117,0.020191399999999998,-0.05929300000000026,1.9760000000001128,0.8969100000000054,-0.008060400000000023,-0.4868799999999993,2.2899999999999636,1.5467899999999943,-0.7662200000000006,-1.0912000000000148,2.014099999999985,0.14665999999999713,0.11276200000000003,-0.0741999999999976,-0.6929799999999986,0.36544000000000665,-0.11273999999999873,-0.03183800000000003,-0.26494000000000284,-0.0041510700000000015,-0.008115499999999942,0.006453050000000002,-0.8717100000000002,2.1019900000000007,15.846989999999998,0.3856199999999994,-1.432230000000004,3.5788300000000035,0.2562300000000022,-1.1526199999999989,1.8765199999999993,34.7
2020-01-02 10:45:00,0.26285,3596.8,4524.1,9.3417,26.763,41.995,2709.3,74.827,120.39,0.33166,79.661,49.367,2638.8,25.167,50.14,3101.5,23.191,65.639,230.59,344.29,94.759,77.076,32.367,9.012,26.399,6.8775,18.041,1.6619,33.325,13.71,24.619,1.2115,18.339,2.2235,4.7708,2.2767,0.019029,0.81721,0.090529,54.195,43.505,62.232,54.049,26.308,78.385,23.342,39.539,36.237,46.857,47.227,41.025,17.596,0.018381399999999964,-0.010893000000001152,3.2760000000002947,-0.22908999999999935,-0.007530399999999993,-0.6248800000000045,4.0900000000001455,0.12178999999999718,0.2977799999999995,0.6487999999999943,2.984100000000012,0.14665999999999713,0.11276200000000003,-0.0741999999999976,-0.6929799999999986,0.36544000000000665,-0.11273999999999873,-0.03183800000000003,-0.26494000000000284,0.0005519299999999991,-0.01874549999999997,-0.0067479500000000026,-0.7927099999999996,2.2789900000000003,17.106990000000003,1.1746199999999973,-1.8392300000000006,0.2808300000000017,-0.07477000000000089,-0.06362000000000023,-0.6444800000000015,34.75
2020-01-02 10:48:00,0.24746,3635.2,4578.7,9.4313,27.069,42.143,2712.6,75.187,120.4,0.32362,79.877,49.786,2642.2,24.309,51.133,3106.0,23.93,65.566,227.4,344.04,94.662,77.552,32.512,8.9253,26.359,6.9498,18.66,1.6744,32.964,13.965,23.903,1.1936,18.755,2.2377,4.8399,2.3223,0.019029,0.81721,0.090529,54.195,43.505,63.476,55.048,24.08,75.693,23.17,38.388,37.469,49.156,47.445,41.139,15.807,0.002991400000000005,0.07870699999999964,6.576000000000022,0.13091000000000008,-0.015570399999999984,-0.2058800000000005,7.489999999999782,1.1147899999999993,1.0367800000000003,-2.5412000000000035,2.734100000000012,0.29166000000000025,0.026061999999999585,-0.11419999999999675,-0.07397999999999882,0.004440000000002442,0.14226000000000028,-0.04973800000000006,0.15105999999999753,0.0005519299999999991,-0.01874549999999997,-0.0067479500000000026,0.4512900000000002,0.05098999999999876,14.414989999999996,1.0026200000000003,-0.6072300000000013,2.579830000000001,0.14323000000000263,0.05038000000000409,-2.433480000000001,34.8
2020-01-02 10:51:00,0.24738,3661.7,4544.3,9.392,26.81,42.426,2715.1,75.241,120.41,0.32403,80.038,49.683,2644.0,26.445,50.378,3108.3,22.271,65.602,230.36,343.61,94.544,77.231,32.512,8.9253,26.359,6.9498,18.66,1.6744,32.964,13.965,23.903,1.1936,18.755,2.2377,4.8399,2.3223,0.019029,0.81721,0.090529,54.195,43.505,63.021,55.46,24.088,76.717,23.042,38.338,37.166,47.409,47.11,41.428,19.747,0.0029113999999999807,0.03940699999999886,9.076000000000022,0.18491000000000213,-0.015160400000000018,-0.30888000000000204,9.289999999999964,0.3597899999999967,-0.6222199999999987,0.4188000000000045,2.3041000000000054,0.29166000000000025,0.026061999999999585,-0.11419999999999675,-0.07397999999999882,0.004440000000002442,0.14226000000000028,-0.04973800000000006,0.15105999999999753,0.0005519299999999991,-0.01874549999999997,-0.0067479500000000026,-0.0037099999999981037,0.05899000000000143,15.438989999999997,0.8746200000000002,-0.9102300000000056,0.8328300000000013,-0.19176999999999822,0.33937999999999846,1.5065199999999983,34.85
2020-01-02 10:54:00,0.23253,3609.2,4540.9,9.3977,26.685,42.361,2712.8,75.195,120.4,0.35468,79.994,50.635,2642.1,24.557,49.816,3107.4,22.502,65.624,229.68,343.45,94.559,77.259,32.52,8.7252,26.089,6.8118,18.694,1.6875,33.418,13.887,24.215,1.1159,18.789,2.2638,4.801,2.2686,0.019029,0.81721,0.090529,54.195,43.505,63.26,54.054,22.288,77.737,22.756,41.453,39.968,46.107,47.101,40.995,19.189,-0.011938600000000021,0.045106999999999786,6.776000000000295,0.13890999999999565,0.015489599999999992,0.6431199999999961,7.389999999999873,-0.2022100000000009,-0.39122000000000057,-0.2612000000000023,2.1440999999999804,0.2996600000000029,-0.17403800000000125,-0.3841999999999999,-0.039979999999999905,0.45844000000000307,0.06426000000000087,-0.12743800000000016,0.18506,0.0005519299999999991,-0.01874549999999997,-0.0067479500000000026,0.2352899999999991,-1.7410099999999993,16.458989999999993,0.5886199999999988,1.891770000000001,-0.4691699999999983,-0.20076999999999856,-0.09362000000000137,0.9485199999999985,34.9
2020-01-02 10:57:00,0.22765,3604.8,4490.8,9.3775,26.985,42.325,2711.6,75.154,120.38,0.34955,79.907,49.262,2640.5,27.867,50.404,3106.2,22.137,65.64,230.75,343.33,94.675,77.172,32.52,8.7252,26.089,6.8118,18.694,1.6875,33.418,13.887,24.215,1.1159,18.789,2.2638,4.801,2.2686,0.019029,0.81721,0.090529,54.195,43.505,63.336,54.654,22.768,77.788,22.73,42.079,35.928,47.469,46.933,40.637,20.06,-0.016818600000000017,0.024906999999998902,5.576000000000022,0.09790999999999883,0.010359600000000024,-0.7298800000000014,5.789999999999964,0.3857900000000001,-0.756219999999999,0.8087999999999909,2.024099999999976,0.2996600000000029,-0.17403800000000125,-0.3841999999999999,-0.039979999999999905,0.45844000000000307,0.06426000000000087,-0.12743800000000016,0.18506,0.0005519299999999991,-0.01874549999999997,-0.0067479500000000026,0.3112899999999996,-1.2610099999999989,16.509989999999995,0.562619999999999,-2.148230000000005,0.8928300000000036,-0.3687699999999978,-0.45161999999999836,1.8195199999999971,34.95
2020-01-02 11:00:00,0.22595,3678.0,4482.0,9.3323,26.634,42.424,2710.0,75.734,120.41,0.34672,79.883,48.966,2638.6,25.721,48.809,3105.6,21.844,65.612,229.2,343.31,94.513,77.441,32.558,8.8033,26.684,6.9187,19.135,1.615,33.106,13.887,23.877,1.2053,18.496,2.2149,4.8227,2.2814,0.015516,0.82125,0.093268,53.126,43.31,63.288,54.692,22.118,75.271,22.433,40.471,35.057,43.778,46.706,41.392,20.739,-0.018518599999999996,-0.02029300000000056,3.9760000000001128,0.6779099999999971,0.00752959999999997,-1.0258800000000008,3.8899999999998727,-1.209210000000006,-1.0492199999999983,-0.7412000000000205,2.004099999999994,0.3376599999999996,-0.0959380000000003,0.21080000000000254,0.4010200000000026,0.14644000000000545,0.06426000000000087,-0.038038000000000016,-0.10794000000000281,-0.0029610700000000014,-0.014705499999999927,-0.004008949999999997,0.2632899999999978,-1.911010000000001,13.992989999999999,0.2656199999999984,-3.0192300000000003,-2.798169999999999,-0.5957699999999946,0.3033800000000042,2.498519999999999,35.0
2020-01-02 11:03:00,0.22765,3667.7,4492.5,9.3065,27.117,42.236,2711.0,75.471,120.41,0.34763,80.08,50.955,2641.1,23.931,50.679,3105.9,22.331,65.616,232.11,343.08,94.536,77.342,32.558,8.8033,26.684,6.9187,19.135,1.615,33.106,13.887,23.877,1.2053,18.496,2.2149,4.8227,2.2814,0.015516,0.82125,0.093268,53.126,43.31,63.465,54.566,21.95,77.256,22.939,40.361,40.911,48.105,46.25,41.045,19.58,-0.016818600000000017,-0.04609300000000083,4.976000000000113,0.4149100000000061,0.008439599999999992,0.9631199999999964,6.389999999999873,0.6607899999999987,-0.5622199999999999,2.1688000000000045,1.7740999999999758,0.3376599999999996,-0.0959380000000003,0.21080000000000254,0.4010200000000026,0.14644000000000545,0.06426000000000087,-0.038038000000000016,-0.10794000000000281,-0.0029610700000000014,-0.014705499999999927,-0.004008949999999997,0.4402900000000045,-2.0790100000000002,15.977989999999998,0.7716199999999986,2.834769999999999,1.5288299999999992,-1.0517699999999977,-0.043619999999997106,1.3395199999999967,35.05
2020-01-02 11:06:00,0.21861,3646.8,4476.9,9.2685,26.674,42.181,2708.5,74.202,120.39,0.34658,79.958,49.801,2637.5,24.444,50.302,3103.6,23.658,65.603,225.6,342.76,94.575,77.261,32.427,8.8008,26.405,6.9155,18.916,1.6394,33.373,13.776,24.223,1.0377,18.624,2.2509,4.8214,2.2852,0.015516,0.82125,0.093268,53.126,43.31,62.902,53.648,21.393,77.993,22.636,40.594,37.514,47.234,46.632,40.22,16.438,-0.02585860000000001,-0.08409300000000108,2.4760000000001128,-0.8540899999999993,0.007389599999999996,-0.19087999999999994,2.7899999999999636,0.2837899999999962,0.7647800000000018,-4.341200000000015,1.4540999999999826,0.2066599999999994,-0.0984379999999998,-0.06819999999999737,0.1820200000000014,0.41344000000000136,-0.04673999999999978,-0.205638,0.020059999999997302,-0.0029610700000000014,-0.014705499999999927,-0.004008949999999997,-0.12270999999999788,-2.636009999999999,16.714989999999993,0.4686199999999978,-0.5622299999999996,0.6578300000000041,-0.6697699999999998,-0.86862,-1.8024800000000027,35.1
2020-01-02 11:09:00,0.21617,3660.2,4497.0,9.3526,26.912,42.097,2707.4,74.52,120.4,0.34459,80.024,49.465,2635.7,23.589,49.641,3103.3,21.466,65.589,227.55,342.58,94.741,77.525,32.427,8.8008,26.405,6.9155,18.916,1.6394,33.373,13.776,24.223,1.0377,18.624,2.2509,4.8214,2.2852,0.015516,0.82125,0.093268,53.126,43.31,62.672,53.407,21.633,76.943,22.412,40.838,36.525,45.704,46.261,41.514,21.615,-0.028298600000000007,7.000000000090267e-06,1.3760000000002037,-0.5360900000000015,0.005399600000000004,-0.5268799999999985,0.9899999999997817,-0.37721000000000515,-1.4272199999999984,-2.3911999999999978,1.2740999999999758,0.2066599999999994,-0.0984379999999998,-0.06819999999999737,0.1820200000000014,0.41344000000000136,-0.04673999999999978,-0.205638,0.020059999999997302,-0.0029610700000000014,-0.014705499999999927,-0.004008949999999997,-0.35271000000000186,-2.3960100000000004,15.664989999999996,0.24461999999999762,-1.5512300000000039,-0.872169999999997,-1.0407699999999949,0.4253800000000041,3.374519999999997,35.15
2020-01-02 11:12:00,0.22876,3660.9,4501.0,9.2565,27.101,42.364,2707.2,75.914,120.39,0.33431,79.944,48.434,2636.3,25.06,50.304,3102.2,23.758,65.554,225.04,342.74,94.628,77.15,32.343,8.8406,26.619,6.8081,18.673,1.6738,33.134,13.991,23.558,1.2959,18.329,2.2573,4.8026,2.297,0.015516,0.82125,0.093268,53.126,43.31,62.655,53.855,22.253,77.935,22.741,39.135,33.491,47.239,46.29,40.681,16.206,-0.015708600000000017,-0.09609299999999976,1.1759999999999309,0.857910000000004,-0.004880400000000007,-1.5578800000000044,1.5900000000001455,0.28578999999999866,0.8647799999999997,-4.901200000000017,1.4341000000000008,0.12266000000000332,-0.05863800000000019,0.14580000000000126,-0.0609800000000007,0.17444000000000415,0.16826000000000008,0.052562,-0.27494000000000085,-0.0029610700000000014,-0.014705499999999927,-0.004008949999999997,-0.36970999999999776,-1.7760099999999994,16.65699,0.5736199999999982,-4.585230000000003,0.6628299999999996,-1.0117699999999985,-0.4076200000000014,-2.034480000000002,35.2
2020-01-02 11:15:00,0.22888,3611.7,4480.8,9.2757,26.672,41.96,2706.6,75.567,120.42,0.32964,79.8,50.58,2634.9,25.57,53.211,3101.9,23.762,65.506,224.38,342.46,94.816,77.089,32.343,8.8406,26.619,6.8081,18.673,1.6738,33.134,13.991,23.558,1.2959,18.329,2.2573,4.8026,2.297,0.0060843,0.85266,0.086534,54.496,44.226,63.502,54.097,22.241,77.226,22.449,39.705,39.807,53.965,46.227,41.143,16.215,-0.015588600000000008,-0.0768930000000001,0.5760000000000218,0.5109099999999955,-0.009550400000000014,0.5881199999999964,0.19000000000005457,3.192789999999995,0.868780000000001,-5.561200000000014,1.1540999999999713,0.12266000000000332,-0.05863800000000019,0.14580000000000126,-0.0609800000000007,0.17444000000000415,0.16826000000000008,0.052562,-0.27494000000000085,-0.012392770000000001,0.01670450000000001,-0.010742950000000001,0.47729000000000354,-1.7880099999999999,15.947989999999997,0.2816200000000002,1.7307699999999997,7.388830000000006,-1.074770000000001,0.05438000000000187,-2.0254800000000017,35.25
2020-01-02 11:18:00,0.2348,3684.7,4597.5,9.3282,27.067,42.161,2707.2,75.895,120.38,0.35562,80.03,48.432,2636.5,25.087,50.929,3102.0,23.561,65.502,224.93,342.24,94.606,77.216,32.184,9.0609,26.496,6.8965,18.034,1.6245,32.919,13.763,23.995,1.3582,18.282,2.2125,4.7669,2.3258,0.0060843,0.85266,0.086534,54.496,44.226,63.207,53.291,22.864,76.563,22.773,42.362,33.484,48.684,46.017,40.85,16.674,-0.0096686,-0.024392999999999887,1.1759999999999309,0.8389099999999985,0.01642959999999999,-1.5598799999999997,1.7899999999999636,0.9107899999999987,0.6677800000000005,-5.011200000000002,0.9341000000000008,-0.036340000000002703,0.16166199999999975,0.022800000000000153,-0.69998,-0.04055999999999926,-0.05973999999999968,0.11486200000000002,-0.32194000000000145,-0.012392770000000001,0.01670450000000001,-0.010742950000000001,0.18229000000000184,-1.1650099999999988,15.28499,0.6056199999999983,-4.592230000000001,2.10783,-1.2847699999999946,-0.2386199999999974,-1.566480000000002,35.3
2020-01-02 11:21:00,0.23493,3676.1,4531.8,9.2826,27.053,42.374,2707.2,75.287,120.42,0.35284,80.07,49.701,2636.1,24.973,50.983,3103.5,23.069,65.52,223.7,341.94,94.59,77.421,32.184,9.0609,26.496,6.8965,18.034,1.6245,32.919,13.763,23.995,1.3582,18.282,2.2125,4.7669,2.3258,0.0060843,0.85266,0.086534,54.496,44.226,63.354,54.077,22.851,76.668,22.391,42.702,37.219,48.808,45.963,41.73,17.822,-0.009538600000000008,-0.0699930000000002,1.1759999999999309,0.2309100000000086,0.013649599999999984,-0.29088000000000136,1.3899999999998727,0.9647899999999936,0.1757799999999996,-6.2412000000000205,0.6340999999999894,-0.036340000000002703,0.16166199999999975,0.022800000000000153,-0.69998,-0.04055999999999926,-0.05973999999999968,0.11486200000000002,-0.32194000000000145,-0.012392770000000001,0.01670450000000001,-0.010742950000000001,0.3292900000000003,-1.1780100000000004,15.389990000000004,0.22361999999999682,-0.8572300000000013,2.231830000000002,-1.3387699999999967,0.6413799999999981,-0.4184800000000024,35.35
2020-01-02 11:24:00,0.24684,3691.9,4589.5,9.3245,26.77,42.646,2708.2,74.979,120.39,0.3291,80.2,51.153,2637.3,24.2,51.123,3105.0,23.503,65.552,223.28,342.1,94.516,77.231,32.103,8.9558,26.403,6.888,18.9,1.6525,33.272,13.77,23.856,1.3156,17.876,2.2554,4.8559,2.3804,0.0060843,0.85266,0.086534,54.496,44.226,62.335,55.027,24.542,78.173,22.505,39.595,41.492,49.134,45.836,40.887,16.789,0.0023713999999999957,-0.028093000000000146,2.175999999999931,-0.07708999999999833,-0.0100904,1.1611199999999968,2.5900000000001455,1.1047899999999942,0.6097800000000007,-6.661200000000008,0.7941000000000145,-0.11733999999999867,0.05656199999999956,-0.07019999999999982,0.1660199999999996,0.31244000000000227,-0.05274000000000001,0.07226200000000005,-0.7279400000000003,-0.012392770000000001,0.01670450000000001,-0.010742950000000001,-0.689709999999998,0.512990000000002,16.89499,0.3376199999999976,3.415769999999995,2.5578300000000027,-1.4657699999999991,-0.20161999999999836,-1.45148,35.4
2020-01-02 11:27:00,0.2474,3658.3,4631.0,9.3218,26.948,41.876,2709.2,74.506,120.41,0.33227,80.215,49.071,2638.4,24.64,50.306,3105.2,23.013,65.573,221.91,342.12,94.651,77.319,32.103,8.9558,26.403,6.888,18.9,1.6525,33.272,13.77,23.856,1.3156,17.876,2.2554,4.8559,2.3804,0.0060843,0.85266,0.086534,54.496,44.226,62.914,54.53,24.488,76.987,22.472,39.209,35.367,47.243,45.793,41.002,17.934,0.0029314000000000007,-0.03079300000000096,3.175999999999931,-0.5500899999999973,-0.006920399999999993,-0.9208800000000039,3.6900000000000546,0.287789999999994,0.11978000000000222,-8.031200000000013,0.8140999999999963,-0.11733999999999867,0.05656199999999956,-0.07019999999999982,0.1660199999999996,0.31244000000000227,-0.05274000000000001,0.07226200000000005,-0.7279400000000003,-0.012392770000000001,0.01670450000000001,-0.010742950000000001,-0.11070999999999742,0.45899,15.708989999999993,0.3046199999999999,-2.709230000000005,0.6668300000000045,-1.5087699999999984,-0.08661999999999637,-0.30648000000000053,35.45
2020-01-02 11:30:00,0.25641,3675.7,4522.2,9.3464,26.415,42.331,2707.6,75.824,120.4,0.33249,80.044,49.854,2636.4,24.955,49.388,3103.8,22.663,65.537,221.55,341.93,94.532,77.098,31.906,8.6732,26.327,6.8417,18.558,1.6376,33.308,13.839,24.312,1.2421,18.956,2.2449,4.753,2.3803,0.03225,0.84891,0.099131,54.378,43.396,62.68,53.76,25.247,78.281,22.09,39.261,37.67,45.117,46.467,41.018,18.791,0.011941400000000019,-0.006193000000001447,1.5760000000000218,0.7679100000000005,-0.006700399999999995,-0.13788000000000267,1.6900000000000546,-0.6302100000000053,-0.2302199999999992,-8.391199999999998,0.6240999999999985,-0.3143400000000014,-0.22603800000000085,-0.14619999999999678,-0.17597999999999914,0.34844000000000364,0.01626000000000083,-0.0012380000000000724,0.35205999999999804,0.01377293,0.012954500000000091,0.001854049999999996,-0.3447099999999992,1.2179900000000004,17.002990000000004,-0.07738000000000156,-0.40623000000000076,-1.4591700000000003,-0.8347699999999989,-0.07061999999999813,0.5505199999999988,35.5
2020-01-02 11:33:00,0.25539,3651.4,4481.9,9.4089,26.697,42.258,2706.8,74.27,120.41,0.32851,79.914,50.77,2635.4,25.27,50.496,3102.5,22.043,65.502,223.47,341.92,94.726,77.064,31.906,8.6732,26.327,6.8417,18.558,1.6376,33.308,13.839,24.312,1.2421,18.956,2.2449,4.753,2.3803,0.03225,0.84891,0.099131,54.378,43.396,63.097,54.242,25.348,76.506,22.383,39.747,40.366,47.682,46.486,40.516,20.282,0.010921399999999998,0.05630699999999855,0.7760000000002947,-0.7860900000000015,-0.010680399999999979,0.7781200000000013,0.6900000000000546,0.4777899999999988,-0.8502200000000002,-6.47120000000001,0.6141000000000076,-0.3143400000000014,-0.22603800000000085,-0.14619999999999678,-0.17597999999999914,0.34844000000000364,0.01626000000000083,-0.0012380000000000724,0.35205999999999804,0.01377293,0.012954500000000091,0.001854049999999996,0.07229000000000241,1.3189899999999994,15.227989999999998,0.2156199999999977,2.289769999999997,1.1058300000000045,-0.8157700000000006,-0.5726200000000006,2.0415199999999984,35.55
2020-01-02 11:36:00,0.27663,3655.9,4534.6,9.2689,26.756,42.384,2706.2,74.782,120.41,0.33729,79.854,50.768,2634.7,26.686,50.081,3102.7,23.493,65.471,225.16,342.17,94.609,77.644,31.985,8.7107,26.026,6.9289,19.328,1.6496,32.71,13.921,24.208,1.2174,18.178,2.2639,4.9196,2.3446,0.03225,0.84891,0.099131,54.378,43.396,63.441,54.457,27.379,77.846,22.388,40.521,40.36,46.721,46.527,41.592,16.815,0.03216139999999998,-0.08369300000000024,0.17599999999993088,-0.27409000000000106,-0.0019004000000000243,0.7761199999999988,-0.010000000000218279,0.06278999999999968,0.5997799999999991,-4.7812000000000126,0.8641000000000076,-0.23534000000000077,-0.1885380000000012,-0.4471999999999987,0.5940200000000004,-0.24955999999999534,0.09825999999999979,-0.025938000000000017,-0.42594000000000065,0.01377293,0.012954500000000091,0.001854049999999996,0.4162900000000036,3.349990000000002,16.56799,0.22062000000000026,2.283769999999997,0.1448299999999989,-0.7747699999999966,0.5033799999999999,-1.4254800000000003,35.6
2020-01-02 11:39:00,0.27766,3655.0,4551.0,9.293,26.596,42.263,2707.9,74.977,120.38,0.34165,79.95,47.399,2635.9,25.974,51.746,3104.0,23.164,65.472,227.59,342.24,94.603,76.904,31.985,8.7107,26.026,6.9289,19.328,1.6496,32.71,13.921,24.208,1.2174,18.178,2.2639,4.9196,2.3446,0.03225,0.84891,0.099131,54.378,43.396,63.457,54.262,27.278,76.872,22.334,39.988,30.445,50.575,46.502,41.16,17.649,0.03319140000000001,-0.05959300000000134,1.8760000000002037,-0.07908999999999367,0.0024596000000000062,-2.592880000000001,1.1900000000000546,1.7277899999999988,0.270780000000002,-2.3512000000000057,0.9341000000000008,-0.23534000000000077,-0.1885380000000012,-0.4471999999999987,0.5940200000000004,-0.24955999999999534,0.09825999999999979,-0.025938000000000017,-0.42594000000000065,0.01377293,0.012954500000000091,0.001854049999999996,0.43229000000000184,3.248989999999999,15.593989999999998,0.16661999999999821,-7.631230000000002,3.998830000000005,-0.7997699999999952,0.07137999999999778,-0.5914800000000007,35.65
2020-01-02 11:42:00,0.27457,3641.2,4466.2,9.3242,27.106,42.589,2706.3,75.272,120.39,0.35112,79.857,49.298,2634.9,22.621,50.502,3101.8,23.584,65.497,228.7,342.01,94.63,77.218,32.185,8.9882,26.739,6.9316,19.048,1.6283,32.951,13.747,24.25,1.1594,18.54,2.3017,4.846,2.3395,0.03225,0.84891,0.099131,54.378,43.396,62.926,53.36,26.58,76.009,22.376,41.088,36.034,47.696,46.593,41.0,16.642,0.030101399999999973,-0.028393000000001223,0.2760000000002947,0.21591000000000804,0.011929599999999985,-0.69388,0.19000000000005457,0.48378999999999905,0.6907800000000002,-1.2412000000000205,0.7040999999999826,-0.03533999999999793,0.08896200000000043,0.26580000000000226,0.3140199999999993,-0.008559999999995682,-0.0757399999999997,-0.08393800000000007,-0.06394000000000233,0.01377293,0.012954500000000091,0.001854049999999996,-0.09870999999999697,2.5509899999999988,14.730989999999998,0.2086199999999998,-2.0422300000000035,1.1198300000000003,-0.7087699999999941,-0.08861999999999881,-1.5984800000000021,35.7
2020-01-02 11:45:00,0.27316,3627.1,4477.9,9.2176,27.093,42.538,2706.0,74.162,120.41,0.3527,79.94,51.395,2634.8,25.074,51.814,3102.9,23.21,65.466,228.15,342.17,94.613,77.27,32.185,8.9882,26.739,6.9316,19.048,1.6283,32.951,13.747,24.25,1.1594,18.54,2.3017,4.846,2.3395,0.019429,0.84068,0.1102,54.171,44.16,63.169,53.221,26.718,77.673,22.527,40.895,42.204,50.731,46.764,41.63,17.526,0.028691400000000006,-0.13499300000000147,-0.023999999999887223,-0.8940899999999914,0.01350960000000001,1.4031200000000013,0.09000000000014552,1.7957899999999967,0.3167800000000014,-1.7912000000000035,0.8641000000000076,-0.03533999999999793,0.08896200000000043,0.26580000000000226,0.3140199999999993,-0.008559999999995682,-0.0757399999999997,-0.08393800000000007,-0.06394000000000233,0.0009519299999999967,0.00472450000000002,0.012923050000000005,0.14428999999999803,2.6889900000000004,16.39499,0.3596199999999996,4.127769999999998,4.154830000000004,-0.5377699999999948,0.5413800000000037,-0.7144800000000018,35.75
2020-01-02 11:48:00,0.25448,3681.2,4488.0,9.2442,26.843,42.415,2706.9,74.543,120.39,0.33369,79.984,52.083,2634.9,24.386,52.317,3101.9,23.133,65.527,229.22,342.46,94.68,77.333,32.387,8.8802,26.281,7.1933,18.777,1.6562,33.09,13.724,23.871,1.0914,18.09,2.2937,4.863,2.2691,0.019429,0.84068,0.1102,54.171,44.16,62.17,53.715,24.944,78.242,22.601,38.588,44.231,51.896,46.824,40.887,17.711,0.010011399999999976,-0.1083930000000013,0.8760000000002037,-0.5130899999999912,-0.005500400000000016,2.0911199999999965,0.19000000000005457,2.298789999999997,0.23977999999999966,-0.7212000000000103,1.1540999999999713,0.16666000000000025,-0.01903800000000011,-0.1921999999999997,0.04302000000000206,0.13044000000000722,-0.09873999999999938,-0.15193800000000013,-0.5139400000000016,0.0009519299999999967,0.00472450000000002,0.012923050000000005,-0.8547099999999972,0.9149899999999995,16.963990000000003,0.4336199999999977,6.154769999999999,5.319830000000003,-0.4777699999999996,-0.20161999999999836,-0.5294800000000031,35.8
2020-01-02 11:51:00,0.25408,3631.8,4515.4,9.3551,27.015,42.103,2708.6,75.18,120.39,0.33068,80.095,50.69,2636.7,24.37,48.739,3103.3,23.164,65.556,227.59,342.39,94.615,77.412,32.387,8.8802,26.281,7.1933,18.777,1.6562,33.09,13.724,23.871,1.0914,18.09,2.2937,4.863,2.2691,0.019429,0.84068,0.1102,54.171,44.16,63.02,53.387,24.983,77.038,22.816,38.955,40.13,43.615,47.126,40.362,17.621,0.009611399999999964,0.002506999999999593,2.576000000000022,0.12391000000000929,-0.008510400000000029,0.6981199999999959,1.9899999999997817,-1.2792100000000062,0.270780000000002,-2.3512000000000057,1.084099999999978,0.16666000000000025,-0.01903800000000011,-0.1921999999999997,0.04302000000000206,0.13044000000000722,-0.09873999999999938,-0.15193800000000013,-0.5139400000000016,0.0009519299999999967,0.00472450000000002,0.012923050000000005,-0.004709999999995773,0.953990000000001,15.759989999999995,0.6486199999999975,2.05377,-2.9611699999999956,-0.17576999999999998,-0.7266199999999969,-0.6194800000000029,35.85
2020-01-02 11:54:00,0.23281,3580.4,4517.2,9.3039,27.065,41.884,2707.9,74.833,120.4,0.32801,79.914,49.834,2636.0,24.339,48.996,3101.5,23.233,65.598,230.66,342.7,94.722,76.982,32.107,8.8285,26.047,6.6239,18.899,1.6919,33.232,13.757,24.091,1.147,18.057,2.2767,4.8255,2.2581,0.019429,0.84068,0.1102,54.171,44.16,61.439,54.007,23.03,76.889,22.566,38.52,37.612,44.21,47.006,40.952,17.493,-0.011658600000000019,-0.0486930000000001,1.8760000000002037,-0.22308999999999912,-0.01118039999999998,-0.1578799999999987,1.2899999999999636,-1.0222100000000012,0.3397800000000011,0.7187999999999874,1.3940999999999804,-0.11334000000000088,-0.07073800000000041,-0.4261999999999979,0.16502000000000194,0.2724400000000031,-0.06573999999999991,-0.09633800000000003,-0.5469400000000029,0.0009519299999999967,0.00472450000000002,0.012923050000000005,-1.5857099999999988,-0.9990099999999984,15.610989999999994,0.39861999999999753,-0.4642300000000006,-2.3661699999999968,-0.2957699999999974,-0.13662000000000063,-0.747480000000003,35.9
2020-01-02 11:57:00,0.23163,3565.8,4464.8,9.3293,26.645,42.106,2708.8,74.511,120.37,0.32735,79.92,49.548,2637.4,26.95,50.251,3103.3,22.539,65.577,230.25,342.9,94.975,77.532,32.107,8.8285,26.047,6.6239,18.899,1.6919,33.232,13.757,24.091,1.147,18.057,2.2767,4.8255,2.2581,0.019429,0.84068,0.1102,54.171,44.16,61.69,54.635,23.147,80.16,22.714,38.601,36.77,47.114,47.198,39.849,19.1,-0.012838600000000006,-0.023293000000000674,2.7760000000002947,-0.5450900000000019,-0.011840400000000029,-0.44388000000000005,2.6900000000000546,0.23278999999999428,-0.354219999999998,0.30879999999999086,1.594099999999969,-0.11334000000000088,-0.07073800000000041,-0.4261999999999979,0.16502000000000194,0.2724400000000031,-0.06573999999999991,-0.09633800000000003,-0.5469400000000029,0.0009519299999999967,0.00472450000000002,0.012923050000000005,-1.3347100000000012,-0.8820100000000011,18.881989999999995,0.5466199999999972,-1.3062299999999993,0.5378299999999996,-0.10376999999999725,-1.2396200000000022,0.8595199999999998,35.95
2020-01-02 12:00:00,0.25884,3707.6,4506.8,9.3394,26.91,42.199,2712.4,74.412,120.43,0.33155,80.125,51.12,2642.0,26.069,48.819,3108.6,21.851,65.609,229.07,342.96,94.521,77.56,32.525,8.8295,26.733,6.786,18.598,1.6277,32.793,13.76,24.293,1.1174,18.914,2.2274,4.8297,2.321,0.022326,0.84043,0.09195,53.728,44.562,64.219,53.823,25.69,78.005,22.879,38.868,41.396,43.801,47.264,42.477,20.721,0.014371400000000006,-0.01319300000000112,6.376000000000204,-0.6440899999999914,-0.007640399999999992,1.1281199999999956,7.289999999999964,-1.1992100000000008,-1.0422200000000004,-0.871200000000016,1.6540999999999713,0.3046599999999984,-0.06973800000000097,0.25980000000000203,-0.13598,-0.16655999999999693,-0.0627399999999998,-0.1259380000000001,0.31006,0.003848929999999997,0.004474500000000048,-0.005326949999999997,1.1942899999999952,1.6609900000000017,16.726989999999994,0.7116199999999999,3.3197699999999983,-2.7751699999999957,-0.03776999999999475,1.388379999999998,2.4805199999999985,36.0
2020-01-02 12:03:00,0.25984,3756.9,4512.3,9.3646,26.735,42.325,2712.5,74.645,120.4,0.33134,80.122,49.034,2642.0,26.535,51.4,3108.4,21.965,65.667,228.83,342.41,94.437,77.229,32.525,8.8295,26.733,6.786,18.598,1.6277,32.793,13.76,24.293,1.1174,18.914,2.2274,4.8297,2.321,0.022326,0.84043,0.09195,53.728,44.562,63.37,53.757,25.591,76.532,22.534,38.894,35.258,49.773,47.351,41.064,20.462,0.015371400000000007,0.012006999999998769,6.476000000000113,-0.4110900000000015,-0.00785039999999998,-0.957880000000003,7.289999999999964,1.3817899999999952,-0.9282199999999996,-1.1111999999999966,1.1041000000000167,0.3046599999999984,-0.06973800000000097,0.25980000000000203,-0.13598,-0.16655999999999693,-0.0627399999999998,-0.1259380000000001,0.31006,0.003848929999999997,0.004474500000000048,-0.005326949999999997,0.34528999999999854,1.5619900000000015,15.253989999999995,0.3666199999999975,-2.81823,3.1968300000000056,0.04923000000000144,-0.024619999999998754,2.221519999999998,36.05
2020-01-02 12:06:00,0.22062,3696.9,4551.2,9.383,26.55,42.181,2710.6,74.719,120.44,0.33099,80.136,51.099,2640.3,25.984,49.158,3106.9,22.57,65.7,230.58,342.74,94.508,77.376,32.159,9.0169,26.464,6.9163,18.821,1.652,32.878,13.615,23.904,1.1825,18.373,2.3191,4.7792,2.2387,0.022326,0.84043,0.09195,53.728,44.562,63.147,54.035,21.233,75.116,22.403,38.925,41.334,44.585,47.261,42.029,18.997,-0.023848599999999998,0.03040699999999852,4.576000000000022,-0.33709000000000344,-0.008200399999999997,1.1071199999999948,5.5900000000001455,-0.8602100000000021,-0.3232199999999992,0.6388000000000034,1.4341000000000008,-0.06134000000000128,0.11766199999999927,-0.009199999999999875,0.08702000000000254,-0.08155999999999608,-0.20773999999999937,-0.06083799999999995,-0.23094000000000037,0.003848929999999997,0.004474500000000048,-0.005326949999999997,0.12228999999999957,-2.796009999999999,13.837989999999998,0.23561999999999728,3.2577700000000007,-1.9911699999999968,-0.040769999999994866,0.9403800000000047,0.7565199999999983,36.1
2020-01-02 12:09:00,0.21803,3659.5,4510.4,9.449,26.741,42.669,2708.1,75.417,120.39,0.32958,79.994,48.21,2637.2,25.609,51.352,3104.7,22.194,65.719,229.12,342.53,94.471,77.139,32.159,9.0169,26.464,6.9163,18.821,1.652,32.878,13.615,23.904,1.1825,18.373,2.3191,4.7792,2.2387,0.022326,0.84043,0.09195,53.728,44.562,63.792,54.523,21.487,76.16,22.247,39.097,32.834,49.664,47.457,41.034,19.918,-0.026438600000000007,0.09640699999999924,2.076000000000022,0.36091000000000406,-0.009610400000000019,-1.781880000000001,2.4899999999997817,1.3337899999999934,-0.6992200000000004,-0.8212000000000046,1.2240999999999644,-0.06134000000000128,0.11766199999999927,-0.009199999999999875,0.08702000000000254,-0.08155999999999608,-0.20773999999999937,-0.06083799999999995,-0.23094000000000037,0.003848929999999997,0.004474500000000048,-0.005326949999999997,0.7672900000000027,-2.542010000000001,14.881989999999995,0.07961999999999847,-5.242229999999999,3.087830000000004,0.1552300000000031,-0.05461999999999989,1.6775199999999977,36.15
2020-01-02 12:12:00,0.25058,3644.4,4512.1,9.3036,26.692,42.311,2707.9,74.717,120.4,0.31344,79.987,49.057,2636.8,24.551,48.371,3102.5,23.241,65.688,229.26,342.15,94.571,77.326,32.348,8.7602,26.672,6.9449,18.592,1.6438,33.184,13.909,23.802,1.0565,18.249,2.2599,4.8888,2.2432,0.022326,0.84043,0.09195,53.728,44.562,62.938,53.967,24.935,76.448,22.5,36.966,35.326,42.764,47.512,41.307,17.419,0.006111400000000017,-0.048993000000001174,1.8760000000002037,-0.3390899999999988,-0.025750400000000007,-0.9348799999999997,2.0900000000001455,-1.6472100000000012,0.3477800000000002,-0.6812000000000182,0.844099999999969,0.12765999999999877,-0.1390380000000011,0.1988000000000021,-0.14198000000000022,0.2244400000000013,0.08626000000000111,-0.18683800000000006,-0.3549400000000027,0.003848929999999997,0.004474500000000048,-0.005326949999999997,-0.08670999999999651,0.9059899999999992,15.169989999999991,0.3326199999999986,-2.750230000000002,-3.8121699999999947,0.2102300000000028,0.21838000000000335,-0.8214800000000011,36.2
2020-01-02 12:15:00,0.25225,3621.8,4512.8,9.3946,27.215,42.403,2706.8,74.676,120.39,0.3099,79.981,49.856,2635.7,24.663,49.393,3103.4,23.257,65.704,230.19,342.36,94.697,77.123,32.348,8.7602,26.672,6.9449,18.592,1.6438,33.184,13.909,23.802,1.0565,18.249,2.2599,4.8888,2.2432,0.018595,0.83931,0.091349,53.323,42.827,63.326,53.958,24.77,78.089,22.45,37.397,37.677,45.128,47.497,41.185,17.398,0.007781399999999966,0.042006999999999906,0.7760000000002947,-0.3800899999999956,-0.029290399999999994,-0.13588000000000022,0.9899999999997817,-0.6252100000000027,0.363780000000002,0.24879999999998859,1.0541000000000054,0.12765999999999877,-0.1390380000000011,0.1988000000000021,-0.14198000000000022,0.2244400000000013,0.08626000000000111,-0.18683800000000006,-0.3549400000000027,0.00011792999999999873,0.003354500000000038,-0.005927950000000001,0.3012900000000016,0.74099,16.810989999999997,0.2826199999999979,-0.39923000000000286,-1.4481699999999975,0.19523000000000224,0.09638000000000346,-0.8424800000000019,36.25
2020-01-02 12:18:00,0.23209,3627.0,4514.0,9.4063,26.92,42.499,2706.9,74.302,120.39,0.34662,79.941,50.033,2635.4,24.655,49.148,3102.5,21.688,65.67,232.39,342.41,94.616,77.032,31.883,9.0793,26.454,6.901,18.858,1.6021,32.941,13.647,23.888,1.1222,18.268,2.2911,4.7782,2.3194,0.018595,0.83931,0.091349,53.323,42.827,62.94,54.519,23.027,77.049,22.568,40.695,38.198,44.563,47.37,40.579,21.14,-0.012378600000000017,0.05370699999999928,0.8760000000002037,-0.7540899999999908,0.007429599999999981,0.04111999999999938,0.6900000000000546,-0.8702100000000002,-1.2052200000000006,2.448799999999977,1.1041000000000167,-0.3373400000000011,0.1800619999999995,-0.019199999999997885,0.12402000000000157,-0.018559999999993693,-0.17573999999999934,-0.12113799999999997,-0.3359400000000008,0.00011792999999999873,0.003354500000000038,-0.005927950000000001,-0.08471000000000117,-1.0020099999999985,15.770990000000005,0.40062,0.12176999999999794,-2.0131699999999952,0.06822999999999979,-0.5096199999999982,2.899519999999999,36.3
2020-01-02 12:21:00,0.23302,3652.0,4537.1,9.3889,26.982,42.079,2706.0,75.615,120.38,0.34676,79.838,48.204,2635.2,26.13,49.077,3101.4,23.168,65.66,231.25,342.44,94.794,77.043,31.883,9.0793,26.454,6.901,18.858,1.6021,32.941,13.647,23.888,1.1222,18.268,2.2911,4.7782,2.3194,0.018595,0.83931,0.091349,53.323,42.827,62.51,54.243,22.936,77.249,22.646,40.678,32.815,44.399,47.542,40.521,17.636,-0.011448600000000003,0.03630699999999898,-0.023999999999887223,0.5589099999999974,0.00756960000000001,-1.7878800000000012,0.4899999999997817,-0.9412100000000052,0.2747799999999998,1.3087999999999909,1.1340999999999894,-0.3373400000000011,0.1800619999999995,-0.019199999999997885,0.12402000000000157,-0.018559999999993693,-0.17573999999999934,-0.12113799999999997,-0.3359400000000008,0.00011792999999999873,0.003354500000000038,-0.005927950000000001,-0.5147100000000009,-1.0930099999999996,15.970989999999993,0.4786199999999994,-5.261230000000005,-2.1771699999999967,0.24023000000000394,-0.567619999999998,-0.6044800000000023,36.35
2020-01-02 12:24:00,0.27958,3681.5,4505.9,9.3397,26.896,42.609,2708.5,75.591,120.42,0.31465,79.991,48.543,2637.6,25.048,50.164,3104.7,22.75,65.634,231.31,342.22,94.519,77.289,32.355,9.0062,26.689,6.7863,18.74,1.6857,32.942,13.892,23.921,1.1005,18.713,2.2866,4.8061,2.3305,0.018595,0.83931,0.091349,53.323,42.827,62.349,53.971,27.337,77.977,22.386,37.533,33.813,46.912,47.606,41.946,18.611,0.03511139999999999,-0.012893000000000043,2.4760000000001128,0.5349099999999964,-0.024540400000000018,-1.4488800000000026,2.8899999999998727,0.1457899999999981,-0.14321999999999946,1.3687999999999931,0.914100000000019,0.13465999999999667,0.10696199999999934,0.21580000000000155,0.00601999999999947,-0.017559999999996023,0.06925999999999988,-0.14283800000000002,0.10905999999999949,0.00011792999999999873,0.003354500000000038,-0.005927950000000001,-0.6757100000000023,3.30799,16.698990000000002,0.21861999999999782,-4.26323,0.3358300000000014,0.304230000000004,0.8573799999999991,0.3705199999999991,36.4
2020-01-02 12:27:00,0.27957,3670.4,4515.5,9.3033,26.804,42.076,2711.7,75.56,120.39,0.31572,80.08,50.7,2641.0,26.928,49.55,3106.2,22.518,65.688,233.14,342.56,94.735,77.616,32.355,9.0062,26.689,6.7863,18.74,1.6857,32.942,13.892,23.921,1.1005,18.713,2.2866,4.8061,2.3305,0.018595,0.83931,0.091349,53.323,42.827,62.541,53.856,27.338,79.296,22.71,37.402,40.16,45.494,47.511,41.034,19.126,0.03510139999999998,-0.049293000000000475,5.675999999999931,0.5039100000000047,-0.023470400000000002,0.708120000000001,6.289999999999964,-0.46821000000000623,-0.3752199999999988,3.198799999999977,1.254099999999994,0.13465999999999667,0.10696199999999934,0.21580000000000155,0.00601999999999947,-0.017559999999996023,0.06925999999999988,-0.14283800000000002,0.10905999999999949,0.00011792999999999873,0.003354500000000038,-0.005927950000000001,-0.4837100000000021,3.3089900000000014,18.017990000000005,0.5426199999999994,2.083769999999994,-1.0821699999999979,0.20923000000000513,-0.05461999999999989,0.8855199999999996,36.45
2020-01-02 12:30:00,0.23533,3669.2,4481.6,9.3185,26.843,42.657,2709.6,75.228,120.41,0.34336,79.99,50.395,2638.6,24.244,48.639,3106.6,23.707,65.706,231.55,342.44,94.317,77.358,32.147,9.0219,26.778,6.6744,18.757,1.6829,32.714,13.838,24.261,1.2499,18.864,2.2825,4.8137,2.1924,0.034073,0.84353,0.093992,53.402,42.926,63.603,54.546,22.858,76.769,22.454,40.494,39.263,43.385,47.698,41.559,16.329,-0.009138599999999997,-0.03409300000000037,3.576000000000022,0.1719099999999969,0.0041695999999999955,0.40312000000000126,3.8899999999998727,-1.3792100000000005,0.8137800000000013,1.6088000000000022,1.1340999999999894,-0.07334000000000174,0.12266200000000005,0.3048000000000002,0.023020000000002483,-0.24555999999999756,0.015259999999999607,0.006561999999999957,0.2600599999999993,0.015595929999999997,0.0075745000000000395,-0.003284949999999995,0.5782900000000026,-1.171009999999999,15.490990000000004,0.2866199999999992,1.1867699999999957,-3.1911699999999996,0.39623000000000275,0.4703799999999987,-1.911480000000001,36.5
2020-01-02 12:33:00,0.23329,3710.1,4548.3,9.429,27.129,42.151,2709.1,74.943,120.4,0.34243,80.025,50.614,2637.8,26.146,48.585,3106.5,23.599,65.707,230.81,342.09,94.599,77.555,32.147,9.0219,26.778,6.6744,18.757,1.6829,32.714,13.838,24.261,1.2499,18.864,2.2825,4.8137,2.1924,0.034073,0.84353,0.093992,53.402,42.926,62.898,53.748,23.059,76.136,22.455,40.608,39.907,43.26,47.823,41.11,16.559,-0.01117860000000001,0.07640699999999967,3.076000000000022,-0.11308999999999969,0.003239600000000009,0.6221199999999953,3.0900000000001455,-1.4332100000000025,0.7057800000000007,0.8687999999999931,0.7840999999999667,-0.07334000000000174,0.12266200000000005,0.3048000000000002,0.023020000000002483,-0.24555999999999756,0.015259999999999607,0.006561999999999957,0.2600599999999993,0.015595929999999997,0.0075745000000000395,-0.003284949999999995,-0.12670999999999566,-0.9700099999999985,14.857989999999994,0.2876199999999969,1.830769999999994,-3.3161699999999996,0.5212300000000027,0.02138000000000062,-1.6814800000000005,36.55
2020-01-02 12:36:00,0.25235,3693.4,4492.5,9.4297,26.728,42.276,2708.9,74.841,120.42,0.33423,80.087,50.046,2638.1,26.882,50.761,3107.1,23.352,65.734,233.43,342.25,94.352,77.124,31.796,8.8617,26.656,6.8614,18.646,1.6578,33.156,13.746,24.349,1.2256,18.918,2.3032,4.7818,2.2497,0.034073,0.84353,0.093992,53.402,42.926,64.311,54.381,25.005,76.82,22.042,40.23,38.235,48.296,47.642,42.01,17.17,0.00788140000000001,0.07710699999999981,2.8760000000002037,-0.21509000000000356,-0.004960399999999976,0.0541199999999975,3.3899999999998727,0.7427899999999994,0.45878000000000085,3.4887999999999977,0.9440999999999917,-0.4243400000000008,-0.03753799999999963,0.1828000000000003,-0.08797999999999817,0.1964400000000026,-0.07673999999999914,-0.01773800000000003,0.3140599999999978,0.015595929999999997,0.0075745000000000395,-0.003284949999999995,1.2862900000000081,0.9759899999999995,15.541989999999991,-0.12537999999999982,0.15876999999999697,1.7198300000000017,0.34023000000000536,0.9213799999999992,-1.0704799999999999,36.6
2020-01-02 12:39:00,0.25262,3712.0,4525.5,9.2899,27.187,42.117,2707.9,75.383,120.37,0.33864,79.965,50.154,2636.3,23.853,51.009,3105.3,22.742,65.744,231.58,341.71,94.503,77.393,31.796,8.8617,26.656,6.8614,18.646,1.6578,33.156,13.746,24.349,1.2256,18.918,2.3032,4.7818,2.2497,0.034073,0.84353,0.093992,53.402,42.926,63.99,53.985,24.979,76.296,22.195,39.691,38.553,48.87,47.865,41.381,18.607,0.008151400000000003,-0.06269300000000122,1.8760000000002037,0.32690999999999804,-0.0005504000000000064,0.1621200000000016,1.5900000000001455,0.990789999999997,-0.15121999999999858,1.6388000000000034,0.40409999999997126,-0.4243400000000008,-0.03753799999999963,0.1828000000000003,-0.08797999999999817,0.1964400000000026,-0.07673999999999914,-0.01773800000000003,0.3140599999999978,0.015595929999999997,0.0075745000000000395,-0.003284949999999995,0.9652900000000031,0.9499899999999997,15.017990000000005,0.027619999999998868,0.4767699999999948,2.29383,0.5632300000000043,0.2923800000000014,0.36651999999999774,36.65
2020-01-02 12:42:00,0.28899,3672.3,4560.6,9.2459,26.975,42.388,2707.7,74.157,120.42,0.32708,80.07,50.452,2636.3,24.374,49.284,3105.2,23.926,65.783,232.74,341.96,94.338,77.041,32.249,8.8885,26.245,6.9618,18.515,1.65,33.761,13.827,24.283,1.219,18.399,2.2515,4.7492,2.3268,0.034073,0.84353,0.093992,53.402,42.926,63.141,53.849,28.537,76.109,22.207,38.587,39.429,44.876,47.815,41.536,15.814,0.044521400000000017,-0.10669299999999993,1.6759999999999309,-0.899090000000001,-0.012110400000000021,0.4601199999999963,1.5900000000001455,-0.7342100000000045,1.032779999999999,2.7988,0.6540999999999713,0.028660000000002128,-0.010737999999999914,-0.22819999999999752,-0.2189799999999984,0.8014400000000066,0.004260000000000375,-0.02433799999999997,-0.20494000000000057,0.015595929999999997,0.0075745000000000395,-0.003284949999999995,0.11628999999999934,4.5079899999999995,14.830989999999993,0.03961999999999932,1.3527699999999996,-1.70017,0.5132300000000001,0.44738000000000255,-2.4264800000000015,36.7
2020-01-02 12:45:00,0.28794,3667.3,4543.0,9.3068,27.223,42.024,2707.5,75.305,120.36,0.32588,79.955,50.481,2636.1,26.319,51.031,3103.6,23.376,65.757,231.0,341.9,94.554,77.232,32.249,8.8885,26.245,6.9618,18.515,1.65,33.761,13.827,24.283,1.219,18.399,2.2515,4.7492,2.3268,0.018917,0.85048,0.073224,53.523,44.106,63.228,54.059,28.64,76.48,22.473,38.734,39.515,48.921,48.144,40.523,17.124,0.043471399999999966,-0.04579299999999975,1.4760000000001128,0.2489100000000093,-0.0133104,0.4891199999999998,1.3899999999998727,1.0127899999999954,0.48278000000000176,1.0587999999999909,0.594099999999969,0.028660000000002128,-0.010737999999999914,-0.22819999999999752,-0.2189799999999984,0.8014400000000066,0.004260000000000375,-0.02433799999999997,-0.20494000000000057,0.0004399299999999981,0.014524500000000051,-0.024052950000000003,0.20329000000000264,4.610990000000001,15.201990000000002,0.30561999999999756,1.438769999999998,2.3448300000000017,0.8422300000000007,-0.5656199999999956,-1.1164800000000028,36.75
2020-01-02 12:48:00,0.24673,3622.4,4581.0,9.2947,26.494,42.55,2705.3,75.442,120.41,0.33218,79.834,50.016,2634.7,25.56,49.255,3101.8,23.076,65.729,233.34,342.26,94.596,76.797,31.661,8.9398,26.528,6.9242,18.972,1.6427,32.967,13.921,24.277,1.1445,18.209,2.2695,4.7651,2.2624,0.018917,0.85048,0.073224,53.523,44.106,63.09,53.961,24.403,77.247,22.411,40.086,38.148,44.809,48.045,41.808,17.873,0.0022613999999999967,-0.05789299999999997,-0.7239999999997053,0.38590999999999553,-0.007010400000000028,0.024119999999996367,-0.010000000000218279,-0.7632100000000008,0.18278000000000105,3.3987999999999943,0.9540999999999826,-0.5593399999999988,0.04056199999999954,0.05480000000000018,0.23802000000000234,0.007440000000002556,0.09825999999999979,-0.09883799999999998,-0.39494000000000185,0.0004399299999999981,0.014524500000000051,-0.024052950000000003,0.06529000000000451,0.37398999999999916,15.968989999999998,0.24361999999999995,0.07177000000000078,-1.7671700000000001,0.743230000000004,0.719380000000001,-0.3674800000000005,36.8
2020-01-02 12:51:00,0.24773,3660.9,4544.7,9.2714,27.066,42.375,2706.0,74.701,120.38,0.33601,79.809,49.378,2634.4,26.084,51.469,3102.3,22.952,65.702,232.79,341.96,94.696,77.6,31.661,8.9398,26.528,6.9242,18.972,1.6427,32.967,13.921,24.277,1.1445,18.209,2.2695,4.7651,2.2624,0.018917,0.85048,0.073224,53.523,44.106,62.429,54.396,24.304,76.134,22.449,39.619,36.268,49.935,48.204,39.868,18.126,0.0032613999999999976,-0.08119300000000074,-0.023999999999887223,-0.3550900000000041,-0.0031804000000000276,-0.6138800000000018,-0.30999999999994543,1.4507899999999978,0.058780000000002275,2.848799999999983,0.6540999999999713,-0.5593399999999988,0.04056199999999954,0.05480000000000018,0.23802000000000234,0.007440000000002556,0.09825999999999979,-0.09883799999999998,-0.39494000000000185,0.0004399299999999981,0.014524500000000051,-0.024052950000000003,-0.5957099999999969,0.27498999999999896,14.855989999999998,0.2816200000000002,-1.8082300000000018,3.3588300000000046,0.902230000000003,-1.2206199999999967,-0.11448000000000036,36.85
2020-01-02 12:54:00,0.30677,3641.7,4502.7,9.3291,26.911,41.962,2709.7,75.745,120.4,0.34799,80.208,50.339,2638.9,25.597,50.047,3104.7,23.654,65.772,236.37,342.19,94.566,77.634,32.556,8.9329,26.583,6.963,18.763,1.7079,32.793,13.78,24.072,1.2857,18.374,2.2665,4.8068,2.3158,0.018917,0.85048,0.073224,53.523,44.106,63.031,53.782,30.17,76.523,22.733,40.749,39.099,46.643,47.993,41.656,16.433,0.06230139999999998,-0.023493000000000208,3.675999999999931,0.688910000000007,0.008799600000000019,0.34711999999999676,4.190000000000055,0.028789999999993654,0.7607800000000005,6.428799999999995,0.8840999999999894,0.3356599999999972,0.03366199999999964,0.1097999999999999,0.02902000000000271,-0.16655999999999693,-0.04274000000000022,0.04236200000000001,-0.2299400000000027,0.0004399299999999981,0.014524500000000051,-0.024052950000000003,0.006289999999999907,6.140990000000002,15.244989999999994,0.5656199999999991,1.0227699999999942,0.06683000000000305,0.6912300000000045,0.56738,-1.8074800000000018,36.9
2020-01-02 12:57:00,0.30764,3643.1,4524.9,9.3142,26.849,42.452,2709.1,74.747,120.38,0.34414,80.192,49.223,2637.8,24.202,48.132,3105.9,22.434,65.849,235.44,342.24,94.507,77.428,32.556,8.9329,26.583,6.963,18.763,1.7079,32.793,13.78,24.072,1.2857,18.374,2.2665,4.8068,2.3158,0.018917,0.85048,0.073224,53.523,44.106,63.007,53.516,30.084,76.852,22.3,41.219,35.812,42.211,48.176,40.495,19.333,0.06317140000000002,-0.03839300000000101,3.076000000000022,-0.30908999999999764,0.0049495999999999984,-0.7688800000000029,3.0900000000001455,-1.8862100000000055,-0.4592199999999984,5.498799999999989,0.9341000000000008,0.3356599999999972,0.03366199999999964,0.1097999999999999,0.02902000000000271,-0.16655999999999693,-0.04274000000000022,0.04236200000000001,-0.2299400000000027,0.0004399299999999981,0.014524500000000051,-0.024052950000000003,-0.017710000000001003,6.05499,15.573990000000002,0.1326199999999993,-2.264230000000005,-4.365169999999999,0.8742300000000043,-0.5936200000000014,1.0925199999999968,36.95
2020-01-02 13:00:00,0.21937,3623.5,4505.2,9.3747,27.232,42.264,2707.7,74.747,120.42,0.33145,80.044,49.072,2636.3,26.594,48.933,3102.4,23.862,65.86,235.25,342.79,94.695,77.076,32.78,8.8303,26.169,6.7616,18.65,1.6501,32.861,13.716,23.98,1.1946,18.982,2.2637,4.8133,2.3405,0.01935,0.82968,0.10065,53.11,43.876,62.946,54.25,21.901,73.831,22.866,39.035,35.368,44.065,48.493,40.808,15.972,-0.0250986,0.0221070000000001,1.6759999999999309,-0.30908999999999764,-0.007740399999999981,-0.9198799999999991,1.5900000000001455,-1.0852100000000036,0.9687799999999989,5.308799999999991,1.4841000000000122,0.5596600000000009,-0.06893800000000105,-0.304199999999998,-0.08398000000000039,-0.09855999999999909,-0.10674000000000028,-0.04873799999999995,0.37805999999999784,0.0008729299999999975,-0.006275499999999989,0.0033730500000000024,-0.07871000000000095,-2.1280099999999997,12.552990000000001,0.6986199999999982,-2.7082300000000004,-2.51117,1.1912300000000045,-0.280619999999999,-2.268480000000002,37.0
2020-01-02 13:03:00,0.22207,3603.4,4550.2,9.3353,26.788,42.145,2705.6,75.892,120.36,0.32955,79.965,49.919,2634.3,26.929,52.959,3102.4,21.845,65.836,233.82,342.28,94.613,77.213,32.78,8.8303,26.169,6.7616,18.65,1.6501,32.861,13.716,23.98,1.1946,18.982,2.2637,4.8133,2.3405,0.01935,0.82968,0.10065,53.11,43.876,63.292,53.711,21.635,76.201,22.514,39.266,37.861,53.383,48.811,40.111,20.761,-0.02239860000000002,-0.017293000000000447,-0.42399999999997817,0.8359099999999984,-0.009640399999999993,-0.07288000000000494,-0.4099999999998545,2.94079,-1.0482200000000006,3.878799999999984,0.9740999999999644,0.5596600000000009,-0.06893800000000105,-0.304199999999998,-0.08398000000000039,-0.09855999999999909,-0.10674000000000028,-0.04873799999999995,0.37805999999999784,0.0008729299999999975,-0.006275499999999989,0.0033730500000000024,0.2672900000000027,-2.394009999999998,14.922989999999992,0.34661999999999793,-0.21523000000000536,6.806830000000005,1.5092300000000023,-0.9776200000000017,2.5205199999999977,37.05
2020-01-02 13:06:00,0.1943,3730.8,4494.8,9.264,27.051,42.118,2705.6,74.714,120.42,0.32444,79.964,50.205,2634.5,27.323,51.339,3101.9,22.537,65.856,236.21,342.25,94.744,77.059,32.182,8.7836,26.506,6.8233,18.915,1.6716,32.717,13.941,24.158,1.1592,18.499,2.2777,4.8355,2.2777,0.01935,0.82968,0.10065,53.11,43.876,62.885,54.663,19.124,76.869,22.501,38.078,38.702,49.633,48.787,41.448,19.131,-0.05016860000000001,-0.08859300000000125,-0.42399999999997817,-0.3420899999999989,-0.014750399999999997,0.21311999999999642,-0.21000000000003638,1.3207899999999952,-0.3562200000000004,6.268799999999999,0.9440999999999917,-0.03833999999999804,-0.11563800000000057,0.03280000000000172,0.18102000000000018,-0.24255999999999744,0.11826000000000114,-0.08413800000000005,-0.1049400000000027,0.0008729299999999975,-0.006275499999999989,0.0033730500000000024,-0.1397100000000009,-4.905010000000001,15.590989999999998,0.3336199999999998,0.6257699999999957,3.056830000000005,1.4852300000000014,0.3593800000000016,0.8905199999999986,37.1
2020-01-02 13:09:00,0.19364,3672.8,4557.2,9.241,27.177,42.443,2703.8,74.615,120.39,0.32332,80.016,49.624,2632.9,25.608,48.401,3100.7,22.277,65.851,238.57,341.67,94.496,77.526,32.182,8.7836,26.506,6.8233,18.915,1.6716,32.717,13.941,24.158,1.1592,18.499,2.2777,4.8355,2.2777,0.01935,0.82968,0.10065,53.11,43.876,63.883,53.916,19.189,76.642,22.481,38.214,36.993,42.832,48.766,41.323,19.718,-0.0508286,-0.11159300000000094,-2.2239999999997053,-0.44109000000000265,-0.015870400000000007,-0.36787999999999954,-1.8099999999999454,-1.61721,-0.6162199999999984,8.628799999999984,0.36410000000000764,-0.03833999999999804,-0.11563800000000057,0.03280000000000172,0.18102000000000018,-0.24255999999999744,0.11826000000000114,-0.08413800000000005,-0.1049400000000027,0.0008729299999999975,-0.006275499999999989,0.0033730500000000024,0.8582900000000038,-4.8400099999999995,15.363989999999994,0.31362000000000023,-1.0832300000000004,-3.744169999999997,1.4642300000000006,0.2343800000000016,1.4775199999999984,37.15
2020-01-02 13:12:00,0.25104,3664.4,4486.8,9.2357,27.026,42.41,2702.5,74.756,120.39,0.34751,79.969,50.094,2630.5,26.431,50.795,3099.9,22.984,65.884,236.28,341.09,94.695,76.983,32.879,8.8606,26.673,6.8135,18.545,1.6812,33.423,13.719,23.829,1.2846,18.429,2.2586,4.8979,2.2826,0.01935,0.82968,0.10065,53.11,43.876,63.571,54.106,24.325,75.858,22.29,41.274,38.377,48.373,49.159,41.109,18.08,0.006571399999999977,-0.11689300000000102,-3.5239999999998872,-0.3000899999999973,0.008319599999999983,0.10211999999999932,-4.210000000000036,0.7767899999999983,0.0907800000000023,6.338799999999992,-0.2159000000000333,0.6586599999999976,-0.038638000000000616,0.19979999999999976,-0.18897999999999726,0.4634400000000056,-0.10374000000000017,0.04126199999999991,-0.17494000000000298,0.0008729299999999975,-0.006275499999999989,0.0033730500000000024,0.546289999999999,0.29598999999999975,14.579990000000002,0.12261999999999773,0.30077,1.79683,1.8572300000000013,0.02038000000000295,-0.1604800000000033,37.2
2020-01-02 13:15:00,0.24948,3686.2,4513.8,9.3572,27.238,42.361,2701.8,74.984,120.39,0.34805,80.019,52.205,2630.7,26.784,50.163,3099.1,22.662,65.88,235.1,341.41,94.486,77.191,32.879,8.8606,26.673,6.8135,18.545,1.6812,33.423,13.719,23.829,1.2846,18.429,2.2586,4.8979,2.2826,0.019544,0.84428,0.10608,52.732,44.742,63.196,53.783,24.478,75.624,22.433,41.21,44.59,46.911,48.928,41.264,18.839,0.005011399999999999,0.004607000000000028,-4.223999999999705,-0.07209000000000287,0.008859600000000023,2.2131199999999964,-4.010000000000218,0.1447899999999933,-0.23122000000000043,5.158799999999985,0.10410000000001673,0.6586599999999976,-0.038638000000000616,0.19979999999999976,-0.18897999999999726,0.4634400000000056,-0.10374000000000017,0.04126199999999991,-0.17494000000000298,0.0010669299999999972,0.008324500000000068,0.008803049999999993,0.17128999999999905,0.448990000000002,14.345989999999993,0.2656199999999984,6.513770000000001,0.33483000000000374,1.6262299999999996,0.1753800000000041,0.598519999999997,37.25
2020-01-02 13:18:00,0.17709,3674.1,4551.9,9.3114,27.045,42.141,2701.3,74.37,120.4,0.32119,80.067,50.149,2630.6,26.424,49.804,3097.9,21.738,65.922,237.22,340.89,94.567,77.296,31.926,8.9836,26.208,6.7667,19.224,1.6595,32.832,13.785,24.091,1.1756,18.439,2.2509,4.8254,2.2795,0.019544,0.84428,0.10608,52.732,44.742,63.55,54.242,17.635,75.679,22.427,38.572,38.538,46.081,48.698,41.135,21.025,-0.06737860000000001,-0.04119299999999981,-4.723999999999705,-0.686089999999993,-0.018000400000000027,0.15711999999999904,-4.110000000000127,-0.21421000000000134,-1.15522,7.27879999999999,-0.4159000000000219,-0.2943400000000018,0.08436199999999872,-0.2652000000000001,0.49002000000000123,-0.12755999999999545,-0.03773999999999944,-0.06773800000000008,-0.16494000000000142,0.0010669299999999972,0.008324500000000068,0.008803049999999993,0.5252899999999983,-6.394009999999998,14.40099,0.2596199999999982,0.46176999999999424,-0.49516999999999456,1.3962300000000027,0.0463799999999992,2.784519999999997,37.3
2020-01-02 13:21:00,0.18008,3699.1,4514.4,9.335,26.928,42.155,2699.5,76.087,120.41,0.32478,80.086,49.556,2628.4,26.5,49.861,3097.3,23.695,65.93,233.91,340.79,94.625,77.289,31.926,8.9836,26.208,6.7667,19.224,1.6595,32.832,13.785,24.091,1.1756,18.439,2.2509,4.8254,2.2795,0.019544,0.84428,0.10608,52.732,44.742,63.12,54.69,17.341,74.695,21.856,38.134,36.792,46.212,48.95,41.114,16.378,-0.06438860000000002,-0.017592999999999748,-6.523999999999887,1.0309100000000058,-0.01441039999999999,-0.4358800000000045,-6.309999999999945,-0.1572100000000063,0.8017800000000008,3.9687999999999874,-0.5158999999999878,-0.2943400000000018,0.08436199999999872,-0.2652000000000001,0.49002000000000123,-0.12755999999999545,-0.03773999999999944,-0.06773800000000008,-0.16494000000000142,0.0010669299999999972,0.008324500000000068,0.008803049999999993,0.09528999999999854,-6.6880099999999985,13.416989999999991,-0.31137999999999977,-1.2842300000000009,-0.36416999999999433,1.6482300000000052,0.025379999999998404,-1.8624800000000015,37.35
2020-01-02 13:24:00,0.27064,3731.4,4478.8,9.2951,26.577,42.328,2698.8,75.307,120.41,0.32692,80.063,48.694,2627.1,26.472,50.101,3098.0,23.192,65.946,234.47,339.83,94.536,76.858,32.622,8.9466,26.129,6.9392,18.646,1.6522,32.849,13.962,23.688,1.2475,18.671,2.2902,4.8759,2.3379,0.019544,0.84428,0.10608,52.732,44.742,63.06,53.433,26.125,76.019,21.511,39.512,34.256,46.767,48.857,40.738,17.605,0.026171399999999984,-0.057493000000000904,-7.223999999999705,0.25091000000000463,-0.012270400000000015,-1.2978799999999993,-7.610000000000127,0.0827899999999957,0.2987800000000007,4.52879999999999,-1.4759000000000242,0.4016599999999997,0.04736199999999968,-0.3441999999999972,-0.08797999999999817,-0.11055999999999955,0.13926000000000016,0.004161999999999999,0.0670599999999979,0.0010669299999999972,0.008324500000000068,0.008803049999999993,0.035290000000003374,2.0959900000000005,14.740990000000004,-0.6563800000000022,-3.8202300000000022,0.19083000000000538,1.5552300000000017,-0.35061999999999927,-0.6354800000000012,37.4
2020-01-02 13:27:00,0.26858,3692.2,4471.6,9.252,26.635,42.7,2699.0,74.649,120.4,0.32858,80.086,50.889,2627.4,25.132,49.904,3098.2,22.084,65.916,236.97,339.91,94.611,77.075,32.622,8.9466,26.129,6.9392,18.646,1.6522,32.849,13.962,23.688,1.2475,18.671,2.2902,4.8759,2.3379,0.019544,0.84428,0.10608,52.732,44.742,63.736,53.52,26.327,75.407,21.518,39.309,40.717,46.311,48.592,41.313,20.229,0.024111399999999977,-0.10059299999999993,-7.023999999999887,-0.4070899999999966,-0.01061040000000002,0.897120000000001,-7.309999999999945,-0.11420999999999992,-0.8092199999999998,7.02879999999999,-1.3958999999999833,0.4016599999999997,0.04736199999999968,-0.3441999999999972,-0.08797999999999817,-0.11055999999999955,0.13926000000000016,0.004161999999999999,0.0670599999999979,0.0010669299999999972,0.008324500000000068,0.008803049999999993,0.7112899999999982,2.297990000000002,14.128989999999995,-0.6493800000000007,2.6407699999999963,-0.2651699999999977,1.290230000000001,0.22438000000000358,1.9885199999999976,37.45
2020-01-02 13:30:00,0.20267,3680.4,4503.6,9.3382,26.492,42.504,2697.9,74.725,120.38,0.3471,80.114,49.43,2626.8,24.783,50.943,3094.9,24.074,65.909,238.23,339.87,94.617,77.098,32.355,8.9242,26.295,7.0089,18.922,1.69,32.815,13.917,24.094,1.388,18.742,2.3146,4.8763,2.414,0.0074315,0.84041,0.10629,53.484,42.971,62.453,54.529,19.393,77.034,21.789,41.867,36.422,48.716,48.816,40.689,15.509,-0.04179860000000002,-0.0143930000000001,-8.123999999999796,-0.3310900000000032,0.007909600000000017,-0.5618800000000022,-7.9099999999998545,0.9247899999999944,1.1807800000000022,8.28879999999998,-1.4359000000000037,0.13465999999999667,0.024962000000000373,-0.1781999999999968,0.18802000000000163,-0.14455999999999847,0.09426000000000023,0.14466199999999985,0.1380599999999994,-0.011045570000000001,0.004454500000000028,0.009013049999999995,-0.5717099999999959,-4.636009999999999,15.755990000000004,-0.37837999999999994,-1.6542300000000054,2.1398300000000035,1.5142300000000048,-0.39961999999999875,-2.7314800000000012,37.5
2020-01-02 13:33:00,0.20094,3658.9,4534.9,9.3626,26.496,41.951,2697.4,74.628,120.41,0.34973,80.154,51.288,2625.6,25.422,50.721,3095.2,23.131,65.963,237.5,339.77,94.717,77.203,32.355,8.9242,26.295,7.0089,18.922,1.69,32.815,13.917,24.094,1.388,18.742,2.3146,4.8763,2.414,0.0074315,0.84041,0.10629,53.484,42.971,62.822,54.155,19.563,77.1,21.605,41.546,41.89,48.202,49.001,41.159,17.742,-0.0435286,0.010006999999999877,-8.623999999999796,-0.4280899999999974,0.010539599999999982,1.2961199999999948,-9.110000000000127,0.7027899999999931,0.23778000000000077,7.558799999999991,-1.5359000000000265,0.13465999999999667,0.024962000000000373,-0.1781999999999968,0.18802000000000163,-0.14455999999999847,0.09426000000000023,0.14466199999999985,0.1380599999999994,-0.011045570000000001,0.004454500000000028,0.009013049999999995,-0.20270999999999617,-4.466010000000001,15.821989999999992,-0.562380000000001,3.813769999999998,1.6258300000000006,1.69923,0.07038000000000011,-0.4984800000000007,37.55
2020-01-02 13:36:00,0.22232,3629.4,4496.9,9.3082,26.776,42.339,2697.5,75.476,120.39,0.34147,80.28,49.795,2625.4,26.153,50.541,3096.6,23.048,66.008,236.06,339.52,94.785,77.588,32.294,8.867,26.094,7.0612,18.571,1.6339,32.642,13.883,23.991,1.4688,18.86,2.2812,4.8756,2.2021,0.0074315,0.84041,0.10629,53.484,42.971,62.633,53.932,21.926,77.913,21.535,41.521,37.496,47.786,49.246,40.245,17.898,-0.02214860000000002,-0.04439300000000124,-8.523999999999887,0.41991000000000156,0.0022795999999999927,-0.19688000000000017,-9.309999999999945,0.5227899999999934,0.1547799999999988,6.118799999999993,-1.7859000000000265,0.07365999999999673,-0.032237999999999545,-0.3791999999999973,-0.16297999999999746,-0.3175599999999932,0.060259999999999536,0.22546200000000005,0.25605999999999796,-0.011045570000000001,0.004454500000000028,0.009013049999999995,-0.39170999999999623,-2.103010000000001,16.634989999999995,-0.6323800000000013,-0.5802300000000002,1.2098300000000037,1.9442300000000046,-0.8436200000000014,-0.3424800000000019,37.6
2020-01-02 13:39:00,0.22291,3622.8,4514.7,9.2363,26.588,42.368,2699.1,74.6,120.43,0.34485,80.423,50.231,2627.0,26.465,52.166,3097.6,22.026,66.062,235.01,339.17,94.816,77.478,32.294,8.867,26.094,7.0612,18.571,1.6339,32.642,13.883,23.991,1.4688,18.86,2.2812,4.8756,2.2021,0.0074315,0.84041,0.10629,53.484,42.971,62.746,53.717,21.868,77.203,21.424,41.109,38.778,51.546,49.455,41.365,20.314,-0.02155860000000001,-0.11629300000000065,-6.923999999999978,-0.4560900000000032,0.005659599999999987,0.23911999999999978,-7.710000000000036,2.1477899999999934,-0.8672199999999997,5.068799999999982,-2.1358999999999924,0.07365999999999673,-0.032237999999999545,-0.3791999999999973,-0.16297999999999746,-0.3175599999999932,0.060259999999999536,0.22546200000000005,0.25605999999999796,-0.011045570000000001,0.004454500000000028,0.009013049999999995,-0.2787099999999967,-2.161010000000001,15.924990000000001,-0.7433800000000019,0.7017699999999962,4.969830000000002,2.1532300000000006,0.2763800000000032,2.0735199999999985,37.65
2020-01-02 13:42:00,0.22677,3615.6,4567.7,9.2249,26.701,42.01,2699.4,75.458,120.36,0.34221,80.362,47.959,2627.7,24.495,50.22,3098.9,23.048,66.099,235.22,339.19,94.835,77.263,32.25,9.1095,26.256,6.8903,18.902,1.6053,32.656,13.887,24.27,1.2657,18.643,2.2649,4.9224,2.2945,0.0074315,0.84041,0.10629,53.484,42.971,62.267,53.949,22.364,75.55,21.571,40.654,32.094,47.044,49.55,40.046,17.901,-0.01769860000000001,-0.12769300000000072,-6.623999999999796,0.4019100000000009,0.003019600000000011,-2.0328799999999987,-7.010000000000218,0.20178999999999547,0.1547799999999988,5.27879999999999,-2.1159000000000106,0.029659999999999798,0.21026200000000017,-0.21719999999999828,0.16802000000000206,-0.3035599999999974,0.06426000000000087,0.022361999999999993,0.039059999999999206,-0.011045570000000001,0.004454500000000028,0.009013049999999995,-0.7577099999999959,-1.6650099999999988,14.271989999999995,-0.5963799999999999,-5.982230000000001,0.4678299999999993,2.2482299999999995,-1.0426199999999994,-0.3394800000000018,37.7
2020-01-02 13:45:00,0.22678,3595.7,4513.3,9.3384,26.972,42.423,2700.0,74.202,120.4,0.34223,80.235,48.325,2627.5,24.19,49.566,3099.3,21.471,66.076,236.02,339.14,94.798,77.135,32.25,9.1095,26.256,6.8903,18.902,1.6053,32.656,13.887,24.27,1.2657,18.643,2.2649,4.9224,2.2945,0.022657,0.84774,0.098974,54.536,44.313,62.609,54.6,22.362,75.852,21.83,40.651,33.17,45.53,49.506,40.788,21.662,-0.0176886,-0.014193000000000566,-6.023999999999887,-0.8540899999999993,0.0030395999999999757,-1.666879999999999,-7.210000000000036,-0.4522100000000009,-1.4222199999999994,6.078800000000001,-2.165900000000022,0.029659999999999798,0.21026200000000017,-0.21719999999999828,0.16802000000000206,-0.3035599999999974,0.06426000000000087,0.022361999999999993,0.039059999999999206,0.004179929999999998,0.011784500000000087,0.0016970500000000055,-0.41570999999999714,-1.6670100000000012,14.573990000000002,-0.3373800000000031,-4.906230000000001,-1.0461699999999965,2.2042300000000026,-0.3006200000000021,3.4215199999999975,37.75
2020-01-02 13:48:00,0.22976,3662.4,4519.4,9.3565,26.905,42.259,2697.3,74.981,120.38,0.34089,79.935,49.458,2625.6,26.121,52.807,3097.9,22.351,66.005,236.65,338.8,94.878,77.04,32.217,8.9217,26.565,6.8852,19.19,1.6695,32.701,13.944,23.346,1.3121,18.84,2.2516,4.9626,2.255,0.022657,0.84774,0.098974,54.536,44.313,62.872,53.723,22.738,75.828,21.713,40.995,36.505,53.029,49.533,40.269,19.61,-0.014708600000000016,0.003906999999999883,-8.723999999999705,-0.07509000000000299,0.0016996000000000233,-0.5338800000000035,-9.110000000000127,2.7887899999999988,-0.5422200000000004,6.7087999999999965,-2.505899999999997,-0.003340000000001453,0.022461999999999094,0.09180000000000277,0.4560200000000023,-0.2585599999999957,0.12126000000000126,0.06876199999999999,0.23605999999999838,0.004179929999999998,0.011784500000000087,0.0016970500000000055,-0.152709999999999,-1.29101,14.549990000000001,-0.45438000000000045,-1.57123,6.452830000000006,2.2312300000000036,-0.8196200000000005,1.3695199999999979,37.8
2020-01-02 13:51:00,0.23071,3689.3,4511.7,9.2768,26.632,42.107,2700.5,74.908,120.42,0.34122,80.107,48.293,2628.3,26.784,48.637,3099.8,22.541,65.976,238.44,339.46,94.703,77.448,32.217,8.9217,26.565,6.8852,19.19,1.6695,32.701,13.944,23.346,1.3121,18.84,2.2516,4.9626,2.255,0.022657,0.84774,0.098974,54.536,44.313,62.408,53.814,22.645,78.856,21.255,40.955,33.076,43.379,49.458,41.332,19.13,-0.01375860000000001,-0.07579300000000089,-5.523999999999887,-0.14808999999999628,0.0020296000000000203,-1.6988800000000026,-6.4099999999998545,-1.381210000000003,-0.3522199999999991,8.498799999999989,-1.8459000000000287,-0.003340000000001453,0.022461999999999094,0.09180000000000277,0.4560200000000023,-0.2585599999999957,0.12126000000000126,0.06876199999999999,0.23605999999999838,0.004179929999999998,0.011784500000000087,0.0016970500000000055,-0.6167099999999976,-1.38401,17.577989999999993,-0.9123800000000024,-5.000230000000002,-3.19717,2.1562300000000008,0.24338000000000193,0.8895199999999974,37.85
2020-01-02 13:54:00,0.23237,3682.8,4472.8,9.3714,26.621,42.274,2701.0,74.844,120.4,0.34698,80.189,50.648,2629.5,25.947,48.85,3100.7,23.36,65.959,240.85,339.18,94.82,77.002,31.757,8.9017,26.438,6.7718,19.359,1.6653,32.548,13.862,24.163,1.2723,18.625,2.2331,4.9129,2.2821,0.022657,0.84774,0.098974,54.536,44.313,62.56,53.529,23.02,77.641,21.528,41.932,40.006,43.873,49.324,40.632,17.22,-0.012098600000000015,0.018806999999998908,-5.023999999999887,-0.21209000000000344,0.007789600000000008,0.6561200000000014,-5.210000000000036,-1.168210000000002,0.46678,10.908799999999985,-2.1259000000000015,-0.46333999999999875,0.00246199999999952,-0.035199999999999676,0.6250200000000028,-0.4115599999999944,0.03926000000000052,0.028961999999999932,0.021059999999998524,0.004179929999999998,0.011784500000000087,0.0016970500000000055,-0.4647099999999966,-1.00901,16.362990000000003,-0.6393800000000027,1.9297699999999978,-2.70317,2.0222300000000004,-0.4566200000000009,-1.0204800000000027,37.9
2020-01-02 13:57:00,0.23215,3653.0,4474.7,9.3277,26.694,42.23,2702.8,74.942,120.43,0.34645,80.391,50.734,2631.0,27.259,51.304,3102.4,23.473,66.018,237.27,339.18,94.593,77.727,31.757,8.9017,26.438,6.7718,19.359,1.6653,32.548,13.862,24.163,1.2723,18.625,2.2331,4.9129,2.2821,0.022657,0.84774,0.098974,54.536,44.313,63.074,53.506,23.042,78.1,21.827,41.996,40.261,49.552,49.723,41.713,16.883,-0.012318600000000013,-0.024893000000000498,-3.2239999999997053,-0.11409000000000447,0.007259599999999977,0.7421199999999999,-3.7100000000000364,1.2857899999999987,0.5797799999999995,7.328800000000001,-2.1259000000000015,-0.46333999999999875,0.00246199999999952,-0.035199999999999676,0.6250200000000028,-0.4115599999999944,0.03926000000000052,0.028961999999999932,0.021059999999998524,0.004179929999999998,0.011784500000000087,0.0016970500000000055,0.04928999999999917,-0.987009999999998,16.821989999999992,-0.3403799999999997,2.1847700000000003,2.975830000000002,2.4212300000000013,0.6243800000000022,-1.3574800000000025,37.95
2020-01-02 14:00:00,0.27938,3704.8,4424.9,9.4767,26.959,42.676,2703.9,75.969,120.4,0.34156,80.487,49.589,2632.4,26.471,49.086,3104.1,22.946,66.116,238.74,338.97,94.517,77.54,32.367,8.8739,26.394,6.7327,19.022,1.6833,32.408,13.993,24.062,1.4192,18.299,2.2363,4.7809,2.2832,0.0025689,0.84262,0.10277,53.675,43.44,63.227,53.601,27.551,77.095,21.583,40.516,36.889,44.419,49.869,40.525,18.123,0.03491140000000001,0.12410699999999864,-2.1239999999997963,0.9129099999999966,0.0023695999999999717,-0.40288000000000324,-2.3099999999999454,-0.9322100000000049,0.05278000000000205,8.7988,-2.335899999999981,0.14665999999999713,-0.02533799999999964,-0.07920000000000016,0.2880199999999995,-0.5515599999999949,0.17026000000000074,0.17586199999999996,-0.304940000000002,-0.015908170000000003,0.006664500000000073,0.005493049999999999,0.20228999999999786,3.521989999999999,15.816989999999997,-0.584380000000003,-1.1872299999999996,-2.1571700000000007,2.567230000000002,-0.5636200000000002,-0.11748000000000047,38.0
2020-01-02 14:03:00,0.27763,3697.9,4437.8,9.4586,26.804,42.209,2703.7,74.671,120.44,0.34043,80.464,50.131,2632.4,25.468,47.656,3104.5,23.446,66.187,237.15,339.54,94.454,77.453,32.367,8.8739,26.394,6.7327,19.022,1.6833,32.408,13.993,24.062,1.4192,18.299,2.2363,4.7809,2.2832,0.0025689,0.84262,0.10277,53.675,43.44,63.345,53.447,27.722,77.135,21.687,40.654,38.486,41.11,50.17,42.085,16.925,0.03316139999999998,0.10600699999999996,-2.324000000000069,-0.38508999999999105,0.0012396000000000074,0.13911999999999836,-2.3099999999999454,-2.3622100000000046,0.552780000000002,7.2087999999999965,-1.7658999999999878,0.14665999999999713,-0.02533799999999964,-0.07920000000000016,0.2880199999999995,-0.5515599999999949,0.17026000000000074,0.17586199999999996,-0.304940000000002,-0.015908170000000003,0.006664500000000073,0.005493049999999999,0.32028999999999996,3.6929900000000018,15.856990000000003,-0.48038000000000025,0.40976999999999464,-5.466169999999998,2.868230000000004,0.996380000000002,-1.3154800000000009,38.05
2020-01-02 14:06:00,0.2233,3691.0,4511.5,9.2154,26.888,42.492,2700.3,74.86,120.38,0.35396,80.24,48.366,2628.8,25.106,49.84,3101.3,22.9,66.178,239.67,339.42,94.533,77.18,32.279,8.7883,26.461,7.0154,18.86,1.6586,32.49,13.71,24.092,1.2868,18.646,2.3017,4.9119,2.2801,0.0025689,0.84262,0.10277,53.675,43.44,63.929,53.322,21.724,77.044,21.433,42.647,33.29,46.164,50.106,40.368,18.253,-0.02116860000000001,-0.1371929999999999,-5.723999999999705,-0.1960899999999981,0.014769599999999994,-1.6258800000000022,-5.9099999999998545,-0.17820999999999998,0.00677999999999912,9.728799999999978,-1.8858999999999924,0.058660000000003265,-0.11093800000000087,-0.012199999999999989,0.12602000000000046,-0.4695599999999942,-0.11273999999999873,0.04346199999999989,0.04205999999999932,-0.015908170000000003,0.006664500000000073,0.005493049999999999,0.9042900000000031,-2.3050099999999993,15.765989999999995,-0.7343800000000016,-4.786230000000003,-0.41216999999999615,2.804230000000004,-0.7206199999999967,0.012519999999998532,38.1
2020-01-02 14:09:00,0.22242,3704.5,4506.1,9.2227,27.072,42.341,2698.2,75.362,120.41,0.35404,80.112,49.391,2625.6,27.621,48.587,3099.1,23.003,66.153,241.14,339.01,94.485,77.31,32.279,8.7883,26.461,7.0154,18.86,1.6586,32.49,13.71,24.092,1.2868,18.646,2.3017,4.9119,2.2801,0.0025689,0.84262,0.10277,53.675,43.44,63.698,53.386,21.811,78.135,21.366,42.638,36.308,43.263,50.14,41.773,18.01,-0.0220486,-0.12989300000000092,-7.824000000000069,0.30590999999999724,0.014849600000000018,-0.6008800000000036,-9.110000000000127,-1.43121,0.10978000000000065,11.198799999999977,-2.2959000000000174,0.058660000000003265,-0.11093800000000087,-0.012199999999999989,0.12602000000000046,-0.4695599999999942,-0.11273999999999873,0.04346199999999989,0.04205999999999932,-0.015908170000000003,0.006664500000000073,0.005493049999999999,0.6732900000000015,-2.2180099999999996,16.856990000000003,-0.8013800000000018,-1.7682300000000026,-3.3131699999999995,2.838230000000003,0.6843800000000044,-0.23048000000000002,38.15
2020-01-02 14:12:00,0.22673,3655.8,4505.2,9.3388,27.212,42.558,2699.9,75.429,120.4,0.32492,80.293,48.475,2628.0,26.065,47.583,3099.5,23.034,66.168,238.79,339.39,94.603,77.394,32.222,8.8275,26.521,6.9044,19.037,1.6766,32.713,13.693,23.915,1.1253,18.876,2.2655,4.9271,2.3087,0.0025689,0.84262,0.10277,53.675,43.44,62.064,53.769,22.789,76.643,21.882,38.661,33.611,40.941,50.513,40.82,17.923,-0.01773860000000002,-0.013792999999999722,-6.123999999999796,0.3729100000000045,-0.014270400000000016,-1.5168800000000005,-6.710000000000036,-2.435210000000005,0.14077999999999946,8.848799999999983,-1.915900000000022,0.001660000000001105,-0.07173799999999986,0.047800000000002285,0.30302000000000007,-0.24655999999999523,-0.12973999999999997,-0.11803800000000009,0.27205999999999975,-0.015908170000000003,0.006664500000000073,0.005493049999999999,-0.9607099999999988,-1.240009999999998,15.364989999999999,-0.28537999999999997,-4.465230000000005,-5.635169999999995,3.2112300000000005,-0.2686199999999985,-0.3174800000000033,38.2
2020-01-02 14:15:00,0.22859,3632.8,4502.2,9.3522,27.242,41.809,2700.5,75.728,120.39,0.32663,80.27,51.265,2629.0,25.192,51.44,3099.7,22.568,66.173,240.9,339.37,94.694,77.574,32.222,8.8275,26.521,6.9044,19.037,1.6766,32.713,13.693,23.915,1.1253,18.876,2.2655,4.9271,2.3087,-0.0013044,0.86244,0.10654,54.053,43.577,62.459,53.805,22.606,77.221,21.767,38.453,41.823,49.866,50.372,41.246,19.017,-0.01587860000000002,-0.00039300000000075386,-5.523999999999887,0.6719099999999969,-0.012560400000000027,1.2731199999999987,-5.710000000000036,1.4217899999999943,-0.32521999999999807,10.958799999999997,-1.9359000000000037,0.001660000000001105,-0.07173799999999986,0.047800000000002285,0.30302000000000007,-0.24655999999999523,-0.12973999999999997,-0.11803800000000009,0.27205999999999975,-0.019781470000000002,0.026484500000000022,0.009263049999999995,-0.5657099999999957,-1.4230099999999979,15.942990000000002,-0.40038000000000196,3.746769999999998,3.289830000000002,3.0702300000000022,0.1573800000000034,0.7765199999999979,38.25
2020-01-02 14:18:00,0.23497,3672.9,4471.6,9.4202,26.967,42.33,2703.3,74.752,120.42,0.31885,80.435,47.779,2632.4,24.423,51.243,3103.2,22.561,66.216,240.41,338.92,94.709,77.375,32.273,8.9374,26.406,7.0963,18.675,1.6689,32.974,13.995,24.302,1.2916,18.797,2.2547,4.8173,2.3977,-0.0013044,0.86244,0.10654,54.053,43.577,62.67,53.707,22.935,76.668,21.49,38.764,31.564,49.411,50.526,40.883,19.028,-0.009498599999999996,0.06760699999999886,-2.7239999999997053,-0.3040900000000022,-0.02034039999999998,-2.2128799999999984,-2.3099999999999454,1.2247899999999987,-0.3322199999999995,10.468799999999987,-2.3858999999999924,0.05266000000000304,0.03816199999999981,-0.0671999999999997,-0.058979999999998256,0.014440000000000452,0.17225999999999964,0.04826200000000003,0.19305999999999912,-0.019781470000000002,0.026484500000000022,0.009263049999999995,-0.3547099999999972,-1.0940100000000008,15.389990000000004,-0.677380000000003,-6.512230000000002,2.8348300000000037,3.2242300000000057,-0.20561999999999614,0.7875199999999971,38.3
2020-01-02 14:21:00,0.23507,3637.6,4491.3,9.2488,26.832,42.799,2702.4,75.052,120.4,0.31894,80.231,51.068,2629.7,24.41,50.271,3103.5,22.318,66.249,241.71,338.98,94.6,77.015,32.273,8.9374,26.406,7.0963,18.675,1.6689,32.974,13.995,24.302,1.2916,18.797,2.2547,4.8173,2.3977,-0.0013044,0.86244,0.10654,54.053,43.577,63.277,53.471,22.926,77.001,21.469,38.753,41.244,47.161,50.519,41.183,19.636,-0.009398600000000007,-0.10379300000000136,-3.6239999999997963,-0.004089999999990823,-0.0202504,1.076119999999996,-5.010000000000218,0.2527899999999974,-0.5752199999999981,11.768799999999999,-2.32589999999999,0.05266000000000304,0.03816199999999981,-0.0671999999999997,-0.058979999999998256,0.014440000000000452,0.17225999999999964,0.04826200000000003,0.19305999999999912,-0.019781470000000002,0.026484500000000022,0.009263049999999995,0.2522900000000021,-1.1030100000000012,15.722990000000003,-0.6983800000000002,3.1677699999999973,0.5848300000000037,3.2172300000000007,0.09438000000000102,1.3955199999999977,38.35
2020-01-02 14:24:00,0.22868,3606.2,4523.2,9.3044,26.596,42.079,2700.8,74.422,120.37,0.35762,80.003,50.393,2628.9,23.344,50.67,3100.0,23.128,66.174,242.91,339.61,94.906,76.827,32.244,9.1151,26.956,6.7044,18.488,1.7134,32.415,13.905,24.31,1.2334,18.121,2.2905,4.897,2.3074,-0.0013044,0.86244,0.10654,54.053,43.577,62.022,53.964,22.461,76.79,21.793,42.155,39.257,48.085,50.525,40.572,17.748,-0.015788600000000014,-0.04819300000000126,-5.223999999999705,-0.6340900000000005,0.01842959999999999,0.4011199999999988,-5.809999999999945,0.6517899999999983,0.23478000000000065,12.968799999999987,-1.6958999999999946,0.02365999999999957,0.21586199999999955,0.482800000000001,-0.24597999999999942,-0.544559999999997,0.08225999999999978,-0.009938000000000002,-0.4829400000000028,-0.019781470000000002,0.026484500000000022,0.009263049999999995,-1.0027100000000004,-1.568010000000001,15.511990000000004,-0.37438000000000216,1.1807699999999954,1.5088300000000032,3.223230000000001,-0.5166199999999961,-0.4924800000000005,38.4
2020-01-02 14:27:00,0.2263,3611.7,4532.3,9.2697,27.093,42.117,2702.7,74.245,120.39,0.35655,80.046,50.031,2630.9,26.759,49.796,3101.1,22.968,66.112,241.76,339.85,94.792,77.358,32.244,9.1151,26.956,6.7044,18.488,1.7134,32.415,13.905,24.31,1.2334,18.121,2.2905,4.897,2.3074,-0.0013044,0.86244,0.10654,54.053,43.577,61.927,53.854,22.695,78.073,22.142,42.285,38.192,46.063,50.745,40.897,18.103,-0.018168600000000007,-0.08289300000000033,-3.324000000000069,-0.811089999999993,0.017359599999999975,0.039119999999996935,-3.8099999999999454,-0.22221000000000402,0.07478000000000051,11.818799999999982,-1.4558999999999855,0.02365999999999957,0.21586199999999955,0.482800000000001,-0.24597999999999942,-0.544559999999997,0.08225999999999978,-0.009938000000000002,-0.4829400000000028,-0.019781470000000002,0.026484500000000022,0.009263049999999995,-1.0977099999999993,-1.3340099999999993,16.79498999999999,-0.025380000000001957,0.11576999999999771,-0.5131699999999952,3.44323,-0.19162000000000035,-0.13748000000000005,38.45
2020-01-02 14:30:00,0.23022,3694.6,4559.6,9.4125,26.864,42.247,2706.4,74.677,120.41,0.34429,80.084,49.097,2634.9,25.73,50.506,3105.3,22.876,66.132,244.37,339.67,94.624,77.33,31.455,8.9108,26.607,6.9022,18.779,1.6022,32.66,14.009,24.124,1.3105,18.843,2.2778,4.9429,2.2868,0.02246,0.84746,0.094085,52.47,44.083,63.921,54.019,22.721,76.461,21.827,41.548,35.444,47.704,51.164,41.198,18.32,-0.0142486,0.059906999999999044,0.3760000000002037,-0.3790899999999908,0.005099599999999982,-0.8948800000000006,0.19000000000005457,0.48778999999999684,-0.017219999999998237,14.428799999999995,-1.6358999999999924,-0.7653400000000019,0.011561999999999628,0.1338000000000008,0.04502000000000095,-0.2995599999999996,0.18626000000000076,0.06716199999999994,0.2390599999999985,0.003982929999999999,0.011504500000000029,-0.003191949999999999,0.8962900000000005,-1.3080099999999995,15.182989999999997,-0.3403799999999997,-2.63223,1.127830000000003,3.862230000000004,0.10938000000000159,0.0795199999999987,38.5
2020-01-02 14:33:00,0.23042,3688.4,4564.7,9.4622,26.856,42.518,2708.2,75.259,120.42,0.34396,80.392,51.369,2637.4,24.367,49.65,3108.3,23.703,66.178,245.39,339.27,94.397,77.744,31.455,8.9108,26.607,6.9022,18.779,1.6022,32.66,14.009,24.124,1.3105,18.843,2.2778,4.9429,2.2868,0.02246,0.84746,0.094085,52.47,44.083,64.029,53.959,22.702,74.984,21.822,41.589,42.128,45.725,51.418,41.44,16.305,-0.014048599999999994,0.10960699999999868,2.175999999999931,0.2029100000000028,0.004769599999999985,1.377119999999998,2.6900000000000546,-0.3682100000000048,0.8097799999999999,15.448799999999977,-2.0359000000000265,-0.7653400000000019,0.011561999999999628,0.1338000000000008,0.04502000000000095,-0.2995599999999996,0.18626000000000076,0.06716199999999994,0.2390599999999985,0.003982929999999999,0.011504500000000029,-0.003191949999999999,1.0042899999999975,-1.3270099999999978,13.705989999999993,-0.34538000000000224,4.051769999999998,-0.8511699999999962,4.116230000000002,0.3513799999999989,-1.9354800000000019,38.55
2020-01-02 14:36:00,0.30995,3666.8,4497.9,9.3139,27.005,42.745,2708.1,74.63,120.42,0.35635,80.328,48.588,2636.3,24.781,51.784,3110.3,22.892,66.306,245.58,338.97,94.522,77.264,32.255,8.881,26.605,6.6923,19.08,1.6304,32.567,13.983,24.375,1.2286,18.691,2.2748,4.7953,2.306,0.02246,0.84746,0.094085,52.47,44.083,62.739,54.067,30.572,78.496,21.323,43.057,33.945,50.662,51.739,42.113,18.249,0.0654814,-0.03869300000000031,2.076000000000022,-0.4260900000000021,0.017159599999999997,-1.403880000000001,1.5900000000001455,1.7657899999999955,-0.0012199999999999989,15.638800000000003,-2.335899999999981,0.034660000000002356,-0.0182380000000002,0.13180000000000192,0.34601999999999933,-0.392559999999996,0.16026000000000096,-0.01473800000000014,0.08705999999999747,0.003982929999999999,0.011504500000000029,-0.003191949999999999,-0.2857100000000017,6.54299,17.217989999999993,-0.844380000000001,-4.131230000000002,4.085830000000001,4.43723,1.0243800000000007,0.008519999999997196,38.6
2020-01-02 14:39:00,0.31134,3630.1,4513.5,9.4031,26.497,42.536,2707.7,73.999,120.4,0.36024,80.138,49.427,2635.3,25.328,50.167,3109.2,23.322,66.312,245.33,339.11,94.521,77.332,32.255,8.881,26.605,6.6923,19.08,1.6304,32.567,13.983,24.375,1.2286,18.691,2.2748,4.7953,2.306,0.02246,0.84746,0.094085,52.47,44.083,63.369,53.88,30.436,77.24,21.186,42.583,36.415,46.92,52.103,40.521,17.234,0.0668714,0.050506999999999636,1.6759999999999309,-1.0570900000000023,0.0210496,-0.5648800000000023,0.5900000000001455,0.1487899999999982,0.4287799999999997,15.388800000000003,-2.1958999999999946,0.034660000000002356,-0.0182380000000002,0.13180000000000192,0.34601999999999933,-0.392559999999996,0.16026000000000096,-0.01473800000000014,0.08705999999999747,0.003982929999999999,0.011504500000000029,-0.003191949999999999,0.3442900000000009,6.40699,15.961989999999993,-0.9813800000000015,-1.6612300000000033,0.3438300000000041,4.801230000000004,-0.567619999999998,-1.0064799999999998,38.65
2020-01-02 14:42:00,0.23613,3717.9,4467.0,9.2745,26.626,42.625,2705.4,74.737,120.4,0.35406,79.961,49.716,2632.7,25.305,50.889,3106.1,23.078,66.321,246.77,340.3,94.538,76.706,31.982,8.9543,26.59,6.8651,18.254,1.67,32.392,13.644,24.352,1.1078,18.842,2.2869,4.9002,2.2651,0.02246,0.84746,0.094085,52.47,44.083,63.78,53.673,23.287,77.176,21.456,42.92,37.264,48.591,52.315,40.92,17.873,-0.008338600000000002,-0.07809300000000086,-0.6239999999997963,-0.31909000000000276,0.014869599999999983,-0.2758800000000008,-2.0100000000002183,0.8707899999999995,0.18477999999999994,16.8288,-1.005899999999997,-0.23834000000000088,0.0550619999999995,0.11680000000000135,-0.47997999999999763,-0.5675599999999932,-0.17873999999999945,-0.13553800000000016,0.23805999999999727,0.003982929999999999,0.011504500000000029,-0.003191949999999999,0.7552900000000022,-0.7420100000000005,15.89799,-0.7113800000000019,-0.8122299999999996,2.0148300000000035,5.01323,-0.1686199999999971,-0.3674800000000005,38.7
2020-01-02 14:45:00,0.23543,3745.7,4448.6,9.3884,26.662,42.397,2703.6,75.988,120.4,0.35319,79.806,51.014,2632.5,23.094,49.962,3103.3,23.125,66.226,249.09,340.48,94.475,77.001,31.982,8.9543,26.59,6.8651,18.254,1.67,32.392,13.644,24.352,1.1078,18.842,2.2869,4.9002,2.2651,0.027788,0.83815,0.10728,53.159,43.617,63.302,53.893,23.356,77.677,21.715,43.026,41.084,46.445,52.106,41.218,17.769,-0.009038600000000008,0.035807000000000144,-2.423999999999978,0.931910000000002,0.013999600000000001,1.022120000000001,-2.2100000000000364,-0.05621000000000009,0.23178000000000054,19.148799999999994,-0.8258999999999901,-0.23834000000000088,0.0550619999999995,0.11680000000000135,-0.47997999999999763,-0.5675599999999932,-0.17873999999999945,-0.13553800000000016,0.23805999999999727,0.009310929999999999,0.002194499999999988,0.01000305,0.2772900000000007,-0.6730099999999979,16.398990000000005,-0.45238000000000156,3.0077700000000007,-0.13116999999999734,4.804230000000004,0.1293800000000047,-0.47148000000000323,38.75
2020-01-02 14:48:00,0.26347,3677.1,4550.2,9.3418,26.691,42.557,2706.2,74.725,120.41,0.3173,80.048,48.249,2635.3,25.928,49.92,3106.1,23.225,66.254,249.52,340.04,94.543,77.678,32.021,8.7615,26.296,6.8557,19.344,1.6619,32.709,13.818,24.295,1.5419,18.538,2.2238,4.9909,2.2554,0.027788,0.83815,0.10728,53.159,43.617,63.063,54.724,25.937,76.065,21.718,38.294,32.948,46.348,52.26,40.873,17.482,0.019001399999999974,-0.010793000000001385,0.17599999999993088,-0.3310900000000032,-0.021890399999999977,-1.7428799999999995,0.5900000000001455,-0.09821000000000168,0.33178000000000196,19.5788,-1.2658999999999878,-0.1993399999999994,-0.13773800000000058,-0.17719999999999914,0.6100200000000022,-0.250559999999993,-0.0047399999999999665,0.298562,-0.06594000000000122,0.009310929999999999,0.002194499999999988,0.01000305,0.03829000000000349,1.9079900000000016,14.786989999999996,-0.44938000000000144,-5.128230000000002,-0.22816999999999865,4.95823,-0.21562000000000126,-0.7584800000000023,38.8
2020-01-02 14:51:00,0.26272,3687.2,4578.4,9.2332,27.108,42.551,2709.6,75.47,120.42,0.31848,80.338,49.096,2638.0,25.157,50.305,3110.7,23.419,66.327,249.99,339.88,94.339,77.758,32.021,8.7615,26.296,6.8557,19.344,1.6619,32.709,13.818,24.295,1.5419,18.538,2.2238,4.9909,2.2554,0.027788,0.83815,0.10728,53.159,43.617,62.89,54.386,26.01,78.306,21.732,38.15,35.438,47.24,52.404,41.888,16.982,0.0182514,-0.11939300000000053,3.576000000000022,0.41391000000000133,-0.020710400000000018,-0.8958800000000053,3.2899999999999636,0.2867899999999963,0.525780000000001,20.0488,-1.4259000000000128,-0.1993399999999994,-0.13773800000000058,-0.17719999999999914,0.6100200000000022,-0.250559999999993,-0.0047399999999999665,0.298562,-0.06594000000000122,0.009310929999999999,0.002194499999999988,0.01000305,-0.13470999999999833,1.980990000000002,17.027989999999996,-0.4353800000000021,-2.63823,0.6638300000000044,5.102230000000006,0.7993799999999993,-1.2584800000000023,38.85
2020-01-02 14:54:00,0.26032,3670.5,4470.0,9.3718,26.893,42.735,2710.5,74.445,120.38,0.33747,80.461,49.424,2639.1,23.538,49.814,3110.7,21.977,66.456,248.19,339.81,94.543,77.534,31.665,8.8238,26.836,6.8533,18.709,1.6686,32.541,13.851,24.119,1.1801,19.038,2.307,4.7203,2.2569,0.027788,0.83815,0.10728,53.159,43.617,63.28,53.005,25.885,75.739,21.734,40.359,36.405,46.104,52.745,40.778,20.397,0.015851399999999988,0.019206999999999752,4.476000000000113,-0.6110900000000044,-0.0017204000000000108,-0.5678800000000024,4.389999999999873,-0.20421000000000333,-0.9162199999999991,18.24879999999999,-1.495900000000006,-0.555340000000001,-0.07543800000000012,0.3628,-0.024979999999999336,-0.4185599999999994,0.028260000000001284,-0.06323800000000013,0.4340599999999988,0.009310929999999999,0.002194499999999988,0.01000305,0.25529000000000224,1.855990000000002,14.460990000000002,-0.43337999999999965,-1.6712300000000013,-0.4721699999999984,5.44323,-0.3106200000000001,2.156519999999997,38.9
2020-01-02 14:57:00,0.26073,3646.1,4443.6,9.5116,27.104,42.569,2706.1,75.034,120.4,0.33887,80.038,52.32,2633.7,25.91,50.247,3107.4,21.515,66.479,247.82,340.19,94.478,76.775,31.665,8.8238,26.836,6.8533,18.709,1.6686,32.541,13.851,24.119,1.1801,19.038,2.307,4.7203,2.2569,0.027788,0.83815,0.10728,53.159,43.617,63.701,53.32,25.845,75.265,21.451,40.189,44.926,47.105,52.959,41.762,21.567,0.01626140000000001,0.159006999999999,0.07600000000002183,-0.022089999999991505,-0.00032039999999999846,2.3281199999999984,-1.0100000000002183,0.2287899999999965,-1.378219999999999,17.878799999999984,-1.1159000000000106,-0.555340000000001,-0.07543800000000012,0.3628,-0.024979999999999336,-0.4185599999999994,0.028260000000001284,-0.06323800000000013,0.4340599999999988,0.009310929999999999,0.002194499999999988,0.01000305,0.6762900000000016,1.8159899999999993,13.986989999999999,-0.7163800000000009,6.8497699999999995,0.5288299999999992,5.6572300000000055,0.6733800000000016,3.3265199999999986,38.95
2020-01-02 15:00:00,0.29937,3637.4,4497.0,9.2889,27.171,42.219,2707.1,75.17,120.39,0.33797,79.892,50.901,2636.0,24.829,50.826,3105.2,22.42,66.41,249.19,340.71,94.589,77.209,31.738,9.0063,26.545,6.9734,18.725,1.6471,32.477,13.77,24.226,1.2084,18.34,2.2923,4.8611,2.2829,0.023464,0.82773,0.10797,53.804,43.73,63.897,54.197,29.536,76.442,22.22,41.207,40.751,48.446,52.799,41.218,19.409,0.05490140000000002,-0.06369300000000067,1.0760000000000218,0.11391000000000417,-0.0012204000000000104,0.9091200000000015,1.2899999999999636,0.8077899999999971,-0.47321999999999775,19.24879999999999,-0.5959000000000287,-0.48234000000000066,0.1070619999999991,0.0718000000000032,-0.008979999999997546,-0.48255999999999943,-0.05274000000000001,-0.034938000000000136,-0.2639400000000016,0.004986929999999997,-0.008225499999999997,0.010693049999999996,0.8722899999999996,5.506990000000002,15.163989999999991,0.05261999999999745,2.674769999999995,1.8698300000000003,5.497230000000002,0.1293800000000047,1.1685199999999973,39.0
2020-01-02 15:03:00,0.29849,3634.5,4520.9,9.2813,26.817,42.516,2707.8,74.62,120.41,0.34141,79.956,48.47,2636.0,27.507,50.188,3107.2,23.176,66.386,250.79,340.32,94.521,77.12,31.738,9.0063,26.545,6.9734,18.725,1.6471,32.477,13.77,24.226,1.2084,18.34,2.2923,4.8611,2.2829,0.023464,0.82773,0.10797,53.804,43.73,63.948,53.91,29.623,76.822,21.806,40.788,33.598,46.969,52.744,41.491,17.624,0.05402139999999997,-0.07129300000000072,1.7760000000002947,-0.436089999999993,0.0022195999999999882,-1.521880000000003,1.2899999999999636,0.169789999999999,0.2827799999999989,20.848799999999983,-0.9859000000000151,-0.48234000000000066,0.1070619999999991,0.0718000000000032,-0.008979999999997546,-0.48255999999999943,-0.05274000000000001,-0.034938000000000136,-0.2639400000000016,0.004986929999999997,-0.008225499999999997,0.010693049999999996,0.9232900000000015,5.593990000000002,15.54399,-0.3613800000000005,-4.4782300000000035,0.39283000000000357,5.442230000000002,0.40238000000000085,-0.6164800000000028,39.05
2020-01-02 15:06:00,0.29902,3605.7,4509.4,9.3891,26.822,42.457,2709.8,75.135,120.41,0.33295,80.091,49.296,2637.8,23.198,49.942,3108.9,22.842,66.407,252.14,340.69,94.613,77.619,32.217,8.6768,26.536,7.0287,18.835,1.6246,32.824,13.809,24.516,1.2124,18.239,2.2841,4.784,2.2969,0.023464,0.82773,0.10797,53.804,43.73,63.36,54.019,29.173,79.427,22.007,39.635,36.029,46.4,52.71,41.236,18.372,0.0545514,0.03650699999999851,3.7760000000002947,0.07891000000000759,-0.006240399999999979,-0.6958800000000025,3.0900000000001455,-0.07621000000000322,-0.05122000000000071,22.198799999999977,-0.6159000000000106,-0.003340000000001453,-0.22243800000000036,0.06280000000000285,0.10102000000000189,-0.13555999999999813,-0.013740000000000308,-0.030938000000000132,-0.3649400000000007,0.004986929999999997,-0.008225499999999997,0.010693049999999996,0.33529000000000053,5.143989999999999,18.148990000000005,-0.16037999999999997,-2.047229999999999,-0.17616999999999905,5.408230000000003,0.1473799999999983,0.1315199999999983,39.1
2020-01-02 15:09:00,0.29854,3647.3,4509.8,9.3738,26.938,41.801,2709.3,75.53,120.41,0.33833,79.956,50.758,2638.0,25.257,50.243,3107.8,23.315,66.43,252.84,340.89,94.511,77.056,32.217,8.6768,26.536,7.0287,18.835,1.6246,32.824,13.809,24.516,1.2124,18.239,2.2841,4.784,2.2969,0.023464,0.82773,0.10797,53.804,43.73,62.645,54.015,29.22,77.197,21.939,38.978,40.33,47.096,52.736,41.471,17.303,0.05407140000000002,0.021206999999998644,3.2760000000002947,0.4739100000000036,-0.0008603999999999834,0.7661200000000008,3.2899999999999636,0.2247899999999987,0.4217800000000018,22.898799999999994,-0.4159000000000219,-0.003340000000001453,-0.22243800000000036,0.06280000000000285,0.10102000000000189,-0.13555999999999813,-0.013740000000000308,-0.030938000000000132,-0.3649400000000007,0.004986929999999997,-0.008225499999999997,0.010693049999999996,-0.3797099999999958,5.190989999999999,15.91899,-0.22838000000000136,2.253769999999996,0.5198299999999989,5.4342299999999994,0.3823799999999977,-0.9374800000000008,39.15
2020-01-02 15:12:00,0.25398,3626.2,4557.3,9.3174,27.065,42.487,2711.0,74.198,120.38,0.33743,80.055,48.772,2640.2,24.599,49.035,3107.8,23.039,66.431,251.3,341.51,94.707,77.619,32.469,8.9911,26.718,6.8957,18.812,1.6507,32.989,13.923,24.195,1.2907,18.448,2.2426,4.9017,2.2273,0.023464,0.82773,0.10797,53.804,43.73,62.41,53.176,24.915,76.679,22.516,40.085,34.487,44.3,52.958,40.824,17.906,0.009511399999999975,-0.03519300000000136,4.976000000000113,-0.8580900000000042,-0.0017603999999999953,-1.2198800000000034,5.489999999999782,-0.9832100000000068,0.14578000000000202,21.358800000000002,0.20409999999998263,0.248660000000001,0.091861999999999,0.24480000000000146,0.0780200000000022,0.02944000000000102,0.10026000000000046,0.047361999999999904,-0.15594000000000108,0.004986929999999997,-0.008225499999999997,0.010693049999999996,-0.6147100000000023,0.8859899999999996,15.40099,0.3486199999999968,-3.5892300000000006,-2.2761700000000005,5.656230000000001,-0.26462000000000074,-0.3344800000000028,39.2
2020-01-02 15:15:00,0.25305,3607.4,4520.9,9.4865,27.214,42.585,2712.6,75.679,120.38,0.33979,80.176,50.177,2641.2,25.013,49.627,3110.2,22.42,66.452,250.26,341.71,94.617,77.507,32.469,8.9911,26.718,6.8957,18.812,1.6507,32.989,13.923,24.195,1.2907,18.448,2.2426,4.9017,2.2273,0.038818,0.82668,0.11794,52.639,43.799,62.734,53.613,25.006,76.819,22.469,39.797,38.621,45.671,52.864,40.989,19.37,0.008581399999999989,0.1339069999999989,6.576000000000022,0.6229100000000045,0.0005995999999999779,0.18511999999999773,6.489999999999782,-0.39121000000000095,-0.47321999999999775,20.31879999999998,0.40409999999997126,0.248660000000001,0.091861999999999,0.24480000000000146,0.0780200000000022,0.02944000000000102,0.10026000000000046,0.047361999999999904,-0.15594000000000108,0.020340929999999997,-0.009275499999999992,0.020663050000000002,-0.29070999999999714,0.9769900000000007,15.54099,0.3016199999999998,0.5447699999999998,-0.9051699999999983,5.56223,-0.0996200000000016,1.1295199999999994,39.25
2020-01-02 15:18:00,0.22958,3666.3,4464.9,9.3478,26.437,42.515,2712.3,74.722,120.41,0.34897,80.126,51.64,2641.0,23.856,48.971,3109.6,22.28,66.479,250.7,341.81,94.645,77.101,32.068,8.8449,26.691,6.8532,18.601,1.6249,32.843,13.686,24.391,1.1399,18.191,2.2474,4.8807,2.316,0.038818,0.82668,0.11794,52.639,43.799,62.81,54.33,22.208,77.722,22.326,41.795,42.928,44.153,52.789,41.684,19.722,-0.014888600000000002,-0.0047930000000011574,6.276000000000295,-0.33409000000000333,0.0097796,1.6481199999999987,6.289999999999964,-1.0472100000000069,-0.6132199999999983,20.75879999999998,0.504099999999994,-0.15234000000000236,-0.05433799999999955,0.21780000000000044,-0.13297999999999988,-0.11655999999999267,-0.13673999999999964,-0.10343800000000014,-0.4129400000000025,0.020340929999999997,-0.009275499999999992,0.020663050000000002,-0.21470999999999663,-1.8210100000000011,16.443989999999992,0.1586199999999991,4.851769999999995,-2.423169999999999,5.487230000000004,0.5953799999999987,1.4815199999999997,39.3
2020-01-02 15:21:00,0.22705,3677.1,4524.9,9.3335,26.748,42.534,2709.3,74.235,120.41,0.35085,79.87,49.533,2637.7,24.646,49.046,3107.9,22.706,66.445,252.62,341.62,94.552,77.005,32.068,8.8449,26.691,6.8532,18.601,1.6249,32.843,13.686,24.391,1.1399,18.191,2.2474,4.8807,2.316,0.038818,0.82668,0.11794,52.639,43.799,62.624,53.612,22.457,76.826,22.039,41.565,36.725,44.326,52.585,41.165,18.73,-0.017418600000000006,-0.019092999999999805,3.2760000000002947,-0.8210899999999981,0.011659599999999992,-0.4588800000000006,2.9899999999997817,-0.972210000000004,-0.18721999999999994,22.678799999999995,0.31409999999999627,-0.15234000000000236,-0.05433799999999955,0.21780000000000044,-0.13297999999999988,-0.11655999999999267,-0.13673999999999964,-0.10343800000000014,-0.4129400000000025,0.020340929999999997,-0.009275499999999992,0.020663050000000002,-0.40070999999999657,-1.5720099999999988,15.547989999999992,-0.12837999999999994,-1.351230000000001,-2.250169999999997,5.283230000000003,0.07638000000000034,0.48951999999999884,39.35
2020-01-02 15:24:00,0.26373,3673.0,4559.5,9.4486,26.742,42.081,2709.8,74.924,120.39,0.32681,79.818,49.741,2639.2,26.226,49.42,3107.3,22.442,66.394,249.43,342.14,94.757,76.988,32.015,8.999,26.382,6.9823,18.809,1.6394,32.897,13.68,24.092,1.3215,18.479,2.2804,4.9106,2.2761,0.038818,0.82668,0.11794,52.639,43.799,63.076,53.726,26.308,75.832,22.313,38.107,37.338,45.192,52.842,40.786,19.375,0.019261400000000012,0.09600700000000018,3.7760000000002947,-0.13208999999999094,-0.012380400000000014,-0.2508800000000022,4.489999999999782,-0.5982100000000017,-0.4512199999999993,19.488799999999998,0.8340999999999781,-0.20533999999999963,0.09976200000000013,-0.09119999999999706,0.07502000000000209,-0.06255999999999773,-0.14273999999999987,0.07816199999999984,-0.12494000000000227,0.020340929999999997,-0.009275499999999992,0.020663050000000002,0.05129000000000161,2.2789900000000003,14.553989999999992,0.14561999999999742,-0.7382300000000015,-1.3841699999999975,5.540230000000001,-0.30261999999999745,1.1345199999999984,39.4
2020-01-02 15:27:00,0.26432,3697.7,4506.4,9.5165,26.796,42.277,2710.0,74.444,120.41,0.32718,79.82,48.248,2638.7,25.963,50.613,3108.0,22.626,66.363,250.67,341.73,94.464,77.333,32.015,8.999,26.382,6.9823,18.809,1.6394,32.897,13.68,24.092,1.3215,18.479,2.2804,4.9106,2.2761,0.038818,0.82668,0.11794,52.639,43.799,62.65,54.361,26.25,74.714,22.145,38.062,32.943,47.952,52.704,41.412,18.924,0.01985139999999999,0.16390700000000002,3.9760000000001128,-0.6120899999999949,-0.012010399999999977,-1.7438800000000043,3.9899999999997817,0.5947899999999962,-0.26721999999999824,20.72879999999998,0.4241000000000099,-0.20533999999999963,0.09976200000000013,-0.09119999999999706,0.07502000000000209,-0.06255999999999773,-0.14273999999999987,0.07816199999999984,-0.12494000000000227,0.020340929999999997,-0.009275499999999992,0.020663050000000002,-0.3747100000000003,2.2209900000000005,13.435989999999997,-0.022380000000001843,-5.133230000000005,1.3758300000000006,5.402230000000003,0.3233800000000002,0.6835199999999979,39.45
2020-01-02 15:30:00,0.27412,3613.7,4535.3,9.4172,27.116,42.564,2712.1,75.083,120.39,0.32215,79.988,49.396,2640.6,23.775,50.063,3109.7,23.374,66.37,252.19,341.74,94.69,77.309,32.18,8.9393,26.857,6.7629,18.515,1.6416,33.269,13.818,24.189,1.3185,18.62,2.2279,4.8,2.3065,0.018068,0.82761,0.11313,53.436,43.943,62.93,53.517,26.596,77.484,22.384,38.331,36.322,46.68,52.495,41.174,17.142,0.029651399999999967,0.06460699999999875,6.076000000000022,0.026910000000000878,-0.01704040000000001,-0.5958800000000011,5.889999999999873,0.044789999999999,0.4807799999999993,22.24879999999999,0.4341000000000008,-0.04034000000000049,0.04006199999999893,0.3838000000000008,-0.2189799999999984,0.30944000000000216,-0.0047399999999999665,0.07516199999999995,0.01605999999999952,-0.00040907000000000096,-0.008345500000000006,0.015853049999999994,-0.09470999999999918,2.5669900000000005,16.205989999999993,0.21661999999999892,-1.7542299999999997,0.10383000000000209,5.19323,0.08538000000000068,-1.0984800000000021,39.5
2020-01-02 15:33:00,0.27268,3589.5,4524.9,9.4064,26.852,42.455,2711.9,75.125,120.4,0.32178,79.937,50.97,2641.9,25.1,50.331,3107.7,22.815,66.373,250.57,342.43,94.496,77.231,32.18,8.9393,26.857,6.7629,18.515,1.6416,33.269,13.818,24.189,1.3185,18.62,2.2279,4.8,2.3065,0.018068,0.82761,0.11313,53.436,43.943,63.347,53.642,26.737,76.855,22.503,38.377,40.954,47.3,52.591,41.18,18.48,0.02821139999999997,0.05380699999999905,5.876000000000204,0.06891000000000247,-0.017410399999999993,0.978119999999997,7.190000000000055,0.3127899999999997,-0.07821999999999818,20.628799999999984,1.1240999999999985,-0.04034000000000049,0.04006199999999893,0.3838000000000008,-0.2189799999999984,0.30944000000000216,-0.0047399999999999665,0.07516199999999995,0.01605999999999952,-0.00040907000000000096,-0.008345500000000006,0.015853049999999994,0.3222900000000024,2.707989999999999,15.576990000000002,0.3356199999999987,2.877769999999998,0.7238299999999995,5.289230000000003,0.0913800000000009,0.23951999999999884,39.55
2020-01-02 15:36:00,0.25797,3658.1,4527.1,9.4209,26.855,42.15,2712.6,74.654,120.43,0.3372,79.941,49.012,2642.0,25.591,49.448,3109.5,23.396,66.383,250.69,342.27,94.626,77.229,32.004,8.9693,26.725,6.9256,18.709,1.643,32.938,13.823,24.049,1.2185,18.56,2.2467,4.8271,2.2894,0.018068,0.82761,0.11313,53.436,43.943,64.098,54.356,25.232,76.552,22.473,40.073,35.192,45.256,52.532,41.794,17.096,0.013501399999999969,0.06830699999999901,6.576000000000022,-0.40209000000000117,-0.0019904000000000033,-0.9798800000000014,7.289999999999964,-0.570210000000003,0.5027800000000013,20.74879999999999,0.9640999999999735,-0.21634000000000242,0.07006200000000007,0.2518000000000029,-0.024979999999999336,-0.021559999999993806,0.00026000000000081513,-0.024838000000000138,-0.043940000000002755,-0.00040907000000000096,-0.008345500000000006,0.015853049999999994,1.07329,1.2029899999999998,15.273990000000005,0.30561999999999756,-2.8842300000000023,-1.3201699999999974,5.230229999999999,0.7053799999999981,-1.1444800000000015,39.6
2020-01-02 15:39:00,0.25958,3692.2,4508.7,9.3559,27.069,42.392,2712.5,75.471,120.4,0.33504,80.031,49.337,2642.3,23.5,49.585,3110.3,23.744,66.383,251.0,341.89,94.341,77.293,32.004,8.9693,26.725,6.9256,18.709,1.643,32.938,13.823,24.049,1.2185,18.56,2.2467,4.8271,2.2894,0.018068,0.82761,0.11313,53.436,43.943,63.512,54.576,25.073,75.687,22.342,40.336,36.15,45.574,52.454,40.856,16.252,0.01511139999999997,0.0033069999999995048,6.476000000000113,0.4149100000000061,-0.0041503999999999985,-0.6548799999999986,7.5900000000001455,-0.43321000000000254,0.8507800000000003,21.05879999999999,0.5840999999999781,-0.21634000000000242,0.07006200000000007,0.2518000000000029,-0.024979999999999336,-0.021559999999993806,0.00026000000000081513,-0.024838000000000138,-0.043940000000002755,-0.00040907000000000096,-0.008345500000000006,0.015853049999999994,0.48729000000000156,1.0439900000000009,14.408989999999996,0.17461999999999733,-1.9262300000000039,-1.0021699999999996,5.152230000000003,-0.23261999999999716,-1.9884800000000027,39.65
2020-01-02 15:42:00,0.2759,3643.1,4487.9,9.5523,27.247,42.544,2712.5,76.045,120.44,0.33882,80.053,50.288,2641.6,23.974,49.337,3110.3,23.346,66.406,251.21,342.26,94.593,77.58,32.206,9.0047,26.074,6.9435,18.475,1.608,33.222,13.951,24.593,1.2359,18.506,2.2514,4.7939,2.2778,0.018068,0.82761,0.11313,53.436,43.943,62.965,54.378,27.01,75.265,22.601,40.002,38.947,44.999,52.386,42.14,17.177,0.03143139999999997,0.19970700000000008,6.476000000000113,0.9889100000000042,-0.00037039999999999296,0.29611999999999483,6.889999999999873,-0.6812100000000001,0.4527800000000006,21.2688,0.9540999999999826,-0.014339999999997133,0.10546199999999928,-0.3991999999999969,-0.25897999999999755,0.2624400000000051,0.12826000000000093,-0.007438000000000056,-0.09794000000000125,-0.00040907000000000096,-0.008345500000000006,0.015853049999999994,-0.05970999999999549,2.980990000000002,13.986989999999999,0.4336199999999977,0.8707700000000003,-1.5771699999999953,5.084230000000005,1.0513800000000018,-1.063480000000002,39.7
2020-01-02 15:45:00,0.27612,3664.0,4508.4,9.2621,26.86,42.788,2710.1,75.161,120.37,0.33865,79.895,50.208,2638.6,26.14,50.355,3109.0,22.932,66.403,249.85,341.79,94.499,76.927,32.206,9.0047,26.074,6.9435,18.475,1.608,33.222,13.951,24.593,1.2359,18.506,2.2514,4.7939,2.2778,0.022266,0.83676,0.10214,53.612,43.647,62.605,54.132,26.989,77.046,22.283,40.023,38.714,47.355,52.466,40.607,18.208,0.03165139999999997,-0.09049300000000038,4.076000000000022,0.10491000000000383,-0.0005403999999999964,0.21611999999999654,3.8899999999998727,0.3367899999999935,0.03877999999999915,19.908799999999985,0.4841000000000122,-0.014339999999997133,0.10546199999999928,-0.3991999999999969,-0.25897999999999755,0.2624400000000051,0.12826000000000093,-0.007438000000000056,-0.09794000000000125,0.0037889299999999994,0.0008044999999999858,0.004863049999999994,-0.419710000000002,2.9599900000000012,15.767990000000005,0.11561999999999983,0.6377699999999962,0.7788299999999992,5.164230000000003,-0.4816199999999995,-0.03248000000000317,39.75
2020-01-02 15:48:00,0.25886,3659.3,4552.9,9.376,26.927,42.208,2709.8,74.888,120.4,0.35188,79.696,50.151,2638.2,24.623,49.045,3105.8,23.005,66.352,250.53,342.77,94.713,77.012,32.015,9.0322,26.434,6.8402,18.913,1.6171,32.679,13.668,24.449,1.297,18.287,2.2553,4.9664,2.4038,0.022266,0.83676,0.10214,53.612,43.647,62.481,54.205,25.018,76.94,22.571,41.937,38.543,44.324,52.363,41.406,18.05,0.014391399999999971,0.023406999999998845,3.7760000000002947,-0.1680899999999923,0.012689600000000023,0.15912000000000148,3.4899999999997817,-0.9732100000000017,0.11177999999999955,20.588799999999992,1.4640999999999735,-0.20533999999999963,0.13296199999999914,-0.03919999999999746,0.1790200000000013,-0.28055999999999415,-0.15474000000000032,0.053661999999999876,-0.31694000000000244,0.0037889299999999994,0.0008044999999999858,0.004863049999999994,-0.5437099999999973,0.9889900000000011,15.661989999999996,0.4036200000000001,0.4667699999999968,-2.2521699999999996,5.061230000000002,0.31738,-0.19048000000000087,39.8
2020-01-02 15:51:00,0.25674,3696.2,4517.5,9.3924,26.891,42.246,2711.9,75.405,120.36,0.35048,79.893,50.526,2640.9,25.463,51.55,3106.7,22.616,66.321,250.02,342.52,94.659,77.213,32.015,9.0322,26.434,6.8402,18.913,1.6171,32.679,13.668,24.449,1.297,18.287,2.2553,4.9664,2.4038,0.022266,0.83676,0.10214,53.612,43.647,61.846,54.63,25.227,76.297,22.652,42.109,39.648,50.122,52.368,39.873,18.956,0.012271400000000016,0.039806999999999704,5.876000000000204,0.3489100000000036,0.01128960000000001,0.5341200000000015,6.190000000000055,1.5317899999999938,-0.2772199999999998,20.0788,1.2140999999999735,-0.20533999999999963,0.13296199999999914,-0.03919999999999746,0.1790200000000013,-0.28055999999999415,-0.15474000000000032,0.053661999999999876,-0.31694000000000244,0.0037889299999999994,0.0008044999999999858,0.004863049999999994,-1.1787100000000024,1.1979900000000008,15.018989999999995,0.4846199999999996,1.5717700000000008,3.5458300000000023,5.0662300000000045,-1.2156200000000013,0.7155199999999979,39.85
2020-01-02 15:54:00,0.27828,3648.6,4499.7,9.4413,26.37,42.454,2710.7,74.399,120.41,0.3186,79.809,51.06,2639.6,26.322,50.697,3107.0,24.489,66.307,248.49,342.35,94.543,77.12,32.919,8.8181,26.193,6.9267,18.436,1.6509,32.821,13.828,23.929,1.434,18.428,2.28,4.8612,2.2013,0.022266,0.83676,0.10214,53.612,43.647,63.561,53.779,26.901,74.658,22.295,38.394,41.221,48.147,52.461,41.362,14.523,0.03381140000000002,0.08870699999999943,4.675999999999931,-0.6570899999999966,-0.02059040000000001,1.0681200000000004,4.889999999999873,0.6787899999999993,1.5957800000000013,18.5488,1.0441000000000145,0.6986599999999967,-0.08113800000000104,-0.2801999999999971,-0.297979999999999,-0.13855999999999824,0.00525999999999982,0.1906619999999999,-0.17594000000000065,0.0037889299999999994,0.0008044999999999858,0.004863049999999994,0.536290000000001,2.8719900000000003,13.37999,0.1276200000000003,3.144769999999994,1.5708300000000008,5.159230000000001,0.27338000000000306,-3.717480000000002,39.9
2020-01-02 15:57:00,0.27285,3664.4,4450.0,9.3075,26.866,42.525,2713.9,74.91,120.39,0.3207,80.195,48.221,2643.6,24.294,48.436,3109.8,22.823,66.356,249.29,342.27,94.51,77.655,32.919,8.8181,26.193,6.9267,18.436,1.6509,32.821,13.828,23.929,1.434,18.428,2.28,4.8612,2.2013,0.022266,0.83676,0.10214,53.612,43.647,63.288,54.374,27.434,77.742,22.61,38.138,32.866,42.914,52.346,40.708,18.417,0.028381399999999973,-0.04509300000000138,7.876000000000204,-0.14609000000000094,-0.018490400000000018,-1.7708800000000053,8.889999999999873,-1.5822100000000034,-0.07021999999999906,19.348799999999983,0.9640999999999735,0.6986599999999967,-0.08113800000000104,-0.2801999999999971,-0.297979999999999,-0.13855999999999824,0.00525999999999982,0.1906619999999999,-0.17594000000000065,0.0037889299999999994,0.0008044999999999858,0.004863049999999994,0.2632899999999978,3.4049900000000015,16.463990000000003,0.442619999999998,-5.210230000000003,-3.662169999999996,5.044229999999999,-0.3806200000000004,0.17652,39.95
2020-01-02 16:00:00,0.18716,3643.9,4564.7,9.2511,27.046,42.342,2710.9,75.168,120.39,0.33918,80.069,49.129,2639.6,24.896,48.916,3107.1,22.671,66.422,248.89,342.47,94.605,77.224,31.577,8.8591,26.519,6.8264,18.482,1.6721,32.89,13.73,24.091,1.1369,18.325,2.2073,4.7973,2.3124,0.014422,0.81355,0.10012,53.634,43.461,62.881,54.19,18.093,77.077,22.47,40.044,35.537,44.025,52.56,41.172,18.795,-0.057308600000000015,-0.10149300000000139,4.876000000000204,0.11191000000000884,-1.0400000000021503e-05,-0.8628800000000041,4.889999999999873,-1.1022100000000066,-0.22222000000000008,18.948799999999977,1.164100000000019,-0.6433399999999985,-0.04013800000000067,0.04579999999999984,-0.25197999999999965,-0.06955999999999563,-0.09273999999999916,-0.10643800000000003,-0.2789400000000022,-0.004055070000000001,-0.022405499999999967,0.0028430499999999997,-0.14370999999999867,-5.93601,15.798989999999996,0.30261999999999745,-2.5392300000000034,-2.551169999999999,5.258230000000005,0.08337999999999823,0.5545200000000001,40.0
2020-01-02 16:03:00,0.18599,3668.5,4512.6,9.3299,27.182,41.958,2707.8,75.052,120.38,0.33788,79.906,49.347,2637.1,25.344,49.822,3103.6,21.735,66.427,249.23,342.37,94.66,76.921,31.577,8.8591,26.519,6.8264,18.482,1.6721,32.89,13.73,24.091,1.1369,18.325,2.2073,4.7973,2.3124,0.014422,0.81355,0.10012,53.634,43.461,62.459,54.813,18.207,76.486,22.658,40.203,36.177,46.121,52.583,40.224,21.048,-0.05847860000000002,-0.022693000000000296,1.7760000000002947,-0.004089999999990823,-0.0013103999999999894,-0.6448800000000006,2.3899999999998727,-0.19621000000000066,-1.15822,19.28879999999998,1.0640999999999963,-0.6433399999999985,-0.04013800000000067,0.04579999999999984,-0.25197999999999965,-0.06955999999999563,-0.09273999999999916,-0.10643800000000003,-0.2789400000000022,-0.004055070000000001,-0.022405499999999967,0.0028430499999999997,-0.5657099999999957,-5.822009999999999,15.207990000000002,0.49061999999999983,-1.8992300000000029,-0.4551699999999954,5.281230000000001,-0.8646200000000022,2.8075199999999967,40.05
2020-01-02 16:06:00,0.31457,3643.4,4557.3,9.2783,26.874,42.689,2708.8,76.082,120.43,0.3268,79.762,49.736,2637.6,24.71,51.557,3104.5,23.442,66.378,249.0,342.25,94.581,76.937,32.461,8.8771,26.551,6.7827,18.959,1.6496,32.796,13.747,23.815,1.343,18.286,2.2633,4.7869,2.3746,0.014422,0.81355,0.10012,53.634,43.461,63.775,54.218,30.966,76.578,22.617,38.879,37.322,50.138,52.66,42.311,17.015,0.07010140000000001,-0.07429300000000083,2.7760000000002947,1.025909999999996,-0.012390400000000024,-0.25588000000000477,2.8899999999998727,1.5387899999999988,0.5487800000000007,19.05879999999999,0.9440999999999917,0.24065999999999832,-0.02213799999999999,0.07779999999999987,0.22502000000000066,-0.16355999999999682,-0.0757399999999997,0.09966199999999992,-0.3179400000000001,-0.004055070000000001,-0.022405499999999967,0.0028430499999999997,0.7502899999999997,6.9369900000000015,15.299990000000001,0.44961999999999946,-0.7542299999999997,3.5618300000000005,5.358229999999999,1.2223800000000011,-1.225480000000001,40.1
2020-01-02 16:09:00,0.31504,3691.5,4559.1,9.2976,26.948,42.208,2709.0,75.681,120.38,0.32477,79.795,51.0,2638.4,25.996,50.187,3106.0,22.649,66.326,251.1,342.44,94.584,77.071,32.461,8.8771,26.551,6.7827,18.959,1.6496,32.796,13.747,23.815,1.343,18.286,2.2633,4.7869,2.3746,0.014422,0.81355,0.10012,53.634,43.461,62.947,54.196,30.92,78.411,22.346,39.127,41.043,46.966,52.53,40.716,18.899,0.07057139999999998,-0.0549930000000014,2.9760000000001128,0.6249099999999999,-0.0144204,1.0081199999999981,3.6900000000000546,0.16878999999999422,-0.24421999999999855,21.158799999999985,1.1340999999999894,0.24065999999999832,-0.02213799999999999,0.07779999999999987,0.22502000000000066,-0.16355999999999682,-0.0757399999999997,0.09966199999999992,-0.3179400000000001,-0.004055070000000001,-0.022405499999999967,0.0028430499999999997,-0.07770999999999617,6.890990000000002,17.13299,0.17861999999999867,2.966769999999997,0.38983000000000345,5.2282300000000035,-0.37261999999999773,0.6585199999999993,40.15
2020-01-02 16:12:00,0.23113,3682.3,4471.0,9.3171,26.459,42.35,2708.9,75.695,120.41,0.3353,79.875,49.72,2638.6,26.477,50.056,3103.3,23.683,66.328,251.42,342.1,94.518,76.908,32.136,8.9685,26.876,6.8098,18.868,1.6852,32.766,13.716,24.306,1.3567,18.454,2.2854,4.7672,2.2265,0.014422,0.81355,0.10012,53.634,43.461,63.562,54.09,22.707,75.435,22.521,38.178,37.277,46.664,52.557,41.429,16.46,-0.013338600000000006,-0.03549300000000066,2.8760000000002037,0.6389099999999956,-0.003890400000000016,-0.271880000000003,3.8899999999998727,0.037789999999993995,0.7897800000000004,21.47879999999998,0.7941000000000145,-0.08433999999999742,0.06926200000000016,0.4028000000000027,0.13401999999999958,-0.19355999999999796,-0.10674000000000028,0.11336199999999996,-0.14994000000000085,-0.004055070000000001,-0.022405499999999967,0.0028430499999999997,0.5372899999999987,-1.3220099999999988,14.15699,0.3536199999999994,-0.7992300000000014,0.08783000000000385,5.2552300000000045,0.34038000000000324,-1.7804800000000007,40.2
2020-01-02 16:15:00,0.23118,3687.5,4485.9,9.2385,26.749,42.448,2705.7,75.393,120.38,0.32751,79.879,48.472,2634.4,24.55,49.677,3103.0,22.63,66.338,248.94,341.64,94.589,77.219,32.136,8.9685,26.876,6.8098,18.868,1.6852,32.766,13.716,24.306,1.3567,18.454,2.2854,4.7672,2.2265,0.0061858,0.82027,0.11154,54.164,43.675,63.473,53.911,22.702,76.999,22.245,39.128,33.603,45.787,52.222,40.608,18.941,-0.013288600000000012,-0.11409300000000044,-0.3240000000000691,0.33691000000000315,-0.01168039999999998,-1.5198800000000006,-0.30999999999994543,-0.3412100000000038,-0.26322000000000045,18.99879999999999,0.3340999999999781,-0.08433999999999742,0.06926200000000016,0.4028000000000027,0.13401999999999958,-0.19355999999999796,-0.10674000000000028,0.11336199999999996,-0.14994000000000085,-0.012291270000000002,-0.015685499999999908,0.01426305,0.4482900000000001,-1.3270099999999978,15.720989999999993,0.07761999999999958,-4.473230000000001,-0.7891699999999986,4.920230000000004,-0.4806200000000018,0.7005199999999974,40.25
2020-01-02 16:18:00,0.26235,3737.7,4492.8,9.2852,27.065,42.217,2705.8,74.562,120.42,0.3225,79.928,50.632,2634.6,24.48,49.224,3102.5,23.558,66.322,249.76,341.52,94.429,77.296,32.038,8.7569,26.813,6.8453,18.718,1.635,33.004,13.989,24.24,1.3101,18.502,2.2323,4.8081,2.2613,0.0061858,0.82027,0.11154,54.164,43.675,62.452,54.029,25.599,77.168,22.379,38.758,39.961,44.737,51.938,41.928,16.74,0.01788140000000002,-0.06739300000000092,-0.22399999999970532,-0.4940899999999999,-0.016690399999999994,0.640119999999996,-0.11000000000012733,-0.7942100000000067,0.6647800000000004,19.81879999999998,0.21409999999997353,-0.1823400000000035,-0.14233800000000052,0.3398000000000003,-0.015979999999998995,0.04444000000000159,0.16626000000000118,0.06676199999999999,-0.10194000000000258,-0.012291270000000002,-0.015685499999999908,0.01426305,-0.5727100000000007,1.5699900000000007,15.889990000000004,0.21161999999999992,1.884769999999996,-1.8391699999999958,4.636230000000005,0.8393799999999985,-1.5004800000000031,40.3
2020-01-02 16:21:00,0.2603,3703.8,4484.3,9.4014,26.647,42.46,2706.5,76.448,120.38,0.32245,80.011,50.63,2635.0,24.29,51.447,3101.9,23.571,66.328,247.08,341.72,94.653,77.115,32.038,8.7569,26.813,6.8453,18.718,1.635,33.004,13.989,24.24,1.3101,18.502,2.2323,4.8081,2.2613,0.0061858,0.82027,0.11154,54.164,43.675,63.036,54.132,25.801,76.752,22.43,38.764,39.954,49.882,51.967,41.32,16.717,0.015831399999999968,0.048807000000000045,0.4760000000001128,1.3919099999999958,-0.01674039999999999,0.6381200000000007,0.2899999999999636,1.4287899999999993,0.677780000000002,17.138800000000003,0.414100000000019,-0.1823400000000035,-0.14233800000000052,0.3398000000000003,-0.015979999999998995,0.04444000000000159,0.16626000000000118,0.06676199999999999,-0.10194000000000258,-0.012291270000000002,-0.015685499999999908,0.01426305,0.011290000000002465,1.7719899999999988,15.473989999999993,0.2626199999999983,1.8777699999999982,3.3058300000000003,4.665230000000001,0.23138000000000147,-1.5234800000000028,40.35
2020-01-02 16:24:00,0.27254,3667.9,4539.2,9.3339,26.763,42.307,2705.8,75.512,120.42,0.35314,80.173,49.159,2634.5,24.56,49.754,3103.0,23.415,66.397,245.37,341.09,94.442,77.461,32.071,8.7709,26.742,6.8036,18.565,1.6733,33.001,13.764,23.935,1.2976,18.551,2.2385,4.8159,2.2097,0.0061858,0.82027,0.11154,54.164,43.675,63.393,53.839,26.665,74.467,22.176,42.388,35.624,45.965,51.904,41.692,17.045,0.028071399999999996,-0.018693000000000737,-0.22399999999970532,0.4559100000000029,0.013949600000000006,-0.832880000000003,-0.21000000000003638,-0.2642100000000056,0.5217799999999997,15.428799999999995,-0.2159000000000333,-0.14934000000000225,-0.12833800000000117,0.26880000000000237,-0.1689799999999977,0.041440000000001476,-0.058740000000000236,0.05426200000000003,-0.052940000000003096,-0.012291270000000002,-0.015685499999999908,0.01426305,0.3682900000000018,2.6359899999999996,13.188989999999997,0.008619999999996963,-2.45223,-0.6111699999999942,4.602230000000006,0.6033800000000014,-1.1954799999999999,40.4
2020-01-02 16:27:00,0.2712,3681.2,4497.7,9.2601,26.935,42.823,2702.6,75.408,120.37,0.35661,80.022,49.927,2630.6,24.125,48.933,3099.9,22.44,66.4,246.53,341.1,94.688,76.834,32.071,8.7709,26.742,6.8036,18.565,1.6733,33.001,13.764,23.935,1.2976,18.551,2.2385,4.8159,2.2097,0.0061858,0.82027,0.11154,54.164,43.675,63.164,54.336,26.797,75.88,21.916,41.965,37.885,44.065,51.587,40.587,19.411,0.02673139999999999,-0.09249300000000105,-3.423999999999978,0.3519100000000037,0.01741959999999998,-0.06488000000000227,-4.110000000000127,-1.0852100000000036,-0.4532199999999982,16.588799999999992,-0.20589999999998554,-0.14934000000000225,-0.12833800000000117,0.26880000000000237,-0.1689799999999977,0.041440000000001476,-0.058740000000000236,0.05426200000000003,-0.052940000000003096,-0.012291270000000002,-0.015685499999999908,0.01426305,0.13929000000000258,2.767990000000001,14.601989999999994,-0.25138000000000105,-0.19123000000000445,-2.51117,4.285230000000006,-0.5016199999999955,1.1705199999999998,40.45
2020-01-02 16:30:00,0.2682,3673.8,4541.3,9.2899,26.611,42.311,2700.6,75.506,120.39,0.33226,79.856,52.61,2629.3,25.546,50.262,3097.1,23.075,66.34,246.91,341.54,94.516,77.133,32.338,8.8853,26.656,6.9458,19.057,1.6557,32.972,13.755,24.362,1.4366,18.367,2.215,4.8027,2.3038,0.018783,0.8492,0.096624,53.466,44.977,63.711,54.212,26.733,75.574,21.986,38.993,45.78,47.141,51.483,41.446,17.906,0.023731399999999986,-0.06269300000000122,-5.423999999999978,0.4499100000000027,-0.006930400000000003,2.6181199999999976,-5.4099999999998545,0.24378999999999706,0.18177999999999983,16.968799999999987,0.2341000000000122,0.11766000000000076,-0.013937999999999562,0.1828000000000003,0.32301999999999964,0.012440000000005114,-0.0677399999999988,0.19326200000000004,-0.2369400000000006,0.0003059299999999994,0.013244499999999992,-0.0006529499999999994,0.6862899999999996,2.703990000000001,14.295989999999996,-0.18138000000000076,7.703769999999999,0.5648300000000006,4.181229999999999,0.35737999999999914,-0.3344800000000028,40.5
2020-01-02 16:33:00,0.27041,3703.2,4594.9,9.3925,27.261,42.435,2702.4,75.226,120.39,0.32996,80.066,50.716,2630.6,24.117,49.33,3100.1,23.666,66.295,245.17,340.91,94.68,77.372,32.338,8.8853,26.656,6.9458,19.057,1.6557,32.972,13.755,24.362,1.4366,18.367,2.215,4.8027,2.3038,0.018783,0.8492,0.096624,53.466,44.977,63.206,53.57,26.516,76.457,22.197,39.274,40.207,44.983,51.489,41.029,16.481,0.025941399999999976,0.03990699999999947,-3.6239999999997963,0.16991000000000156,-0.009230400000000027,0.7241199999999992,-4.110000000000127,-0.6882100000000051,0.7727800000000009,15.228799999999978,-0.39589999999998327,0.11766000000000076,-0.013937999999999562,0.1828000000000003,0.32301999999999964,0.012440000000005114,-0.0677399999999988,0.19326200000000004,-0.2369400000000006,0.0003059299999999994,0.013244499999999992,-0.0006529499999999994,0.18129000000000417,2.4869899999999987,15.178989999999992,0.02961999999999776,2.1307699999999983,-1.5931700000000006,4.18723,-0.05961999999999534,-1.75948,40.55
2020-01-02 16:36:00,0.24309,3656.0,4521.0,9.3503,26.824,42.321,2702.0,75.099,120.4,0.3289,80.278,49.225,2630.9,24.512,48.45,3100.0,22.626,66.342,245.08,341.36,94.483,77.857,32.559,8.7746,26.438,6.9264,19.382,1.6678,33.519,13.996,24.067,1.4441,18.723,2.2492,4.9045,2.2062,0.018783,0.8492,0.096624,53.466,44.977,62.778,53.243,24.086,76.731,22.071,39.05,35.82,42.948,51.345,41.577,18.899,-0.0013786000000000076,-0.0022929999999998785,-4.023999999999887,0.04291000000000622,-0.010290399999999977,-0.7668800000000005,-3.8099999999999454,-1.5682100000000005,-0.26721999999999824,15.138800000000003,0.054100000000005366,0.3386599999999973,-0.12463800000000091,-0.035199999999999676,0.6480200000000025,0.5594400000000022,0.17326000000000086,0.20076199999999988,0.1190599999999975,0.0003059299999999994,0.013244499999999992,-0.0006529499999999994,-0.2467100000000002,0.056989999999998986,15.452989999999993,-0.09637999999999991,-2.256230000000002,-3.6281699999999972,4.043230000000001,0.48837999999999937,0.6585199999999993,40.6
2020-01-02 16:39:00,0.24373,3672.0,4448.7,9.2197,26.968,42.187,2702.1,75.426,120.38,0.33008,80.391,51.631,2631.2,26.749,48.771,3099.6,23.414,66.417,244.17,340.6,94.714,77.527,32.559,8.7746,26.438,6.9264,19.382,1.6678,33.519,13.996,24.067,1.4441,18.723,2.2492,4.9045,2.2062,0.018783,0.8492,0.096624,53.466,44.977,62.502,54.108,24.023,78.455,22.245,38.906,42.9,43.689,51.27,39.962,17.028,-0.0007386000000000059,-0.13289300000000104,-3.923999999999978,0.3699100000000044,-0.009110400000000018,1.6391199999999984,-3.5100000000002183,-1.2472100000000026,0.520780000000002,14.228799999999978,-0.7058999999999855,0.3386599999999973,-0.12463800000000091,-0.035199999999999676,0.6480200000000025,0.5594400000000022,0.17326000000000086,0.20076199999999988,0.1190599999999975,0.0003059299999999994,0.013244499999999992,-0.0006529499999999994,-0.5227099999999965,-0.006009999999999849,17.176989999999996,0.07761999999999958,4.823769999999996,-2.8871699999999976,3.9682300000000055,-1.1266199999999955,-1.2124800000000029,40.65
2020-01-02 16:42:00,0.21884,3648.7,4440.8,9.2067,26.728,42.36,2699.5,74.907,120.39,0.3534,80.391,49.574,2629.0,26.3,52.028,3096.4,21.823,66.459,242.43,341.08,94.58,77.253,32.451,8.9574,26.539,7.0979,18.659,1.6447,33.286,13.937,24.016,1.2958,18.946,2.2742,4.8013,2.2891,0.018783,0.8492,0.096624,53.466,44.977,63.022,53.33,21.731,79.022,22.25,42.607,36.845,51.228,51.269,41.164,20.808,-0.0256286,-0.14589300000000094,-6.523999999999887,-0.14909000000000106,0.014209599999999989,-0.4178800000000038,-5.710000000000036,2.0097899999999953,-1.070219999999999,12.488799999999998,-0.2259000000000242,0.2306600000000003,0.05816199999999938,0.06580000000000297,-0.07498000000000005,0.32644000000000517,0.1142599999999998,0.05246200000000001,0.34206000000000003,0.0003059299999999994,0.013244499999999992,-0.0006529499999999994,-0.0027100000000004343,-2.298009999999998,17.743990000000004,0.08261999999999858,-1.2312300000000036,4.651830000000004,3.9672300000000007,0.07538000000000267,2.5675199999999982,40.7
2020-01-02 16:45:00,0.21944,3663.7,4463.1,9.286,26.644,42.192,2694.3,75.005,120.36,0.355,79.977,49.887,2622.9,25.232,51.066,3092.2,24.548,66.434,244.66,340.56,94.845,76.669,32.451,8.9574,26.539,7.0979,18.659,1.6447,33.286,13.937,24.016,1.2958,18.946,2.2742,4.8013,2.2891,0.028954,0.82186,0.10784,52.913,43.521,62.764,53.062,21.673,74.486,21.834,42.412,37.768,49.002,51.654,40.247,14.406,-0.025028600000000012,-0.06659300000000101,-11.723999999999705,-0.05109000000000208,0.01580959999999998,-0.10488000000000142,-11.809999999999945,1.047789999999999,1.6547799999999988,14.718799999999987,-0.745900000000006,0.2306600000000003,0.05816199999999938,0.06580000000000297,-0.07498000000000005,0.32644000000000517,0.1142599999999998,0.05246200000000001,0.34206000000000003,0.010476929999999999,-0.014095499999999928,0.010563050000000004,-0.260709999999996,-2.3560100000000013,13.207990000000002,-0.3333800000000018,-0.3082300000000018,2.425830000000005,4.352230000000006,-0.8416199999999989,-3.834480000000001,40.75
2020-01-02 16:48:00,0.22674,3552.7,4497.4,9.297,27.226,42.122,2693.4,75.792,120.38,0.35093,80.04,48.671,2621.3,26.427,48.656,3092.3,23.452,66.367,245.87,340.31,94.812,77.379,32.176,8.8759,26.442,7.039,18.662,1.6649,32.67,13.951,23.935,1.2937,18.522,2.2858,4.9402,2.3824,0.028954,0.82186,0.10784,52.913,43.521,63.047,54.385,22.362,77.195,21.749,41.545,34.19,43.424,51.719,40.681,16.969,-0.01772860000000001,-0.055593000000000004,-12.623999999999796,0.7359100000000041,0.011739600000000017,-1.3208800000000025,-13.409999999999854,-1.3622100000000046,0.5587800000000023,15.928799999999995,-0.995900000000006,-0.04433999999999827,-0.023338000000000747,-0.03119999999999834,-0.07197999999999993,-0.2895599999999945,0.12826000000000093,0.05036200000000002,-0.08194000000000301,0.010476929999999999,-0.014095499999999928,0.010563050000000004,0.022289999999998145,-1.6670100000000012,15.916989999999991,-0.41838000000000264,-3.8862300000000047,-3.152169999999998,4.4172300000000035,-0.4076200000000014,-1.2714800000000004,40.8
2020-01-02 16:51:00,0.22849,3590.4,4549.6,9.3066,27.166,42.061,2695.7,74.608,120.38,0.35023,80.169,51.047,2624.2,25.745,50.658,3093.0,22.887,66.381,247.06,340.22,94.977,77.266,32.176,8.8759,26.442,7.039,18.662,1.6649,32.67,13.951,23.935,1.2937,18.522,2.2858,4.9402,2.3824,0.028954,0.82186,0.10784,52.913,43.521,62.399,53.761,22.19,76.646,21.992,41.63,41.18,48.056,51.782,40.514,18.318,-0.01597860000000001,-0.04599300000000106,-10.32400000000007,-0.44808999999999344,0.011039599999999983,1.0551199999999952,-10.510000000000218,0.6397899999999979,-0.006219999999999004,17.118799999999993,-1.085899999999981,-0.04433999999999827,-0.023338000000000747,-0.03119999999999834,-0.07197999999999993,-0.2895599999999945,0.12826000000000093,0.05036200000000002,-0.08194000000000301,0.010476929999999999,-0.014095499999999928,0.010563050000000004,-0.625709999999998,-1.8390099999999983,15.367989999999999,-0.17538000000000054,3.1037699999999973,1.4798299999999998,4.480229999999999,-0.5746199999999959,0.07751999999999981,40.85
2020-01-02 16:54:00,0.25147,3623.8,4513.1,9.4718,26.796,41.87,2697.1,74.902,120.38,0.35065,80.278,50.772,2626.2,24.71,50.191,3095.9,24.692,66.397,246.75,339.74,94.88,77.477,32.22,8.8719,25.897,6.7952,18.779,1.6434,33.061,13.967,24.009,1.3946,18.581,2.2408,4.8066,2.4019,0.028954,0.82186,0.10784,52.913,43.521,62.164,54.21,24.909,74.089,21.85,42.132,40.37,46.976,51.978,40.154,14.007,0.007001400000000019,0.1192069999999994,-8.923999999999978,-0.1540899999999965,0.011459600000000014,0.7801199999999966,-8.510000000000218,0.1727899999999991,1.7987800000000007,16.80879999999999,-1.5658999999999992,-0.00034000000000133923,-0.027338000000000306,-0.5762,0.04502000000000095,0.10144000000000375,0.14426000000000094,0.151262,-0.02294000000000196,0.010476929999999999,-0.014095499999999928,0.010563050000000004,-0.8607099999999974,0.8799899999999994,12.810989999999997,-0.31738,2.293769999999995,0.39983000000000146,4.676230000000004,-0.9346199999999953,-4.233480000000002,40.9
2020-01-02 16:57:00,0.25337,3654.7,4513.1,9.3525,27.047,41.867,2701.7,74.642,120.41,0.34971,80.537,48.662,2629.8,24.834,48.765,3099.1,23.055,66.485,247.53,339.76,94.876,77.736,32.22,8.8719,25.897,6.7952,18.779,1.6434,33.061,13.967,24.009,1.3946,18.581,2.2408,4.8066,2.4019,0.028954,0.82186,0.10784,52.913,43.521,61.632,54.21,24.723,74.948,22.175,42.247,34.161,43.676,52.071,41.328,17.853,0.008901399999999976,-9.300000000145303e-05,-4.324000000000069,-0.4140900000000016,0.010519600000000018,-1.3298800000000028,-4.9099999999998545,-1.2532100000000028,0.16178000000000026,17.588799999999992,-1.5459000000000174,-0.00034000000000133923,-0.027338000000000306,-0.5762,0.04502000000000095,0.10144000000000375,0.14426000000000094,0.151262,-0.02294000000000196,0.010476929999999999,-0.014095499999999928,0.010563050000000004,-1.392710000000001,0.6939899999999994,13.669989999999991,0.007619999999999294,-3.915230000000001,-2.9001699999999957,4.76923,0.23938000000000415,-0.38748000000000005,40.95
2020-01-02 17:00:00,0.24804,3662.2,4505.2,9.3309,27.178,42.108,2699.5,74.603,120.39,0.35438,80.326,50.218,2627.3,23.117,51.362,3100.5,23.424,66.504,246.22,339.77,94.611,77.047,31.784,8.814,26.339,6.8804,19.572,1.6672,32.766,13.658,23.746,1.2698,18.71,2.272,4.8873,2.2651,0.028766,0.83547,0.097421,53.618,43.819,63.608,54.027,24.383,75.755,21.584,42.297,38.743,49.687,51.65,40.218,17.025,0.0035714000000000024,-0.02169300000000085,-6.523999999999887,-0.4530900000000031,0.01518959999999997,0.22612000000000165,-7.4099999999998545,1.3437899999999985,0.53078,16.27879999999999,-1.5359000000000265,-0.4363400000000013,-0.08523800000000037,-0.13419999999999987,0.8380200000000002,-0.19355999999999796,-0.1647400000000001,0.026461999999999986,0.10605999999999938,0.010288929999999998,-0.00048549999999991655,0.0001440499999999928,0.5832899999999981,0.3539899999999996,14.476989999999994,-0.5833800000000018,0.6667699999999996,3.11083,4.348230000000001,-0.8706199999999953,-1.215480000000003,41.0
2020-01-02 17:03:00,0.24837,3667.5,4531.6,9.4072,27.091,42.404,2696.7,75.051,120.42,0.3509,80.071,49.386,2624.5,26.182,49.89,3098.7,22.081,66.438,243.61,339.15,94.76,77.011,31.784,8.814,26.339,6.8804,19.572,1.6672,32.766,13.658,23.746,1.2698,18.71,2.272,4.8873,2.2651,0.028766,0.83547,0.097421,53.618,43.819,63.518,53.711,24.35,75.699,21.173,42.722,36.294,46.279,51.747,41.268,20.232,0.0039013999999999993,0.05460699999999896,-9.32400000000007,-0.005089999999995598,0.011709599999999987,-0.6058799999999991,-10.210000000000036,-0.12821000000000282,-0.8122199999999999,13.668800000000005,-2.155900000000031,-0.4363400000000013,-0.08523800000000037,-0.13419999999999987,0.8380200000000002,-0.19355999999999796,-0.1647400000000001,0.026461999999999986,0.10605999999999938,0.010288929999999998,-0.00048549999999991655,0.0001440499999999928,0.4932900000000018,0.3209900000000019,14.420989999999996,-0.9943800000000032,-1.7822300000000055,-0.29716999999999416,4.445230000000002,0.17938000000000187,1.9915199999999977,41.05
2020-01-02 17:06:00,0.29293,3688.1,4405.3,9.3049,26.764,42.422,2699.0,74.631,120.42,0.32081,80.103,49.422,2627.8,25.47,52.27,3096.9,23.691,66.375,245.19,340.17,94.64,77.423,31.783,8.8893,26.086,6.8391,18.82,1.6648,32.614,13.886,23.423,1.2089,19.09,2.2789,4.996,2.2746,0.028766,0.83547,0.097421,53.618,43.819,62.457,53.208,28.643,77.424,21.818,38.094,36.398,51.788,51.473,40.793,16.392,0.048461400000000016,-0.04769300000000065,-7.023999999999887,-0.4250899999999973,-0.01838040000000002,-0.5698800000000048,-6.9099999999998545,2.2517899999999997,0.7977799999999995,15.248799999999989,-1.1358999999999924,-0.43733999999999895,-0.009938000000000002,-0.3872,0.08602000000000132,-0.345559999999999,0.06325999999999965,-0.03443799999999997,0.4860599999999984,0.010288929999999998,-0.00048549999999991655,0.0001440499999999928,-0.5677099999999982,4.613990000000001,16.145990000000005,-0.34938,-1.6782299999999992,5.211829999999999,4.171230000000001,-0.29561999999999955,-1.8484800000000021,41.1
2020-01-02 17:09:00,0.29151,3634.9,4426.5,9.4389,26.706,42.175,2701.1,73.631,120.41,0.3194,80.301,47.929,2630.5,24.644,49.754,3099.3,22.993,66.351,244.26,340.55,94.66,77.486,31.783,8.8893,26.086,6.8391,18.82,1.6648,32.614,13.886,23.423,1.2089,19.09,2.2789,4.996,2.2746,0.028766,0.83547,0.097421,53.618,43.819,63.374,52.954,28.783,74.411,22.139,38.267,32.006,45.964,51.422,40.7,18.037,0.04704139999999998,0.08630699999999969,-4.923999999999978,-1.4250899999999973,-0.019790399999999986,-2.06288,-4.210000000000036,-0.2642100000000056,0.09977999999999909,14.318799999999982,-0.7558999999999969,-0.43733999999999895,-0.009938000000000002,-0.3872,0.08602000000000132,-0.345559999999999,0.06325999999999965,-0.03443799999999997,0.4860599999999984,0.010288929999999998,-0.00048549999999991655,0.0001440499999999928,0.34929000000000343,4.753990000000002,13.13299,-0.02838000000000207,-6.070230000000002,-0.612169999999999,4.120229999999999,-0.38861999999999597,-0.20348000000000255,41.15
2020-01-02 17:12:00,0.29447,3668.6,4487.4,9.3278,26.769,42.382,2701.4,73.899,120.41,0.34431,80.339,52.218,2629.0,25.075,49.352,3100.0,22.717,66.379,245.76,340.27,94.532,77.328,32.255,8.9101,26.722,6.8452,19.111,1.626,32.714,13.822,23.725,1.2813,18.242,2.2759,4.9031,2.1639,0.028766,0.83547,0.097421,53.618,43.819,63.176,54.0,29.348,77.664,21.607,41.262,44.627,45.034,51.152,41.891,18.694,0.0500014,-0.02479300000000073,-4.623999999999796,-1.1570899999999966,0.005119600000000002,2.2261200000000017,-5.710000000000036,-0.6662100000000066,-0.1762200000000007,15.818799999999982,-1.0359000000000265,0.034660000000002356,0.010861999999999483,0.2488000000000028,0.3770200000000017,-0.24555999999999756,-0.000740000000000407,0.03796200000000005,-0.3619400000000006,0.010288929999999998,-0.00048549999999991655,0.0001440499999999928,0.15129000000000303,5.318989999999999,16.38599,-0.5603800000000021,6.55077,-1.5421699999999987,3.8502300000000034,0.8023799999999994,0.4535199999999975,41.2
2020-01-02 17:15:00,0.29595,3676.5,4502.1,9.2549,26.893,42.244,2699.0,74.686,120.42,0.34777,80.096,49.695,2626.6,25.425,48.312,3098.8,23.12,66.359,244.97,340.52,94.649,77.384,32.255,8.9101,26.722,6.8452,19.111,1.626,32.714,13.822,23.725,1.2813,18.242,2.2759,4.9031,2.1639,0.022182,0.82728,0.099751,53.796,43.228,63.04,53.824,29.203,77.685,21.369,40.84,37.202,42.626,51.422,42.054,17.747,0.05148139999999998,-0.09769300000000136,-7.023999999999887,-0.3700899999999905,0.00857960000000002,-0.2968800000000016,-8.110000000000127,-1.7062100000000058,0.22678000000000154,15.02879999999999,-0.7859000000000265,0.034660000000002356,0.010861999999999483,0.2488000000000028,0.3770200000000017,-0.24555999999999756,-0.000740000000000407,0.03796200000000005,-0.3619400000000006,0.0037049299999999986,-0.008675499999999947,0.0024740500000000054,0.015290000000000248,5.17399,16.40699,-0.7983800000000016,-0.8742300000000043,-3.95017,4.120229999999999,0.9653800000000032,-0.4934800000000017,41.25
2020-01-02 17:18:00,0.25184,3678.4,4470.0,9.287,26.954,42.318,2700.3,74.504,120.41,0.3374,80.232,50.253,2630.1,23.849,50.691,3098.3,23.838,66.34,244.76,340.76,94.499,77.503,31.955,8.9901,25.834,6.8054,18.411,1.6839,32.896,13.85,24.074,1.4473,18.95,2.2685,4.9309,2.3057,0.022182,0.82728,0.099751,53.796,43.228,62.992,53.464,24.894,78.176,22.197,40.444,38.844,48.134,51.455,40.929,16.026,0.0073714,-0.06559299999999979,-5.723999999999705,-0.5520899999999926,-0.0017904000000000253,0.26111999999999824,-4.610000000000127,0.6727899999999991,0.9447800000000015,14.818799999999982,-0.5459000000000174,-0.2653400000000019,0.09086199999999955,-0.6391999999999989,-0.3229799999999976,-0.0635599999999954,0.027260000000000062,0.20396199999999998,0.3460599999999978,0.0037049299999999986,-0.008675499999999947,0.0024740500000000054,-0.03271000000000157,0.8649899999999988,16.89799,0.02961999999999776,0.7677699999999987,1.5578300000000027,4.153230000000001,-0.15961999999999676,-2.214480000000002,41.3
2020-01-02 17:21:00,0.2535,3651.5,4435.7,9.2629,27.072,42.069,2698.8,74.058,120.38,0.33615,80.122,50.361,2626.9,24.547,49.319,3097.8,23.329,66.355,244.1,340.53,94.63,77.158,31.955,8.9901,25.834,6.8054,18.411,1.6839,32.896,13.85,24.074,1.4473,18.95,2.2685,4.9309,2.3057,0.022182,0.82728,0.099751,53.796,43.228,63.454,53.875,24.731,76.953,21.822,40.597,39.163,44.958,51.525,40.57,17.262,0.009031399999999995,-0.08969300000000047,-7.223999999999705,-0.9980899999999906,-0.0030403999999999987,0.36911999999999523,-7.809999999999945,-0.6992100000000008,0.43578000000000117,14.158799999999985,-0.7759000000000356,-0.2653400000000019,0.09086199999999955,-0.6391999999999989,-0.3229799999999976,-0.0635599999999954,0.027260000000000062,0.20396199999999998,0.3460599999999978,0.0037049299999999986,-0.008675499999999947,0.0024740500000000054,0.4292900000000017,0.7019900000000021,15.674990000000001,-0.34538000000000224,1.0867699999999942,-1.6181699999999992,4.223230000000001,-0.5186199999999985,-0.9784800000000011,41.35
2020-01-02 17:24:00,0.28089,3709.7,4489.3,9.3323,26.695,42.145,2701.0,75.028,120.41,0.34154,80.216,50.899,2629.7,24.854,50.211,3098.1,22.739,66.35,245.91,340.72,94.522,77.429,32.092,9.0081,26.351,6.9791,18.66,1.6577,32.784,13.882,24.042,1.4247,18.67,2.2526,4.8844,2.3368,0.022182,0.82728,0.099751,53.796,43.228,62.855,54.953,27.918,78.247,22.015,40.712,40.745,47.022,51.376,41.45,18.634,0.036421399999999965,-0.02029300000000056,-5.023999999999887,-0.028089999999991733,0.0023496000000000072,0.907119999999999,-5.010000000000218,0.19278999999999513,-0.1542199999999987,15.968799999999987,-0.585899999999981,-0.12834000000000145,0.10886200000000024,-0.12219999999999942,-0.07397999999999882,-0.17555999999999727,0.05926000000000009,0.18136200000000002,0.06606000000000023,0.0037049299999999986,-0.008675499999999947,0.0024740500000000054,-0.16971000000000203,3.8889899999999997,16.968989999999998,-0.15238000000000085,2.668769999999995,0.44583000000000084,4.07423,0.36138000000000403,0.39351999999999876,41.4
2020-01-02 17:27:00,0.28182,3695.0,4519.7,9.4283,26.727,42.118,2701.5,75.693,120.4,0.34502,80.311,49.9,2630.2,26.362,49.675,3099.8,22.821,66.377,244.68,340.69,94.478,77.177,32.092,9.0081,26.351,6.9791,18.66,1.6577,32.784,13.882,24.042,1.4247,18.67,2.2526,4.8844,2.3368,0.022182,0.82728,0.099751,53.796,43.228,63.109,54.59,27.826,76.933,21.945,40.287,37.805,45.782,51.496,41.467,18.45,0.03735140000000001,0.07570699999999952,-4.523999999999887,0.6369100000000003,0.00582959999999999,-0.09188000000000329,-4.510000000000218,-0.34321000000000623,-0.07221999999999795,14.738799999999998,-0.6159000000000106,-0.12834000000000145,0.10886200000000024,-0.12219999999999942,-0.07397999999999882,-0.17555999999999727,0.05926000000000009,0.18136200000000002,0.06606000000000023,0.0037049299999999986,-0.008675499999999947,0.0024740500000000054,0.08429000000000286,3.796990000000001,15.654990000000005,-0.22238000000000113,-0.27123000000000275,-0.7941700000000012,4.194230000000005,0.37837999999999994,0.2095199999999977,41.45
2020-01-02 17:30:00,0.27141,3652.7,4510.2,9.3364,27.132,42.486,2701.2,74.526,120.4,0.34375,80.233,48.213,2630.0,26.062,50.447,3099.1,22.682,66.356,244.98,341.24,94.619,77.496,32.109,8.7216,26.831,6.8687,19.148,1.6179,33.221,13.969,24.21,1.1819,18.602,2.2065,4.8735,2.2568,0.018072,0.83204,0.0919,54.137,44.156,62.303,54.132,26.586,76.512,22.143,41.365,32.841,47.569,51.264,41.629,18.755,0.026941399999999976,-0.016193000000001234,-4.824000000000069,-0.5300900000000013,0.004559599999999997,-1.778880000000001,-4.710000000000036,0.42878999999999934,-0.21122000000000085,15.03879999999998,-0.06589999999999918,-0.11133999999999844,-0.17763799999999996,0.357800000000001,0.4140200000000007,0.26144000000000034,0.14625999999999983,-0.061438000000000104,-0.001940000000001163,-0.00040507000000000043,-0.003915499999999961,-0.005376950000000005,-0.7217100000000016,2.556989999999999,15.233989999999999,-0.024380000000000734,-5.235230000000001,0.992830000000005,3.9622300000000052,0.540379999999999,0.5145199999999974,41.5
2020-01-02 17:33:00,0.27248,3621.5,4510.2,9.5143,26.838,42.192,2702.3,74.574,120.41,0.34655,80.317,49.55,2631.1,24.473,49.893,3099.4,22.497,66.386,244.7,341.58,94.655,77.434,32.109,8.7216,26.831,6.8687,19.148,1.6179,33.221,13.969,24.21,1.1819,18.602,2.2065,4.8735,2.2568,0.018072,0.83204,0.0919,54.137,44.156,62.841,54.132,26.481,75.013,22.024,41.023,36.775,46.287,51.205,40.866,19.188,0.028011399999999992,0.16170699999999982,-3.7239999999997053,-0.48208999999999946,0.007359600000000022,-0.4418800000000047,-3.6100000000001273,-0.1252100000000027,-0.3962199999999996,14.75879999999998,0.2740999999999758,-0.11133999999999844,-0.17763799999999996,0.357800000000001,0.4140200000000007,0.26144000000000034,0.14625999999999983,-0.061438000000000104,-0.001940000000001163,-0.00040507000000000043,-0.003915499999999961,-0.005376950000000005,-0.18370999999999782,2.451990000000002,13.734990000000003,-0.1433800000000005,-1.3012300000000039,-0.2891699999999986,3.9032300000000006,-0.22261999999999915,0.9475199999999973,41.55
2020-01-02 17:36:00,0.27204,3674.9,4473.8,9.3331,26.879,42.354,2702.3,74.325,120.42,0.35274,80.273,50.31,2630.5,25.661,51.239,3100.3,22.577,66.39,245.22,340.95,94.7,77.465,32.139,8.7239,26.362,6.9616,18.959,1.6538,32.977,13.944,23.924,1.1306,18.7,2.2665,4.956,2.3126,0.018072,0.83204,0.0919,54.137,44.156,62.85,53.347,26.384,79.207,21.845,42.753,39.012,49.402,51.074,41.724,18.993,0.027571399999999996,-0.01949300000000065,-3.7239999999997053,-0.7310899999999947,0.013549599999999995,0.3181200000000004,-4.210000000000036,1.2207899999999938,-0.3162199999999977,15.27879999999999,-0.35590000000001965,-0.0813399999999973,-0.175338,-0.11120000000000019,0.22502000000000066,0.017440000000000566,0.12126000000000126,-0.112738,0.09605999999999781,-0.00040507000000000043,-0.003915499999999961,-0.005376950000000005,-0.17470999999999748,2.354990000000001,17.92898999999999,-0.32238000000000255,0.935769999999998,2.8258300000000034,3.7722300000000004,0.6353799999999978,0.752519999999997,41.6
2020-01-02 17:39:00,0.27133,3643.9,4441.7,9.1942,27.162,42.501,2701.6,75.464,120.38,0.35824,80.241,49.565,2630.1,25.081,51.01,3099.6,22.839,66.368,243.79,341.49,94.495,77.579,32.139,8.7239,26.362,6.9616,18.959,1.6538,32.977,13.944,23.924,1.1306,18.7,2.2665,4.956,2.3126,0.018072,0.83204,0.0919,54.137,44.156,63.384,53.731,26.453,76.416,22.237,42.082,36.821,48.87,51.118,40.814,18.351,0.026861400000000007,-0.15839300000000023,-4.423999999999978,0.4079100000000011,0.0190496,-0.42688000000000415,-4.610000000000127,0.9917899999999946,-0.05422000000000082,13.848799999999983,0.18410000000000082,-0.0813399999999973,-0.175338,-0.11120000000000019,0.22502000000000066,0.017440000000000566,0.12126000000000126,-0.112738,0.09605999999999781,-0.00040507000000000043,-0.003915499999999961,-0.005376950000000005,0.35929000000000144,2.42399,15.137989999999995,0.0696199999999969,-1.2552300000000045,2.29383,3.8162300000000045,-0.27461999999999875,0.11051999999999751,41.65
2020-01-02 17:42:00,0.26805,3609.7,4433.1,9.4431,26.949,42.541,2701.9,75.396,120.42,0.35336,80.27,47.622,2630.7,25.58,48.899,3099.8,22.38,66.361,242.58,341.57,94.735,77.457,32.586,8.8387,26.317,6.7465,19.103,1.622,32.673,13.752,23.443,1.4045,19.004,2.2693,4.8331,2.2984,0.018072,0.83204,0.0919,54.137,44.156,63.126,54.253,26.339,75.755,22.22,42.192,31.103,43.986,51.142,42.04,19.444,0.023581400000000002,0.09050699999999878,-4.123999999999796,0.33991000000000327,0.014169600000000004,-2.369880000000002,-4.010000000000218,-1.1192100000000025,-0.5132200000000005,12.638800000000003,0.2640999999999849,0.3656599999999983,-0.06053800000000109,-0.15619999999999834,0.36902000000000257,-0.2865599999999944,-0.07073999999999891,0.16116200000000003,0.40005999999999986,-0.00040507000000000043,-0.003915499999999961,-0.005376950000000005,0.10128999999999877,2.309989999999999,14.476989999999994,0.05261999999999745,-6.973230000000001,-2.5901700000000005,3.8402300000000054,0.9513800000000003,1.2035199999999975,41.7
2020-01-02 17:45:00,0.26855,3661.3,4455.2,9.3278,27.018,42.388,2700.6,75.192,120.39,0.3546,80.1,48.568,2628.4,24.179,50.331,3098.6,22.727,66.354,244.81,342.04,94.59,77.398,32.586,8.8387,26.317,6.7465,19.103,1.622,32.673,13.752,23.443,1.4045,19.004,2.2693,4.8331,2.2984,0.013812,0.83861,0.095636,53.228,43.235,62.238,53.989,26.29,76.808,21.832,42.041,33.886,47.299,50.971,40.571,18.627,0.024081400000000003,-0.02479300000000073,-5.423999999999978,0.13590999999999553,0.015409600000000023,-1.423880000000004,-6.309999999999945,0.3127899999999997,-0.16621999999999915,14.868799999999993,0.7341000000000122,0.3656599999999983,-0.06053800000000109,-0.15619999999999834,0.36902000000000257,-0.2865599999999944,-0.07073999999999891,0.16116200000000003,0.40005999999999986,-0.004665070000000002,0.002654500000000004,-0.0016409500000000021,-0.7867099999999994,2.2609899999999996,15.529990000000005,-0.3353800000000007,-4.19023,0.7228300000000019,3.669229999999999,-0.5176200000000009,0.3865199999999973,41.75
2020-01-02 17:48:00,0.22363,3739.1,4491.9,9.4565,26.704,42.326,2699.8,75.035,120.39,0.3306,80.035,50.889,2628.6,24.93,51.203,3098.4,22.351,66.289,243.01,341.36,94.677,77.115,32.008,8.7363,26.203,6.8953,18.798,1.665,32.904,13.831,23.995,1.2106,18.683,2.2616,4.8515,2.1731,0.013812,0.83861,0.095636,53.228,43.235,62.813,53.152,21.832,76.284,21.904,39.866,40.717,49.319,51.102,41.26,19.555,-0.020838600000000013,0.10390699999999953,-6.223999999999705,-0.02109000000000094,-0.008590399999999998,0.897120000000001,-6.110000000000127,1.1847899999999996,-0.5422200000000004,13.068799999999982,0.054100000000005366,-0.21233999999999753,-0.16293800000000047,-0.2701999999999991,0.0640199999999993,-0.055559999999992726,0.008259999999999934,-0.032738000000000156,0.07905999999999835,-0.004665070000000002,0.002654500000000004,-0.0016409500000000021,-0.2117099999999965,-2.197009999999999,15.005990000000004,-0.2633800000000015,2.6407699999999963,2.742830000000005,3.800229999999999,0.1713799999999992,1.3145199999999981,41.8
2020-01-02 17:51:00,0.22255,3732.2,4483.6,9.4399,26.765,42.49,2701.8,74.761,120.4,0.33373,80.18,50.758,2631.0,22.987,50.653,3097.2,22.773,66.271,242.38,341.99,94.507,77.663,32.008,8.7363,26.203,6.8953,18.798,1.665,32.904,13.831,23.995,1.2106,18.683,2.2616,4.8515,2.1731,0.013812,0.83861,0.095636,53.228,43.235,62.931,53.252,21.939,74.379,22.253,39.485,40.331,48.044,51.128,41.427,18.51,-0.02191860000000001,0.08730699999999914,-4.223999999999705,-0.29509000000000185,-0.005460399999999976,0.7661200000000008,-3.7100000000000364,0.6347899999999953,-0.12021999999999977,12.438799999999986,0.6841000000000008,-0.21233999999999753,-0.16293800000000047,-0.2701999999999991,0.0640199999999993,-0.055559999999992726,0.008259999999999934,-0.032738000000000156,0.07905999999999835,-0.004665070000000002,0.002654500000000004,-0.0016409500000000021,-0.09371000000000151,-2.0900099999999995,13.100990000000003,0.0856199999999987,2.2547700000000006,1.4678299999999993,3.8262300000000025,0.3383800000000008,0.26952,41.85
2020-01-02 17:54:00,0.2765,3626.9,4494.0,9.4315,27.025,42.185,2704.4,74.077,120.4,0.34054,80.446,49.112,2633.0,24.873,50.102,3101.4,22.834,66.332,242.53,342.08,94.536,77.625,32.178,9.0229,26.085,6.773,18.6,1.692,33.161,13.942,24.063,1.1899,18.54,2.2772,4.8441,2.2729,0.013812,0.83861,0.095636,53.228,43.235,63.496,53.848,27.416,75.492,22.238,40.716,35.486,46.77,51.081,41.876,18.336,0.032031400000000015,0.07890699999999917,-1.6239999999997963,-0.9790899999999993,0.0013496000000000064,-0.87988,-1.7100000000000364,0.08378999999999337,-0.05921999999999983,12.588799999999992,0.7740999999999758,-0.04234000000000293,0.1236619999999995,-0.38819999999999766,-0.13397999999999755,0.20144000000000517,0.11926000000000059,-0.0534380000000001,-0.06394000000000233,-0.004665070000000002,0.002654500000000004,-0.0016409500000000021,0.4712900000000033,3.386990000000001,14.213990000000003,0.07061999999999813,-2.5902300000000054,0.1938300000000055,3.7792300000000054,0.7873799999999989,0.09551999999999694,41.9
2020-01-02 17:57:00,0.27811,3642.8,4489.8,9.3262,26.999,42.361,2702.2,75.317,120.37,0.34282,80.205,49.982,2629.9,24.092,51.457,3101.3,22.506,66.355,242.62,341.4,94.52,77.198,32.178,9.0229,26.085,6.773,18.6,1.692,33.161,13.942,24.063,1.1899,18.54,2.2772,4.8441,2.2729,0.013812,0.83861,0.095636,53.228,43.235,63.222,53.897,27.258,75.928,21.881,40.439,38.047,49.906,51.035,41.098,19.145,0.033641400000000016,-0.026393000000000555,-3.824000000000069,0.26090999999999553,0.0036296000000000106,-0.009880000000002553,-4.809999999999945,1.4387899999999973,-0.38721999999999923,12.678799999999995,0.09409999999996899,-0.04234000000000293,0.1236619999999995,-0.38819999999999766,-0.13397999999999755,0.20144000000000517,0.11926000000000059,-0.0534380000000001,-0.06394000000000233,-0.004665070000000002,0.002654500000000004,-0.0016409500000000021,0.1972900000000024,3.2289899999999996,14.649989999999995,-0.2863800000000012,-0.02923000000000542,3.329830000000001,3.733229999999999,0.009380000000000166,0.904519999999998,41.95
2020-01-02 18:00:00,0.2624,3677.2,4534.8,9.3679,26.687,42.062,2702.2,74.491,120.44,0.35303,80.108,50.608,2630.7,25.313,51.434,3098.6,23.699,66.319,243.41,341.97,94.586,77.613,32.1,8.8396,25.793,6.9016,18.435,1.6923,32.847,13.763,23.511,1.2786,18.399,2.2838,4.8117,2.3199,0.018332,0.8384,0.1159,54.635,43.735,63.748,53.857,25.764,75.958,22.133,42.27,39.888,49.853,51.102,42.094,16.298,0.017931400000000014,0.01530699999999996,-3.824000000000069,-0.5650899999999979,0.013839600000000007,0.6161199999999951,-4.010000000000218,1.415789999999994,0.8057800000000022,13.468799999999987,0.664100000000019,-0.12033999999999878,-0.059637999999999636,-0.6801999999999992,-0.29898000000000025,-0.11255999999999489,-0.05973999999999968,0.035261999999999905,-0.20494000000000057,-0.00014507000000000062,0.0024445000000000716,0.018623050000000002,0.7232899999999987,1.7349899999999998,14.679989999999997,-0.0343800000000023,1.8117699999999957,3.276830000000004,3.800229999999999,1.0053800000000024,-1.9424800000000033,42.0
2020-01-02 18:03:00,0.26087,3690.2,4531.8,9.3951,26.358,41.818,2704.4,75.045,120.41,0.35233,80.396,49.055,2633.4,25.36,48.299,3101.6,22.266,66.323,243.37,342.0,94.539,77.539,32.1,8.8396,25.793,6.9016,18.435,1.6923,32.847,13.763,23.511,1.2786,18.399,2.2838,4.8117,2.3199,0.018332,0.8384,0.1159,54.635,43.735,63.524,53.893,25.915,77.902,22.234,42.355,35.318,42.596,51.142,40.997,19.681,0.016401399999999983,0.04250699999999874,-1.6239999999997963,-0.011089999999995825,0.013139599999999974,-0.9368800000000022,-1.3099999999999454,-1.719210000000004,-0.6272200000000012,13.428799999999995,0.6940999999999917,-0.12033999999999878,-0.059637999999999636,-0.6801999999999992,-0.29898000000000025,-0.11255999999999489,-0.05973999999999968,0.035261999999999905,-0.20494000000000057,-0.00014507000000000062,0.0024445000000000716,0.018623050000000002,0.499290000000002,1.8859899999999996,16.62399,0.06662000000000035,-2.7582300000000046,-3.980170000000001,3.8402300000000054,-0.09161999999999892,1.4405199999999994,42.05
2020-01-02 18:06:00,0.26817,3640.2,4514.1,9.3219,27.475,42.572,2703.7,74.332,120.43,0.33415,80.273,52.061,2632.9,24.191,50.628,3100.9,23.128,66.361,244.61,342.3,94.401,77.342,32.483,8.9332,26.009,6.8321,18.703,1.6528,32.959,13.781,23.876,1.3624,18.6,2.3036,4.9025,2.2195,0.018332,0.8384,0.1159,54.635,43.735,63.299,54.552,26.772,76.72,22.524,39.818,44.167,47.986,51.069,41.523,17.641,0.02370140000000001,-0.03069300000000119,-2.324000000000069,-0.7240900000000039,-0.0050404000000000004,2.069119999999998,-1.8099999999999454,0.6097899999999967,0.23478000000000065,14.668800000000005,0.9941000000000031,0.2626599999999968,0.03396199999999894,-0.46419999999999817,-0.030979999999999563,-0.0005599999999930105,-0.041739999999999,0.119062,-0.003940000000000055,-0.00014507000000000062,0.0024445000000000716,0.018623050000000002,0.2742900000000006,2.742989999999999,15.441989999999997,0.3566199999999995,6.090769999999999,1.4098299999999995,3.767230000000005,0.43438000000000443,-0.5994800000000033,42.1
2020-01-02 18:09:00,0.27111,3647.4,4566.6,9.3523,26.996,42.308,2704.2,75.149,120.41,0.33396,80.144,49.746,2632.9,23.228,50.267,3099.8,23.338,66.347,242.94,342.48,94.597,77.276,32.483,8.9332,26.009,6.8321,18.703,1.6528,32.959,13.781,23.876,1.3624,18.6,2.3036,4.9025,2.2195,0.018332,0.8384,0.1159,54.635,43.735,63.175,53.925,26.483,76.814,22.716,39.841,37.352,47.151,51.256,41.072,17.154,0.02664140000000001,-0.0002930000000009869,-1.8240000000000691,0.09291000000000338,-0.005230400000000024,-0.24587999999999965,-1.8099999999999454,0.24878999999999962,0.4447800000000015,12.998799999999989,1.17410000000001,0.2626599999999968,0.03396199999999894,-0.46419999999999817,-0.030979999999999563,-0.0005599999999930105,-0.041739999999999,0.119062,-0.003940000000000055,-0.00014507000000000062,0.0024445000000000716,0.018623050000000002,0.15028999999999826,2.453990000000001,15.535989999999991,0.5486199999999997,-0.7242300000000057,0.5748300000000057,3.9542300000000026,-0.016619999999996082,-1.0864800000000017,42.15
2020-01-02 18:12:00,0.23278,3701.9,4543.8,9.4233,27.184,42.366,2701.5,74.828,120.39,0.33571,80.043,48.598,2631.2,23.718,48.353,3099.3,23.773,66.32,244.17,342.62,94.505,77.138,32.158,8.9609,26.556,6.7465,18.942,1.6248,33.256,13.983,24.139,1.3023,18.628,2.2872,4.8779,2.3543,0.018332,0.8384,0.1159,54.635,43.735,62.861,53.576,22.753,76.313,22.513,40.035,33.973,42.723,51.188,40.883,16.139,-0.011688600000000021,0.07070699999999874,-4.523999999999887,-0.22808999999999457,-0.0034803999999999946,-1.393880000000003,-3.5100000000002183,-1.6652100000000019,0.8797800000000002,14.228799999999978,1.3140999999999963,-0.06233999999999895,0.061662000000000106,0.08280000000000243,0.2080200000000012,0.29644000000000403,0.16026000000000096,0.05896199999999996,0.024059999999998638,-0.00014507000000000062,0.0024445000000000716,0.018623050000000002,-0.1637100000000018,-1.2760099999999994,15.03499,0.34562000000000026,-4.1032300000000035,-3.8531699999999987,3.8862300000000047,-0.20561999999999614,-2.1014800000000022,42.2
2020-01-02 18:15:00,0.23291,3688.5,4525.0,9.4461,27.216,42.199,2700.8,76.103,120.4,0.33529,79.925,50.681,2629.4,25.744,50.353,3098.3,22.434,66.263,244.92,342.08,94.631,77.26,32.158,8.9609,26.556,6.7465,18.942,1.6248,33.256,13.983,24.139,1.3023,18.628,2.2872,4.8779,2.3543,0.033283,0.81997,0.094706,53.527,42.723,63.091,53.801,22.739,77.795,22.258,40.086,40.104,47.351,51.164,41.084,19.325,-0.011558600000000002,0.0935069999999989,-5.223999999999705,1.046909999999997,-0.003900400000000026,0.6891199999999955,-5.309999999999945,0.33478999999999814,-0.4592199999999984,14.978799999999978,0.7740999999999758,-0.06233999999999895,0.061662000000000106,0.08280000000000243,0.2080200000000012,0.29644000000000403,0.16026000000000096,0.05896199999999996,0.024059999999998638,0.014805929999999998,-0.015985499999999986,-0.0025709500000000024,0.06629000000000218,-1.2900099999999988,16.51699,0.0906199999999977,2.0277699999999967,0.7748300000000015,3.862230000000004,-0.004619999999995628,1.0845199999999977,42.25
2020-01-02 18:18:00,0.26189,3711.1,4461.5,9.3766,26.703,42.743,2702.3,76.027,120.42,0.36084,80.036,50.831,2630.7,26.703,50.459,3098.9,24.053,66.243,244.95,342.42,94.547,77.426,32.474,8.7853,26.336,6.9275,18.513,1.6333,32.996,13.841,23.45,1.1838,18.467,2.2376,4.9268,2.3624,0.033283,0.81997,0.094706,53.527,42.723,63.542,53.966,25.805,76.09,22.17,42.45,40.546,47.596,51.206,41.975,15.475,0.017421400000000004,0.024006999999999223,-3.7239999999997053,0.9709100000000035,0.02164959999999999,0.8391200000000012,-4.010000000000218,0.4407899999999998,1.1597800000000014,15.00879999999998,1.1141000000000076,0.25365999999999644,-0.11393800000000098,-0.1372,-0.2209799999999973,0.03644000000000602,0.01825999999999972,-0.05953800000000009,-0.13694000000000273,0.014805929999999998,-0.015985499999999986,-0.0025709500000000024,0.5172900000000027,1.7759900000000002,14.811990000000002,0.0026200000000002888,2.469769999999997,1.019829999999999,3.9042300000000054,0.8863800000000026,-2.765480000000002,42.3
2020-01-02 18:21:00,0.26155,3702.9,4470.3,9.4026,26.998,42.573,2701.6,74.611,120.43,0.35812,80.167,49.566,2630.4,26.322,51.14,3099.8,22.702,66.276,247.09,342.05,94.457,77.582,32.474,8.7853,26.336,6.9275,18.513,1.6333,32.996,13.841,23.45,1.1838,18.467,2.2376,4.9268,2.3624,0.033283,0.81997,0.094706,53.527,42.723,63.682,53.86,25.838,78.386,21.996,42.782,36.823,49.173,51.057,42.114,18.661,0.017081399999999997,0.050006999999999024,-4.423999999999978,-0.4450899999999933,0.01892959999999999,-0.42587999999999937,-4.309999999999945,1.1217899999999972,-0.19121999999999773,17.148799999999994,0.7441000000000031,0.25365999999999644,-0.11393800000000098,-0.1372,-0.2209799999999973,0.03644000000000602,0.01825999999999972,-0.05953800000000009,-0.13694000000000273,0.014805929999999998,-0.015985499999999986,-0.0025709500000000024,0.6572900000000033,1.8089900000000014,17.107989999999994,-0.17138000000000275,-1.253230000000002,2.596830000000004,3.7552300000000045,1.0253799999999984,0.4205199999999998,42.35
2020-01-02 18:24:00,0.23128,3678.3,4500.0,9.4214,26.936,42.447,2703.2,74.977,120.39,0.34329,80.342,49.741,2632.0,25.31,50.852,3100.2,23.83,66.3,244.09,341.99,94.564,77.271,32.413,8.9821,25.938,7.027,19.013,1.6911,33.142,13.795,23.961,1.1996,19.018,2.2757,4.8072,2.2717,0.033283,0.81997,0.094706,53.527,42.723,62.56,54.567,22.545,74.072,22.222,40.942,37.337,48.505,51.364,41.411,15.987,-0.013188599999999995,0.06880699999999962,-2.824000000000069,-0.07908999999999367,0.004099599999999981,-0.2508800000000022,-2.7100000000000364,0.8337899999999934,0.9367799999999988,14.148799999999994,0.6841000000000008,0.1926599999999965,0.08286200000000044,-0.5351999999999997,0.2790200000000027,0.18244000000000682,-0.027739999999999654,-0.043738000000000055,0.4140599999999992,0.014805929999999998,-0.015985499999999986,-0.0025709500000000024,-0.4647099999999966,-1.4840099999999978,12.79399,0.05461999999999989,-0.7392299999999992,1.928830000000005,4.06223,0.32238000000000255,-2.2534800000000015,42.4
2020-01-02 18:27:00,0.23058,3649.1,4561.8,9.3028,26.966,42.261,2702.8,75.49,120.39,0.34494,80.347,50.676,2631.3,24.659,50.931,3100.0,23.612,66.368,242.47,341.73,94.478,77.786,32.413,8.9821,25.938,7.027,19.013,1.6911,33.142,13.795,23.961,1.1996,19.018,2.2757,4.8072,2.2717,0.033283,0.81997,0.094706,53.527,42.723,63.063,53.827,22.614,76.964,22.123,40.74,40.09,48.688,51.543,41.08,16.458,-0.013888600000000001,-0.049793000000001086,-3.2239999999997053,0.43390999999999735,0.005749600000000021,0.6841200000000001,-3.4099999999998545,0.912789999999994,0.7187799999999989,12.52879999999999,0.4241000000000099,0.1926599999999965,0.08286200000000044,-0.5351999999999997,0.2790200000000027,0.18244000000000682,-0.027739999999999654,-0.043738000000000055,0.4140599999999992,0.014805929999999998,-0.015985499999999986,-0.0025709500000000024,0.03829000000000349,-1.4150099999999988,15.685989999999997,-0.04438000000000031,2.013770000000001,2.1118300000000048,4.241230000000002,-0.008620000000000516,-1.7824800000000032,42.45
2020-01-02 18:30:00,0.23388,3629.2,4473.2,9.295,27.078,42.084,2704.2,74.487,120.39,0.33785,80.342,48.97,2632.6,24.428,49.75,3098.9,22.683,66.394,244.32,342.4,94.644,77.405,32.53,8.9239,26.464,6.6679,18.626,1.6639,33.182,13.868,24.149,1.2658,18.35,2.2688,4.8709,2.2454,0.022314,0.82081,0.10709,53.572,44.474,62.443,53.663,22.926,73.799,22.783,40.348,35.068,45.956,50.93,40.937,18.678,-0.010588600000000004,-0.05759300000000067,-1.8240000000000691,-0.5690900000000028,-0.0013404000000000194,-1.021880000000003,-2.1100000000001273,-0.2682100000000034,-0.21021999999999963,14.378799999999984,1.094099999999969,0.30966000000000093,0.024661999999999296,-0.009199999999999875,-0.10797999999999774,0.22244000000000597,0.045260000000000744,0.022461999999999982,-0.25394000000000005,0.003836929999999999,-0.015145499999999923,0.009813050000000004,-0.5817100000000011,-1.1030100000000012,12.520990000000005,0.6156199999999998,-3.0082300000000046,-0.6201699999999946,3.628230000000002,-0.1516200000000012,0.43751999999999924,42.5
2020-01-02 18:33:00,0.23395,3659.6,4497.2,9.3552,27.018,42.626,2702.4,74.281,120.38,0.33749,80.098,51.226,2630.7,26.078,49.757,3098.8,23.591,66.364,244.16,342.38,94.725,77.308,32.53,8.9239,26.464,6.6679,18.626,1.6639,33.182,13.868,24.149,1.2658,18.35,2.2688,4.8709,2.2454,0.022314,0.82081,0.10709,53.572,44.474,61.919,53.375,22.918,77.536,22.279,40.391,41.707,45.971,50.773,40.734,16.538,-0.010518600000000017,0.00260699999999936,-3.6239999999997963,-0.7750899999999916,-0.0017003999999999908,1.2341199999999972,-4.010000000000218,-0.2612100000000055,0.6977800000000016,14.218799999999987,1.0740999999999872,0.30966000000000093,0.024661999999999296,-0.009199999999999875,-0.10797999999999774,0.22244000000000597,0.045260000000000744,0.022461999999999982,-0.25394000000000005,0.003836929999999999,-0.015145499999999923,0.009813050000000004,-1.105710000000002,-1.1110100000000003,16.25799,0.1116199999999985,3.6307699999999983,-0.6051700000000011,3.4712300000000056,-0.35461999999999705,-1.7024800000000013,42.55
2020-01-02 18:36:00,0.22085,3726.2,4506.3,9.3565,26.75,42.304,2703.6,74.37,120.41,0.34621,80.188,50.927,2633.1,24.259,50.954,3100.6,23.049,66.335,242.14,342.08,94.516,77.468,32.637,8.7564,25.851,6.8537,18.678,1.6784,33.44,13.719,23.889,1.1768,18.786,2.2992,4.9033,2.3016,0.022314,0.82081,0.10709,53.572,44.474,63.955,54.208,21.406,77.792,22.213,41.297,40.828,48.741,50.784,41.246,17.811,-0.023618600000000017,0.003906999999999883,-2.423999999999978,-0.686089999999993,0.007019600000000015,0.9351199999999977,-1.6100000000001273,0.9357899999999972,0.15578000000000003,12.198799999999977,0.7740999999999758,0.41666000000000025,-0.14283800000000113,-0.6221999999999994,-0.05597999999999814,0.48044000000000153,-0.10374000000000017,-0.06653799999999999,0.1820599999999999,0.003836929999999999,-0.015145499999999923,0.009813050000000004,0.9302899999999994,-2.6230100000000007,16.51399,0.04561999999999955,2.7517700000000005,2.164830000000002,3.4822300000000013,0.1573800000000034,-0.42948000000000164,42.6
2020-01-02 18:39:00,0.21851,3718.7,4483.6,9.3592,27.08,42.878,2702.8,74.816,120.42,0.34926,80.245,48.709,2631.2,25.811,49.7,3100.8,23.38,66.307,243.61,341.9,94.455,77.605,32.637,8.7564,25.851,6.8537,18.678,1.6784,33.44,13.719,23.889,1.1768,18.786,2.2992,4.9033,2.3016,0.022314,0.82081,0.10709,53.572,44.474,64.084,54.48,21.635,78.134,22.185,40.925,34.301,45.84,50.482,41.657,17.008,-0.0259586,0.006606999999998919,-3.2239999999997053,-0.24008999999999503,0.010069600000000012,-1.2828799999999987,-3.5100000000002183,-0.31821000000000055,0.48677999999999955,13.668800000000005,0.594099999999969,0.41666000000000025,-0.14283800000000113,-0.6221999999999994,-0.05597999999999814,0.48044000000000153,-0.10374000000000017,-0.06653799999999999,0.1820599999999999,0.003836929999999999,-0.015145499999999923,0.009813050000000004,1.0592900000000043,-2.394009999999998,16.85599,0.017619999999997304,-3.7752300000000005,-0.7361699999999942,3.1802300000000017,0.5683799999999977,-1.2324800000000025,42.65
2020-01-02 18:42:00,0.20214,3690.9,4519.5,9.3804,26.876,42.032,2703.1,74.448,120.44,0.32937,80.416,48.569,2631.9,23.598,50.039,3100.4,22.64,66.332,240.72,341.64,94.545,77.555,32.775,8.7695,26.869,6.8907,18.732,1.6856,33.172,13.799,23.67,1.314,18.295,2.2448,4.8099,2.3029,0.022314,0.82081,0.10709,53.572,44.474,63.048,53.943,20.387,76.066,22.335,39.337,33.888,46.623,50.568,41.947,18.751,-0.04232860000000002,0.02780699999999925,-2.923999999999978,-0.6080900000000042,-0.009820400000000007,-1.4228799999999993,-2.8099999999999454,0.020789999999998088,-0.2532199999999989,10.77879999999999,0.3340999999999781,0.5546599999999984,-0.1297379999999997,0.39580000000000126,-0.0019799999999996487,0.21244000000000085,-0.023740000000000094,0.070662,-0.30893999999999977,0.003836929999999999,-0.015145499999999923,0.009813050000000004,0.02329000000000292,-3.642009999999999,14.78799,0.16761999999999944,-4.188230000000004,0.04682999999999993,3.26623,0.8583800000000039,0.5105199999999996,42.7
2020-01-02 18:45:00,0.2031,3688.4,4532.2,9.2663,26.434,42.49,2701.3,74.722,120.38,0.3318,80.34,48.653,2631.0,25.389,49.093,3099.1,22.063,66.368,241.88,341.59,94.416,77.218,32.775,8.7695,26.869,6.8907,18.732,1.6856,33.172,13.799,23.67,1.314,18.295,2.2448,4.8099,2.3029,0.0096286,0.81721,0.10979,54.103,44.422,63.091,53.792,20.293,76.957,22.016,39.041,34.136,44.435,50.285,40.684,20.141,-0.041368600000000005,-0.08629300000000129,-4.723999999999705,-0.33409000000000333,-0.007390400000000019,-1.3388800000000032,-3.7100000000000364,-0.9252099999999999,-0.8302200000000006,11.938799999999986,0.2840999999999667,0.5546599999999984,-0.1297379999999997,0.39580000000000126,-0.0019799999999996487,0.21244000000000085,-0.023740000000000094,0.070662,-0.30893999999999977,-0.008848470000000002,-0.01874549999999997,0.012513049999999998,0.06629000000000218,-3.7360100000000003,15.678989999999992,-0.15138000000000318,-3.9402299999999997,-2.1411699999999954,2.983229999999999,-0.4046200000000013,1.9005199999999967,42.75
2020-01-02 18:48:00,0.18654,3673.5,4523.6,9.3943,26.551,42.418,2699.6,75.046,120.4,0.33914,80.096,50.384,2627.7,23.321,51.233,3094.9,22.417,66.283,241.16,341.59,94.659,77.179,31.968,9.0103,26.442,6.9861,18.775,1.6457,32.91,13.942,24.029,1.1583,18.562,2.2263,4.9017,2.3473,0.0096286,0.81721,0.10979,54.103,44.422,63.033,53.774,18.248,76.377,22.002,40.173,39.229,49.387,50.18,41.189,19.32,-0.0579286,0.04170699999999883,-6.423999999999978,-0.01008999999999105,-5.0400000000005996e-05,0.39211999999999847,-7.010000000000218,1.2147899999999936,-0.47621999999999787,11.218799999999987,0.2840999999999667,-0.25234000000000023,0.11106200000000044,-0.03119999999999834,0.04101999999999961,-0.049559999999999604,0.11926000000000059,-0.08503799999999995,-0.04194000000000031,-0.008848470000000002,-0.01874549999999997,0.012513049999999998,0.008290000000002351,-5.781009999999998,15.098989999999993,-0.16538000000000252,1.1527699999999967,2.810830000000003,2.878230000000002,0.10038000000000125,1.0795199999999987,42.8
2020-01-02 18:51:00,0.18664,3651.5,4479.9,9.3718,26.757,41.985,2695.7,75.305,120.38,0.33454,79.917,50.988,2624.7,23.352,50.662,3093.3,22.265,66.199,239.03,341.38,94.762,76.908,31.968,9.0103,26.442,6.9861,18.775,1.6457,32.91,13.942,24.029,1.1583,18.562,2.2263,4.9017,2.3473,0.0096286,0.81721,0.10979,54.103,44.422,63.41,54.297,18.237,76.046,21.928,40.734,41.007,48.066,50.203,40.084,19.724,-0.05782860000000001,0.019206999999999752,-10.32400000000007,0.2489100000000093,-0.004650399999999999,0.9961199999999977,-10.010000000000218,0.6437899999999956,-0.6282199999999989,9.088799999999992,0.07409999999998718,-0.25234000000000023,0.11106200000000044,-0.03119999999999834,0.04101999999999961,-0.049559999999999604,0.11926000000000059,-0.08503799999999995,-0.04194000000000031,-0.008848470000000002,-0.01874549999999997,0.012513049999999998,0.3852899999999977,-5.792010000000001,14.767990000000005,-0.2393800000000006,2.9307699999999954,1.4898300000000049,2.9012300000000053,-1.0046199999999956,1.4835199999999986,42.85
2020-01-02 18:54:00,0.2635,3644.1,4525.8,9.107,26.862,42.23,2698.3,74.877,120.38,0.35823,80.076,49.715,2626.9,25.109,48.994,3095.1,22.184,66.118,239.48,340.83,94.619,77.327,31.574,8.9439,26.885,7.0024,19.185,1.7069,33.347,13.657,23.823,1.2213,18.541,2.2899,4.8545,2.3067,0.0096286,0.81721,0.10979,54.103,44.422,62.647,53.647,25.663,80.14,22.197,41.757,37.261,44.205,49.999,40.284,19.899,0.019031400000000004,-0.24559300000000128,-7.723999999999705,-0.1790900000000022,0.01903959999999999,-0.27687999999999846,-7.809999999999945,-1.0242100000000036,-0.7092199999999984,9.53879999999998,-0.4759000000000242,-0.6463399999999986,0.04466199999999887,0.41180000000000305,0.45101999999999975,0.3874400000000051,-0.16573999999999955,-0.022038000000000002,-0.0629400000000011,-0.008848470000000002,-0.01874549999999997,0.012513049999999998,-0.37771000000000043,1.6339900000000007,18.86199,0.02961999999999776,-0.8152299999999997,-2.3711699999999993,2.6972300000000047,-0.8046199999999999,1.6585199999999993,42.9
2020-01-02 18:57:00,0.26282,3609.4,4518.2,9.4264,26.787,41.93,2700.5,75.867,120.4,0.3531,80.089,51.797,2628.3,25.461,48.87,3097.0,22.385,66.09,239.81,341.34,94.886,77.378,31.574,8.9439,26.885,7.0024,19.185,1.7069,33.347,13.657,23.823,1.2213,18.541,2.2899,4.8545,2.3067,0.0096286,0.81721,0.10979,54.103,44.422,63.245,53.738,25.73,76.243,22.085,42.383,43.388,43.919,49.808,40.521,19.422,0.01835139999999999,0.07380699999999862,-5.523999999999887,0.8109100000000069,0.013909600000000022,1.8051199999999952,-6.4099999999998545,-1.148210000000006,-0.5082199999999979,9.868799999999993,0.03409999999996671,-0.6463399999999986,0.04466199999999887,0.41180000000000305,0.45101999999999975,0.3874400000000051,-0.16573999999999955,-0.022038000000000002,-0.0629400000000011,-0.008848470000000002,-0.01874549999999997,0.012513049999999998,0.22028999999999854,1.700990000000001,14.964989999999993,-0.08238000000000056,5.311769999999996,-2.6571700000000007,2.506230000000002,-0.567619999999998,1.181519999999999,42.95
2020-01-02 19:00:00,0.3038,3657.4,4493.7,9.4675,27.086,42.408,2701.6,75.163,120.39,0.32471,79.989,50.351,2630.2,24.509,47.623,3099.7,23.351,66.082,239.88,341.48,94.659,77.11,32.096,8.8821,26.514,6.8288,18.517,1.6306,33.013,13.756,23.96,1.3087,18.159,2.244,4.8116,2.2362,0.027415,0.82463,0.10953,53.685,43.982,62.171,52.989,30.036,73.295,22.088,38.186,39.132,41.033,49.516,41.127,17.166,0.059331400000000006,0.11490699999999876,-4.423999999999978,0.10690999999999917,-0.014480400000000004,0.3591199999999972,-4.510000000000218,-2.395210000000006,0.45777999999999963,9.938799999999986,0.1741000000000099,-0.12434000000000367,-0.017138000000000986,0.040800000000000836,-0.2169799999999995,0.05344000000000193,-0.06673999999999936,0.06536199999999992,-0.44494000000000256,0.008937929999999997,-0.011325499999999988,0.012253050000000001,-0.8537099999999995,6.006990000000002,12.01699,-0.07938000000000045,1.0557699999999954,-5.543169999999996,2.2142300000000006,0.03838000000000363,-1.0744800000000012,43.0
2020-01-02 19:03:00,0.30682,3642.0,4438.6,9.2742,26.859,42.209,2706.5,74.36,120.41,0.32461,80.188,48.389,2635.5,25.109,49.948,3102.5,24.371,66.045,241.53,341.93,94.757,77.76,32.096,8.8821,26.514,6.8288,18.517,1.6306,33.013,13.756,23.96,1.3087,18.159,2.244,4.8116,2.2362,0.027415,0.82463,0.10953,53.685,43.982,62.435,53.649,29.739,77.075,22.385,38.198,33.36,46.413,49.155,40.956,14.693,0.062351399999999974,-0.07839300000000016,0.4760000000001128,-0.6960899999999981,-0.014580399999999993,-1.602879999999999,0.7899999999999636,-0.07021000000000299,1.4777799999999992,11.588799999999992,0.6240999999999985,-0.12434000000000367,-0.017138000000000986,0.040800000000000836,-0.2169799999999995,0.05344000000000193,-0.06673999999999936,0.06536199999999992,-0.44494000000000256,0.008937929999999997,-0.011325499999999988,0.012253050000000001,-0.5897099999999966,5.709990000000001,15.796990000000001,0.21762000000000015,-4.716230000000003,-0.16317000000000093,1.8532300000000035,-0.13261999999999574,-3.547480000000002,43.05
2020-01-02 19:06:00,0.25817,3704.4,4539.9,9.4445,26.812,41.993,2709.6,74.789,120.43,0.33584,80.494,50.549,2638.9,27.888,49.0,3106.4,22.7,66.104,239.06,341.76,94.341,77.642,32.081,8.6757,26.361,6.8106,18.437,1.6402,32.915,13.809,23.91,1.4083,18.331,2.2355,4.7958,2.2661,0.027415,0.82463,0.10953,53.685,43.982,62.852,54.062,25.314,76.283,22.337,39.299,39.715,44.22,49.156,41.84,18.634,0.013701400000000002,0.09190699999999907,3.576000000000022,-0.26708999999999605,-0.0033503999999999756,0.5571199999999976,4.190000000000055,-1.0182100000000034,-0.19322000000000017,9.118799999999993,0.45409999999998263,-0.13933999999999713,-0.22353799999999957,-0.11219999999999786,-0.2969799999999978,-0.044559999999997046,-0.013740000000000308,0.16496200000000005,-0.27294000000000196,0.008937929999999997,-0.011325499999999988,0.012253050000000001,-0.17271000000000214,1.2849900000000005,15.00499,0.16961999999999833,1.638770000000001,-2.3561699999999988,1.8542300000000012,0.7513800000000046,0.39351999999999876,43.1
2020-01-02 19:09:00,0.25835,3672.1,4533.3,9.2755,27.285,42.287,2709.7,74.704,120.39,0.33785,80.366,50.649,2638.8,24.954,49.669,3107.9,23.0,66.141,234.9,341.66,94.622,77.683,32.081,8.6757,26.361,6.8106,18.437,1.6402,32.915,13.809,23.91,1.4083,18.331,2.2355,4.7958,2.2661,0.027415,0.82463,0.10953,53.685,43.982,63.408,54.141,25.296,78.415,22.509,39.055,40.01,45.767,49.306,41.472,17.909,0.013881400000000016,-0.07709300000000141,3.675999999999931,-0.352090000000004,-0.0013404000000000194,0.657119999999999,4.0900000000001455,-0.34921000000000646,0.10678000000000054,4.9587999999999965,0.35410000000001673,-0.13933999999999713,-0.22353799999999957,-0.11219999999999786,-0.2969799999999978,-0.044559999999997046,-0.013740000000000308,0.16496200000000005,-0.27294000000000196,0.008937929999999997,-0.011325499999999988,0.012253050000000001,0.38329000000000235,1.2669899999999998,17.136990000000004,0.3416199999999989,1.9337699999999955,-0.8091699999999946,2.0042299999999997,0.3833800000000025,-0.33148000000000266,43.15
2020-01-02 19:12:00,0.26157,3693.1,4547.7,9.2332,27.289,42.478,2709.3,75.048,120.43,0.33626,80.362,51.778,2638.1,24.569,51.126,3107.7,23.375,66.157,235.19,341.64,94.283,77.532,32.136,8.9756,26.401,6.8302,18.928,1.6291,32.736,13.712,24.213,1.1803,18.634,2.2919,4.8802,2.3254,0.027415,0.82463,0.10953,53.685,43.982,63.266,54.218,25.469,77.938,22.425,40.594,43.332,49.141,49.058,41.692,17.015,0.017101400000000017,-0.11939300000000053,3.2760000000002947,-0.008089999999995712,-0.0029303999999999997,1.7861199999999968,3.3899999999998727,1.1077899999999943,0.48178000000000054,5.248799999999989,0.3340999999999781,-0.08433999999999742,0.0763619999999996,-0.07219999999999871,0.19402000000000186,-0.2235599999999991,-0.11073999999999984,-0.06303800000000015,0.030059999999998865,0.008937929999999997,-0.011325499999999988,0.012253050000000001,0.24128999999999934,1.4399900000000017,16.65999,0.2576199999999993,5.255769999999998,2.5648300000000006,1.7562300000000022,0.6033800000000014,-1.225480000000001,43.2
2020-01-02 19:15:00,0.26108,3674.5,4586.6,9.3713,26.647,42.433,2706.6,74.697,120.39,0.33748,80.159,48.616,2635.6,24.674,52.033,3105.8,21.712,66.131,234.89,341.92,94.619,77.279,32.136,8.9756,26.401,6.8302,18.928,1.6291,32.736,13.712,24.213,1.1803,18.634,2.2919,4.8802,2.3254,0.024736,0.83568,0.09407,52.934,43.308,63.586,53.751,25.516,75.788,21.868,40.445,34.028,51.24,49.032,40.918,20.981,0.01661139999999997,0.01870699999999914,0.5760000000000218,-0.3590899999999948,-0.0017104000000000008,-1.3758800000000022,0.8899999999998727,2.014789999999998,-1.1812199999999997,4.948799999999977,0.6141000000000076,-0.08433999999999742,0.0763619999999996,-0.07219999999999871,0.19402000000000186,-0.2235599999999991,-0.11073999999999984,-0.06303800000000015,0.030059999999998865,0.006258929999999999,-0.0002754999999999841,-0.00320695,0.5612899999999996,1.4869899999999987,14.509989999999995,-0.29938000000000287,-4.048230000000004,4.663830000000004,1.7302299999999988,-0.17061999999999955,2.74052,43.25
2020-01-02 19:18:00,0.25496,3644.4,4510.2,9.4038,26.788,42.368,2706.3,75.561,120.41,0.32718,80.005,49.358,2634.6,24.93,51.525,3103.2,23.011,66.042,233.12,342.01,94.406,77.036,31.776,8.8339,26.602,6.7758,18.444,1.6699,32.586,13.733,24.408,1.4157,18.216,2.2352,4.9124,2.2944,0.024736,0.83568,0.09407,52.934,43.308,63.99,53.475,25.237,77.861,22.185,39.023,36.209,50.063,49.047,41.786,17.93,0.010491400000000012,0.05120699999999978,0.2760000000002947,0.5049100000000095,-0.012010399999999977,-0.6338800000000049,-0.11000000000012733,1.5067899999999952,0.11777999999999977,3.1787999999999954,0.7040999999999826,-0.4443400000000004,-0.06533800000000056,0.1288000000000018,-0.2899799999999999,-0.37355999999999767,-0.08973999999999904,0.1723619999999999,-0.3879400000000004,0.006258929999999999,-0.0002754999999999841,-0.00320695,0.9652900000000031,1.2079899999999988,16.582990000000002,0.017619999999997304,-1.8672299999999993,3.4868300000000048,1.7452299999999994,0.6973800000000026,-0.31048000000000187,43.3
2020-01-02 19:21:00,0.25557,3708.8,4483.1,9.3656,26.757,42.466,2704.7,75.08,120.37,0.32596,79.896,50.655,2633.8,24.61,49.638,3100.8,22.934,65.925,234.56,342.5,94.571,77.059,31.776,8.8339,26.602,6.7758,18.444,1.6699,32.586,13.733,24.408,1.4157,18.216,2.2352,4.9124,2.2944,0.024736,0.83568,0.09407,52.934,43.308,62.881,53.8,25.177,74.105,22.398,39.172,40.026,45.696,48.783,40.814,18.133,0.011101400000000011,0.01300699999999999,-1.3240000000000691,0.023910000000000764,-0.013230399999999976,0.6631199999999993,-0.9099999999998545,-0.38021000000000527,0.04078000000000159,4.618799999999993,1.1940999999999917,-0.4443400000000004,-0.06533800000000056,0.1288000000000018,-0.2899799999999999,-0.37355999999999767,-0.08973999999999904,0.1723619999999999,-0.3879400000000004,0.006258929999999999,-0.0002754999999999841,-0.00320695,-0.14370999999999867,1.14799,12.826990000000002,0.23061999999999827,1.949770000000001,-0.8801699999999997,1.4812300000000036,-0.27461999999999875,-0.10748000000000246,43.35
2020-01-02 19:24:00,0.29318,3694.6,4504.9,9.3696,27.113,42.11,2705.1,75.325,120.43,0.33,79.86,49.677,2634.0,24.097,52.023,3102.8,23.765,65.856,233.89,342.01,94.487,77.49,32.317,8.9443,26.52,6.9781,18.508,1.6956,32.852,13.775,24.101,1.1248,18.555,2.2606,4.8048,2.3602,0.024736,0.83568,0.09407,52.934,43.308,63.678,54.741,28.798,76.242,22.209,39.09,37.15,51.217,48.707,41.826,16.148,0.04871139999999999,0.01700699999999955,-0.9239999999999782,0.2689100000000053,-0.009190399999999987,-0.31488000000000227,-0.7100000000000364,2.00479,0.8717800000000011,3.948799999999977,0.7040999999999826,0.09665999999999997,0.04506199999999971,0.04680000000000106,-0.22597999999999985,-0.10755999999999943,-0.04773999999999923,-0.11853800000000003,-0.04894000000000176,0.006258929999999999,-0.0002754999999999841,-0.00320695,0.6532899999999984,4.768989999999999,14.963990000000003,0.041619999999998214,-0.9262300000000039,4.640830000000001,1.405230000000003,0.7373800000000017,-2.092480000000002,43.4
2020-01-02 19:27:00,0.29352,3693.4,4538.8,9.421,26.958,42.403,2708.1,75.456,120.42,0.33086,80.196,49.364,2637.7,26.824,51.574,3104.8,22.759,65.892,234.62,342.3,94.436,77.462,32.317,8.9443,26.52,6.9781,18.508,1.6956,32.852,13.775,24.101,1.1248,18.555,2.2606,4.8048,2.3602,0.024736,0.83568,0.09407,52.934,43.308,63.697,54.336,28.765,75.225,22.594,38.985,36.227,50.177,48.504,41.405,18.517,0.049051399999999995,0.06840699999999877,2.076000000000022,0.39991000000000554,-0.008330400000000016,-0.6278800000000047,2.9899999999997817,1.5557899999999947,-0.13421999999999912,4.678799999999995,0.9941000000000031,0.09665999999999997,0.04506199999999971,0.04680000000000106,-0.22597999999999985,-0.10755999999999943,-0.04773999999999923,-0.11853800000000003,-0.04894000000000176,0.006258929999999999,-0.0002754999999999841,-0.00320695,0.6722900000000038,4.735990000000001,13.946989999999992,0.4266199999999998,-1.8492300000000057,3.600830000000002,1.2022300000000001,0.3163800000000023,0.2765199999999979,43.45
2020-01-02 19:30:00,0.24264,3656.4,4541.8,9.355,26.666,42.208,2708.6,75.162,120.4,0.33293,80.297,49.75,2637.9,26.139,51.2,3103.7,23.041,65.943,236.03,342.14,94.397,77.492,32.616,8.91,26.444,6.8135,18.68,1.6539,33.366,13.849,23.917,1.3036,18.698,2.2813,4.8491,2.2428,0.022907,0.83636,0.090788,53.514,43.498,62.564,54.195,23.762,76.892,22.625,39.751,37.365,49.31,48.511,41.329,17.836,-0.0018286000000000135,0.002406999999999826,2.576000000000022,0.10591000000000861,-0.006260399999999999,-0.24188000000000187,3.1900000000000546,1.1817899999999995,0.1477800000000009,6.088799999999992,0.8340999999999781,0.39565999999999946,0.010761999999999716,-0.02919999999999945,-0.05397999999999925,0.40644000000000347,0.026260000000000616,0.06026200000000004,0.09405999999999892,0.004429929999999999,0.00040450000000002984,-0.006488950000000007,-0.46070999999999884,-0.2670099999999991,15.613989999999994,0.4576199999999986,-0.7112300000000005,2.7338300000000046,1.2092300000000051,0.24038000000000181,-0.40448000000000306,43.5
2020-01-02 19:33:00,0.23969,3668.0,4562.2,9.4489,27.073,42.407,2706.3,75.556,120.4,0.3333,80.153,49.568,2634.8,24.37,52.245,3103.2,22.722,65.959,237.65,341.86,94.668,77.434,32.616,8.91,26.444,6.8135,18.68,1.6539,33.366,13.849,23.917,1.3036,18.698,2.2813,4.8491,2.2428,0.022907,0.83636,0.090788,53.514,43.498,62.366,53.95,24.052,76.499,22.267,39.706,36.828,51.729,48.342,40.678,18.59,-0.004778600000000022,0.09630699999999948,0.2760000000002947,0.49990999999999985,-0.005890400000000018,-0.42388000000000403,0.09000000000014552,2.226789999999994,-0.17121999999999815,7.7087999999999965,0.5541000000000054,0.39565999999999946,0.010761999999999716,-0.02919999999999945,-0.05397999999999925,0.40644000000000347,0.026260000000000616,0.06026200000000004,0.09405999999999892,0.004429929999999999,0.00040450000000002984,-0.006488950000000007,-0.6587099999999992,0.022990000000000066,15.220989999999993,0.09961999999999804,-1.2482299999999995,5.152830000000002,1.040230000000001,-0.41062000000000154,0.3495199999999983,43.55
2020-01-02 19:36:00,0.20909,3690.2,4514.9,9.286,26.619,42.287,2704.7,75.314,120.37,0.34504,80.066,50.113,2633.3,24.824,49.618,3100.9,22.182,65.952,235.58,342.34,94.483,77.056,32.554,8.8882,26.814,6.9082,18.786,1.6599,33.421,13.923,23.484,1.3844,18.275,2.2469,4.7783,2.2812,0.022907,0.83636,0.090788,53.514,43.498,63.414,54.124,20.807,79.524,22.2,40.248,38.434,45.65,48.505,40.444,19.906,-0.03537860000000001,-0.06659300000000101,-1.3240000000000691,0.2579099999999954,0.00584960000000001,0.12111999999999767,-1.4099999999998545,-0.4002100000000013,-0.7112200000000009,5.638800000000003,1.0340999999999667,0.33366000000000184,-0.011038000000000991,0.34080000000000155,0.0520200000000024,0.4614400000000032,0.10026000000000046,0.14106200000000002,-0.3289400000000029,0.004429929999999999,0.00040450000000002984,-0.006488950000000007,0.3892900000000026,-3.222010000000001,18.24599,0.03261999999999787,0.35776999999999504,-0.926169999999999,1.203230000000005,-0.6446199999999962,1.6655199999999972,43.6
2020-01-02 19:39:00,0.20958,3667.2,4537.6,9.4096,26.845,42.009,2703.8,75.153,120.39,0.34448,79.986,50.202,2632.7,24.586,50.313,3098.4,23.082,65.892,234.61,342.27,94.601,77.521,32.554,8.8882,26.814,6.9082,18.786,1.6599,33.421,13.923,23.484,1.3844,18.275,2.2469,4.7783,2.2812,0.022907,0.83636,0.090788,53.514,43.498,63.81,53.853,20.759,74.831,22.676,40.317,38.695,47.258,48.575,41.384,17.753,-0.03488860000000002,0.0570069999999987,-2.2239999999997053,0.09691000000000827,0.005289600000000005,0.2101199999999963,-2.0100000000002183,0.294789999999999,0.18878000000000128,4.6688000000000045,0.9640999999999735,0.33366000000000184,-0.011038000000000991,0.34080000000000155,0.0520200000000024,0.4614400000000032,0.10026000000000046,0.14106200000000002,-0.3289400000000029,0.004429929999999999,0.00040450000000002984,-0.006488950000000007,0.7852900000000034,-3.270009999999999,13.552990000000001,0.508619999999997,0.6187699999999978,0.681830000000005,1.2732300000000052,0.29538000000000153,-0.48748000000000147,43.65
2020-01-02 19:42:00,0.21203,3667.1,4486.9,9.298,27.018,42.324,2703.5,74.813,120.4,0.3501,80.207,48.996,2631.9,25.601,50.68,3099.4,22.403,65.892,234.05,341.85,94.572,77.471,32.1,8.8811,26.292,6.9185,19.195,1.694,32.855,13.857,24.325,1.2816,18.19,2.2716,4.8773,2.2595,0.022907,0.83636,0.090788,53.514,43.498,63.001,54.208,20.882,77.204,22.24,41.695,35.146,48.107,48.604,41.011,19.353,-0.03243860000000001,-0.05459300000000056,-2.5239999999998872,-0.24308999999999514,0.01090960000000002,-0.9958799999999997,-2.8099999999999454,0.6617899999999963,-0.49022000000000077,4.108800000000002,0.5441000000000145,-0.12033999999999878,-0.01813800000000043,-0.18119999999999692,0.4610200000000013,-0.10455999999999932,0.034259999999999735,0.03826200000000002,-0.4139400000000002,0.004429929999999999,0.00040450000000002984,-0.006488950000000007,-0.02371000000000123,-3.147009999999998,15.925989999999992,0.07261999999999702,-2.9302300000000017,1.5308300000000017,1.3022300000000016,-0.07761999999999603,1.11252,43.7
2020-01-02 19:45:00,0.21131,3671.3,4514.5,9.2855,26.952,42.045,2701.9,74.444,120.36,0.3481,80.24,49.952,2630.2,24.616,48.853,3099.5,22.953,65.93,233.83,341.2,94.678,77.849,32.1,8.8811,26.292,6.9185,19.195,1.694,32.855,13.857,24.325,1.2816,18.19,2.2716,4.8773,2.2595,0.01302,0.8142,0.092837,53.631,43.723,62.929,53.876,20.953,75.469,22.265,41.938,37.958,43.88,48.619,40.8,18.017,-0.03315860000000001,-0.06709299999999985,-4.123999999999796,-0.6120899999999949,0.008909600000000018,-0.03988000000000369,-4.510000000000218,-1.1652100000000019,0.059779999999999944,3.8888000000000034,-0.10590000000001965,-0.12033999999999878,-0.01813800000000043,-0.18119999999999692,0.4610200000000013,-0.10455999999999932,0.034259999999999735,0.03826200000000002,-0.4139400000000002,-0.005457070000000001,-0.021755499999999928,-0.004439949999999998,-0.09570999999999685,-3.07601,14.190989999999992,0.09761999999999915,-0.11823000000000405,-2.696169999999995,1.3172300000000021,-0.28862000000000165,-0.22348000000000212,43.75
2020-01-02 19:48:00,0.2545,3664.4,4458.6,9.3986,26.686,42.961,2702.9,74.932,120.4,0.34384,80.301,49.035,2631.7,26.443,49.601,3099.5,22.498,65.974,234.32,341.77,94.598,77.378,32.139,8.8056,26.447,6.968,18.727,1.633,33.036,13.942,23.792,1.1084,18.589,2.2821,4.9451,2.2555,0.01302,0.8142,0.092837,53.631,43.723,62.927,53.505,25.058,77.191,22.115,40.793,35.259,45.61,48.559,41.173,19.12,0.010031399999999996,0.046006999999999465,-3.1239999999997963,-0.12408999999999537,0.004649599999999976,-0.9568800000000053,-3.0100000000002183,-0.4172100000000043,-0.39521999999999835,4.378799999999984,0.46409999999997353,-0.0813399999999973,-0.09363800000000033,-0.026199999999999335,-0.006979999999998654,0.07644000000000517,0.11926000000000059,-0.134938,-0.01494000000000284,-0.005457070000000001,-0.021755499999999928,-0.004439949999999998,-0.0977099999999993,1.0289900000000003,15.91299,-0.05238000000000298,-2.817230000000002,-0.9661699999999982,1.2572299999999998,0.08438000000000301,0.8795199999999994,43.8
2020-01-02 19:51:00,0.25396,3608.3,4457.7,9.3929,26.846,42.248,2701.6,75.358,120.39,0.34424,80.208,49.272,2630.5,25.935,51.221,3098.9,21.773,66.0,234.91,341.36,94.582,77.083,32.139,8.8056,26.447,6.968,18.727,1.633,33.036,13.942,23.792,1.1084,18.589,2.2821,4.9451,2.2555,0.01302,0.8142,0.092837,53.631,43.723,63.893,53.516,25.111,74.657,21.946,40.744,35.959,49.359,48.491,40.802,20.868,0.009491400000000011,0.04030699999999854,-4.423999999999978,0.30191000000000656,0.005049599999999987,-0.7198800000000034,-4.210000000000036,1.2027899999999931,-1.1202199999999998,4.9687999999999874,0.054100000000005366,-0.0813399999999973,-0.09363800000000033,-0.026199999999999335,-0.006979999999998654,0.07644000000000517,0.11926000000000059,-0.134938,-0.01494000000000284,-0.005457070000000001,-0.021755499999999928,-0.004439949999999998,0.8682900000000018,1.0819900000000011,13.378989999999995,-0.2213799999999999,-2.1172299999999993,2.782830000000004,1.189230000000002,-0.2866199999999992,2.627519999999997,43.85
2020-01-02 19:54:00,0.25341,3668.3,4521.6,9.2355,27.095,42.075,2700.3,75.551,120.39,0.35447,80.071,50.184,2627.6,25.876,50.0,3098.3,22.103,65.953,233.2,341.27,94.733,76.921,32.099,8.9127,26.115,6.8931,18.738,1.6837,32.961,13.781,23.686,1.2654,18.72,2.2787,4.9149,2.306,0.01302,0.8142,0.092837,53.631,43.723,62.368,53.869,24.578,77.6,21.924,41.891,38.641,46.534,48.629,40.708,20.107,0.008941400000000016,-0.11709300000000056,-5.723999999999705,0.4949100000000044,0.015279600000000004,0.19211999999999563,-7.110000000000127,-0.01821000000000339,-0.7902199999999979,3.2587999999999795,-0.035900000000026466,-0.12134000000000356,0.013461999999998753,-0.3582000000000001,0.004020000000000579,0.0014400000000023283,-0.041739999999999,0.022062000000000026,0.11605999999999739,-0.005457070000000001,-0.021755499999999928,-0.004439949999999998,-0.6567099999999968,0.5489899999999999,16.321989999999992,-0.24338000000000193,0.5647699999999958,-0.04216999999999871,1.3272300000000001,-0.3806200000000004,1.8665199999999977,43.9
2020-01-02 19:57:00,0.25134,3627.5,4519.9,9.1909,26.701,42.577,2699.3,74.339,120.41,0.35549,79.902,50.255,2628.5,23.718,51.457,3096.6,23.655,65.897,234.29,341.21,94.778,77.24,32.099,8.9127,26.115,6.8931,18.738,1.6837,32.961,13.781,23.686,1.2654,18.72,2.2787,4.9149,2.306,0.01302,0.8142,0.092837,53.631,43.723,63.069,53.888,24.782,78.591,22.269,41.767,38.849,49.905,48.525,41.26,16.432,0.0068714,-0.16169300000000142,-6.723999999999705,-0.7170899999999989,0.01629959999999997,0.2631200000000007,-6.210000000000036,1.4387899999999973,0.7617800000000017,4.348799999999983,-0.09590000000002874,-0.12134000000000356,0.013461999999998753,-0.3582000000000001,0.004020000000000579,0.0014400000000023283,-0.041739999999999,0.022062000000000026,0.11605999999999739,-0.005457070000000001,-0.021755499999999928,-0.004439949999999998,0.044290000000003715,0.7529900000000005,17.312989999999992,0.10161999999999694,0.7727699999999942,3.3288300000000035,1.223230000000001,0.1713799999999992,-1.808480000000003,43.95
2020-01-02 20:00:00,0.25473,3658.8,4509.3,9.3129,27.116,42.426,2703.0,75.608,120.37,0.33597,80.062,50.522,2631.4,25.281,51.15,3100.1,23.069,65.84,232.28,341.48,94.666,77.418,32.245,8.8411,26.616,6.8542,19.027,1.6519,33.378,13.969,23.752,1.3423,18.218,2.2278,4.9066,2.2539,0.018313,0.80789,0.090054,54.269,43.804,63.143,53.998,25.351,77.287,22.354,39.891,39.635,49.196,48.11,40.315,17.808,0.010261400000000004,-0.039692999999999756,-3.0239999999998872,0.5519100000000066,-0.003220400000000012,0.5301199999999966,-3.3099999999999454,1.1317899999999952,0.1757799999999996,2.338799999999992,0.1741000000000099,0.02465999999999724,-0.05813799999999958,0.14280000000000115,0.29302000000000206,0.4184400000000039,0.14625999999999983,0.098962,-0.3859400000000015,-0.00016407000000000227,-0.028065499999999965,-0.007222950000000006,0.11829000000000178,1.3219899999999996,16.008990000000004,0.1866199999999978,1.5587699999999955,2.6198300000000003,0.8082300000000018,-0.7736200000000011,-0.43248000000000175,44.0
2020-01-02 20:03:00,0.25888,3638.7,4523.2,9.2911,26.918,42.604,2704.8,74.56,120.44,0.33633,80.234,49.268,2633.9,25.115,51.682,3101.6,22.057,65.831,231.01,341.61,94.561,77.538,32.245,8.8411,26.616,6.8542,19.027,1.6519,33.378,13.969,23.752,1.3423,18.218,2.2278,4.9066,2.2539,0.018313,0.80789,0.090054,54.269,43.804,63.488,53.831,24.943,77.108,22.112,39.847,35.946,50.426,47.958,41.205,20.192,0.014411399999999991,-0.061493000000000464,-1.2239999999997053,-0.49608999999999526,-0.002860399999999985,-0.7238800000000012,-0.8099999999999454,1.6637899999999988,-0.8362200000000009,1.0687999999999818,0.30410000000000537,0.02465999999999724,-0.05813799999999958,0.14280000000000115,0.29302000000000206,0.4184400000000039,0.14625999999999983,0.098962,-0.3859400000000015,-0.00016407000000000227,-0.028065499999999965,-0.007222950000000006,0.46329000000000065,0.9139900000000019,15.829990000000002,-0.05538000000000309,-2.1302300000000045,3.8498300000000043,0.6562300000000008,0.11637999999999948,1.9515199999999986,44.05
2020-01-02 20:06:00,0.24275,3681.6,4514.0,9.3385,27.309,42.254,2705.7,75.013,120.39,0.35811,80.421,50.961,2635.6,24.562,50.187,3102.4,22.05,65.892,231.97,341.77,94.536,77.574,31.815,8.9067,26.547,6.9025,18.665,1.6159,32.915,13.805,24.278,1.5058,18.632,2.2818,4.8155,2.2826,0.018313,0.80789,0.090054,54.269,43.804,63.099,53.214,23.778,75.394,22.911,42.312,40.93,46.966,47.606,40.888,20.184,-0.0017186000000000146,-0.0140930000000008,-0.3240000000000691,-0.0430899999999923,0.01891959999999998,0.9691199999999967,0.8899999999998727,0.16878999999999422,-0.8432199999999987,2.0287999999999897,0.46409999999997353,-0.4053399999999989,0.007462000000000302,0.07380000000000209,-0.06897999999999982,-0.044559999999997046,-0.017739999999999867,0.262462,0.028059999999999974,-0.00016407000000000227,-0.028065499999999965,-0.007222950000000006,0.07428999999999775,-0.25101000000000084,14.115990000000004,0.74362,2.8537699999999973,0.38983000000000345,0.304230000000004,-0.2006200000000007,1.9435199999999995,44.1
2020-01-02 20:09:00,0.24163,3645.6,4495.4,9.3607,26.783,42.576,2705.6,75.018,120.42,0.36179,80.404,49.018,2634.0,24.999,51.503,3101.8,21.695,65.929,228.42,341.76,94.625,77.575,31.815,8.9067,26.547,6.9025,18.665,1.6159,32.915,13.805,24.278,1.5058,18.632,2.2818,4.8155,2.2826,0.018313,0.80789,0.090054,54.269,43.804,63.718,53.438,23.889,76.182,22.231,41.863,35.211,50.011,47.652,41.166,21.017,-0.0028385999999999967,0.008106999999998976,-0.42399999999997817,-0.03808999999999685,0.022599599999999997,-0.9738800000000012,-0.7100000000000364,1.4847899999999967,-1.1982199999999992,-1.5212000000000216,0.45409999999998263,-0.4053399999999989,0.007462000000000302,0.07380000000000209,-0.06897999999999982,-0.044559999999997046,-0.017739999999999867,0.262462,0.028059999999999974,-0.00016407000000000227,-0.028065499999999965,-0.007222950000000006,0.6932900000000046,-0.1400100000000002,14.90399,0.06362000000000023,-2.865230000000004,3.434830000000005,0.35023000000000337,0.077379999999998,2.776519999999998,44.15
2020-01-02 20:12:00,0.28533,3657.9,4503.2,9.2384,26.738,42.309,2702.6,74.531,120.38,0.33836,80.164,49.478,2631.4,23.542,49.18,3100.7,23.114,65.913,228.15,341.17,94.562,76.931,31.858,8.7761,26.446,6.9886,18.682,1.6626,32.82,13.736,23.666,1.2694,18.793,2.2259,4.9166,2.3548,0.018313,0.80789,0.090054,54.269,43.804,63.087,54.22,28.102,78.888,21.997,40.425,36.564,44.635,47.41,40.785,17.699,0.040861399999999964,-0.11419300000000021,-3.423999999999978,-0.5250899999999916,-0.0008304000000000089,-0.5138800000000003,-3.3099999999999454,-0.8382100000000037,0.2207800000000013,-1.7912000000000035,-0.13589999999999236,-0.36233999999999966,-0.12313800000000086,-0.027199999999997004,-0.05198000000000036,-0.1395599999999959,-0.08673999999999893,0.02606200000000003,0.18905999999999779,-0.00016407000000000227,-0.028065499999999965,-0.007222950000000006,0.0622900000000044,4.072990000000001,17.609990000000003,-0.17038000000000153,-1.5122300000000024,-1.9411699999999996,0.10822999999999894,-0.3036200000000022,-0.54148,44.2
2020-01-02 20:15:00,0.28695,3651.4,4468.5,9.3455,26.494,42.445,2702.1,75.052,120.41,0.34268,79.987,50.733,2630.8,26.544,50.98,3100.2,22.817,65.818,227.74,341.34,94.603,77.283,31.858,8.7761,26.446,6.9886,18.682,1.6626,32.82,13.736,23.666,1.2694,18.793,2.2259,4.9166,2.3548,0.014271,0.81411,0.090872,53.612,43.188,63.199,54.635,27.943,75.572,21.781,39.898,40.258,48.801,46.979,40.644,18.398,0.042481399999999975,-0.007093000000001126,-3.923999999999978,-0.004089999999990823,0.0034895999999999816,0.7411199999999951,-3.9099999999998545,0.9617899999999935,-0.07621999999999929,-2.2012,0.03409999999996671,-0.36233999999999966,-0.12313800000000086,-0.027199999999997004,-0.05198000000000036,-0.1395599999999959,-0.08673999999999893,0.02606200000000003,0.18905999999999779,-0.004206070000000001,-0.021845499999999962,-0.0064049500000000065,0.17428999999999917,3.913990000000002,14.29399,-0.3863800000000026,2.18177,2.2248300000000043,-0.32276999999999845,-0.44462000000000046,0.1575199999999981,44.25
2020-01-02 20:18:00,0.28507,3635.4,4541.1,9.4032,26.966,42.358,2704.1,75.265,120.39,0.33032,80.126,50.837,2633.1,22.826,49.116,3099.8,23.935,65.745,227.35,341.6,94.737,77.337,32.609,8.8725,26.579,6.7814,19.078,1.6902,32.831,13.638,24.169,1.2859,18.661,2.2232,4.9065,2.2811,0.014271,0.81411,0.090872,53.612,43.188,62.659,53.742,28.03,76.553,22.65,39.479,40.562,44.487,46.666,40.617,15.742,0.04060139999999998,0.0506069999999994,-1.9239999999999782,0.20891000000000304,-0.0088704,0.8451200000000014,-1.6100000000001273,-0.9022100000000037,1.0417799999999993,-2.591200000000015,0.29410000000001446,0.38866000000000156,-0.02673799999999993,0.10580000000000211,0.34402000000000044,-0.12855999999999312,-0.18473999999999968,0.04256199999999999,0.05705999999999989,-0.004206070000000001,-0.021845499999999962,-0.0064049500000000065,-0.36571,4.000990000000002,15.274989999999995,0.48261999999999716,2.485769999999995,-2.0891699999999958,-0.6357700000000008,-0.4716200000000015,-2.4984800000000007,44.3
2020-01-02 20:21:00,0.28378,3649.1,4529.9,9.3387,26.454,42.541,2703.6,74.629,120.4,0.3323,80.028,50.933,2632.0,26.396,51.417,3101.0,23.803,65.692,226.73,342.03,94.538,77.22,32.609,8.8725,26.579,6.7814,19.078,1.6902,32.831,13.638,24.169,1.2859,18.661,2.2232,4.9065,2.2811,0.014271,0.81411,0.090872,53.612,43.188,62.424,53.876,28.157,76.258,21.883,39.238,40.847,49.813,46.375,41.071,16.07,0.03931139999999997,-0.013893000000001265,-2.423999999999978,-0.42708999999999264,-0.006890400000000019,0.941119999999998,-2.7100000000000364,1.3987899999999982,0.9097800000000014,-3.2112000000000194,0.7240999999999644,0.38866000000000156,-0.02673799999999993,0.10580000000000211,0.34402000000000044,-0.12855999999999312,-0.18473999999999968,0.04256199999999999,0.05705999999999989,-0.004206070000000001,-0.021845499999999962,-0.0064049500000000065,-0.6007099999999994,4.1279900000000005,14.979989999999994,-0.2843800000000023,2.770769999999999,3.2368300000000048,-0.9267699999999977,-0.017620000000000857,-2.1704800000000013,44.35
2020-01-02 20:24:00,0.2126,3691.5,4475.9,9.3183,26.758,42.606,2703.8,74.949,120.4,0.31827,79.966,50.236,2632.9,26.718,51.394,3100.5,23.147,65.618,226.97,342.37,94.647,77.032,32.29,8.8558,26.463,6.9127,18.673,1.671,33.129,13.779,23.86,1.0691,18.431,2.2724,4.9085,2.2454,0.014271,0.81411,0.090872,53.612,43.188,63.509,53.532,20.764,76.999,22.387,38.13,38.796,49.76,46.011,41.439,17.645,-0.0318686,-0.03429299999999991,-2.2239999999997053,-0.10708999999999946,-0.020920400000000006,0.24411999999999523,-1.8099999999999454,1.375789999999995,0.253779999999999,-2.9712000000000103,1.0640999999999963,0.06965999999999894,-0.04343800000000009,-0.010199999999997544,-0.0609800000000007,0.1694400000000016,-0.04373999999999967,-0.17423800000000012,-0.17294000000000054,-0.004206070000000001,-0.021845499999999962,-0.0064049500000000065,0.48429000000000144,-3.26501,15.720989999999993,0.21961999999999904,0.7197699999999969,3.1838300000000004,-1.2907699999999949,0.35038000000000125,-0.595480000000002,44.4
2020-01-02 20:27:00,0.2123,3705.4,4522.5,9.3918,26.808,42.439,2704.5,75.869,120.43,0.32422,80.144,48.995,2633.4,23.776,49.558,3100.2,22.313,65.575,224.88,341.78,94.59,77.535,32.29,8.8558,26.463,6.9127,18.673,1.671,33.129,13.779,23.86,1.0691,18.431,2.2724,4.9085,2.2454,0.014271,0.81411,0.090872,53.612,43.188,63.269,52.975,20.794,77.089,22.471,37.405,35.141,45.512,45.856,41.374,19.587,-0.03216860000000002,0.039206999999999326,-1.5239999999998872,0.8129100000000022,-0.014970399999999995,-0.9968800000000044,-1.3099999999999454,-0.46021000000000356,-0.5802200000000006,-5.061200000000014,0.47409999999996444,0.06965999999999894,-0.04343800000000009,-0.010199999999997544,-0.0609800000000007,0.1694400000000016,-0.04373999999999967,-0.17423800000000012,-0.17294000000000054,-0.004206070000000001,-0.021845499999999962,-0.0064049500000000065,0.24428999999999945,-3.235009999999999,15.810989999999997,0.30361999999999867,-2.9352300000000042,-1.0641699999999972,-1.445769999999996,0.2853800000000035,1.3465199999999982,44.45
2020-01-02 20:30:00,0.23907,3668.3,4524.5,9.3422,26.892,42.625,2704.8,74.695,120.41,0.33588,80.284,49.223,2634.6,25.375,48.185,3100.6,23.878,65.587,223.08,342.09,94.548,77.807,32.379,8.9471,26.637,6.8025,18.565,1.6564,32.866,13.715,23.692,1.3868,18.685,2.2307,4.848,2.2329,0.020387,0.82433,0.092537,53.439,43.36,62.789,53.927,23.7,74.989,22.517,39.567,35.812,42.333,45.786,41.088,15.84,-0.005398600000000003,-0.01039300000000054,-1.2239999999997053,-0.36109000000000435,-0.003310399999999991,-0.7688800000000029,-0.11000000000012733,-1.8332100000000011,0.9847800000000007,-6.861199999999997,0.7840999999999667,0.15865999999999758,0.04786200000000029,0.16380000000000194,-0.1689799999999977,-0.09355999999999653,-0.10773999999999972,0.14346199999999998,0.08105999999999725,0.0019099299999999972,-0.011625499999999955,-0.004739950000000007,-0.23570999999999742,-0.32901000000000025,13.710990000000002,0.34961999999999804,-2.264230000000005,-4.243169999999999,-1.5157699999999963,-0.0006199999999978445,-2.4004800000000017,44.5
2020-01-02 20:33:00,0.23646,3664.9,4558.2,9.3842,26.621,42.492,2705.4,75.655,120.42,0.33576,80.36,49.299,2633.6,26.19,49.048,3101.7,23.764,65.626,221.64,341.63,94.61,77.315,32.379,8.9471,26.637,6.8025,18.565,1.6564,32.866,13.715,23.692,1.3868,18.685,2.2307,4.848,2.2329,0.020387,0.82433,0.092537,53.439,43.36,62.848,53.524,23.957,74.796,22.243,39.582,36.036,44.331,45.619,42.164,16.125,-0.008008600000000005,0.031606999999999275,-0.6239999999997963,0.5989100000000036,-0.0034304,-0.6928800000000024,-1.1100000000001273,-0.9702100000000016,0.8707799999999999,-8.301200000000023,0.3240999999999872,0.15865999999999758,0.04786200000000029,0.16380000000000194,-0.1689799999999977,-0.09355999999999653,-0.10773999999999972,0.14346199999999998,0.08105999999999725,0.0019099299999999972,-0.011625499999999955,-0.004739950000000007,-0.17670999999999992,-0.0720099999999988,13.517990000000005,0.07561999999999713,-2.040230000000001,-2.2451699999999946,-1.6827699999999979,1.0753800000000027,-2.1154800000000016,44.55
2020-01-02 20:36:00,0.22856,3680.0,4543.9,9.277,27.321,42.223,2703.5,74.633,120.39,0.32429,80.237,48.657,2631.9,25.446,50.028,3101.3,22.738,65.616,221.04,341.59,94.534,77.308,32.128,8.9177,26.193,6.9039,18.492,1.6859,32.816,13.604,24.118,1.1619,18.266,2.2605,4.7719,2.352,0.020387,0.82433,0.092537,53.439,43.36,63.577,53.988,22.733,77.621,22.205,39.166,34.148,46.598,45.376,41.327,18.561,-0.015908599999999995,-0.07559300000000135,-2.5239999999998872,-0.42309000000000196,-0.01490039999999998,-1.3348800000000054,-2.8099999999999454,0.009789999999995302,-0.1552199999999999,-8.901200000000017,0.2840999999999667,-0.09234000000000009,0.018461999999999534,-0.2801999999999971,-0.24197999999999809,-0.1435599999999937,-0.21874000000000038,-0.08143800000000012,-0.33794000000000324,0.0019099299999999972,-0.011625499999999955,-0.004739950000000007,0.5522899999999993,-1.296009999999999,16.342989999999993,0.03761999999999688,-3.9282299999999992,0.02183000000000135,-1.92577,0.23837999999999937,0.32051999999999836,44.6
2020-01-02 20:39:00,0.23186,3675.7,4500.6,9.3419,26.925,42.405,2702.1,74.572,120.42,0.32762,80.234,47.962,2631.4,24.481,51.23,3099.6,22.054,65.568,222.2,341.39,94.64,77.287,32.128,8.9177,26.193,6.9039,18.492,1.6859,32.816,13.604,24.118,1.1619,18.266,2.2605,4.7719,2.352,0.020387,0.82433,0.092537,53.439,43.36,63.652,54.506,22.408,76.867,22.201,38.761,32.102,49.381,44.981,41.047,20.186,-0.012608599999999998,-0.010692999999999842,-3.923999999999978,-0.4840899999999948,-0.01157039999999998,-2.0298799999999986,-3.3099999999999454,1.2117899999999935,-0.839220000000001,-7.7412000000000205,0.08409999999997808,-0.09234000000000009,0.018461999999999534,-0.2801999999999971,-0.24197999999999809,-0.1435599999999937,-0.21874000000000038,-0.08143800000000012,-0.33794000000000324,0.0019099299999999972,-0.011625499999999955,-0.004739950000000007,0.6272900000000021,-1.6210099999999983,15.588990000000003,0.033619999999999095,-5.974230000000006,2.8048300000000026,-2.320769999999996,-0.04162000000000177,1.9455199999999984,44.65
2020-01-02 20:42:00,0.25309,3665.7,4512.4,9.3234,26.703,42.551,2702.4,75.52,120.39,0.31535,80.079,49.741,2630.9,24.584,47.823,3098.5,23.091,65.508,218.81,341.58,94.537,77.181,32.653,8.8815,26.476,7.0626,19.189,1.6805,32.786,13.656,24.082,1.3558,18.665,2.3176,4.9294,2.3723,0.020387,0.82433,0.092537,53.439,43.36,62.961,54.586,24.971,78.058,22.143,37.042,37.337,41.495,44.994,40.365,17.744,0.008621399999999974,-0.029193000000001135,-3.6239999999997963,0.4639099999999985,-0.023840399999999984,-0.2508800000000022,-3.8099999999999454,-2.195210000000003,0.19778000000000162,-11.131200000000007,0.2740999999999758,0.4326599999999985,-0.017737999999999587,0.00280000000000058,0.4550200000000011,-0.17355999999999483,-0.166739999999999,0.11246199999999984,0.06105999999999767,0.0019099299999999972,-0.011625499999999955,-0.004739950000000007,-0.06371000000000038,0.9419900000000005,16.779990000000005,-0.024380000000000734,-0.7392299999999992,-5.08117,-2.307769999999998,-0.7236199999999968,-0.4964800000000018,44.7
2020-01-02 20:45:00,0.25492,3659.2,4526.2,9.3269,27.118,42.646,2700.2,74.975,120.37,0.31398,79.882,50.744,2628.7,25.609,48.209,3097.0,22.021,65.429,220.75,341.53,94.696,76.917,32.653,8.8815,26.476,7.0626,19.189,1.6805,32.786,13.656,24.082,1.3558,18.665,2.3176,4.9294,2.3723,0.016434,0.83649,0.11361,53.838,43.807,63.072,54.42,24.791,79.322,22.279,37.211,40.289,42.389,44.769,40.634,20.33,0.010451399999999972,-0.02569300000000041,-5.824000000000069,-0.08109000000000322,-0.02521040000000002,0.7521199999999979,-6.010000000000218,-1.8092100000000002,-0.8722199999999987,-9.19120000000001,0.22409999999996444,0.4326599999999985,-0.017737999999999587,0.00280000000000058,0.4550200000000011,-0.17355999999999483,-0.166739999999999,0.11246199999999984,0.06105999999999767,-0.002043070000000001,0.0005344999999999933,0.01633305,0.04729000000000383,0.7619900000000008,18.04399,0.1116199999999985,2.212769999999999,-4.187169999999995,-2.5327699999999993,-0.45461999999999847,2.0895199999999967,44.75
2020-01-02 20:48:00,0.19976,3626.8,4466.0,9.3305,26.798,42.07,2701.0,75.181,120.39,0.31633,79.984,48.66,2629.7,24.47,50.314,3095.5,22.661,65.333,218.49,342.12,94.729,77.19,32.288,8.9112,26.559,6.8284,18.515,1.6382,32.98,13.714,24.055,0.9873,18.919,2.2907,4.7992,2.2748,0.016434,0.83649,0.11361,53.838,43.807,62.144,53.419,19.809,77.148,22.501,38.034,34.158,47.261,44.791,40.679,18.806,-0.044708600000000015,-0.022092999999999918,-5.023999999999887,0.12490999999999985,-0.022860400000000003,-1.3318800000000053,-5.010000000000218,0.29578999999999667,-0.2322199999999981,-11.4512,0.8140999999999963,0.0676599999999965,0.011961999999998696,0.08580000000000254,-0.2189799999999984,0.02044000000000068,-0.10873999999999917,-0.2560380000000001,0.315059999999999,-0.002043070000000001,0.0005344999999999933,0.01633305,-0.8807100000000005,-4.2200099999999985,15.869989999999994,0.3336199999999998,-3.918230000000001,0.6848300000000052,-2.510770000000001,-0.40961999999999676,0.5655199999999994,44.8
2020-01-02 20:51:00,0.20258,3618.8,4496.4,9.41,27.041,42.381,2701.3,74.175,120.38,0.31635,80.035,51.584,2629.3,24.864,50.216,3096.5,22.968,65.299,218.91,341.38,94.889,77.21,32.288,8.9112,26.559,6.8284,18.515,1.6382,32.98,13.714,24.055,0.9873,18.919,2.2907,4.7992,2.2748,0.016434,0.83649,0.11361,53.838,43.807,62.28,53.054,19.531,77.96,22.291,38.031,42.763,47.033,44.574,40.456,18.075,-0.0418886,0.05740699999999954,-4.723999999999705,-0.8810900000000004,-0.022840399999999983,1.5921200000000013,-5.4099999999998545,0.1977899999999977,0.07478000000000051,-11.031200000000013,0.07409999999998718,0.0676599999999965,0.011961999999998696,0.08580000000000254,-0.2189799999999984,0.02044000000000068,-0.10873999999999917,-0.2560380000000001,0.315059999999999,-0.002043070000000001,0.0005344999999999933,0.01633305,-0.7447099999999978,-4.498010000000001,16.681989999999992,0.12361999999999895,4.686769999999996,0.4568300000000036,-2.7277699999999996,-0.6326199999999957,-0.1654800000000023,44.85
2020-01-02 20:54:00,0.23178,3669.8,4521.9,9.1845,27.115,42.127,2704.3,75.093,120.4,0.31998,80.313,49.64,2633.9,25.1,49.172,3101.0,22.762,65.322,218.19,340.81,94.661,77.336,32.331,8.6776,26.419,6.9309,18.745,1.6566,33.007,13.832,23.868,1.1415,18.694,2.2853,4.8273,2.2872,0.016434,0.83649,0.11361,53.838,43.807,63.398,54.389,23.032,76.028,22.193,38.937,37.04,44.618,44.455,40.473,18.538,-0.012688599999999994,-0.16809300000000071,-1.7239999999997053,0.036910000000005994,-0.019210400000000016,-0.3518800000000013,-0.8099999999999454,-0.8462100000000063,-0.131219999999999,-11.751200000000011,-0.495900000000006,0.11066000000000287,-0.22163800000000045,-0.05419999999999803,0.011020000000002028,0.0474400000000017,0.009260000000001156,-0.1018380000000001,0.09005999999999759,-0.002043070000000001,0.0005344999999999933,0.01633305,0.37329000000000434,-0.9970099999999995,14.749990000000004,0.025619999999999976,-1.0362300000000033,-1.9581699999999955,-2.8467699999999994,-0.6156199999999998,0.2975199999999987,44.9
2020-01-02 20:57:00,0.23692,3692.8,4498.9,9.3116,27.173,42.223,2703.9,74.658,120.43,0.32179,80.264,50.646,2632.7,25.002,49.8,3102.6,22.905,65.347,218.23,340.65,94.568,77.431,32.331,8.6776,26.419,6.9309,18.745,1.6566,33.007,13.832,23.868,1.1415,18.694,2.2853,4.8273,2.2872,0.016434,0.83649,0.11361,53.838,43.807,63.0,54.666,22.526,78.01,22.292,38.716,40.002,46.072,44.268,41.759,18.192,-0.007548600000000016,-0.04099300000000028,-2.1239999999997963,-0.3980899999999963,-0.017400399999999983,0.6541199999999989,-2.0100000000002183,-0.21821000000000623,0.011780000000001678,-11.71120000000002,-0.655900000000031,0.11066000000000287,-0.22163800000000045,-0.05419999999999803,0.011020000000002028,0.0474400000000017,0.009260000000001156,-0.1018380000000001,0.09005999999999759,-0.002043070000000001,0.0005344999999999933,0.01633305,-0.0247099999999989,-1.5030099999999997,16.731990000000003,0.12462000000000018,1.92577,-0.5041699999999949,-3.033769999999997,0.6703800000000015,-0.04848000000000141,44.95
2020-01-02 21:00:00,0.22679,3663.9,4482.1,9.2832,27.116,42.049,2703.7,74.939,120.37,0.34011,80.224,49.989,2632.2,24.767,51.739,3100.8,23.371,65.342,218.03,340.9,94.578,77.3,32.346,8.9381,26.349,6.7965,18.397,1.6634,33.313,13.873,24.112,1.3878,18.238,2.2521,4.8976,2.2431,0.021139,0.83818,0.090734,54.23,44.813,62.602,54.327,22.46,79.022,22.23,39.56,38.068,50.558,44.405,40.128,17.095,-0.017678600000000017,-0.06939299999999982,-2.324000000000069,-0.11709000000000458,0.0009196000000000204,-0.0028800000000046566,-2.5100000000002183,1.7207899999999938,0.4777799999999992,-11.911200000000008,-0.405900000000031,0.12565999999999633,0.03886199999999995,-0.12419999999999831,-0.3369800000000005,0.3534400000000062,0.05025999999999975,0.14446199999999987,-0.36594000000000193,0.00266193,0.0022245000000000736,-0.006542950000000006,-0.42271000000000214,-1.5690099999999987,17.743990000000004,0.06261999999999901,-0.008230000000004623,3.981830000000002,-2.8967699999999965,-0.9606199999999987,-1.1454800000000027,45.0
2020-01-02 21:03:00,0.22506,3651.3,4520.1,9.3515,27.091,42.232,2704.9,75.096,120.42,0.33639,80.389,50.204,2634.2,26.379,50.555,3102.0,23.248,65.346,216.66,341.13,94.658,77.326,32.346,8.9381,26.349,6.7965,18.397,1.6634,33.313,13.873,24.112,1.3878,18.238,2.2521,4.8976,2.2431,0.021139,0.83818,0.090734,54.23,44.813,62.82,53.872,22.629,78.841,22.313,40.014,38.7,47.819,44.475,41.257,17.374,-0.019408599999999998,-0.0010930000000008988,-1.1239999999997963,0.03991000000000611,-0.0028003999999999807,0.21211999999999875,-0.5100000000002183,0.5367899999999963,0.35478000000000165,-13.281200000000013,-0.17590000000001282,0.12565999999999633,0.03886199999999995,-0.12419999999999831,-0.3369800000000005,0.3534400000000062,0.05025999999999975,0.14446199999999987,-0.36594000000000193,0.00266193,0.0022245000000000736,-0.006542950000000006,-0.20470999999999862,-1.4000099999999982,17.562989999999992,0.14561999999999742,0.6237700000000004,1.242830000000005,-2.8267699999999962,0.16837999999999909,-0.8664800000000028,45.05
2020-01-02 21:06:00,0.22431,3685.6,4547.0,9.3937,26.897,42.646,2704.1,74.913,120.4,0.3414,80.252,50.385,2632.8,26.061,49.504,3102.6,23.273,65.367,215.09,340.42,94.638,77.223,31.914,8.8376,26.479,6.7777,18.807,1.6295,32.459,13.741,24.48,0.96693,18.471,2.2447,4.7808,2.2827,0.021139,0.83818,0.090734,54.23,44.813,63.425,54.438,22.101,76.42,22.065,40.555,39.232,45.386,44.56,41.052,17.316,-0.0201586,0.04110700000000023,-1.9239999999999782,-0.14309000000000083,0.0022095999999999782,0.39311999999999614,-1.9099999999998545,-0.5142100000000056,0.37978000000000023,-14.851200000000006,-0.8858999999999924,-0.3063399999999987,-0.061638000000000304,0.0058000000000006935,0.07301999999999964,-0.500559999999993,-0.08173999999999992,-0.2764080000000001,-0.1329400000000014,0.00266193,0.0022245000000000736,-0.006542950000000006,0.40028999999999826,-1.9280100000000004,15.14199,-0.10238000000000014,1.1557699999999969,-1.1901699999999948,-2.7417699999999954,-0.03661999999999921,-0.9244800000000026,45.1
2020-01-02 21:09:00,0.22571,3664.9,4520.9,9.3649,27.062,42.066,2704.0,75.633,120.42,0.34091,80.332,49.453,2633.1,25.699,50.813,3102.7,22.442,65.355,218.35,340.68,94.557,77.307,31.914,8.8376,26.479,6.7777,18.807,1.6295,32.459,13.741,24.48,0.96693,18.471,2.2447,4.7808,2.2827,0.021139,0.83818,0.090734,54.23,44.813,63.781,54.751,21.963,75.874,22.071,40.615,36.491,48.416,44.218,41.66,19.269,-0.018758600000000014,0.012306999999999846,-2.0239999999998872,0.576909999999998,0.0017195999999999878,-0.5388799999999989,-1.6100000000001273,0.794789999999999,-0.4512199999999993,-11.591200000000015,-0.6259000000000015,-0.3063399999999987,-0.061638000000000304,0.0058000000000006935,0.07301999999999964,-0.500559999999993,-0.08173999999999992,-0.2764080000000001,-0.1329400000000014,0.00266193,0.0022245000000000736,-0.006542950000000006,0.7562899999999999,-2.0660099999999986,14.595989999999993,-0.09637999999999991,-1.5852300000000028,1.8398299999999992,-3.083769999999994,0.5713799999999978,1.0285199999999968,45.15
2020-01-02 21:12:00,0.26546,3698.8,4467.9,9.2968,26.623,42.807,2703.5,74.459,120.39,0.32711,80.187,49.441,2631.5,24.593,49.03,3102.4,22.434,65.335,216.67,339.7,94.501,77.143,32.479,8.8977,26.252,6.983,18.583,1.654,32.762,13.872,23.705,1.3316,18.622,2.2587,4.8958,2.3431,0.021139,0.83818,0.090734,54.23,44.813,63.451,54.409,26.403,78.523,21.653,38.733,36.454,44.289,44.317,40.945,19.311,0.020991399999999966,-0.055793000000001314,-2.5239999999998872,-0.5970899999999943,-0.012080399999999991,-0.5508799999999994,-3.2100000000000364,-0.9882100000000023,-0.4592199999999984,-13.271200000000022,-1.6059000000000196,0.258659999999999,-0.0015380000000000393,-0.22119999999999962,-0.15098000000000056,-0.19755999999999574,0.049260000000000304,0.08826199999999984,0.01805999999999841,0.00266193,0.0022245000000000736,-0.006542950000000006,0.4262900000000016,2.373989999999999,17.244989999999994,-0.5143800000000027,-1.6222300000000018,-2.287169999999996,-2.9847699999999975,-0.14361999999999853,1.0705199999999984,45.2
2020-01-02 21:15:00,0.27024,3676.3,4542.5,9.4235,27.046,42.174,2701.6,74.967,120.43,0.32523,79.993,49.833,2630.7,26.08,49.315,3100.5,23.235,65.305,216.22,340.4,94.564,76.849,32.479,8.8977,26.252,6.983,18.583,1.654,32.762,13.872,23.705,1.3316,18.622,2.2587,4.8958,2.3431,0.036973,0.83859,0.10991,52.951,44.734,63.838,53.515,25.933,76.666,22.025,38.962,37.608,44.948,44.356,41.862,17.446,0.025771399999999972,0.07090700000000005,-4.423999999999978,-0.08908999999999878,-0.013960399999999984,-0.15888000000000346,-4.010000000000218,-0.7032100000000057,0.34178,-13.72120000000001,-0.905900000000031,0.258659999999999,-0.0015380000000000393,-0.22119999999999962,-0.15098000000000056,-0.19755999999999574,0.049260000000000304,0.08826199999999984,0.01805999999999841,0.018495929999999997,0.002634499999999984,0.012633049999999993,0.8132900000000021,1.9039900000000003,15.387989999999995,-0.14238000000000284,-0.4682300000000055,-1.6281699999999972,-2.945769999999996,0.7733800000000031,-0.7944800000000001,45.25
2020-01-02 21:18:00,0.21429,3624.3,4590.0,9.4272,27.134,42.401,2700.6,74.376,120.41,0.33828,80.005,49.052,2629.5,25.867,49.491,3099.3,21.864,65.216,218.17,340.06,94.531,77.349,31.854,8.9034,26.912,6.9113,18.576,1.6737,33.104,13.881,24.16,1.3067,18.343,2.2559,4.8813,2.2913,0.036973,0.83859,0.10991,52.951,44.734,62.935,53.51,20.659,77.324,22.006,40.862,35.309,45.357,44.159,41.508,20.689,-0.0301786,0.07460699999999854,-5.423999999999978,-0.6800899999999928,-0.0009103999999999779,-0.9398800000000023,-5.210000000000036,-0.5272100000000037,-1.0292199999999987,-11.771200000000022,-1.245900000000006,-0.366340000000001,0.004161999999999111,0.4388000000000005,-0.15797999999999845,0.144440000000003,0.058260000000000645,0.06336199999999992,-0.2609400000000015,0.018495929999999997,0.002634499999999984,0.012633049999999993,-0.08970999999999663,-3.3700100000000006,16.045989999999996,-0.1613800000000012,-2.767230000000005,-1.2191699999999983,-3.1427699999999987,0.41938000000000386,2.4485199999999985,45.3
2020-01-02 21:21:00,0.21272,3638.3,4492.2,9.4928,27.0,42.289,2703.7,74.201,120.4,0.34073,80.284,50.669,2633.0,26.426,49.41,3100.9,23.636,65.211,217.08,340.09,94.748,77.459,31.854,8.9034,26.912,6.9113,18.576,1.6737,33.104,13.881,24.16,1.3067,18.343,2.2559,4.8813,2.2913,0.036973,0.83859,0.10991,52.951,44.734,62.694,54.681,20.813,74.003,22.203,40.563,40.068,45.169,44.229,41.464,16.458,-0.031748600000000016,0.1402070000000002,-2.324000000000069,-0.8550900000000041,0.0015395999999999743,0.6771199999999951,-1.7100000000000364,-0.6082100000000068,0.7427799999999998,-12.861199999999997,-1.2159000000000333,-0.366340000000001,0.004161999999999111,0.4388000000000005,-0.15797999999999845,0.144440000000003,0.058260000000000645,0.06336199999999992,-0.2609400000000015,0.018495929999999997,0.002634499999999984,0.012633049999999993,-0.3307099999999963,-3.2160100000000007,12.724989999999998,0.03561999999999799,1.9917699999999954,-1.4071700000000007,-3.0727699999999984,0.3753799999999998,-1.7824800000000032,45.35
2020-01-02 21:24:00,0.273,3616.1,4549.9,9.3446,26.947,42.408,2704.0,75.075,120.38,0.34265,80.223,49.509,2632.3,24.481,50.986,3103.0,22.844,65.262,217.07,339.7,94.592,77.248,32.151,8.9643,26.613,7.0417,18.53,1.6269,32.925,13.631,24.308,1.4034,18.799,2.257,4.889,2.2556,0.036973,0.83859,0.10991,52.951,44.734,63.644,54.042,26.814,77.357,21.826,40.636,36.655,48.815,44.201,41.201,18.353,0.028531400000000012,-0.007993000000000805,-2.0239999999998872,0.01891000000000531,0.003459600000000007,-0.48288000000000153,-2.4099999999998545,0.9677899999999937,-0.049219999999998265,-12.871200000000016,-1.6059000000000196,-0.06933999999999685,0.06506199999999929,0.13980000000000103,-0.20397999999999783,-0.034559999999999036,-0.19173999999999936,0.16006199999999993,0.195059999999998,0.018495929999999997,0.002634499999999984,0.012633049999999993,0.6192899999999995,2.7849900000000005,16.078989999999997,-0.3413800000000009,-1.4212300000000013,2.23883,-3.100769999999997,0.1123800000000017,0.11251999999999995,45.4
2020-01-02 21:27:00,0.27363,3666.0,4512.9,9.2474,26.698,42.393,2704.6,74.572,120.39,0.34093,80.177,51.164,2632.4,25.848,49.992,3103.4,22.841,65.264,214.2,340.31,94.691,77.27,32.151,8.9643,26.613,7.0417,18.53,1.6269,32.925,13.631,24.308,1.4034,18.799,2.257,4.889,2.2556,0.036973,0.83859,0.10991,52.951,44.734,62.785,54.485,26.752,78.202,21.787,40.845,41.527,46.516,44.43,41.09,18.362,0.029161399999999976,-0.10519299999999987,-1.4239999999999782,-0.4840899999999948,0.0017396000000000078,1.1721199999999996,-2.3099999999999454,-0.026210000000006062,-0.05221999999999838,-15.74120000000002,-0.995900000000006,-0.06933999999999685,0.06506199999999929,0.13980000000000103,-0.20397999999999783,-0.034559999999999036,-0.19173999999999936,0.16006199999999993,0.195059999999998,0.018495929999999997,0.002634499999999984,0.012633049999999993,-0.2397100000000023,2.7229899999999994,16.923989999999996,-0.3803800000000024,3.4507699999999986,-0.06016999999999939,-2.871769999999998,0.0013800000000045998,0.12151999999999674,45.45
2020-01-02 21:30:00,0.24537,3616.6,4583.9,9.3764,26.939,42.527,2704.7,75.648,120.39,0.3154,80.095,48.997,2633.0,24.918,49.959,3102.9,22.753,65.236,216.89,340.4,94.659,76.954,32.144,8.7609,26.611,6.7758,18.729,1.6443,33.073,14.042,24.257,1.3681,18.742,2.2229,4.9552,2.2596,0.017139,0.83854,0.10407,54.052,43.304,62.403,53.786,24.26,76.137,22.06,37.163,35.149,46.439,44.179,40.711,18.601,0.0009013999999999966,0.02380699999999969,-1.3240000000000691,0.5919099999999986,-0.02379039999999999,-0.994880000000002,-1.7100000000000364,-0.05921000000000021,-0.14021999999999935,-13.051200000000023,-0.905900000000031,-0.07634000000000185,-0.13833800000000096,0.13780000000000214,-0.004979999999999762,0.1134400000000042,0.21926000000000023,0.12476200000000004,0.1380599999999994,-0.0013380700000000002,0.0025844999999999896,0.006793049999999995,-0.6217100000000002,0.23099000000000203,14.858989999999999,-0.1073800000000027,-2.9272300000000016,-0.13716999999999757,-3.1227699999999956,-0.3776200000000003,0.3605199999999975,45.5
2020-01-02 21:33:00,0.24629,3594.7,4574.2,9.3701,27.068,41.898,2706.4,74.783,120.41,0.31552,80.074,49.324,2635.5,26.747,49.668,3103.4,23.121,65.226,218.15,340.85,94.817,76.961,32.144,8.7609,26.611,6.7758,18.729,1.6443,33.073,14.042,24.257,1.3681,18.742,2.2229,4.9552,2.2596,0.017139,0.83854,0.10407,54.052,43.304,62.779,53.902,24.17,79.138,22.151,37.148,36.109,45.765,44.047,40.934,17.736,0.0018214000000000008,0.01750700000000016,0.3760000000002037,-0.2730899999999963,-0.02367039999999998,-0.6678800000000038,0.7899999999999636,-0.35021000000000413,0.2277799999999992,-11.791200000000003,-0.45589999999998554,-0.07634000000000185,-0.13833800000000096,0.13780000000000214,-0.004979999999999762,0.1134400000000042,0.21926000000000023,0.12476200000000004,0.1380599999999994,-0.0013380700000000002,0.0025844999999999896,0.006793049999999995,-0.24570999999999543,0.14099000000000217,17.859990000000003,-0.016380000000001615,-1.9672300000000007,-0.8111699999999971,-3.2547700000000006,-0.1546200000000013,-0.5044800000000009,45.55
2020-01-02 21:36:00,0.24549,3695.5,4546.1,9.5378,27.192,42.406,2706.9,75.595,120.42,0.35787,80.177,48.768,2635.7,26.432,50.603,3105.6,23.507,65.231,218.05,340.16,94.495,77.597,32.014,8.8271,26.129,6.9765,19.129,1.6384,32.628,13.794,24.22,1.363,18.383,2.2733,4.8436,2.3779,0.017139,0.83854,0.10407,54.052,43.304,63.351,53.772,24.476,74.334,22.122,43.006,34.474,47.93,44.039,40.408,16.771,0.0010214000000000056,0.18520700000000012,0.8760000000002037,0.5389100000000013,0.01867960000000002,-1.2238800000000012,0.9899999999997817,0.5847899999999981,0.613780000000002,-11.891199999999998,-1.1458999999999833,-0.2063399999999973,-0.0721380000000007,-0.3441999999999972,0.39502000000000237,-0.3315599999999961,-0.0287399999999991,0.11966199999999994,-0.22094000000000236,-0.0013380700000000002,0.0025844999999999896,0.006793049999999995,0.3262900000000002,0.44698999999999955,13.055990000000001,-0.04538000000000153,-3.602230000000006,1.353830000000002,-3.262769999999996,-0.6806199999999976,-1.4694800000000008,45.6
2020-01-02 21:39:00,0.24737,3706.8,4509.1,9.344,26.901,42.09,2708.1,74.599,120.42,0.35578,80.407,51.692,2635.9,26.729,50.101,3107.0,22.65,65.275,216.24,339.82,94.611,77.585,32.014,8.8271,26.129,6.9765,19.129,1.6384,32.628,13.794,24.22,1.363,18.383,2.2733,4.8436,2.3779,0.017139,0.83854,0.10407,54.052,43.304,63.156,54.215,24.291,76.215,21.919,43.26,43.08,46.768,44.176,41.894,18.778,0.0029013999999999984,-0.008593000000001183,2.076000000000022,-0.4570899999999938,0.016589599999999982,1.7001199999999983,1.1900000000000546,0.0827899999999957,-0.24322000000000088,-13.7012,-1.485900000000015,-0.2063399999999973,-0.0721380000000007,-0.3441999999999972,0.39502000000000237,-0.3315599999999961,-0.0287399999999991,0.11966199999999994,-0.22094000000000236,-0.0013380700000000002,0.0025844999999999896,0.006793049999999995,0.1312899999999999,0.26199000000000083,14.936990000000002,-0.24838000000000093,5.003769999999996,0.19183000000000305,-3.1257699999999957,0.8053799999999995,0.5375199999999971,45.65
2020-01-02 21:42:00,0.26165,3612.8,4439.5,9.2159,27.227,42.222,2705.6,75.061,120.39,0.33151,80.301,50.061,2634.2,25.53,51.933,3104.3,22.957,65.311,215.38,340.16,94.476,77.286,32.072,8.8079,26.093,6.9032,19.261,1.6886,33.215,13.943,23.799,1.3319,18.894,2.2735,4.8697,2.2775,0.017139,0.83854,0.10407,54.052,43.304,63.019,54.041,25.583,77.582,22.154,39.726,38.279,51.007,44.23,40.763,18.063,0.017181399999999986,-0.13669300000000106,-0.42399999999997817,0.004910000000009518,-0.007680399999999976,0.06911999999999807,-0.5100000000002183,1.9147899999999964,0.06378000000000128,-14.561200000000014,-1.1458999999999833,-0.14833999999999747,-0.09133800000000036,-0.38019999999999854,0.5270200000000003,0.2554400000000072,0.12026000000000003,0.08856200000000003,0.2900599999999969,-0.0013380700000000002,0.0025844999999999896,0.006793049999999995,-0.005710000000000548,1.5539899999999989,16.30398999999999,-0.013380000000001502,0.202770000000001,4.43083,-3.0717700000000008,-0.3256200000000007,-0.17748000000000275,45.7
2020-01-02 21:45:00,0.26202,3596.0,4477.8,9.4032,27.281,42.223,2703.5,74.667,120.38,0.3357,80.103,50.392,2632.0,24.076,48.47,3102.6,21.54,65.298,214.63,340.1,94.804,77.012,32.072,8.8079,26.093,6.9032,19.261,1.6886,33.215,13.943,23.799,1.3319,18.894,2.2735,4.8697,2.2775,0.016582,0.84165,0.085496,54.415,43.982,63.308,53.583,25.547,76.541,22.015,39.214,39.255,42.993,44.277,40.884,21.46,0.017551399999999967,0.0506069999999994,-2.5239999999998872,-0.38908999999999594,-0.0034904000000000046,0.40012000000000114,-2.7100000000000364,-1.5482100000000045,-1.3532200000000003,-15.311200000000014,-1.2058999999999855,-0.14833999999999747,-0.09133800000000036,-0.38019999999999854,0.5270200000000003,0.2554400000000072,0.12026000000000003,0.08856200000000003,0.2900599999999969,-0.0018950700000000022,0.005694500000000047,-0.011780949999999998,0.28329000000000093,1.517990000000001,15.262989999999995,-0.15238000000000085,1.17877,-3.5831699999999955,-3.0247699999999966,-0.20461999999999847,3.2195199999999993,45.75
2020-01-02 21:48:00,0.25524,3640.8,4422.2,9.1705,27.258,42.396,2702.6,74.854,120.39,0.35028,79.959,49.087,2631.5,25.894,50.665,3100.6,21.805,65.214,218.59,340.66,94.555,77.169,31.868,8.9609,26.821,6.7637,18.869,1.6358,32.177,13.815,23.826,0.8226,18.824,2.2988,4.8434,2.2819,0.016582,0.84165,0.085496,54.415,43.982,63.127,53.855,25.396,77.039,22.143,41.497,35.413,48.073,43.908,40.437,20.838,0.010771400000000014,-0.18209300000000006,-3.423999999999978,-0.20208999999999833,0.011089599999999977,-0.9048799999999986,-3.2100000000000364,0.6467899999999958,-1.0882199999999997,-11.351200000000006,-0.6458999999999833,-0.35234000000000165,0.061662000000000106,0.347800000000003,0.1350200000000008,-0.7825599999999966,-0.00774000000000008,-0.42073800000000006,0.22006000000000014,-0.0018950700000000022,0.005694500000000047,-0.011780949999999998,0.10229000000000354,1.3669900000000013,15.76099,-0.024380000000000734,-2.6632300000000058,1.4968300000000028,-3.3937699999999964,-0.6516200000000012,2.5975199999999994,45.8
2020-01-02 21:51:00,0.25706,3676.8,4432.2,9.2963,26.96,42.386,2702.0,75.026,120.42,0.35104,79.881,48.742,2630.4,25.778,50.586,3099.7,22.918,65.134,216.08,340.63,94.877,77.252,31.868,8.9609,26.821,6.7637,18.869,1.6358,32.177,13.815,23.826,0.8226,18.824,2.2988,4.8434,2.2819,0.016582,0.84165,0.085496,54.415,43.982,62.507,53.736,25.217,75.874,21.967,41.404,34.397,47.891,44.12,40.602,18.216,0.012591400000000003,-0.05629300000000015,-4.023999999999887,-0.030090000000001282,0.011849600000000016,-1.2498800000000045,-4.309999999999945,0.5677899999999951,0.024779999999999802,-13.861199999999997,-0.6759000000000128,-0.35234000000000165,0.061662000000000106,0.347800000000003,0.1350200000000008,-0.7825599999999966,-0.00774000000000008,-0.42073800000000006,0.22006000000000014,-0.0018950700000000022,0.005694500000000047,-0.011780949999999998,-0.517710000000001,1.1879899999999992,14.595989999999993,-0.20038000000000267,-3.679230000000004,1.3148300000000006,-3.18177,-0.48662000000000205,-0.0244800000000005,45.85
2020-01-02 21:54:00,0.27685,3690.2,4489.3,9.4392,26.649,42.386,2703.6,73.826,120.39,0.33585,79.997,50.564,2631.8,22.132,49.511,3102.7,23.795,65.113,217.26,340.71,94.526,77.524,32.092,9.0784,26.279,6.7783,18.935,1.7,33.302,13.641,23.969,1.3541,18.822,2.259,4.7512,2.2826,0.016582,0.84165,0.085496,54.415,43.982,63.545,53.965,27.595,77.461,21.761,39.913,39.758,45.402,44.001,40.821,16.111,0.03238139999999998,0.08660699999999899,-2.423999999999978,-1.2300900000000041,-0.003340400000000021,0.5721199999999982,-2.9099999999998545,-0.5072100000000006,0.9017800000000022,-12.681200000000018,-0.5959000000000287,-0.12834000000000145,0.17916199999999982,-0.1941999999999986,0.20101999999999975,0.3424400000000034,-0.18173999999999957,0.11076200000000003,0.2180599999999977,-0.0018950700000000022,0.005694500000000047,-0.011780949999999998,0.5202900000000028,3.5659899999999993,16.182989999999997,-0.4063800000000022,1.6817700000000002,-1.1741699999999966,-3.30077,-0.26762000000000086,-2.129480000000001,45.9
2020-01-02 21:57:00,0.27973,3701.8,4490.1,9.4334,26.719,42.41,2705.5,75.148,120.42,0.33268,80.076,49.394,2633.7,26.996,50.316,3104.0,24.124,65.145,216.6,340.66,94.629,77.447,32.092,9.0784,26.279,6.7783,18.935,1.7,33.302,13.641,23.969,1.3541,18.822,2.259,4.7512,2.2826,0.016582,0.84165,0.085496,54.415,43.982,63.346,53.955,27.312,75.054,21.798,40.299,36.317,47.265,44.046,41.816,15.329,0.03526139999999997,0.08080700000000007,-0.5239999999998872,0.0919099999999986,-0.006510400000000027,-0.5978800000000035,-1.0100000000002183,0.2977899999999991,1.2307799999999993,-13.341200000000015,-0.6458999999999833,-0.12834000000000145,0.17916199999999982,-0.1941999999999986,0.20101999999999975,0.3424400000000034,-0.18173999999999957,0.11076200000000003,0.2180599999999977,-0.0018950700000000022,0.005694500000000047,-0.011780949999999998,0.32128999999999763,3.2829900000000016,13.77599,-0.36938000000000315,-1.7592300000000023,0.6888300000000029,-3.2557699999999983,0.7273800000000037,-2.911480000000001,45.95
2020-01-02 22:00:00,0.25869,3643.2,4495.4,9.3145,26.934,42.174,2707.2,75.499,120.43,0.31414,80.294,49.866,2636.0,24.758,50.048,3104.7,22.225,65.215,217.89,340.81,94.392,77.378,32.488,8.9616,26.328,6.8672,18.562,1.618,32.64,13.899,24.468,1.4719,18.463,2.2674,4.8265,2.2219,0.020528,0.85789,0.10774,53.942,43.782,64.332,53.709,25.548,76.174,22.235,37.763,37.707,46.645,43.999,41.578,19.83,0.014221399999999967,-0.03809299999999993,1.1759999999999309,0.4429099999999977,-0.025050400000000028,-0.1258800000000022,1.2899999999999636,0.02978999999999843,-0.668219999999998,-12.051200000000023,-0.495900000000006,0.26765999999999934,0.06236200000000025,-0.1451999999999991,-0.1719799999999978,-0.3195599999999956,0.07625999999999955,0.22856199999999993,-0.1409400000000005,0.0020509299999999994,0.02193450000000008,0.010463050000000002,1.3072899999999947,1.5189899999999987,14.895990000000005,0.06761999999999802,-0.3692300000000017,0.0688300000000055,-3.3027699999999953,0.48938000000000415,1.5895199999999967,46.0
2020-01-02 22:03:00,0.26067,3726.1,4495.5,9.3241,26.853,42.034,2704.0,74.838,120.39,0.31578,80.013,50.347,2632.4,24.401,51.302,3103.5,23.717,65.232,217.39,340.8,94.521,76.99,32.488,8.9616,26.328,6.8672,18.562,1.618,32.64,13.899,24.468,1.4719,18.463,2.2674,4.8265,2.2219,0.020528,0.85789,0.10774,53.942,43.782,62.904,53.707,25.353,76.822,21.846,37.562,39.121,49.546,44.064,41.256,16.328,0.016201400000000005,-0.02849300000000099,-2.0239999999998872,-0.21809000000000367,-0.023410399999999998,0.35511999999999944,-2.3099999999999454,1.2837899999999962,0.8237799999999993,-12.551200000000023,-0.5058999999999969,0.26765999999999934,0.06236200000000025,-0.1451999999999991,-0.1719799999999978,-0.3195599999999956,0.07625999999999955,0.22856199999999993,-0.1409400000000005,0.0020509299999999994,0.02193450000000008,0.010463050000000002,-0.12070999999999543,1.323990000000002,15.54399,-0.32138000000000133,1.0447699999999998,2.9698300000000017,-3.2377699999999976,0.16738000000000142,-1.9124800000000022,46.05
2020-01-02 22:06:00,0.2186,3635.5,4523.6,9.4381,26.446,42.209,2704.6,74.396,120.38,0.34751,80.162,50.157,2633.2,25.561,49.358,3102.0,24.308,65.213,220.55,341.24,94.495,77.365,32.074,9.0109,26.439,6.9753,18.568,1.6893,32.56,13.625,23.777,1.2422,18.183,2.2301,4.7022,2.256,0.020528,0.85789,0.10774,53.942,43.782,63.739,54.291,21.756,75.492,22.111,40.515,38.563,45.048,43.804,40.446,14.888,-0.02586860000000002,0.08550699999999978,-1.4239999999999782,-0.6600899999999967,0.008319599999999983,0.1651199999999946,-1.5100000000002183,-0.6602100000000064,1.4147800000000004,-9.391199999999998,-0.06589999999999918,-0.14634000000000214,0.11166199999999904,-0.034199999999998454,-0.16597999999999757,-0.3995599999999939,-0.19773999999999958,-0.0011380000000000834,-0.42094000000000165,0.0020509299999999994,0.02193450000000008,0.010463050000000002,0.7142899999999983,-2.2730099999999993,14.213990000000003,-0.05638000000000076,0.4867699999999999,-1.5281699999999958,-3.4977699999999956,-0.6426200000000009,-3.3524800000000017,46.1
2020-01-02 22:09:00,0.22062,3658.9,4528.0,9.4341,26.787,42.569,2704.1,75.859,120.4,0.34599,80.183,49.619,2632.5,26.217,50.483,3101.8,21.856,65.247,217.46,340.69,94.633,77.176,32.074,9.0109,26.439,6.9753,18.568,1.6893,32.56,13.625,23.777,1.2422,18.183,2.2301,4.7022,2.256,0.020528,0.85789,0.10774,53.942,43.782,63.336,54.239,21.558,76.887,21.851,40.7,36.98,47.651,44.097,41.273,20.718,-0.023848599999999998,0.08150700000000022,-1.9239999999999782,0.8029099999999971,0.006799600000000017,-0.3728800000000021,-2.2100000000000364,0.4647899999999936,-1.0372199999999978,-12.481200000000001,-0.6159000000000106,-0.14634000000000214,0.11166199999999904,-0.034199999999998454,-0.16597999999999757,-0.3995599999999939,-0.19773999999999958,-0.0011380000000000834,-0.42094000000000165,0.0020509299999999994,0.02193450000000008,0.010463050000000002,0.3112899999999996,-2.4710099999999997,15.608989999999999,-0.3163800000000023,-1.0962300000000056,1.0748300000000057,-3.2047699999999963,0.18438000000000443,2.4775199999999984,46.15
2020-01-02 22:12:00,0.26023,3609.5,4517.6,9.2745,27.075,42.666,2704.8,74.428,120.38,0.31515,80.118,48.471,2633.1,23.045,48.282,3103.3,22.955,65.236,218.82,340.77,94.571,77.389,32.294,9.054,26.552,6.8168,19.023,1.6394,32.758,13.922,24.119,1.34,19.204,2.2566,4.8573,2.2518,0.020528,0.85789,0.10774,53.942,43.782,63.202,54.383,25.342,76.067,22.001,37.037,33.599,42.559,43.997,40.931,18.105,0.01576140000000001,-0.07809300000000086,-1.2239999999997053,-0.6280900000000003,-0.024040400000000017,-1.5208800000000053,-1.6100000000001273,-1.736210000000007,0.061779999999998836,-11.121200000000016,-0.5359000000000265,0.07365999999999673,0.15476199999999984,0.07880000000000109,0.2890200000000007,-0.20155999999999352,0.09926000000000101,0.09666200000000003,0.6000599999999991,0.0020509299999999994,0.02193450000000008,0.010463050000000002,0.17728999999999928,1.3129899999999992,14.788989999999991,-0.1663800000000002,-4.477230000000006,-4.01717,-3.3047699999999978,-0.15762000000000143,-0.13548000000000116,46.2
2020-01-02 22:15:00,0.26075,3612.4,4533.9,9.2458,26.885,42.281,2705.3,75.259,120.39,0.3112,79.977,51.974,2633.9,26.298,48.202,3103.7,22.512,65.215,218.59,341.24,94.664,76.974,32.294,9.054,26.552,6.8168,19.023,1.6394,32.758,13.922,24.119,1.34,19.204,2.2566,4.8573,2.2518,0.018289,0.85138,0.095027,54.516,43.809,63.152,54.189,25.291,77.616,21.905,37.519,43.909,42.373,44.478,41.24,19.197,0.016281399999999974,-0.10679300000000147,-0.7239999999997053,0.2029100000000028,-0.027990400000000026,1.9821199999999948,-0.8099999999999454,-1.8162100000000052,-0.381219999999999,-11.351200000000006,-0.06589999999999918,0.07365999999999673,0.15476199999999984,0.07880000000000109,0.2890200000000007,-0.20155999999999352,0.09926000000000101,0.09666200000000003,0.6000599999999991,-0.00018807000000000199,0.015424500000000063,-0.0022499500000000006,0.12729000000000212,1.2619900000000008,16.337989999999998,-0.2623800000000003,5.8327699999999965,-4.20317,-2.823769999999996,0.15138000000000318,0.9565199999999976,46.25
2020-01-02 22:18:00,0.23627,3664.5,4539.9,9.4137,26.603,42.079,2706.9,75.018,120.41,0.34576,80.213,48.552,2635.9,24.234,48.56,3103.3,22.247,65.229,217.09,341.03,94.529,77.561,32.501,8.7795,26.665,6.9955,19.152,1.6543,32.844,13.641,24.069,1.3764,18.695,2.2833,4.8036,2.2843,0.018289,0.85138,0.095027,54.516,43.809,63.632,52.996,23.531,74.821,22.261,41.176,33.838,43.202,44.825,41.451,19.777,-0.0081986,0.0611069999999998,0.8760000000002037,-0.03808999999999685,0.006569600000000009,-1.4398800000000023,1.1900000000000546,-1.4582100000000011,-0.6462199999999996,-12.851200000000006,-0.27590000000003556,0.28065999999999747,-0.1197379999999999,0.19180000000000064,0.41802000000000206,-0.115559999999995,-0.18173999999999957,0.133062,0.09105999999999881,-0.00018807000000000199,0.015424500000000063,-0.0022499500000000006,0.607289999999999,-0.49801000000000073,13.542989999999996,0.09361999999999782,-4.2382300000000015,-3.3741699999999994,-2.476769999999995,0.3623800000000017,1.5365199999999994,46.3
2020-01-02 22:21:00,0.2388,3691.5,4468.6,9.4207,26.943,42.259,2704.9,75.107,120.39,0.34378,80.07,51.905,2633.4,25.94,49.788,3102.6,22.806,65.271,219.81,341.15,94.652,76.956,32.501,8.7795,26.665,6.9955,19.152,1.6543,32.844,13.641,24.069,1.3764,18.695,2.2833,4.8036,2.2843,0.018289,0.85138,0.095027,54.516,43.809,63.167,53.849,23.282,76.494,22.119,41.418,43.705,46.043,44.792,41.056,18.489,-0.005668599999999996,0.06810699999999947,-1.1239999999997963,0.05091000000000179,0.0045895999999999715,1.9131199999999993,-1.3099999999999454,-0.2302100000000067,-0.08721999999999852,-10.131200000000007,-0.155900000000031,0.28065999999999747,-0.1197379999999999,0.19180000000000064,0.41802000000000206,-0.115559999999995,-0.18173999999999957,0.133062,0.09105999999999881,-0.00018807000000000199,0.015424500000000063,-0.0022499500000000006,0.1422900000000027,-0.7470099999999995,15.215989999999998,-0.048380000000001644,5.628769999999996,-0.5331699999999984,-2.509769999999996,-0.032620000000001426,0.24851999999999919,46.35
2020-01-02 22:24:00,0.21616,3672.7,4454.0,9.2746,27.314,42.37,2704.6,75.195,120.37,0.31069,80.065,50.397,2634.0,23.169,50.074,3100.6,22.717,65.267,220.58,341.39,94.642,77.397,31.359,9.1126,26.321,6.8124,18.929,1.6877,32.659,13.748,23.857,1.255,18.233,2.2403,4.7138,2.2622,0.018289,0.85138,0.095027,54.516,43.809,61.9,53.655,21.136,79.155,22.538,37.871,39.268,46.705,44.934,41.161,18.676,-0.028308600000000017,-0.07799300000000109,-1.4239999999999782,0.13890999999999565,-0.02850039999999998,0.4051199999999966,-0.7100000000000364,0.05578999999999468,-0.1762200000000007,-9.361199999999997,0.08409999999997808,-0.8613399999999984,0.21336200000000005,-0.152199999999997,0.19501999999999953,-0.3005599999999973,-0.07474000000000025,0.01166199999999984,-0.37094000000000094,-0.00018807000000000199,0.015424500000000063,-0.0022499500000000006,-1.1247100000000003,-2.8930100000000003,17.87699,0.37061999999999884,1.1917699999999982,0.12883000000000067,-2.36777,0.07238000000000255,0.4355199999999968,46.4
2020-01-02 22:27:00,0.21629,3639.0,4470.5,9.3698,26.639,42.396,2704.9,74.75,120.37,0.31656,80.049,49.405,2633.0,25.06,50.922,3101.0,23.121,65.291,222.34,340.95,94.709,76.977,31.359,9.1126,26.321,6.8124,18.929,1.6877,32.659,13.748,23.857,1.255,18.233,2.2403,4.7138,2.2622,0.018289,0.85138,0.095027,54.516,43.809,62.48,53.458,21.124,78.008,22.201,37.154,36.35,48.669,44.986,40.314,17.748,-0.028178599999999998,0.017206999999999084,-1.1239999999997963,-0.30608999999999753,-0.022630399999999995,-0.5868800000000007,-1.7100000000000364,0.9037899999999937,0.2277799999999992,-7.601200000000006,-0.35590000000001965,-0.8613399999999984,0.21336200000000005,-0.152199999999997,0.19501999999999953,-0.3005599999999973,-0.07474000000000025,0.01166199999999984,-0.37094000000000094,-0.00018807000000000199,0.015424500000000063,-0.0022499500000000006,-0.544710000000002,-2.9050100000000008,16.729989999999994,0.033619999999999095,-1.726230000000001,2.0928299999999993,-2.3157700000000006,-0.7746199999999988,-0.4924800000000005,46.45
2020-01-02 22:30:00,0.33006,3677.6,4472.7,9.3843,26.681,42.388,2709.2,73.874,120.43,0.32662,80.245,48.92,2637.6,25.703,48.644,3106.3,23.053,65.311,222.43,341.15,94.634,77.505,32.186,8.8281,26.616,6.6926,18.89,1.67,32.969,13.825,23.932,1.2299,18.436,2.2767,4.7528,2.2771,0.01372,0.84381,0.10035,53.112,44.098,63.403,53.936,32.183,77.179,22.084,38.616,34.923,43.397,45.054,41.081,17.86,0.08559140000000001,0.03170699999999904,3.175999999999931,-1.1820900000000023,-0.012570399999999982,-1.0718800000000002,2.8899999999998727,-1.374210000000005,0.15978000000000137,-7.511200000000002,-0.155900000000031,-0.03434000000000026,-0.07113800000000126,0.14280000000000115,0.1560200000000016,0.009440000000005,0.0022599999999997067,-0.013438000000000061,-0.16794000000000153,-0.004757070000000002,0.007854499999999986,0.003073049999999994,0.3782899999999998,8.15399,15.90099,-0.08338000000000179,-3.1532300000000006,-3.179169999999999,-2.2477699999999956,-0.007619999999995741,-0.38048000000000215,46.5
2020-01-02 22:33:00,0.32869,3682.9,4476.1,9.2372,27.304,42.454,2711.7,74.603,120.41,0.32772,80.284,50.25,2640.1,24.235,48.611,3109.6,22.63,65.352,221.34,341.43,94.382,77.472,32.186,8.8281,26.616,6.6926,18.89,1.67,32.969,13.825,23.932,1.2299,18.436,2.2767,4.7528,2.2771,0.01372,0.84381,0.10035,53.112,44.098,63.311,53.894,32.316,76.311,22.408,38.481,38.835,43.319,45.298,41.367,18.856,0.08422139999999997,-0.11539300000000097,5.675999999999931,-0.4530900000000031,-0.011470399999999992,0.25811999999999813,5.389999999999873,-1.4072100000000063,-0.26322000000000045,-8.601200000000006,0.12409999999999854,-0.03434000000000026,-0.07113800000000126,0.14280000000000115,0.1560200000000016,0.009440000000005,0.0022599999999997067,-0.013438000000000061,-0.16794000000000153,-0.004757070000000002,0.007854499999999986,0.003073049999999994,0.28629000000000104,8.286990000000003,15.032990000000005,0.24061999999999983,0.7587699999999984,-3.257169999999995,-2.003769999999996,0.2783799999999985,0.6155200000000001,46.55
2020-01-02 22:36:00,0.25196,3737.7,4505.8,9.3819,26.471,42.294,2711.6,75.275,120.46,0.33398,80.288,48.427,2640.5,25.327,50.05,3108.8,23.991,65.435,222.19,341.82,94.537,77.453,32.451,8.95,26.642,6.8113,18.703,1.6518,33.146,13.88,24.087,1.3979,18.698,2.2419,4.7429,2.2874,0.01372,0.84381,0.10035,53.112,44.098,63.541,53.611,24.983,76.135,22.105,39.71,33.471,46.651,45.366,42.126,15.608,0.007491400000000009,0.029306999999999306,5.576000000000022,0.21891000000000815,-0.005210400000000004,-1.5648800000000023,5.789999999999964,0.03178999999999377,1.0977800000000002,-7.751200000000011,0.5140999999999849,0.2306600000000003,0.050761999999998864,0.16880000000000095,-0.030979999999999563,0.1864400000000046,0.0572600000000012,0.15456199999999987,0.09405999999999892,-0.004757070000000002,0.007854499999999986,0.003073049999999994,0.5162899999999979,0.953990000000001,14.856990000000003,-0.06238000000000099,-4.605230000000006,0.07483000000000573,-1.935769999999998,1.0373799999999989,-2.632480000000001,46.6
2020-01-02 22:39:00,0.25558,3733.2,4487.8,9.3084,27.231,42.211,2708.6,74.455,120.41,0.33043,80.27,49.085,2638.0,26.063,51.493,3107.2,23.147,65.468,223.25,341.56,94.28,77.183,32.451,8.95,26.642,6.8113,18.703,1.6518,33.146,13.88,24.087,1.3979,18.698,2.2419,4.7429,2.2874,0.01372,0.84381,0.10035,53.112,44.098,63.618,53.826,24.627,73.978,22.178,40.142,35.407,49.989,45.413,41.692,17.621,0.011111399999999966,-0.04419299999999993,2.576000000000022,-0.6010899999999992,-0.008760400000000002,-0.906880000000001,3.2899999999999636,1.4747899999999987,0.253779999999999,-6.691200000000009,0.254099999999994,0.2306600000000003,0.050761999999998864,0.16880000000000095,-0.030979999999999563,0.1864400000000046,0.0572600000000012,0.15456199999999987,0.09405999999999892,-0.004757070000000002,0.007854499999999986,0.003073049999999994,0.5932900000000032,0.5979899999999994,12.699989999999993,0.010619999999999408,-2.669230000000006,3.4128299999999996,-1.888770000000001,0.6033800000000014,-0.6194800000000029,46.65
2020-01-02 22:42:00,0.2248,3689.1,4539.0,9.4321,26.735,42.527,2706.4,75.19,120.38,0.33671,80.076,49.734,2635.3,26.108,50.923,3104.2,22.329,65.461,224.23,341.33,94.507,77.225,32.417,8.7842,26.412,6.9929,18.957,1.6682,33.055,13.664,23.809,1.2855,18.652,2.2701,4.8172,2.2758,0.01372,0.84381,0.10035,53.112,44.098,63.458,53.669,22.348,77.245,22.247,40.894,37.317,48.671,45.471,40.901,19.564,-0.01966860000000001,0.07950699999999955,0.3760000000002037,0.1339100000000002,-0.0024803999999999937,-0.2578800000000001,0.5900000000001455,0.9047899999999984,-0.5642199999999988,-5.711200000000019,0.024099999999975807,0.1966600000000014,-0.1150380000000002,-0.06119999999999948,0.22302000000000177,0.09544000000000352,-0.15873999999999988,0.04216200000000003,0.04805999999999955,-0.004757070000000002,0.007854499999999986,0.003073049999999994,0.4332899999999995,-1.6810100000000006,15.966990000000003,0.07961999999999847,-0.7592300000000023,2.0948300000000017,-1.8307700000000011,-0.18761999999999546,1.3235199999999985,46.7
2020-01-02 22:45:00,0.22439,3683.5,4501.0,9.2017,27.243,42.414,2705.1,75.653,120.39,0.34164,80.097,48.303,2634.2,24.2,49.13,3102.4,23.938,65.459,223.58,341.72,94.419,77.345,32.417,8.7842,26.412,6.9929,18.957,1.6682,33.055,13.664,23.809,1.2855,18.652,2.2701,4.8172,2.2758,0.02456,0.85756,0.11788,53.844,43.199,63.554,54.124,22.388,79.639,22.373,40.294,33.105,44.521,45.502,41.633,15.74,-0.020078600000000002,-0.15089299999999994,-0.9239999999999782,0.5969100000000083,0.0024495999999999962,-1.6888800000000046,-0.5100000000002183,-0.8882100000000008,1.0447799999999994,-6.361199999999997,0.414100000000019,0.1966600000000014,-0.1150380000000002,-0.06119999999999948,0.22302000000000177,0.09544000000000352,-0.15873999999999988,0.04216200000000003,0.04805999999999955,0.006082929999999997,0.021604500000000026,0.020603049999999998,0.5292900000000031,-1.6410099999999979,18.360989999999994,0.2056199999999997,-4.971230000000006,-2.055169999999997,-1.7997699999999952,0.5443800000000039,-2.5004800000000014,46.75
2020-01-02 22:48:00,0.22671,3649.6,4472.5,9.4151,27.341,42.44,2703.4,74.983,120.37,0.31834,79.943,48.683,2631.4,26.022,49.494,3100.8,21.9,65.432,222.68,341.24,94.679,77.096,32.459,8.9177,26.64,6.8313,19.007,1.6643,32.997,13.911,24.318,1.228,18.372,2.2575,4.8815,2.2434,0.02456,0.85756,0.11788,53.844,43.199,62.527,53.834,22.297,74.904,22.159,37.29,34.223,45.362,45.653,40.686,20.605,-0.017758600000000013,0.06250700000000009,-2.6239999999997963,-0.07308999999999344,-0.02085039999999999,-1.308880000000002,-3.3099999999999454,-0.5242100000000036,-0.9932200000000009,-7.261200000000002,-0.06589999999999918,0.23866000000000298,0.018461999999999534,0.16680000000000206,0.2730200000000025,0.03744000000000369,0.08826,-0.015338000000000074,-0.2319400000000016,0.006082929999999997,0.021604500000000026,0.020603049999999998,-0.4977099999999979,-1.732009999999999,13.625989999999994,-0.008380000000002497,-3.8532300000000035,-1.2141699999999958,-1.648769999999999,-0.40261999999999887,2.364519999999999,46.8
2020-01-02 22:51:00,0.22588,3643.9,4496.6,9.399,26.95,42.327,2702.9,74.986,120.37,0.31649,79.803,48.914,2630.9,24.148,50.452,3100.0,23.053,65.397,222.47,341.42,94.717,76.853,32.459,8.9177,26.64,6.8313,19.007,1.6643,32.997,13.911,24.318,1.228,18.372,2.2575,4.8815,2.2434,0.02456,0.85756,0.11788,53.844,43.199,62.625,53.545,22.379,76.416,22.097,37.517,34.904,47.58,45.748,40.249,17.905,-0.01858860000000001,0.04640699999999853,-3.1239999999997963,-0.07008999999999332,-0.02270040000000001,-1.0778800000000004,-3.8099999999999454,0.4337899999999948,0.15978000000000137,-7.47120000000001,0.11410000000000764,0.23866000000000298,0.018461999999999534,0.16680000000000206,0.2730200000000025,0.03744000000000369,0.08826,-0.015338000000000074,-0.2319400000000016,0.006082929999999997,0.021604500000000026,0.020603049999999998,-0.3997099999999989,-1.6500099999999982,15.137989999999995,-0.07038000000000011,-3.172229999999999,1.0038300000000007,-1.55377,-0.8396199999999965,-0.33548000000000044,46.85
2020-01-02 22:54:00,0.21935,3673.9,4460.2,9.4681,26.946,42.432,2702.6,75.148,120.38,0.34167,79.787,50.079,2630.7,25.23,49.047,3099.1,22.629,65.342,225.91,341.7,94.693,77.242,32.15,8.8686,26.307,7.073,18.777,1.667,33.029,13.925,24.179,1.2997,18.458,2.2823,4.8315,2.2734,0.02456,0.85756,0.11788,53.844,43.199,63.497,53.822,21.722,76.416,22.337,41.008,38.332,44.329,45.516,40.8,18.904,-0.02511860000000002,0.11550699999999914,-3.423999999999978,0.0919099999999986,0.0024795999999999707,0.08711999999999875,-4.010000000000218,-0.9712100000000063,-0.2642199999999981,-4.0312000000000126,0.39409999999998035,-0.07034000000000162,-0.03063799999999972,-0.1661999999999999,0.04302000000000206,0.06944000000000727,0.10226000000000113,0.05636200000000002,-0.14594000000000307,0.006082929999999997,0.021604500000000026,0.020603049999999998,0.472290000000001,-2.3070099999999982,15.137989999999995,0.16961999999999833,0.2557699999999983,-2.247169999999997,-1.7857699999999994,-0.28862000000000165,0.6635199999999983,46.9
2020-01-02 22:57:00,0.22011,3658.7,4480.6,9.3864,27.119,42.267,2703.6,75.794,120.37,0.34052,80.028,52.114,2633.1,24.33,51.1,3100.6,21.332,65.337,224.21,341.26,94.612,77.417,32.15,8.8686,26.307,7.073,18.777,1.667,33.029,13.925,24.179,1.2997,18.458,2.2823,4.8315,2.2734,0.02456,0.85756,0.11788,53.844,43.199,63.759,53.578,21.647,74.915,22.253,41.149,44.321,49.079,45.742,39.682,21.967,-0.024358600000000008,0.033806999999999476,-2.423999999999978,0.7379099999999994,0.0013295999999999863,2.1221199999999953,-1.6100000000001273,1.081789999999998,-1.5612199999999987,-5.731200000000001,-0.04590000000001737,-0.07034000000000162,-0.03063799999999972,-0.1661999999999999,0.04302000000000206,0.06944000000000727,0.10226000000000113,0.05636200000000002,-0.14594000000000307,0.006082929999999997,0.021604500000000026,0.020603049999999998,0.7342900000000014,-2.382010000000001,13.636990000000004,0.0856199999999987,6.2447699999999955,2.502830000000003,-1.5597700000000003,-1.4066199999999967,3.726519999999997,46.95
2020-01-02 23:00:00,0.24837,3623.6,4560.5,9.312,27.097,41.927,2704.9,74.863,120.41,0.34458,80.012,52.41,2632.6,23.78,49.472,3101.4,23.114,65.408,225.7,341.31,94.686,77.275,32.484,8.9581,26.805,7.0102,18.464,1.6596,32.898,13.851,24.08,1.2133,18.46,2.2752,4.8433,2.3579,0.010994,0.84005,0.10645,53.579,44.174,62.176,53.166,24.509,76.746,22.47,41.165,45.192,45.311,46.06,41.316,17.749,0.0039013999999999993,-0.04059300000000121,-1.1239999999997963,-0.19308999999999799,0.005389599999999994,2.4181199999999947,-2.1100000000001273,-0.5462100000000021,0.2207800000000013,-4.2412000000000205,0.004099999999993997,0.26366000000000156,0.058861999999999526,0.3318000000000012,-0.26998000000000033,-0.061559999999992954,0.028260000000001284,-0.03003800000000001,-0.14394000000000062,-0.007483070000000001,0.004094500000000001,0.009173050000000002,-0.848709999999997,0.4799900000000008,15.467989999999993,0.30261999999999745,7.115769999999998,-1.2651699999999977,-1.2417699999999954,0.2273800000000037,-0.4914800000000028,47.0
2020-01-02 23:03:00,0.24859,3624.3,4492.4,9.4187,27.064,42.365,2707.6,75.304,120.39,0.34673,80.197,48.721,2636.6,25.964,51.556,3103.3,22.692,65.464,225.29,341.64,94.755,77.499,32.484,8.9581,26.805,7.0102,18.464,1.6596,32.898,13.851,24.08,1.2133,18.46,2.2752,4.8433,2.3579,0.010994,0.84005,0.10645,53.579,44.174,62.164,53.982,24.487,76.347,22.71,40.902,34.335,50.136,46.329,41.234,18.728,0.004121399999999997,0.0661069999999988,1.5760000000000218,0.24791000000000452,0.00753959999999998,-1.2708800000000053,1.8899999999998727,1.537789999999994,-0.2012199999999993,-4.651200000000017,0.3340999999999781,0.26366000000000156,0.058861999999999526,0.3318000000000012,-0.26998000000000033,-0.061559999999992954,0.028260000000001284,-0.03003800000000001,-0.14394000000000062,-0.007483070000000001,0.004094500000000001,0.009173050000000002,-0.8607099999999974,0.4579899999999988,15.068989999999992,0.5426199999999994,-3.7412300000000016,3.559830000000005,-0.972769999999997,0.14538000000000295,0.48751999999999995,47.05
2020-01-02 23:06:00,0.21378,3614.2,4537.7,9.3402,26.57,42.305,2709.8,75.71,120.37,0.33641,80.34,48.995,2639.2,23.495,50.927,3105.8,23.382,65.525,228.02,341.52,94.652,77.776,32.26,8.9127,26.328,6.9153,18.817,1.6584,32.677,13.771,24.169,1.1982,18.395,2.2567,4.8513,2.315,0.010994,0.84005,0.10645,53.579,44.174,62.739,54.235,21.294,75.82,22.646,40.27,35.143,48.679,46.315,40.648,17.045,-0.03068860000000001,-0.012393000000001209,3.7760000000002947,0.6539099999999962,-0.002780400000000016,-0.9968800000000044,4.489999999999782,0.9087899999999962,0.488780000000002,-1.921199999999999,0.21409999999997353,0.03965999999999781,0.013461999999998753,-0.1451999999999991,0.0830200000000012,-0.2825599999999966,-0.05173999999999879,-0.04513800000000012,-0.2089400000000019,-0.007483070000000001,0.004094500000000001,0.009173050000000002,-0.2857100000000017,-2.735009999999999,14.541989999999991,0.4786199999999994,-2.933230000000002,2.1028300000000044,-0.9867699999999999,-0.44061999999999557,-1.1954799999999999,47.1
2020-01-02 23:09:00,0.21496,3638.1,4517.5,9.434,26.941,42.541,2709.2,75.258,120.41,0.33686,80.175,49.529,2637.2,26.306,49.936,3107.0,22.509,65.598,228.66,341.09,94.77,77.143,32.26,8.9127,26.328,6.9153,18.817,1.6584,32.677,13.771,24.169,1.1982,18.395,2.2567,4.8513,2.315,0.010994,0.84005,0.10645,53.579,44.174,62.327,54.477,21.178,75.185,22.07,40.216,36.713,46.385,46.486,41.33,19.155,-0.029508599999999996,0.08140699999999867,3.175999999999931,0.20190999999999804,-0.0023304000000000102,-0.4628799999999984,2.4899999999997817,-0.08221000000000345,-0.3842199999999991,-1.2812000000000126,-0.2159000000000333,0.03965999999999781,0.013461999999998753,-0.1451999999999991,0.0830200000000012,-0.2825599999999966,-0.05173999999999879,-0.04513800000000012,-0.2089400000000019,-0.007483070000000001,0.004094500000000001,0.009173050000000002,-0.6977100000000007,-2.8510099999999987,13.90699,-0.09738000000000113,-1.3632300000000015,-0.19116999999999962,-0.8157700000000006,0.24137999999999948,0.9145199999999996,47.15
2020-01-02 23:12:00,0.23307,3684.5,4487.9,9.3272,26.839,42.014,2711.0,74.713,120.41,0.33217,80.151,48.986,2640.1,25.777,49.828,3106.6,22.681,65.614,227.05,341.51,94.673,77.162,32.516,8.8887,26.626,6.9317,18.35,1.6318,32.956,13.819,24.366,1.3141,18.584,2.2872,4.8508,2.3602,0.010994,0.84005,0.10645,53.579,44.174,62.284,53.988,23.282,75.57,22.524,38.623,35.116,46.136,46.857,40.193,18.746,-0.011398600000000009,-0.02539300000000111,4.976000000000113,-0.34309000000000367,-0.007020399999999982,-1.0058800000000048,5.389999999999873,-0.19021000000000043,-0.21221999999999852,-2.8911999999999978,0.20409999999998263,0.29565999999999804,-0.01053800000000038,0.1528000000000027,-0.38397999999999755,-0.0035599999999931242,-0.0037399999999987443,0.07076199999999999,-0.019940000000001845,-0.007483070000000001,0.004094500000000001,0.009173050000000002,-0.74071,-0.7470099999999995,14.291989999999991,0.3566199999999995,-2.960230000000003,-0.44016999999999484,-0.44476999999999833,-0.895620000000001,0.5055199999999971,47.2
2020-01-02 23:15:00,0.23335,3670.1,4478.3,9.3905,26.843,42.441,2707.1,74.139,120.4,0.3285,79.725,50.724,2636.5,23.504,50.365,3105.3,23.433,65.552,227.17,341.57,94.603,76.768,32.516,8.8887,26.626,6.9317,18.35,1.6318,32.956,13.819,24.366,1.3141,18.584,2.2872,4.8508,2.3602,0.036246,0.83568,0.097025,53.743,44.749,62.533,54.102,23.254,76.852,22.197,39.07,40.231,47.378,46.654,40.957,17.022,-0.011118600000000006,0.0379069999999988,1.0760000000000218,-0.9170900000000017,-0.010690399999999989,0.7321199999999948,1.7899999999999636,0.3467899999999986,0.5397800000000004,-2.7712000000000216,0.2640999999999849,0.29565999999999804,-0.01053800000000038,0.1528000000000027,-0.38397999999999755,-0.0035599999999931242,-0.0037399999999987443,0.07076199999999999,-0.019940000000001845,0.01776893,-0.0002754999999999841,-0.0002519500000000008,-0.49170999999999765,-0.7750099999999982,15.573990000000002,0.02961999999999776,2.154769999999999,0.8018300000000025,-0.6477699999999942,-0.13161999999999807,-1.2184800000000031,47.25
2020-01-02 23:18:00,0.209,3664.9,4558.3,9.3355,27.036,42.494,2708.8,74.657,120.4,0.33702,79.818,49.819,2637.7,25.227,50.499,3105.5,22.325,65.487,227.99,341.37,94.788,77.477,32.253,8.8653,26.958,6.9469,18.773,1.6455,33.014,13.76,24.149,1.1564,18.735,2.272,4.8347,2.2803,0.036246,0.83568,0.097025,53.743,44.749,62.44,54.323,20.366,76.344,22.49,39.287,37.569,47.688,46.634,40.253,19.613,-0.03546860000000002,-0.017093000000000913,2.7760000000002947,-0.39909000000000106,-0.0021704000000000168,-0.17287999999999926,2.9899999999997817,0.48078999999999894,-0.5682200000000002,-1.9512,0.06409999999999627,0.03265999999999991,-0.03393800000000091,0.4847999999999999,0.03902000000000072,0.054440000000006705,-0.0627399999999998,-0.08693799999999996,0.13105999999999796,0.01776893,-0.0002754999999999841,-0.0002519500000000008,-0.5847100000000012,-3.66301,15.065989999999992,0.322619999999997,-0.5072299999999998,1.1118300000000048,-0.6677699999999973,-0.8356199999999987,1.372519999999998,47.3
2020-01-02 23:21:00,0.20802,3646.5,4551.5,9.3036,27.031,42.251,2711.4,74.574,120.43,0.33243,80.037,51.152,2640.0,23.876,49.662,3108.6,23.434,65.467,228.97,341.16,94.649,77.609,32.253,8.8653,26.958,6.9469,18.773,1.6455,33.014,13.76,24.149,1.1564,18.735,2.272,4.8347,2.2803,0.036246,0.83568,0.097025,53.743,44.749,62.755,54.406,20.463,77.48,22.465,39.846,41.491,45.751,46.597,41.533,16.959,-0.0364486,-0.048993000000001174,5.376000000000204,-0.48208999999999946,-0.0067604,1.1601199999999992,5.289999999999964,-0.35621000000000436,0.5407800000000016,-0.9712000000000103,-0.14589999999998327,0.03265999999999991,-0.03393800000000091,0.4847999999999999,0.03902000000000072,0.054440000000006705,-0.0627399999999998,-0.08693799999999996,0.13105999999999796,0.01776893,-0.0002754999999999841,-0.0002519500000000008,-0.26970999999999634,-3.5660099999999986,16.201990000000002,0.29761999999999844,3.414769999999997,-0.82517,-0.7047699999999963,0.44438000000000244,-1.281480000000002,47.35
2020-01-02 23:24:00,0.23065,3620.6,4503.1,9.354,26.788,42.405,2713.6,73.919,120.42,0.3269,80.26,48.905,2642.2,24.411,47.485,3112.1,22.759,65.533,229.03,340.95,94.691,77.549,32.025,8.6292,26.539,6.8713,18.669,1.6513,32.47,13.86,24.516,1.1666,18.205,2.2171,4.7499,2.3116,0.036246,0.83568,0.097025,53.743,44.749,63.014,53.981,22.846,77.832,22.188,38.887,34.878,40.714,46.636,40.523,18.541,-0.013818600000000014,0.0014069999999986038,7.576000000000022,-1.1370900000000006,-0.012290399999999979,-1.0868800000000007,7.489999999999782,-2.533210000000004,-0.13421999999999912,-0.911200000000008,-0.35590000000001965,-0.19534000000000162,-0.27003799999999956,0.06580000000000297,-0.06497999999999848,-0.48955999999999733,0.03725999999999985,-0.07673799999999997,-0.3989400000000032,0.01776893,-0.0002754999999999841,-0.0002519500000000008,-0.010709999999996,-1.1830099999999995,16.55398999999999,0.020619999999997418,-3.1982300000000023,-5.862169999999999,-0.6657699999999949,-0.5656199999999956,0.3005199999999988,47.4
2020-01-02 23:27:00,0.23165,3650.9,4509.2,9.3464,27.209,42.568,2713.9,74.865,120.43,0.32551,80.109,50.506,2642.5,26.945,50.462,3111.9,22.935,65.579,225.61,341.74,94.534,77.215,32.025,8.6292,26.539,6.8713,18.669,1.6513,32.47,13.86,24.516,1.1666,18.205,2.2171,4.7499,2.3116,0.036246,0.83568,0.097025,53.743,44.749,62.493,53.908,22.748,76.972,22.188,39.057,39.588,47.603,46.982,41.825,18.147,-0.012818600000000013,-0.006193000000001447,7.876000000000204,-0.19109000000000265,-0.013680399999999981,0.5141199999999984,7.789999999999964,0.4437899999999999,0.04177999999999926,-4.3311999999999955,0.4341000000000008,-0.19534000000000162,-0.27003799999999956,0.06580000000000297,-0.06497999999999848,-0.48955999999999733,0.03725999999999985,-0.07673799999999997,-0.3989400000000032,0.01776893,-0.0002754999999999841,-0.0002519500000000008,-0.5317099999999968,-1.2810099999999984,15.693989999999992,0.020619999999997418,1.5117699999999985,1.026830000000004,-0.31976999999999833,0.736380000000004,-0.09348000000000312,47.45
2020-01-02 23:30:00,0.25188,3649.3,4477.6,9.4454,26.896,42.504,2714.1,74.234,120.39,0.33815,79.985,49.562,2642.7,25.962,51.0,3112.1,23.086,65.568,228.39,341.59,94.773,77.363,32.294,8.8311,26.687,6.8224,18.626,1.6875,32.813,13.915,24.401,1.3057,18.497,2.2846,4.791,2.3118,0.033692,0.85175,0.097893,53.239,43.554,63.157,54.552,25.181,76.834,22.435,40.18,36.81,48.848,46.673,40.133,17.781,0.007411399999999985,0.09280699999999875,8.076000000000022,-0.8220900000000029,-0.0010403999999999969,-0.42988000000000426,7.989999999999782,0.9817899999999966,0.19277999999999906,-1.5512000000000228,0.2840999999999667,0.07365999999999673,-0.06813800000000114,0.21380000000000265,-0.10797999999999774,-0.1465599999999938,0.09225999999999956,0.06236200000000003,-0.10694000000000159,0.015214929999999998,0.015794500000000045,0.000616049999999993,0.13228999999999758,1.1519900000000014,15.555990000000001,0.2676199999999973,-1.2662300000000002,2.2718300000000013,-0.6287699999999958,-0.9556199999999961,-0.4594800000000028,47.5
2020-01-02 23:33:00,0.25505,3676.0,4499.9,9.5154,26.656,42.097,2715.2,74.983,120.43,0.33469,80.001,50.248,2643.5,27.596,49.821,3112.5,23.793,65.57,228.36,341.49,94.482,77.273,32.294,8.8311,26.687,6.8224,18.626,1.6875,32.813,13.915,24.401,1.3057,18.497,2.2846,4.791,2.3118,0.033692,0.85175,0.097893,53.239,43.554,62.699,54.285,24.869,77.028,22.145,40.602,38.829,46.121,46.674,42.138,16.103,0.01058139999999999,0.16280699999999904,9.17599999999993,-0.07308999999999344,-0.0045004000000000155,0.2561199999999957,8.789999999999964,-0.19721000000000544,0.8997799999999998,-1.5811999999999955,0.18410000000000082,0.07365999999999673,-0.06813800000000114,0.21380000000000265,-0.10797999999999774,-0.1465599999999938,0.09225999999999956,0.06236200000000003,-0.10694000000000159,0.015214929999999998,0.015794500000000045,0.000616049999999993,-0.32571000000000083,0.8399900000000002,15.749990000000004,-0.022380000000001843,0.7527699999999982,-0.4551699999999954,-0.6277699999999982,1.0493799999999993,-2.13748,47.55
2020-01-02 23:36:00,0.23032,3711.3,4513.0,9.3666,26.809,42.38,2713.8,74.913,120.39,0.34203,79.989,49.488,2642.4,24.895,49.693,3111.5,22.24,65.565,228.34,341.76,94.674,77.189,32.197,8.8263,27.119,6.8443,18.607,1.6671,33.25,13.676,24.476,1.2346,18.302,2.3281,4.8966,2.2814,0.033692,0.85175,0.097893,53.239,43.554,62.553,54.254,22.246,76.941,22.222,41.274,36.593,45.823,46.675,40.025,19.799,-0.014148600000000011,0.014006999999999437,7.776000000000295,-0.14309000000000083,0.0028395999999999977,-0.5038800000000023,7.690000000000055,-0.32521000000000555,-0.653220000000001,-1.6012000000000057,0.45409999999998263,-0.023339999999997474,-0.07293800000000061,0.6458000000000013,-0.12697999999999965,0.2904400000000038,-0.14673999999999943,-0.008738000000000135,-0.3019400000000019,0.015214929999999998,0.015794500000000045,0.000616049999999993,-0.47171000000000163,-1.7830100000000009,15.66299,0.05461999999999989,-1.483229999999999,-0.7531699999999972,-0.6267700000000005,-1.0636200000000002,1.558519999999998,47.6
2020-01-02 23:39:00,0.22579,3644.6,4535.3,9.3921,27.061,42.126,2716.0,73.437,120.44,0.34636,80.149,48.997,2645.5,25.828,49.156,3111.1,23.572,65.566,226.55,341.83,94.461,77.615,32.197,8.8263,27.119,6.8443,18.607,1.6671,33.25,13.676,24.476,1.2346,18.302,2.3281,4.8966,2.2814,0.033692,0.85175,0.097893,53.239,43.554,63.7,53.987,22.691,77.616,22.723,40.744,35.148,44.58,46.834,41.917,16.591,-0.018678600000000017,0.03950699999999863,9.976000000000113,-1.61909,0.007169599999999998,-0.994880000000002,10.789999999999964,-0.8622100000000046,0.6787799999999997,-3.3911999999999978,0.5240999999999758,-0.023339999999997474,-0.07293800000000061,0.6458000000000013,-0.12697999999999965,0.2904400000000038,-0.14673999999999943,-0.008738000000000135,-0.3019400000000019,0.015214929999999998,0.015794500000000045,0.000616049999999993,0.6752900000000039,-1.3380100000000006,16.337989999999998,0.5556199999999976,-2.9282299999999992,-1.9961699999999993,-0.46776999999999447,0.8283800000000028,-1.6494800000000005,47.65
2020-01-02 23:42:00,0.23852,3682.5,4524.4,9.3211,26.516,42.286,2714.8,73.923,120.39,0.31675,80.021,49.445,2643.6,23.542,49.464,3112.3,23.627,65.591,229.51,341.76,94.528,77.207,31.735,8.9507,26.818,6.9241,18.782,1.6849,32.809,13.85,24.515,1.2344,18.225,2.2497,4.8387,2.3951,0.033692,0.85175,0.097893,53.239,43.554,62.903,54.192,23.16,77.402,22.18,37.902,36.465,45.294,46.566,40.509,16.486,-0.005948599999999998,-0.0314930000000011,8.776000000000295,-1.1330899999999957,-0.022440400000000027,-0.5468800000000016,8.889999999999873,-0.5542100000000048,0.7337799999999994,-0.43120000000001824,0.45409999999998263,-0.48534000000000077,0.05146199999999901,0.3448000000000029,0.04802000000000106,-0.1505599999999987,0.027260000000000062,-0.008938000000000113,-0.37894000000000005,0.015214929999999998,0.015794500000000045,0.000616049999999993,-0.1217100000000002,-0.8690099999999994,16.12399,0.0126199999999983,-1.611229999999999,-1.2821700000000007,-0.7357699999999952,-0.5796199999999985,-1.754480000000001,47.7
2020-01-02 23:45:00,0.23715,3679.4,4475.1,9.3505,26.76,42.133,2714.0,75.442,120.41,0.31782,79.872,49.089,2642.9,26.705,50.693,3110.7,23.291,65.562,230.24,342.03,94.593,77.052,31.735,8.9507,26.818,6.9241,18.782,1.6849,32.809,13.85,24.515,1.2344,18.225,2.2497,4.8387,2.3951,0.018125,0.82848,0.10474,53.159,43.986,62.955,54.782,23.294,77.382,22.397,37.771,35.419,48.138,46.926,42.017,17.308,-0.007318600000000008,-0.0020930000000003446,7.976000000000113,0.38590999999999553,-0.02137040000000001,-0.9028800000000032,8.190000000000055,0.6747899999999944,0.3977800000000009,0.29879999999999995,0.7240999999999644,-0.48534000000000077,0.05146199999999901,0.3448000000000029,0.04802000000000106,-0.1505599999999987,0.027260000000000062,-0.008938000000000113,-0.37894000000000005,-0.00035207000000000294,-0.007475499999999968,0.007463049999999999,-0.0697100000000006,-0.735009999999999,16.103990000000003,0.22961999999999705,-2.6572300000000055,1.5618300000000005,-0.3757699999999957,0.9283800000000042,-0.9324800000000018,47.75
2020-01-02 23:48:00,0.28562,3665.8,4479.9,9.3758,26.857,42.268,2713.0,75.163,120.36,0.33947,79.819,50.302,2641.7,24.232,50.311,3111.4,23.108,65.556,229.04,341.9,94.525,77.038,32.187,8.7993,26.722,6.9924,18.306,1.6738,32.917,13.915,24.214,0.98956,18.964,2.2262,4.8084,2.2483,0.018125,0.82848,0.10474,53.159,43.986,62.488,54.309,27.773,73.387,22.219,39.715,38.988,47.254,47.218,40.649,17.752,0.04115139999999998,0.02320699999999931,6.976000000000113,0.10690999999999917,0.00027959999999999097,0.31011999999999773,6.989999999999782,0.29278999999999655,0.21478000000000108,-0.9012000000000171,0.594099999999969,-0.03334000000000259,-0.09993799999999986,0.2488000000000028,-0.42797999999999803,-0.0425599999999946,0.09225999999999956,-0.25377800000000006,0.36005999999999716,-0.00035207000000000294,-0.007475499999999968,0.007463049999999999,-0.5367099999999994,3.74399,12.108989999999999,0.05161999999999978,0.9117699999999971,0.6778300000000002,-0.08376999999999413,-0.4396199999999979,-0.4884800000000027,47.8
2020-01-02 23:51:00,0.28552,3674.9,4490.5,9.4175,26.971,42.398,2714.9,74.731,120.41,0.34198,79.884,50.671,2643.9,25.091,47.432,3111.2,24.028,65.528,231.37,342.04,94.662,77.435,32.187,8.7993,26.722,6.9924,18.306,1.6738,32.917,13.915,24.214,0.98956,18.964,2.2262,4.8084,2.2483,0.018125,0.82848,0.10474,53.159,43.986,62.332,54.181,27.783,75.198,22.491,39.409,40.074,40.591,47.196,41.552,15.544,0.04105139999999999,0.06490699999999983,8.876000000000204,-0.325090000000003,0.002789600000000003,0.6791199999999975,9.190000000000055,-2.5862100000000012,1.1347799999999992,1.4287999999999954,0.7341000000000122,-0.03334000000000259,-0.09993799999999986,0.2488000000000028,-0.42797999999999803,-0.0425599999999946,0.09225999999999956,-0.25377800000000006,0.36005999999999716,-0.00035207000000000294,-0.007475499999999968,0.007463049999999999,-0.6927099999999982,3.7539900000000017,13.919989999999991,0.32361999999999824,1.9977699999999956,-5.9851699999999965,-0.1057699999999997,0.4633800000000008,-2.696480000000001,47.85
2020-01-02 23:54:00,0.24125,3642.3,4551.9,9.4248,27.005,42.501,2717.4,76.51,120.38,0.34691,80.147,49.598,2646.7,25.783,49.69,3114.3,22.516,65.588,230.52,342.16,94.513,77.604,32.165,8.8321,27.364,6.7687,18.7,1.6689,32.594,13.832,24.323,1.1479,18.676,2.2352,4.7271,2.2379,0.018125,0.82848,0.10474,53.159,43.986,62.221,54.655,23.999,73.954,22.379,40.631,36.917,45.815,47.454,40.846,19.102,-0.003218600000000016,0.0722069999999988,11.376000000000204,1.4539100000000076,0.007719599999999993,-0.3938800000000029,11.989999999999782,-0.32821000000000566,-0.3772200000000012,0.5788000000000011,0.8541000000000167,-0.055340000000001055,-0.06713799999999992,0.8908000000000023,-0.03397999999999968,-0.365559999999995,0.009260000000001156,-0.09543800000000013,0.0720599999999969,-0.00035207000000000294,-0.007475499999999968,0.007463049999999999,-0.8037100000000024,-0.03001000000000076,12.675989999999992,0.21161999999999992,-1.1592300000000009,-0.7611699999999999,0.15223000000000297,-0.24262000000000228,0.8615199999999987,47.9
2020-01-02 23:57:00,0.24173,3667.1,4589.5,9.2918,26.883,42.728,2716.2,74.215,120.38,0.34882,79.889,49.782,2645.2,25.183,50.032,3114.3,22.541,65.618,228.42,342.17,94.796,76.862,32.165,8.8321,27.364,6.7687,18.7,1.6689,32.594,13.832,24.323,1.1479,18.676,2.2352,4.7271,2.2379,0.018125,0.82848,0.10474,53.159,43.986,61.795,54.205,23.952,76.827,22.466,40.398,37.46,46.607,47.822,41.058,19.101,-0.0027386000000000077,-0.06079300000000032,10.17599999999993,-0.8410899999999941,0.009629600000000016,-0.2098800000000054,10.489999999999782,0.013789999999993086,-0.3522199999999991,-1.5212000000000216,0.8641000000000076,-0.055340000000001055,-0.06713799999999992,0.8908000000000023,-0.03397999999999968,-0.365559999999995,0.009260000000001156,-0.09543800000000013,0.0720599999999969,-0.00035207000000000294,-0.007475499999999968,0.007463049999999999,-1.2297099999999972,-0.0770099999999978,15.548989999999996,0.29861999999999966,-0.6162300000000016,0.03083000000000169,0.5202300000000051,-0.03061999999999898,0.8605199999999975,47.95
